dataset,subset,view,split_policy,model,label_permuted,permutation_trial,seed,train_size,validation_size,train_class_counts,validation_class_counts,accuracy,balanced_accuracy,macro_f1,confusion_matrix,predicted_class_counts,class_0_precision,class_0_recall,class_0_f1,class_0_support,class_1_precision,class_1_recall,class_1_f1,class_1_support,roc_auc,pr_auc_y1,pr_auc_y0
bfcl,all_categories,X-only,minxing_row_random,majority_class,False,,1,992,248,"{""0"": 153, ""1"": 839}","{""0"": 28, ""1"": 220}",0.8870967741935484,0.5,0.4700854700854701,"[[0, 28], [0, 220]]","{""1"": 248}",0.0,0.0,0.0,28,0.8870967741935484,1.0,0.9401709401709402,220,0.5,0.8870967741935484,0.11290322580645161
bfcl,all_categories,X-only,minxing_row_random,stratified_random,False,,1,992,248,"{""0"": 153, ""1"": 839}","{""0"": 28, ""1"": 220}",0.7620967741935484,0.523051948051948,0.5150952775476387,"[[6, 22], [37, 183]]","{""0"": 43, ""1"": 205}",0.13953488372093023,0.21428571428571427,0.16901408450704225,28,0.8926829268292683,0.8318181818181818,0.8611764705882353,220,0.5230519480519481,0.8917434375223519,0.11861000964526845
bfcl,all_categories,X-only,minxing_row_random,logistic_regression_standardized,False,,1,992,248,"{""0"": 153, ""1"": 839}","{""0"": 28, ""1"": 220}",0.8870967741935484,0.5,0.4700854700854701,"[[0, 28], [0, 220]]","{""1"": 248}",0.0,0.0,0.0,28,0.8870967741935484,1.0,0.9401709401709402,220,0.6097402597402597,0.9224352386945245,0.17815523002061223
bfcl,all_categories,X-only,minxing_row_random,class_weighted_logistic_regression_standardized,False,,1,992,248,"{""0"": 153, ""1"": 839}","{""0"": 28, ""1"": 220}",0.5443548387096774,0.5405844155844155,0.44483844767130887,"[[15, 13], [100, 120]]","{""0"": 115, ""1"": 133}",0.13043478260869565,0.5357142857142857,0.2097902097902098,28,0.9022556390977443,0.5454545454545454,0.6798866855524079,220,0.6022727272727272,0.9228320279709861,0.17141351026102886
bfcl,all_categories,X-only,minxing_row_random,random_forest,False,,1,992,248,"{""0"": 153, ""1"": 839}","{""0"": 28, ""1"": 220}",0.875,0.49318181818181817,0.4666666666666667,"[[0, 28], [3, 217]]","{""0"": 3, ""1"": 245}",0.0,0.0,0.0,28,0.8857142857142857,0.9863636363636363,0.9333333333333333,220,0.6680194805194807,0.9477807106523701,0.16020890355899692
bfcl,all_categories,X-only,minxing_row_random,hist_gradient_boosting,False,,1,992,248,"{""0"": 153, ""1"": 839}","{""0"": 28, ""1"": 220}",0.8548387096774194,0.4974025974025974,0.4870144794300161,"[[1, 27], [9, 211]]","{""0"": 10, ""1"": 238}",0.1,0.03571428571428571,0.05263157894736842,28,0.8865546218487395,0.9590909090909091,0.9213973799126638,220,0.6467532467532466,0.9307341794859253,0.17946920418939621
bfcl,all_categories,X-only,minxing_row_random,small_mlp_standardized,False,,1,992,248,"{""0"": 153, ""1"": 839}","{""0"": 28, ""1"": 220}",0.8870967741935484,0.5,0.4700854700854701,"[[0, 28], [0, 220]]","{""1"": 248}",0.0,0.0,0.0,28,0.8870967741935484,1.0,0.9401709401709402,220,0.5980519480519482,0.9261561343241227,0.16362296898042292
bfcl,all_categories,X-only,minxing_row_random,majority_class,True,0,1,992,248,"{""0"": 153, ""1"": 839}","{""0"": 28, ""1"": 220}",0.8870967741935484,0.5,0.4700854700854701,"[[0, 28], [0, 220]]","{""1"": 248}",0.0,0.0,0.0,28,0.8870967741935484,1.0,0.9401709401709402,220,0.5,0.8870967741935484,0.11290322580645161
bfcl,all_categories,X-only,minxing_row_random,stratified_random,True,0,1,992,248,"{""0"": 153, ""1"": 839}","{""0"": 28, ""1"": 220}",0.7620967741935484,0.523051948051948,0.5150952775476387,"[[6, 22], [37, 183]]","{""0"": 43, ""1"": 205}",0.13953488372093023,0.21428571428571427,0.16901408450704225,28,0.8926829268292683,0.8318181818181818,0.8611764705882353,220,0.5230519480519481,0.8917434375223519,0.11861000964526845
bfcl,all_categories,X-only,minxing_row_random,logistic_regression_standardized,True,0,1,992,248,"{""0"": 153, ""1"": 839}","{""0"": 28, ""1"": 220}",0.8870967741935484,0.5,0.4700854700854701,"[[0, 28], [0, 220]]","{""1"": 248}",0.0,0.0,0.0,28,0.8870967741935484,1.0,0.9401709401709402,220,0.4465909090909091,0.8646417198753478,0.1420908940459933
bfcl,all_categories,X-only,minxing_row_random,class_weighted_logistic_regression_standardized,True,0,1,992,248,"{""0"": 153, ""1"": 839}","{""0"": 28, ""1"": 220}",0.5403225806451613,0.46038961038961035,0.4171683021357302,"[[10, 18], [96, 124]]","{""0"": 106, ""1"": 142}",0.09433962264150944,0.35714285714285715,0.14925373134328357,28,0.8732394366197183,0.5636363636363636,0.6850828729281768,220,0.4472402597402597,0.8628242232241448,0.13562326584798878
bfcl,all_categories,X-only,minxing_row_random,random_forest,True,0,1,992,248,"{""0"": 153, ""1"": 839}","{""0"": 28, ""1"": 220}",0.8830645161290323,0.49772727272727274,0.4689507494646681,"[[0, 28], [1, 219]]","{""0"": 1, ""1"": 247}",0.0,0.0,0.0,28,0.8866396761133604,0.9954545454545455,0.9379014989293362,220,0.47678571428571426,0.8812915874461036,0.10675614089568183
bfcl,all_categories,X-only,minxing_row_random,hist_gradient_boosting,True,0,1,992,248,"{""0"": 153, ""1"": 839}","{""0"": 28, ""1"": 220}",0.8709677419354839,0.4909090909090909,0.46551724137931033,"[[0, 28], [4, 216]]","{""0"": 4, ""1"": 244}",0.0,0.0,0.0,28,0.8852459016393442,0.9818181818181818,0.9310344827586207,220,0.4319805194805194,0.8756258059298478,0.09857347786870854
bfcl,all_categories,X-only,minxing_row_random,small_mlp_standardized,True,0,1,992,248,"{""0"": 153, ""1"": 839}","{""0"": 28, ""1"": 220}",0.8870967741935484,0.5,0.4700854700854701,"[[0, 28], [0, 220]]","{""1"": 248}",0.0,0.0,0.0,28,0.8870967741935484,1.0,0.9401709401709402,220,0.43879870129870135,0.8619902628940567,0.10901151583137583
bfcl,all_categories,X-only,minxing_row_random,majority_class,True,1,1,992,248,"{""0"": 153, ""1"": 839}","{""0"": 28, ""1"": 220}",0.8870967741935484,0.5,0.4700854700854701,"[[0, 28], [0, 220]]","{""1"": 248}",0.0,0.0,0.0,28,0.8870967741935484,1.0,0.9401709401709402,220,0.5,0.8870967741935484,0.11290322580645161
bfcl,all_categories,X-only,minxing_row_random,stratified_random,True,1,1,992,248,"{""0"": 153, ""1"": 839}","{""0"": 28, ""1"": 220}",0.7620967741935484,0.523051948051948,0.5150952775476387,"[[6, 22], [37, 183]]","{""0"": 43, ""1"": 205}",0.13953488372093023,0.21428571428571427,0.16901408450704225,28,0.8926829268292683,0.8318181818181818,0.8611764705882353,220,0.5230519480519481,0.8917434375223519,0.11861000964526845
bfcl,all_categories,X-only,minxing_row_random,logistic_regression_standardized,True,1,1,992,248,"{""0"": 153, ""1"": 839}","{""0"": 28, ""1"": 220}",0.8870967741935484,0.5,0.4700854700854701,"[[0, 28], [0, 220]]","{""1"": 248}",0.0,0.0,0.0,28,0.8870967741935484,1.0,0.9401709401709402,220,0.6035714285714285,0.9242338994823378,0.18491916832157962
bfcl,all_categories,X-only,minxing_row_random,class_weighted_logistic_regression_standardized,True,1,1,992,248,"{""0"": 153, ""1"": 839}","{""0"": 28, ""1"": 220}",0.49193548387096775,0.5422077922077921,0.41875,"[[17, 11], [115, 105]]","{""0"": 132, ""1"": 116}",0.12878787878787878,0.6071428571428571,0.2125,28,0.9051724137931034,0.4772727272727273,0.625,220,0.6063311688311689,0.9253016969683228,0.18663169291539056
bfcl,all_categories,X-only,minxing_row_random,random_forest,True,1,1,992,248,"{""0"": 153, ""1"": 839}","{""0"": 28, ""1"": 220}",0.875,0.5087662337662338,0.4968257084887755,"[[1, 27], [4, 216]]","{""0"": 5, ""1"": 243}",0.2,0.03571428571428571,0.06060606060606061,28,0.8888888888888888,0.9818181818181818,0.9330453563714903,220,0.5251623376623377,0.9011292080035471,0.15859352197588222
bfcl,all_categories,X-only,minxing_row_random,hist_gradient_boosting,True,1,1,992,248,"{""0"": 153, ""1"": 839}","{""0"": 28, ""1"": 220}",0.842741935483871,0.49058441558441557,0.4815331010452962,"[[1, 27], [12, 208]]","{""0"": 13, ""1"": 235}",0.07692307692307693,0.03571428571428571,0.04878048780487805,28,0.8851063829787233,0.9454545454545454,0.9142857142857143,220,0.5121753246753247,0.8772054046830041,0.12047108416191012
bfcl,all_categories,X-only,minxing_row_random,small_mlp_standardized,True,1,1,992,248,"{""0"": 153, ""1"": 839}","{""0"": 28, ""1"": 220}",0.8709677419354839,0.4909090909090909,0.46551724137931033,"[[0, 28], [4, 216]]","{""0"": 4, ""1"": 244}",0.0,0.0,0.0,28,0.8852459016393442,0.9818181818181818,0.9310344827586207,220,0.6163961038961039,0.9213620315200366,0.14905031556201287
bfcl,all_categories,X-only,minxing_row_random,majority_class,True,2,1,992,248,"{""0"": 153, ""1"": 839}","{""0"": 28, ""1"": 220}",0.8870967741935484,0.5,0.4700854700854701,"[[0, 28], [0, 220]]","{""1"": 248}",0.0,0.0,0.0,28,0.8870967741935484,1.0,0.9401709401709402,220,0.5,0.8870967741935484,0.11290322580645161
bfcl,all_categories,X-only,minxing_row_random,stratified_random,True,2,1,992,248,"{""0"": 153, ""1"": 839}","{""0"": 28, ""1"": 220}",0.7620967741935484,0.523051948051948,0.5150952775476387,"[[6, 22], [37, 183]]","{""0"": 43, ""1"": 205}",0.13953488372093023,0.21428571428571427,0.16901408450704225,28,0.8926829268292683,0.8318181818181818,0.8611764705882353,220,0.5230519480519481,0.8917434375223519,0.11861000964526845
bfcl,all_categories,X-only,minxing_row_random,logistic_regression_standardized,True,2,1,992,248,"{""0"": 153, ""1"": 839}","{""0"": 28, ""1"": 220}",0.8870967741935484,0.5,0.4700854700854701,"[[0, 28], [0, 220]]","{""1"": 248}",0.0,0.0,0.0,28,0.8870967741935484,1.0,0.9401709401709402,220,0.47824675324675325,0.8759918597712721,0.11980058583212483
bfcl,all_categories,X-only,minxing_row_random,class_weighted_logistic_regression_standardized,True,2,1,992,248,"{""0"": 153, ""1"": 839}","{""0"": 28, ""1"": 220}",0.5161290322580645,0.47792207792207786,0.41287878787878785,"[[12, 16], [104, 116]]","{""0"": 116, ""1"": 132}",0.10344827586206896,0.42857142857142855,0.16666666666666666,28,0.8787878787878788,0.5272727272727272,0.6590909090909091,220,0.48766233766233774,0.8784719767539284,0.13539681103983237
bfcl,all_categories,X-only,minxing_row_random,random_forest,True,2,1,992,248,"{""0"": 153, ""1"": 839}","{""0"": 28, ""1"": 220}",0.8790322580645161,0.4954545454545455,0.4678111587982833,"[[0, 28], [2, 218]]","{""0"": 2, ""1"": 246}",0.0,0.0,0.0,28,0.8861788617886179,0.990909090909091,0.9356223175965666,220,0.5185064935064935,0.8940289969038531,0.12823999437040615
bfcl,all_categories,X-only,minxing_row_random,hist_gradient_boosting,True,2,1,992,248,"{""0"": 153, ""1"": 839}","{""0"": 28, ""1"": 220}",0.8790322580645161,0.5266233766233767,0.5263559969442322,"[[2, 26], [4, 216]]","{""0"": 6, ""1"": 242}",0.3333333333333333,0.07142857142857142,0.11764705882352941,28,0.8925619834710744,0.9818181818181818,0.935064935064935,220,0.5089285714285714,0.8940234840256298,0.17036945162430617
bfcl,all_categories,X-only,minxing_row_random,small_mlp_standardized,True,2,1,992,248,"{""0"": 153, ""1"": 839}","{""0"": 28, ""1"": 220}",0.8790322580645161,0.4954545454545455,0.4678111587982833,"[[0, 28], [2, 218]]","{""0"": 2, ""1"": 246}",0.0,0.0,0.0,28,0.8861788617886179,0.990909090909091,0.9356223175965666,220,0.4824675324675325,0.8706161554420575,0.1415559898350608
bfcl,all_categories,X-only,minxing_row_random,majority_class,True,3,1,992,248,"{""0"": 153, ""1"": 839}","{""0"": 28, ""1"": 220}",0.8870967741935484,0.5,0.4700854700854701,"[[0, 28], [0, 220]]","{""1"": 248}",0.0,0.0,0.0,28,0.8870967741935484,1.0,0.9401709401709402,220,0.5,0.8870967741935484,0.11290322580645161
bfcl,all_categories,X-only,minxing_row_random,stratified_random,True,3,1,992,248,"{""0"": 153, ""1"": 839}","{""0"": 28, ""1"": 220}",0.7620967741935484,0.523051948051948,0.5150952775476387,"[[6, 22], [37, 183]]","{""0"": 43, ""1"": 205}",0.13953488372093023,0.21428571428571427,0.16901408450704225,28,0.8926829268292683,0.8318181818181818,0.8611764705882353,220,0.5230519480519481,0.8917434375223519,0.11861000964526845
bfcl,all_categories,X-only,minxing_row_random,logistic_regression_standardized,True,3,1,992,248,"{""0"": 153, ""1"": 839}","{""0"": 28, ""1"": 220}",0.8870967741935484,0.5,0.4700854700854701,"[[0, 28], [0, 220]]","{""1"": 248}",0.0,0.0,0.0,28,0.8870967741935484,1.0,0.9401709401709402,220,0.48733766233766235,0.8803252070053247,0.17233873668350985
bfcl,all_categories,X-only,minxing_row_random,class_weighted_logistic_regression_standardized,True,3,1,992,248,"{""0"": 153, ""1"": 839}","{""0"": 28, ""1"": 220}",0.5564516129032258,0.5006493506493507,0.43761853714851157,"[[12, 16], [94, 126]]","{""0"": 106, ""1"": 142}",0.11320754716981132,0.42857142857142855,0.1791044776119403,28,0.8873239436619719,0.5727272727272728,0.6961325966850829,220,0.4959415584415584,0.8817668896132965,0.18393873776758882
bfcl,all_categories,X-only,minxing_row_random,random_forest,True,3,1,992,248,"{""0"": 153, ""1"": 839}","{""0"": 28, ""1"": 220}",0.8709677419354839,0.4909090909090909,0.46551724137931033,"[[0, 28], [4, 216]]","{""0"": 4, ""1"": 244}",0.0,0.0,0.0,28,0.8852459016393442,0.9818181818181818,0.9310344827586207,220,0.4548701298701298,0.8824980651224457,0.10420441115960474
bfcl,all_categories,X-only,minxing_row_random,hist_gradient_boosting,True,3,1,992,248,"{""0"": 153, ""1"": 839}","{""0"": 28, ""1"": 220}",0.8548387096774194,0.512987012987013,0.5105263157894737,"[[2, 26], [10, 210]]","{""0"": 12, ""1"": 236}",0.16666666666666666,0.07142857142857142,0.1,28,0.8898305084745762,0.9545454545454546,0.9210526315789473,220,0.5253246753246754,0.8858413021067408,0.1392469801992215
bfcl,all_categories,X-only,minxing_row_random,small_mlp_standardized,True,3,1,992,248,"{""0"": 153, ""1"": 839}","{""0"": 28, ""1"": 220}",0.8709677419354839,0.5064935064935066,0.49477973007384773,"[[1, 27], [5, 215]]","{""0"": 6, ""1"": 242}",0.16666666666666666,0.03571428571428571,0.058823529411764705,28,0.8884297520661157,0.9772727272727273,0.9307359307359307,220,0.557142857142857,0.9032367693832926,0.1512927008730211
bfcl,all_categories,X-only,minxing_row_random,majority_class,True,4,1,992,248,"{""0"": 153, ""1"": 839}","{""0"": 28, ""1"": 220}",0.8870967741935484,0.5,0.4700854700854701,"[[0, 28], [0, 220]]","{""1"": 248}",0.0,0.0,0.0,28,0.8870967741935484,1.0,0.9401709401709402,220,0.5,0.8870967741935484,0.11290322580645161
bfcl,all_categories,X-only,minxing_row_random,stratified_random,True,4,1,992,248,"{""0"": 153, ""1"": 839}","{""0"": 28, ""1"": 220}",0.7620967741935484,0.523051948051948,0.5150952775476387,"[[6, 22], [37, 183]]","{""0"": 43, ""1"": 205}",0.13953488372093023,0.21428571428571427,0.16901408450704225,28,0.8926829268292683,0.8318181818181818,0.8611764705882353,220,0.5230519480519481,0.8917434375223519,0.11861000964526845
bfcl,all_categories,X-only,minxing_row_random,logistic_regression_standardized,True,4,1,992,248,"{""0"": 153, ""1"": 839}","{""0"": 28, ""1"": 220}",0.8870967741935484,0.5,0.4700854700854701,"[[0, 28], [0, 220]]","{""1"": 248}",0.0,0.0,0.0,28,0.8870967741935484,1.0,0.9401709401709402,220,0.3918831168831169,0.8529987037122009,0.09435797966050266
bfcl,all_categories,X-only,minxing_row_random,class_weighted_logistic_regression_standardized,True,4,1,992,248,"{""0"": 153, ""1"": 839}","{""0"": 28, ""1"": 220}",0.4717741935483871,0.46850649350649354,0.38958720853766227,"[[13, 15], [116, 104]]","{""0"": 129, ""1"": 119}",0.10077519379844961,0.4642857142857143,0.16560509554140126,28,0.8739495798319328,0.4727272727272727,0.6135693215339233,220,0.4055194805194805,0.8526101699414406,0.09646689540513446
bfcl,all_categories,X-only,minxing_row_random,random_forest,True,4,1,992,248,"{""0"": 153, ""1"": 839}","{""0"": 28, ""1"": 220}",0.8830645161290323,0.49772727272727274,0.4689507494646681,"[[0, 28], [1, 219]]","{""0"": 1, ""1"": 247}",0.0,0.0,0.0,28,0.8866396761133604,0.9954545454545455,0.9379014989293362,220,0.5423701298701299,0.8999369101500607,0.12925211073728163
bfcl,all_categories,X-only,minxing_row_random,hist_gradient_boosting,True,4,1,992,248,"{""0"": 153, ""1"": 839}","{""0"": 28, ""1"": 220}",0.8790322580645161,0.4954545454545455,0.4678111587982833,"[[0, 28], [2, 218]]","{""0"": 2, ""1"": 246}",0.0,0.0,0.0,28,0.8861788617886179,0.990909090909091,0.9356223175965666,220,0.5211038961038961,0.8984807822545555,0.11957536437022995
bfcl,all_categories,X-only,minxing_row_random,small_mlp_standardized,True,4,1,992,248,"{""0"": 153, ""1"": 839}","{""0"": 28, ""1"": 220}",0.8870967741935484,0.5,0.4700854700854701,"[[0, 28], [0, 220]]","{""1"": 248}",0.0,0.0,0.0,28,0.8870967741935484,1.0,0.9401709401709402,220,0.4113636363636363,0.8649375293070994,0.09501789720551994
bfcl,all_categories,X-only,minxing_row_random,majority_class,True,5,1,992,248,"{""0"": 153, ""1"": 839}","{""0"": 28, ""1"": 220}",0.8870967741935484,0.5,0.4700854700854701,"[[0, 28], [0, 220]]","{""1"": 248}",0.0,0.0,0.0,28,0.8870967741935484,1.0,0.9401709401709402,220,0.5,0.8870967741935484,0.11290322580645161
bfcl,all_categories,X-only,minxing_row_random,stratified_random,True,5,1,992,248,"{""0"": 153, ""1"": 839}","{""0"": 28, ""1"": 220}",0.7620967741935484,0.523051948051948,0.5150952775476387,"[[6, 22], [37, 183]]","{""0"": 43, ""1"": 205}",0.13953488372093023,0.21428571428571427,0.16901408450704225,28,0.8926829268292683,0.8318181818181818,0.8611764705882353,220,0.5230519480519481,0.8917434375223519,0.11861000964526845
bfcl,all_categories,X-only,minxing_row_random,logistic_regression_standardized,True,5,1,992,248,"{""0"": 153, ""1"": 839}","{""0"": 28, ""1"": 220}",0.8870967741935484,0.5,0.4700854700854701,"[[0, 28], [0, 220]]","{""1"": 248}",0.0,0.0,0.0,28,0.8870967741935484,1.0,0.9401709401709402,220,0.45600649350649347,0.8841340726587394,0.13462368395741847
bfcl,all_categories,X-only,minxing_row_random,class_weighted_logistic_regression_standardized,True,5,1,992,248,"{""0"": 153, ""1"": 839}","{""0"": 28, ""1"": 220}",0.5161290322580645,0.509090909090909,0.42218080149114634,"[[14, 14], [106, 114]]","{""0"": 120, ""1"": 128}",0.11666666666666667,0.5,0.1891891891891892,28,0.890625,0.5181818181818182,0.6551724137931034,220,0.4608766233766234,0.8818851998585795,0.1363440840169182
bfcl,all_categories,X-only,minxing_row_random,random_forest,True,5,1,992,248,"{""0"": 153, ""1"": 839}","{""0"": 28, ""1"": 220}",0.8830645161290323,0.49772727272727274,0.4689507494646681,"[[0, 28], [1, 219]]","{""0"": 1, ""1"": 247}",0.0,0.0,0.0,28,0.8866396761133604,0.9954545454545455,0.9379014989293362,220,0.5623376623376622,0.9054358973911589,0.16645183571161004
bfcl,all_categories,X-only,minxing_row_random,hist_gradient_boosting,True,5,1,992,248,"{""0"": 153, ""1"": 839}","{""0"": 28, ""1"": 220}",0.8629032258064516,0.5331168831168831,0.537719298245614,"[[3, 25], [9, 211]]","{""0"": 12, ""1"": 236}",0.25,0.10714285714285714,0.15,28,0.8940677966101694,0.9590909090909091,0.9254385964912281,220,0.49139610389610394,0.8785293177342699,0.14778018727061842
bfcl,all_categories,X-only,minxing_row_random,small_mlp_standardized,True,5,1,992,248,"{""0"": 153, ""1"": 839}","{""0"": 28, ""1"": 220}",0.8870967741935484,0.5,0.4700854700854701,"[[0, 28], [0, 220]]","{""1"": 248}",0.0,0.0,0.0,28,0.8870967741935484,1.0,0.9401709401709402,220,0.4980519480519481,0.8895014084430328,0.11309145506243594
bfcl,all_categories,X-only,minxing_row_random,majority_class,True,6,1,992,248,"{""0"": 153, ""1"": 839}","{""0"": 28, ""1"": 220}",0.8870967741935484,0.5,0.4700854700854701,"[[0, 28], [0, 220]]","{""1"": 248}",0.0,0.0,0.0,28,0.8870967741935484,1.0,0.9401709401709402,220,0.5,0.8870967741935484,0.11290322580645161
bfcl,all_categories,X-only,minxing_row_random,stratified_random,True,6,1,992,248,"{""0"": 153, ""1"": 839}","{""0"": 28, ""1"": 220}",0.7620967741935484,0.523051948051948,0.5150952775476387,"[[6, 22], [37, 183]]","{""0"": 43, ""1"": 205}",0.13953488372093023,0.21428571428571427,0.16901408450704225,28,0.8926829268292683,0.8318181818181818,0.8611764705882353,220,0.5230519480519481,0.8917434375223519,0.11861000964526845
bfcl,all_categories,X-only,minxing_row_random,logistic_regression_standardized,True,6,1,992,248,"{""0"": 153, ""1"": 839}","{""0"": 28, ""1"": 220}",0.8870967741935484,0.5,0.4700854700854701,"[[0, 28], [0, 220]]","{""1"": 248}",0.0,0.0,0.0,28,0.8870967741935484,1.0,0.9401709401709402,220,0.4702922077922078,0.8709876917720384,0.12312356673701
bfcl,all_categories,X-only,minxing_row_random,class_weighted_logistic_regression_standardized,True,6,1,992,248,"{""0"": 153, ""1"": 839}","{""0"": 28, ""1"": 220}",0.5040322580645161,0.5022727272727272,0.414454362222862,"[[14, 14], [109, 111]]","{""0"": 123, ""1"": 125}",0.11382113821138211,0.5,0.18543046357615894,28,0.888,0.5045454545454545,0.6434782608695652,220,0.4746753246753247,0.8705787319591252,0.12338170796583364
bfcl,all_categories,X-only,minxing_row_random,random_forest,True,6,1,992,248,"{""0"": 153, ""1"": 839}","{""0"": 28, ""1"": 220}",0.8830645161290323,0.49772727272727274,0.4689507494646681,"[[0, 28], [1, 219]]","{""0"": 1, ""1"": 247}",0.0,0.0,0.0,28,0.8866396761133604,0.9954545454545455,0.9379014989293362,220,0.4767857142857143,0.8709745767669954,0.13396391094416987
bfcl,all_categories,X-only,minxing_row_random,hist_gradient_boosting,True,6,1,992,248,"{""0"": 153, ""1"": 839}","{""0"": 28, ""1"": 220}",0.8709677419354839,0.5064935064935066,0.49477973007384773,"[[1, 27], [5, 215]]","{""0"": 6, ""1"": 242}",0.16666666666666666,0.03571428571428571,0.058823529411764705,28,0.8884297520661157,0.9772727272727273,0.9307359307359307,220,0.474512987012987,0.8694369854660298,0.16092655372577627
bfcl,all_categories,X-only,minxing_row_random,small_mlp_standardized,True,6,1,992,248,"{""0"": 153, ""1"": 839}","{""0"": 28, ""1"": 220}",0.8870967741935484,0.5,0.4700854700854701,"[[0, 28], [0, 220]]","{""1"": 248}",0.0,0.0,0.0,28,0.8870967741935484,1.0,0.9401709401709402,220,0.5081168831168832,0.8732289005088414,0.1425956525798192
bfcl,all_categories,X-only,minxing_row_random,majority_class,True,7,1,992,248,"{""0"": 153, ""1"": 839}","{""0"": 28, ""1"": 220}",0.8870967741935484,0.5,0.4700854700854701,"[[0, 28], [0, 220]]","{""1"": 248}",0.0,0.0,0.0,28,0.8870967741935484,1.0,0.9401709401709402,220,0.5,0.8870967741935484,0.11290322580645161
bfcl,all_categories,X-only,minxing_row_random,stratified_random,True,7,1,992,248,"{""0"": 153, ""1"": 839}","{""0"": 28, ""1"": 220}",0.7620967741935484,0.523051948051948,0.5150952775476387,"[[6, 22], [37, 183]]","{""0"": 43, ""1"": 205}",0.13953488372093023,0.21428571428571427,0.16901408450704225,28,0.8926829268292683,0.8318181818181818,0.8611764705882353,220,0.5230519480519481,0.8917434375223519,0.11861000964526845
bfcl,all_categories,X-only,minxing_row_random,logistic_regression_standardized,True,7,1,992,248,"{""0"": 153, ""1"": 839}","{""0"": 28, ""1"": 220}",0.8870967741935484,0.5,0.4700854700854701,"[[0, 28], [0, 220]]","{""1"": 248}",0.0,0.0,0.0,28,0.8870967741935484,1.0,0.9401709401709402,220,0.5449675324675325,0.9146128052861562,0.12601875988534295
bfcl,all_categories,X-only,minxing_row_random,class_weighted_logistic_regression_standardized,True,7,1,992,248,"{""0"": 153, ""1"": 839}","{""0"": 28, ""1"": 220}",0.5645161290322581,0.551948051948052,0.4578576633470974,"[[15, 13], [95, 125]]","{""0"": 110, ""1"": 138}",0.13636363636363635,0.5357142857142857,0.21739130434782608,28,0.9057971014492754,0.5681818181818182,0.6983240223463687,220,0.5420454545454546,0.9128598890680453,0.12416670829665498
bfcl,all_categories,X-only,minxing_row_random,random_forest,True,7,1,992,248,"{""0"": 153, ""1"": 839}","{""0"": 28, ""1"": 220}",0.8870967741935484,0.5,0.4700854700854701,"[[0, 28], [0, 220]]","{""1"": 248}",0.0,0.0,0.0,28,0.8870967741935484,1.0,0.9401709401709402,220,0.4816558441558442,0.889318850332015,0.11115896436224035
bfcl,all_categories,X-only,minxing_row_random,hist_gradient_boosting,True,7,1,992,248,"{""0"": 153, ""1"": 839}","{""0"": 28, ""1"": 220}",0.875,0.5243506493506493,0.5235202974899287,"[[2, 26], [5, 215]]","{""0"": 7, ""1"": 241}",0.2857142857142857,0.07142857142857142,0.11428571428571428,28,0.8921161825726142,0.9772727272727273,0.9327548806941431,220,0.4803571428571429,0.8994499285775627,0.13051612029474735
bfcl,all_categories,X-only,minxing_row_random,small_mlp_standardized,True,7,1,992,248,"{""0"": 153, ""1"": 839}","{""0"": 28, ""1"": 220}",0.8790322580645161,0.4954545454545455,0.4678111587982833,"[[0, 28], [2, 218]]","{""0"": 2, ""1"": 246}",0.0,0.0,0.0,28,0.8861788617886179,0.990909090909091,0.9356223175965666,220,0.488474025974026,0.8871557273754149,0.11404835436933913
bfcl,all_categories,X-only,minxing_row_random,majority_class,True,8,1,992,248,"{""0"": 153, ""1"": 839}","{""0"": 28, ""1"": 220}",0.8870967741935484,0.5,0.4700854700854701,"[[0, 28], [0, 220]]","{""1"": 248}",0.0,0.0,0.0,28,0.8870967741935484,1.0,0.9401709401709402,220,0.5,0.8870967741935484,0.11290322580645161
bfcl,all_categories,X-only,minxing_row_random,stratified_random,True,8,1,992,248,"{""0"": 153, ""1"": 839}","{""0"": 28, ""1"": 220}",0.7620967741935484,0.523051948051948,0.5150952775476387,"[[6, 22], [37, 183]]","{""0"": 43, ""1"": 205}",0.13953488372093023,0.21428571428571427,0.16901408450704225,28,0.8926829268292683,0.8318181818181818,0.8611764705882353,220,0.5230519480519481,0.8917434375223519,0.11861000964526845
bfcl,all_categories,X-only,minxing_row_random,logistic_regression_standardized,True,8,1,992,248,"{""0"": 153, ""1"": 839}","{""0"": 28, ""1"": 220}",0.8870967741935484,0.5,0.4700854700854701,"[[0, 28], [0, 220]]","{""1"": 248}",0.0,0.0,0.0,28,0.8870967741935484,1.0,0.9401709401709402,220,0.5121753246753247,0.9012304602070523,0.1119031829442807
bfcl,all_categories,X-only,minxing_row_random,class_weighted_logistic_regression_standardized,True,8,1,992,248,"{""0"": 153, ""1"": 839}","{""0"": 28, ""1"": 220}",0.5766129032258065,0.512012987012987,0.44997148469678727,"[[12, 16], [89, 131]]","{""0"": 101, ""1"": 147}",0.1188118811881188,0.42857142857142855,0.18604651162790697,28,0.891156462585034,0.5954545454545455,0.7138964577656676,220,0.4915584415584416,0.8928776453921647,0.10758151155254247
bfcl,all_categories,X-only,minxing_row_random,random_forest,True,8,1,992,248,"{""0"": 153, ""1"": 839}","{""0"": 28, ""1"": 220}",0.8790322580645161,0.4954545454545455,0.4678111587982833,"[[0, 28], [2, 218]]","{""0"": 2, ""1"": 246}",0.0,0.0,0.0,28,0.8861788617886179,0.990909090909091,0.9356223175965666,220,0.4858766233766234,0.8831664576892033,0.11586053241985372
bfcl,all_categories,X-only,minxing_row_random,hist_gradient_boosting,True,8,1,992,248,"{""0"": 153, ""1"": 839}","{""0"": 28, ""1"": 220}",0.8629032258064516,0.4863636363636364,0.46320346320346323,"[[0, 28], [6, 214]]","{""0"": 6, ""1"": 242}",0.0,0.0,0.0,28,0.8842975206611571,0.9727272727272728,0.9264069264069265,220,0.500974025974026,0.8942617561195354,0.11482108834027902
bfcl,all_categories,X-only,minxing_row_random,small_mlp_standardized,True,8,1,992,248,"{""0"": 153, ""1"": 839}","{""0"": 28, ""1"": 220}",0.8709677419354839,0.4909090909090909,0.46551724137931033,"[[0, 28], [4, 216]]","{""0"": 4, ""1"": 244}",0.0,0.0,0.0,28,0.8852459016393442,0.9818181818181818,0.9310344827586207,220,0.4887987012987013,0.8784055625417702,0.12711628734619196
bfcl,all_categories,X-only,minxing_row_random,majority_class,True,9,1,992,248,"{""0"": 153, ""1"": 839}","{""0"": 28, ""1"": 220}",0.8870967741935484,0.5,0.4700854700854701,"[[0, 28], [0, 220]]","{""1"": 248}",0.0,0.0,0.0,28,0.8870967741935484,1.0,0.9401709401709402,220,0.5,0.8870967741935484,0.11290322580645161
bfcl,all_categories,X-only,minxing_row_random,stratified_random,True,9,1,992,248,"{""0"": 153, ""1"": 839}","{""0"": 28, ""1"": 220}",0.7620967741935484,0.523051948051948,0.5150952775476387,"[[6, 22], [37, 183]]","{""0"": 43, ""1"": 205}",0.13953488372093023,0.21428571428571427,0.16901408450704225,28,0.8926829268292683,0.8318181818181818,0.8611764705882353,220,0.5230519480519481,0.8917434375223519,0.11861000964526845
bfcl,all_categories,X-only,minxing_row_random,logistic_regression_standardized,True,9,1,992,248,"{""0"": 153, ""1"": 839}","{""0"": 28, ""1"": 220}",0.8870967741935484,0.5,0.4700854700854701,"[[0, 28], [0, 220]]","{""1"": 248}",0.0,0.0,0.0,28,0.8870967741935484,1.0,0.9401709401709402,220,0.5025974025974026,0.8927710000894908,0.12557957539411008
bfcl,all_categories,X-only,minxing_row_random,class_weighted_logistic_regression_standardized,True,9,1,992,248,"{""0"": 153, ""1"": 839}","{""0"": 28, ""1"": 220}",0.49193548387096775,0.5266233766233765,0.4148752902404314,"[[16, 12], [114, 106]]","{""0"": 130, ""1"": 118}",0.12307692307692308,0.5714285714285714,0.20253164556962025,28,0.8983050847457628,0.4818181818181818,0.6272189349112426,220,0.49918831168831174,0.892002731855471,0.12908618730670032
bfcl,all_categories,X-only,minxing_row_random,random_forest,True,9,1,992,248,"{""0"": 153, ""1"": 839}","{""0"": 28, ""1"": 220}",0.8790322580645161,0.4954545454545455,0.4678111587982833,"[[0, 28], [2, 218]]","{""0"": 2, ""1"": 246}",0.0,0.0,0.0,28,0.8861788617886179,0.990909090909091,0.9356223175965666,220,0.5787337662337662,0.9073136022309256,0.13872976871472842
bfcl,all_categories,X-only,minxing_row_random,hist_gradient_boosting,True,9,1,992,248,"{""0"": 153, ""1"": 839}","{""0"": 28, ""1"": 220}",0.8669354838709677,0.5042207792207792,0.49277967152153707,"[[1, 27], [6, 214]]","{""0"": 7, ""1"": 241}",0.14285714285714285,0.03571428571428571,0.05714285714285714,28,0.8879668049792531,0.9727272727272728,0.928416485900217,220,0.49740259740259746,0.884563631177638,0.15506492721534387
bfcl,all_categories,X-only,minxing_row_random,small_mlp_standardized,True,9,1,992,248,"{""0"": 153, ""1"": 839}","{""0"": 28, ""1"": 220}",0.8790322580645161,0.4954545454545455,0.4678111587982833,"[[0, 28], [2, 218]]","{""0"": 2, ""1"": 246}",0.0,0.0,0.0,28,0.8861788617886179,0.990909090909091,0.9356223175965666,220,0.4974025974025974,0.8867607798414052,0.1490826740788191
bfcl,all_categories,S-only,minxing_row_random,majority_class,False,,1,992,248,"{""0"": 153, ""1"": 839}","{""0"": 28, ""1"": 220}",0.8870967741935484,0.5,0.4700854700854701,"[[0, 28], [0, 220]]","{""1"": 248}",0.0,0.0,0.0,28,0.8870967741935484,1.0,0.9401709401709402,220,0.5,0.8870967741935484,0.11290322580645161
bfcl,all_categories,S-only,minxing_row_random,stratified_random,False,,1,992,248,"{""0"": 153, ""1"": 839}","{""0"": 28, ""1"": 220}",0.7620967741935484,0.523051948051948,0.5150952775476387,"[[6, 22], [37, 183]]","{""0"": 43, ""1"": 205}",0.13953488372093023,0.21428571428571427,0.16901408450704225,28,0.8926829268292683,0.8318181818181818,0.8611764705882353,220,0.5230519480519481,0.8917434375223519,0.11861000964526845
bfcl,all_categories,S-only,minxing_row_random,logistic_regression_standardized,False,,1,992,248,"{""0"": 153, ""1"": 839}","{""0"": 28, ""1"": 220}",0.8870967741935484,0.5,0.4700854700854701,"[[0, 28], [0, 220]]","{""1"": 248}",0.0,0.0,0.0,28,0.8870967741935484,1.0,0.9401709401709402,220,0.5940746753246754,0.9169355464592839,0.18524390433048427
bfcl,all_categories,S-only,minxing_row_random,class_weighted_logistic_regression_standardized,False,,1,992,248,"{""0"": 153, ""1"": 839}","{""0"": 28, ""1"": 220}",0.5887096774193549,0.5811688311688312,0.4785190071740744,"[[16, 12], [90, 130]]","{""0"": 106, ""1"": 142}",0.1509433962264151,0.5714285714285714,0.23880597014925373,28,0.9154929577464789,0.5909090909090909,0.7182320441988951,220,0.5934253246753247,0.9155330227144293,0.18459992733628655
bfcl,all_categories,S-only,minxing_row_random,random_forest,False,,1,992,248,"{""0"": 153, ""1"": 839}","{""0"": 28, ""1"": 220}",0.8870967741935484,0.5,0.4700854700854701,"[[0, 28], [0, 220]]","{""1"": 248}",0.0,0.0,0.0,28,0.8870967741935484,1.0,0.9401709401709402,220,0.671672077922078,0.9352912314020463,0.1762031162917686
bfcl,all_categories,S-only,minxing_row_random,hist_gradient_boosting,False,,1,992,248,"{""0"": 153, ""1"": 839}","{""0"": 28, ""1"": 220}",0.8830645161290323,0.49772727272727274,0.4689507494646681,"[[0, 28], [1, 219]]","{""0"": 1, ""1"": 247}",0.0,0.0,0.0,28,0.8866396761133604,0.9954545454545455,0.9379014989293362,220,0.6939123376623376,0.937517405529618,0.21525711869120429
bfcl,all_categories,S-only,minxing_row_random,small_mlp_standardized,False,,1,992,248,"{""0"": 153, ""1"": 839}","{""0"": 28, ""1"": 220}",0.8870967741935484,0.5,0.4700854700854701,"[[0, 28], [0, 220]]","{""1"": 248}",0.0,0.0,0.0,28,0.8870967741935484,1.0,0.9401709401709402,220,0.6073863636363637,0.9168003877106365,0.17821605423410739
bfcl,all_categories,S-only,minxing_row_random,majority_class,True,0,1,992,248,"{""0"": 153, ""1"": 839}","{""0"": 28, ""1"": 220}",0.8870967741935484,0.5,0.4700854700854701,"[[0, 28], [0, 220]]","{""1"": 248}",0.0,0.0,0.0,28,0.8870967741935484,1.0,0.9401709401709402,220,0.5,0.8870967741935484,0.11290322580645161
bfcl,all_categories,S-only,minxing_row_random,stratified_random,True,0,1,992,248,"{""0"": 153, ""1"": 839}","{""0"": 28, ""1"": 220}",0.7620967741935484,0.523051948051948,0.5150952775476387,"[[6, 22], [37, 183]]","{""0"": 43, ""1"": 205}",0.13953488372093023,0.21428571428571427,0.16901408450704225,28,0.8926829268292683,0.8318181818181818,0.8611764705882353,220,0.5230519480519481,0.8917434375223519,0.11861000964526845
bfcl,all_categories,S-only,minxing_row_random,logistic_regression_standardized,True,0,1,992,248,"{""0"": 153, ""1"": 839}","{""0"": 28, ""1"": 220}",0.8830645161290323,0.49772727272727274,0.4689507494646681,"[[0, 28], [1, 219]]","{""0"": 1, ""1"": 247}",0.0,0.0,0.0,28,0.8866396761133604,0.9954545454545455,0.9379014989293362,220,0.39586038961038966,0.8461310502950994,0.10203093169996108
bfcl,all_categories,S-only,minxing_row_random,class_weighted_logistic_regression_standardized,True,0,1,992,248,"{""0"": 153, ""1"": 839}","{""0"": 28, ""1"": 220}",0.5040322580645161,0.43993506493506496,0.3957091067572654,"[[10, 18], [105, 115]]","{""0"": 115, ""1"": 133}",0.08695652173913043,0.35714285714285715,0.13986013986013987,28,0.8646616541353384,0.5227272727272727,0.6515580736543909,220,0.3895292207792208,0.8452034396733804,0.10061744100441225
bfcl,all_categories,S-only,minxing_row_random,random_forest,True,0,1,992,248,"{""0"": 153, ""1"": 839}","{""0"": 28, ""1"": 220}",0.8870967741935484,0.5,0.4700854700854701,"[[0, 28], [0, 220]]","{""1"": 248}",0.0,0.0,0.0,28,0.8870967741935484,1.0,0.9401709401709402,220,0.3898538961038961,0.8679132747991943,0.09019292485394458
bfcl,all_categories,S-only,minxing_row_random,hist_gradient_boosting,True,0,1,992,248,"{""0"": 153, ""1"": 839}","{""0"": 28, ""1"": 220}",0.8870967741935484,0.5,0.4700854700854701,"[[0, 28], [0, 220]]","{""1"": 248}",0.0,0.0,0.0,28,0.8870967741935484,1.0,0.9401709401709402,220,0.38482142857142854,0.8614206498237986,0.0902025668116667
bfcl,all_categories,S-only,minxing_row_random,small_mlp_standardized,True,0,1,992,248,"{""0"": 153, ""1"": 839}","{""0"": 28, ""1"": 220}",0.8830645161290323,0.49772727272727274,0.4689507494646681,"[[0, 28], [1, 219]]","{""0"": 1, ""1"": 247}",0.0,0.0,0.0,28,0.8866396761133604,0.9954545454545455,0.9379014989293362,220,0.37183441558441555,0.8433554367270724,0.09475264978248041
bfcl,all_categories,S-only,minxing_row_random,majority_class,True,1,1,992,248,"{""0"": 153, ""1"": 839}","{""0"": 28, ""1"": 220}",0.8870967741935484,0.5,0.4700854700854701,"[[0, 28], [0, 220]]","{""1"": 248}",0.0,0.0,0.0,28,0.8870967741935484,1.0,0.9401709401709402,220,0.5,0.8870967741935484,0.11290322580645161
bfcl,all_categories,S-only,minxing_row_random,stratified_random,True,1,1,992,248,"{""0"": 153, ""1"": 839}","{""0"": 28, ""1"": 220}",0.7620967741935484,0.523051948051948,0.5150952775476387,"[[6, 22], [37, 183]]","{""0"": 43, ""1"": 205}",0.13953488372093023,0.21428571428571427,0.16901408450704225,28,0.8926829268292683,0.8318181818181818,0.8611764705882353,220,0.5230519480519481,0.8917434375223519,0.11861000964526845
bfcl,all_categories,S-only,minxing_row_random,logistic_regression_standardized,True,1,1,992,248,"{""0"": 153, ""1"": 839}","{""0"": 28, ""1"": 220}",0.8870967741935484,0.5155844155844156,0.5032904148783978,"[[1, 27], [1, 219]]","{""0"": 2, ""1"": 246}",0.5,0.03571428571428571,0.06666666666666667,28,0.8902439024390244,0.9954545454545455,0.9399141630901288,220,0.45316558441558435,0.8730549899466968,0.182929930418224
bfcl,all_categories,S-only,minxing_row_random,class_weighted_logistic_regression_standardized,True,1,1,992,248,"{""0"": 153, ""1"": 839}","{""0"": 28, ""1"": 220}",0.4112903225806452,0.41883116883116883,0.34666185492601953,"[[12, 16], [130, 90]]","{""0"": 142, ""1"": 106}",0.08450704225352113,0.42857142857142855,0.1411764705882353,28,0.8490566037735849,0.4090909090909091,0.5521472392638037,220,0.4554383116883117,0.8734616556076831,0.21199548591146825
bfcl,all_categories,S-only,minxing_row_random,random_forest,True,1,1,992,248,"{""0"": 153, ""1"": 839}","{""0"": 28, ""1"": 220}",0.8790322580645161,0.4954545454545455,0.4678111587982833,"[[0, 28], [2, 218]]","{""0"": 2, ""1"": 246}",0.0,0.0,0.0,28,0.8861788617886179,0.990909090909091,0.9356223175965666,220,0.4525162337662338,0.8821627828483967,0.1288495843125808
bfcl,all_categories,S-only,minxing_row_random,hist_gradient_boosting,True,1,1,992,248,"{""0"": 153, ""1"": 839}","{""0"": 28, ""1"": 220}",0.8870967741935484,0.5,0.4700854700854701,"[[0, 28], [0, 220]]","{""1"": 248}",0.0,0.0,0.0,28,0.8870967741935484,1.0,0.9401709401709402,220,0.4564123376623377,0.8716378737643281,0.1670201476478343
bfcl,all_categories,S-only,minxing_row_random,small_mlp_standardized,True,1,1,992,248,"{""0"": 153, ""1"": 839}","{""0"": 28, ""1"": 220}",0.8911290322580645,0.5178571428571429,0.505574835708484,"[[1, 27], [0, 220]]","{""0"": 1, ""1"": 247}",1.0,0.03571428571428571,0.06896551724137931,28,0.8906882591093117,1.0,0.9421841541755889,220,0.4986201298701299,0.884552040011404,0.1581466558158989
bfcl,all_categories,S-only,minxing_row_random,majority_class,True,2,1,992,248,"{""0"": 153, ""1"": 839}","{""0"": 28, ""1"": 220}",0.8870967741935484,0.5,0.4700854700854701,"[[0, 28], [0, 220]]","{""1"": 248}",0.0,0.0,0.0,28,0.8870967741935484,1.0,0.9401709401709402,220,0.5,0.8870967741935484,0.11290322580645161
bfcl,all_categories,S-only,minxing_row_random,stratified_random,True,2,1,992,248,"{""0"": 153, ""1"": 839}","{""0"": 28, ""1"": 220}",0.7620967741935484,0.523051948051948,0.5150952775476387,"[[6, 22], [37, 183]]","{""0"": 43, ""1"": 205}",0.13953488372093023,0.21428571428571427,0.16901408450704225,28,0.8926829268292683,0.8318181818181818,0.8611764705882353,220,0.5230519480519481,0.8917434375223519,0.11861000964526845
bfcl,all_categories,S-only,minxing_row_random,logistic_regression_standardized,True,2,1,992,248,"{""0"": 153, ""1"": 839}","{""0"": 28, ""1"": 220}",0.8830645161290323,0.49772727272727274,0.4689507494646681,"[[0, 28], [1, 219]]","{""0"": 1, ""1"": 247}",0.0,0.0,0.0,28,0.8866396761133604,0.9954545454545455,0.9379014989293362,220,0.47167207792207794,0.888042449692007,0.13474964842572273
bfcl,all_categories,S-only,minxing_row_random,class_weighted_logistic_regression_standardized,True,2,1,992,248,"{""0"": 153, ""1"": 839}","{""0"": 28, ""1"": 220}",0.6451612903225806,0.5194805194805194,0.4791905307369225,"[[10, 18], [70, 150]]","{""0"": 80, ""1"": 168}",0.125,0.35714285714285715,0.18518518518518517,28,0.8928571428571429,0.6818181818181818,0.7731958762886598,220,0.46875,0.880390336604278,0.1515719641843717
bfcl,all_categories,S-only,minxing_row_random,random_forest,True,2,1,992,248,"{""0"": 153, ""1"": 839}","{""0"": 28, ""1"": 220}",0.875,0.49318181818181817,0.4666666666666667,"[[0, 28], [3, 217]]","{""0"": 3, ""1"": 245}",0.0,0.0,0.0,28,0.8857142857142857,0.9863636363636363,0.9333333333333333,220,0.4995941558441559,0.8801443212112328,0.14803753002811293
bfcl,all_categories,S-only,minxing_row_random,hist_gradient_boosting,True,2,1,992,248,"{""0"": 153, ""1"": 839}","{""0"": 28, ""1"": 220}",0.8830645161290323,0.5133116883116884,0.5010752688172043,"[[1, 27], [2, 218]]","{""0"": 3, ""1"": 245}",0.3333333333333333,0.03571428571428571,0.06451612903225806,28,0.889795918367347,0.990909090909091,0.9376344086021505,220,0.4828733766233766,0.8648067445665687,0.16632764151689056
bfcl,all_categories,S-only,minxing_row_random,small_mlp_standardized,True,2,1,992,248,"{""0"": 153, ""1"": 839}","{""0"": 28, ""1"": 220}",0.8830645161290323,0.5133116883116884,0.5010752688172043,"[[1, 27], [2, 218]]","{""0"": 3, ""1"": 245}",0.3333333333333333,0.03571428571428571,0.06451612903225806,28,0.889795918367347,0.990909090909091,0.9376344086021505,220,0.4973214285714286,0.8881533291763551,0.1459717670533908
bfcl,all_categories,S-only,minxing_row_random,majority_class,True,3,1,992,248,"{""0"": 153, ""1"": 839}","{""0"": 28, ""1"": 220}",0.8870967741935484,0.5,0.4700854700854701,"[[0, 28], [0, 220]]","{""1"": 248}",0.0,0.0,0.0,28,0.8870967741935484,1.0,0.9401709401709402,220,0.5,0.8870967741935484,0.11290322580645161
bfcl,all_categories,S-only,minxing_row_random,stratified_random,True,3,1,992,248,"{""0"": 153, ""1"": 839}","{""0"": 28, ""1"": 220}",0.7620967741935484,0.523051948051948,0.5150952775476387,"[[6, 22], [37, 183]]","{""0"": 43, ""1"": 205}",0.13953488372093023,0.21428571428571427,0.16901408450704225,28,0.8926829268292683,0.8318181818181818,0.8611764705882353,220,0.5230519480519481,0.8917434375223519,0.11861000964526845
bfcl,all_categories,S-only,minxing_row_random,logistic_regression_standardized,True,3,1,992,248,"{""0"": 153, ""1"": 839}","{""0"": 28, ""1"": 220}",0.8870967741935484,0.5,0.4700854700854701,"[[0, 28], [0, 220]]","{""1"": 248}",0.0,0.0,0.0,28,0.8870967741935484,1.0,0.9401709401709402,220,0.4995941558441558,0.8749816707438102,0.24701331599023066
bfcl,all_categories,S-only,minxing_row_random,class_weighted_logistic_regression_standardized,True,3,1,992,248,"{""0"": 153, ""1"": 839}","{""0"": 28, ""1"": 220}",0.5,0.4844155844155844,0.40747591522157994,"[[13, 15], [109, 111]]","{""0"": 122, ""1"": 126}",0.10655737704918032,0.4642857142857143,0.17333333333333334,28,0.8809523809523809,0.5045454545454545,0.6416184971098265,220,0.5000811688311688,0.8754222835903348,0.24302882159051786
bfcl,all_categories,S-only,minxing_row_random,random_forest,True,3,1,992,248,"{""0"": 153, ""1"": 839}","{""0"": 28, ""1"": 220}",0.8870967741935484,0.5,0.4700854700854701,"[[0, 28], [0, 220]]","{""1"": 248}",0.0,0.0,0.0,28,0.8870967741935484,1.0,0.9401709401709402,220,0.5098214285714285,0.887528859968866,0.164966472860955
bfcl,all_categories,S-only,minxing_row_random,hist_gradient_boosting,True,3,1,992,248,"{""0"": 153, ""1"": 839}","{""0"": 28, ""1"": 220}",0.8870967741935484,0.5,0.4700854700854701,"[[0, 28], [0, 220]]","{""1"": 248}",0.0,0.0,0.0,28,0.8870967741935484,1.0,0.9401709401709402,220,0.5,0.8769674225754461,0.16627546420719452
bfcl,all_categories,S-only,minxing_row_random,small_mlp_standardized,True,3,1,992,248,"{""0"": 153, ""1"": 839}","{""0"": 28, ""1"": 220}",0.8870967741935484,0.5,0.4700854700854701,"[[0, 28], [0, 220]]","{""1"": 248}",0.0,0.0,0.0,28,0.8870967741935484,1.0,0.9401709401709402,220,0.48530844155844155,0.8745185687660914,0.16070184646663607
bfcl,all_categories,S-only,minxing_row_random,majority_class,True,4,1,992,248,"{""0"": 153, ""1"": 839}","{""0"": 28, ""1"": 220}",0.8870967741935484,0.5,0.4700854700854701,"[[0, 28], [0, 220]]","{""1"": 248}",0.0,0.0,0.0,28,0.8870967741935484,1.0,0.9401709401709402,220,0.5,0.8870967741935484,0.11290322580645161
bfcl,all_categories,S-only,minxing_row_random,stratified_random,True,4,1,992,248,"{""0"": 153, ""1"": 839}","{""0"": 28, ""1"": 220}",0.7620967741935484,0.523051948051948,0.5150952775476387,"[[6, 22], [37, 183]]","{""0"": 43, ""1"": 205}",0.13953488372093023,0.21428571428571427,0.16901408450704225,28,0.8926829268292683,0.8318181818181818,0.8611764705882353,220,0.5230519480519481,0.8917434375223519,0.11861000964526845
bfcl,all_categories,S-only,minxing_row_random,logistic_regression_standardized,True,4,1,992,248,"{""0"": 153, ""1"": 839}","{""0"": 28, ""1"": 220}",0.8830645161290323,0.49772727272727274,0.4689507494646681,"[[0, 28], [1, 219]]","{""0"": 1, ""1"": 247}",0.0,0.0,0.0,28,0.8866396761133604,0.9954545454545455,0.9379014989293362,220,0.467288961038961,0.871358112320574,0.13197064178251966
bfcl,all_categories,S-only,minxing_row_random,class_weighted_logistic_regression_standardized,True,4,1,992,248,"{""0"": 153, ""1"": 839}","{""0"": 28, ""1"": 220}",0.45564516129032256,0.475,0.38318686784944456,"[[14, 14], [121, 99]]","{""0"": 135, ""1"": 113}",0.1037037037037037,0.5,0.17177914110429449,28,0.8761061946902655,0.45,0.5945945945945946,220,0.46875,0.8745907839666264,0.14908598221916733
bfcl,all_categories,S-only,minxing_row_random,random_forest,True,4,1,992,248,"{""0"": 153, ""1"": 839}","{""0"": 28, ""1"": 220}",0.8870967741935484,0.5,0.4700854700854701,"[[0, 28], [0, 220]]","{""1"": 248}",0.0,0.0,0.0,28,0.8870967741935484,1.0,0.9401709401709402,220,0.43189935064935064,0.874496552700082,0.10641687438247367
bfcl,all_categories,S-only,minxing_row_random,hist_gradient_boosting,True,4,1,992,248,"{""0"": 153, ""1"": 839}","{""0"": 28, ""1"": 220}",0.8870967741935484,0.5,0.4700854700854701,"[[0, 28], [0, 220]]","{""1"": 248}",0.0,0.0,0.0,28,0.8870967741935484,1.0,0.9401709401709402,220,0.43790584415584416,0.87361999493103,0.11160450568570035
bfcl,all_categories,S-only,minxing_row_random,small_mlp_standardized,True,4,1,992,248,"{""0"": 153, ""1"": 839}","{""0"": 28, ""1"": 220}",0.8830645161290323,0.49772727272727274,0.4689507494646681,"[[0, 28], [1, 219]]","{""0"": 1, ""1"": 247}",0.0,0.0,0.0,28,0.8866396761133604,0.9954545454545455,0.9379014989293362,220,0.42118506493506497,0.8628329905296138,0.10316856632637697
bfcl,all_categories,S-only,minxing_row_random,majority_class,True,5,1,992,248,"{""0"": 153, ""1"": 839}","{""0"": 28, ""1"": 220}",0.8870967741935484,0.5,0.4700854700854701,"[[0, 28], [0, 220]]","{""1"": 248}",0.0,0.0,0.0,28,0.8870967741935484,1.0,0.9401709401709402,220,0.5,0.8870967741935484,0.11290322580645161
bfcl,all_categories,S-only,minxing_row_random,stratified_random,True,5,1,992,248,"{""0"": 153, ""1"": 839}","{""0"": 28, ""1"": 220}",0.7620967741935484,0.523051948051948,0.5150952775476387,"[[6, 22], [37, 183]]","{""0"": 43, ""1"": 205}",0.13953488372093023,0.21428571428571427,0.16901408450704225,28,0.8926829268292683,0.8318181818181818,0.8611764705882353,220,0.5230519480519481,0.8917434375223519,0.11861000964526845
bfcl,all_categories,S-only,minxing_row_random,logistic_regression_standardized,True,5,1,992,248,"{""0"": 153, ""1"": 839}","{""0"": 28, ""1"": 220}",0.8870967741935484,0.5,0.4700854700854701,"[[0, 28], [0, 220]]","{""1"": 248}",0.0,0.0,0.0,28,0.8870967741935484,1.0,0.9401709401709402,220,0.40608766233766236,0.8532747545037893,0.1282949802028875
bfcl,all_categories,S-only,minxing_row_random,class_weighted_logistic_regression_standardized,True,5,1,992,248,"{""0"": 153, ""1"": 839}","{""0"": 28, ""1"": 220}",0.31451612903225806,0.42662337662337657,0.29009227453357583,"[[16, 12], [158, 62]]","{""0"": 174, ""1"": 74}",0.09195402298850575,0.5714285714285714,0.15841584158415842,28,0.8378378378378378,0.2818181818181818,0.4217687074829932,220,0.4127435064935065,0.8551769612549189,0.12218729517427221
bfcl,all_categories,S-only,minxing_row_random,random_forest,True,5,1,992,248,"{""0"": 153, ""1"": 839}","{""0"": 28, ""1"": 220}",0.8870967741935484,0.5,0.4700854700854701,"[[0, 28], [0, 220]]","{""1"": 248}",0.0,0.0,0.0,28,0.8870967741935484,1.0,0.9401709401709402,220,0.3982954545454545,0.8636221505005071,0.09404700773373448
bfcl,all_categories,S-only,minxing_row_random,hist_gradient_boosting,True,5,1,992,248,"{""0"": 153, ""1"": 839}","{""0"": 28, ""1"": 220}",0.8870967741935484,0.5,0.4700854700854701,"[[0, 28], [0, 220]]","{""1"": 248}",0.0,0.0,0.0,28,0.8870967741935484,1.0,0.9401709401709402,220,0.4028409090909091,0.8528548370195941,0.09445749671358403
bfcl,all_categories,S-only,minxing_row_random,small_mlp_standardized,True,5,1,992,248,"{""0"": 153, ""1"": 839}","{""0"": 28, ""1"": 220}",0.8870967741935484,0.5,0.4700854700854701,"[[0, 28], [0, 220]]","{""1"": 248}",0.0,0.0,0.0,28,0.8870967741935484,1.0,0.9401709401709402,220,0.34683441558441563,0.8399379886305129,0.08708447031425591
bfcl,all_categories,S-only,minxing_row_random,majority_class,True,6,1,992,248,"{""0"": 153, ""1"": 839}","{""0"": 28, ""1"": 220}",0.8870967741935484,0.5,0.4700854700854701,"[[0, 28], [0, 220]]","{""1"": 248}",0.0,0.0,0.0,28,0.8870967741935484,1.0,0.9401709401709402,220,0.5,0.8870967741935484,0.11290322580645161
bfcl,all_categories,S-only,minxing_row_random,stratified_random,True,6,1,992,248,"{""0"": 153, ""1"": 839}","{""0"": 28, ""1"": 220}",0.7620967741935484,0.523051948051948,0.5150952775476387,"[[6, 22], [37, 183]]","{""0"": 43, ""1"": 205}",0.13953488372093023,0.21428571428571427,0.16901408450704225,28,0.8926829268292683,0.8318181818181818,0.8611764705882353,220,0.5230519480519481,0.8917434375223519,0.11861000964526845
bfcl,all_categories,S-only,minxing_row_random,logistic_regression_standardized,True,6,1,992,248,"{""0"": 153, ""1"": 839}","{""0"": 28, ""1"": 220}",0.8870967741935484,0.5,0.4700854700854701,"[[0, 28], [0, 220]]","{""1"": 248}",0.0,0.0,0.0,28,0.8870967741935484,1.0,0.9401709401709402,220,0.44715909090909095,0.8644371844940382,0.12652921647405524
bfcl,all_categories,S-only,minxing_row_random,class_weighted_logistic_regression_standardized,True,6,1,992,248,"{""0"": 153, ""1"": 839}","{""0"": 28, ""1"": 220}",0.5040322580645161,0.48668831168831167,0.4100148927528383,"[[13, 15], [108, 112]]","{""0"": 121, ""1"": 127}",0.10743801652892562,0.4642857142857143,0.174496644295302,28,0.8818897637795275,0.509090909090909,0.6455331412103746,220,0.44618506493506493,0.8638985170523201,0.1205247577429033
bfcl,all_categories,S-only,minxing_row_random,random_forest,True,6,1,992,248,"{""0"": 153, ""1"": 839}","{""0"": 28, ""1"": 220}",0.8870967741935484,0.5,0.4700854700854701,"[[0, 28], [0, 220]]","{""1"": 248}",0.0,0.0,0.0,28,0.8870967741935484,1.0,0.9401709401709402,220,0.441801948051948,0.8745212067851844,0.11395707605734033
bfcl,all_categories,S-only,minxing_row_random,hist_gradient_boosting,True,6,1,992,248,"{""0"": 153, ""1"": 839}","{""0"": 28, ""1"": 220}",0.8870967741935484,0.5,0.4700854700854701,"[[0, 28], [0, 220]]","{""1"": 248}",0.0,0.0,0.0,28,0.8870967741935484,1.0,0.9401709401709402,220,0.4653409090909091,0.8665030538698233,0.11968552304849858
bfcl,all_categories,S-only,minxing_row_random,small_mlp_standardized,True,6,1,992,248,"{""0"": 153, ""1"": 839}","{""0"": 28, ""1"": 220}",0.8870967741935484,0.5,0.4700854700854701,"[[0, 28], [0, 220]]","{""1"": 248}",0.0,0.0,0.0,28,0.8870967741935484,1.0,0.9401709401709402,220,0.429788961038961,0.8648585636982514,0.10241942487226259
bfcl,all_categories,S-only,minxing_row_random,majority_class,True,7,1,992,248,"{""0"": 153, ""1"": 839}","{""0"": 28, ""1"": 220}",0.8870967741935484,0.5,0.4700854700854701,"[[0, 28], [0, 220]]","{""1"": 248}",0.0,0.0,0.0,28,0.8870967741935484,1.0,0.9401709401709402,220,0.5,0.8870967741935484,0.11290322580645161
bfcl,all_categories,S-only,minxing_row_random,stratified_random,True,7,1,992,248,"{""0"": 153, ""1"": 839}","{""0"": 28, ""1"": 220}",0.7620967741935484,0.523051948051948,0.5150952775476387,"[[6, 22], [37, 183]]","{""0"": 43, ""1"": 205}",0.13953488372093023,0.21428571428571427,0.16901408450704225,28,0.8926829268292683,0.8318181818181818,0.8611764705882353,220,0.5230519480519481,0.8917434375223519,0.11861000964526845
bfcl,all_categories,S-only,minxing_row_random,logistic_regression_standardized,True,7,1,992,248,"{""0"": 153, ""1"": 839}","{""0"": 28, ""1"": 220}",0.8870967741935484,0.5,0.4700854700854701,"[[0, 28], [0, 220]]","{""1"": 248}",0.0,0.0,0.0,28,0.8870967741935484,1.0,0.9401709401709402,220,0.6364448051948051,0.9245277444446746,0.1889063762673988
bfcl,all_categories,S-only,minxing_row_random,class_weighted_logistic_regression_standardized,True,7,1,992,248,"{""0"": 153, ""1"": 839}","{""0"": 28, ""1"": 220}",0.625,0.5704545454545454,0.491702479338843,"[[14, 14], [79, 141]]","{""0"": 93, ""1"": 155}",0.15053763440860216,0.5,0.23140495867768596,28,0.9096774193548387,0.6409090909090909,0.752,220,0.6302759740259739,0.9205434807041002,0.1809022473027408
bfcl,all_categories,S-only,minxing_row_random,random_forest,True,7,1,992,248,"{""0"": 153, ""1"": 839}","{""0"": 28, ""1"": 220}",0.8870967741935484,0.5,0.4700854700854701,"[[0, 28], [0, 220]]","{""1"": 248}",0.0,0.0,0.0,28,0.8870967741935484,1.0,0.9401709401709402,220,0.6340097402597402,0.9224691337193651,0.17261722104725546
bfcl,all_categories,S-only,minxing_row_random,hist_gradient_boosting,True,7,1,992,248,"{""0"": 153, ""1"": 839}","{""0"": 28, ""1"": 220}",0.8870967741935484,0.5,0.4700854700854701,"[[0, 28], [0, 220]]","{""1"": 248}",0.0,0.0,0.0,28,0.8870967741935484,1.0,0.9401709401709402,220,0.5918019480519481,0.9101927464339323,0.15783163001378175
bfcl,all_categories,S-only,minxing_row_random,small_mlp_standardized,True,7,1,992,248,"{""0"": 153, ""1"": 839}","{""0"": 28, ""1"": 220}",0.8870967741935484,0.5,0.4700854700854701,"[[0, 28], [0, 220]]","{""1"": 248}",0.0,0.0,0.0,28,0.8870967741935484,1.0,0.9401709401709402,220,0.6078733766233767,0.9162305793615451,0.1688603588278808
bfcl,all_categories,S-only,minxing_row_random,majority_class,True,8,1,992,248,"{""0"": 153, ""1"": 839}","{""0"": 28, ""1"": 220}",0.8870967741935484,0.5,0.4700854700854701,"[[0, 28], [0, 220]]","{""1"": 248}",0.0,0.0,0.0,28,0.8870967741935484,1.0,0.9401709401709402,220,0.5,0.8870967741935484,0.11290322580645161
bfcl,all_categories,S-only,minxing_row_random,stratified_random,True,8,1,992,248,"{""0"": 153, ""1"": 839}","{""0"": 28, ""1"": 220}",0.7620967741935484,0.523051948051948,0.5150952775476387,"[[6, 22], [37, 183]]","{""0"": 43, ""1"": 205}",0.13953488372093023,0.21428571428571427,0.16901408450704225,28,0.8926829268292683,0.8318181818181818,0.8611764705882353,220,0.5230519480519481,0.8917434375223519,0.11861000964526845
bfcl,all_categories,S-only,minxing_row_random,logistic_regression_standardized,True,8,1,992,248,"{""0"": 153, ""1"": 839}","{""0"": 28, ""1"": 220}",0.8911290322580645,0.5178571428571429,0.505574835708484,"[[1, 27], [0, 220]]","{""0"": 1, ""1"": 247}",1.0,0.03571428571428571,0.06896551724137931,28,0.8906882591093117,1.0,0.9421841541755889,220,0.5234577922077923,0.8902110286560705,0.1747482476053971
bfcl,all_categories,S-only,minxing_row_random,class_weighted_logistic_regression_standardized,True,8,1,992,248,"{""0"": 153, ""1"": 839}","{""0"": 28, ""1"": 220}",0.6491935483870968,0.45941558441558444,0.4510342721929624,"[[6, 22], [65, 155]]","{""0"": 71, ""1"": 177}",0.08450704225352113,0.21428571428571427,0.12121212121212122,28,0.8757062146892656,0.7045454545454546,0.7808564231738035,220,0.5033279220779221,0.8857812115068113,0.16862940278232916
bfcl,all_categories,S-only,minxing_row_random,random_forest,True,8,1,992,248,"{""0"": 153, ""1"": 839}","{""0"": 28, ""1"": 220}",0.8870967741935484,0.5,0.4700854700854701,"[[0, 28], [0, 220]]","{""1"": 248}",0.0,0.0,0.0,28,0.8870967741935484,1.0,0.9401709401709402,220,0.45625,0.8780338995777124,0.12647409647671143
bfcl,all_categories,S-only,minxing_row_random,hist_gradient_boosting,True,8,1,992,248,"{""0"": 153, ""1"": 839}","{""0"": 28, ""1"": 220}",0.8870967741935484,0.5,0.4700854700854701,"[[0, 28], [0, 220]]","{""1"": 248}",0.0,0.0,0.0,28,0.8870967741935484,1.0,0.9401709401709402,220,0.3828733766233766,0.8590729281274313,0.09340427339533974
bfcl,all_categories,S-only,minxing_row_random,small_mlp_standardized,True,8,1,992,248,"{""0"": 153, ""1"": 839}","{""0"": 28, ""1"": 220}",0.8830645161290323,0.49772727272727274,0.4689507494646681,"[[0, 28], [1, 219]]","{""0"": 1, ""1"": 247}",0.0,0.0,0.0,28,0.8866396761133604,0.9954545454545455,0.9379014989293362,220,0.4414772727272728,0.8621518959441505,0.1268471068638219
bfcl,all_categories,S-only,minxing_row_random,majority_class,True,9,1,992,248,"{""0"": 153, ""1"": 839}","{""0"": 28, ""1"": 220}",0.8870967741935484,0.5,0.4700854700854701,"[[0, 28], [0, 220]]","{""1"": 248}",0.0,0.0,0.0,28,0.8870967741935484,1.0,0.9401709401709402,220,0.5,0.8870967741935484,0.11290322580645161
bfcl,all_categories,S-only,minxing_row_random,stratified_random,True,9,1,992,248,"{""0"": 153, ""1"": 839}","{""0"": 28, ""1"": 220}",0.7620967741935484,0.523051948051948,0.5150952775476387,"[[6, 22], [37, 183]]","{""0"": 43, ""1"": 205}",0.13953488372093023,0.21428571428571427,0.16901408450704225,28,0.8926829268292683,0.8318181818181818,0.8611764705882353,220,0.5230519480519481,0.8917434375223519,0.11861000964526845
bfcl,all_categories,S-only,minxing_row_random,logistic_regression_standardized,True,9,1,992,248,"{""0"": 153, ""1"": 839}","{""0"": 28, ""1"": 220}",0.8911290322580645,0.5178571428571429,0.505574835708484,"[[1, 27], [0, 220]]","{""0"": 1, ""1"": 247}",1.0,0.03571428571428571,0.06896551724137931,28,0.8906882591093117,1.0,0.9421841541755889,220,0.4411525974025974,0.8771756601057891,0.16079156782146722
bfcl,all_categories,S-only,minxing_row_random,class_weighted_logistic_regression_standardized,True,9,1,992,248,"{""0"": 153, ""1"": 839}","{""0"": 28, ""1"": 220}",0.33064516129032256,0.42012987012987013,0.29986394557823126,"[[15, 13], [153, 67]]","{""0"": 168, ""1"": 80}",0.08928571428571429,0.5357142857142857,0.15306122448979592,28,0.8375,0.30454545454545456,0.44666666666666666,220,0.45868506493506495,0.8787310853640216,0.16262551892165011
bfcl,all_categories,S-only,minxing_row_random,random_forest,True,9,1,992,248,"{""0"": 153, ""1"": 839}","{""0"": 28, ""1"": 220}",0.8870967741935484,0.5,0.4700854700854701,"[[0, 28], [0, 220]]","{""1"": 248}",0.0,0.0,0.0,28,0.8870967741935484,1.0,0.9401709401709402,220,0.5013798701298702,0.8879353163144349,0.1270002693442027
bfcl,all_categories,S-only,minxing_row_random,hist_gradient_boosting,True,9,1,992,248,"{""0"": 153, ""1"": 839}","{""0"": 28, ""1"": 220}",0.8790322580645161,0.4954545454545455,0.4678111587982833,"[[0, 28], [2, 218]]","{""0"": 2, ""1"": 246}",0.0,0.0,0.0,28,0.8861788617886179,0.990909090909091,0.9356223175965666,220,0.4341720779220779,0.8693002749267258,0.11393405698988446
bfcl,all_categories,S-only,minxing_row_random,small_mlp_standardized,True,9,1,992,248,"{""0"": 153, ""1"": 839}","{""0"": 28, ""1"": 220}",0.8870967741935484,0.5,0.4700854700854701,"[[0, 28], [0, 220]]","{""1"": 248}",0.0,0.0,0.0,28,0.8870967741935484,1.0,0.9401709401709402,220,0.4030032467532467,0.8662251488560542,0.14438627332678514
bfcl,all_categories,X+S,minxing_row_random,majority_class,False,,1,992,248,"{""0"": 153, ""1"": 839}","{""0"": 28, ""1"": 220}",0.8870967741935484,0.5,0.4700854700854701,"[[0, 28], [0, 220]]","{""1"": 248}",0.0,0.0,0.0,28,0.8870967741935484,1.0,0.9401709401709402,220,0.5,0.8870967741935484,0.11290322580645161
bfcl,all_categories,X+S,minxing_row_random,stratified_random,False,,1,992,248,"{""0"": 153, ""1"": 839}","{""0"": 28, ""1"": 220}",0.7620967741935484,0.523051948051948,0.5150952775476387,"[[6, 22], [37, 183]]","{""0"": 43, ""1"": 205}",0.13953488372093023,0.21428571428571427,0.16901408450704225,28,0.8926829268292683,0.8318181818181818,0.8611764705882353,220,0.5230519480519481,0.8917434375223519,0.11861000964526845
bfcl,all_categories,X+S,minxing_row_random,logistic_regression_standardized,False,,1,992,248,"{""0"": 153, ""1"": 839}","{""0"": 28, ""1"": 220}",0.8991935483870968,0.5847402597402598,0.6157421753951038,"[[5, 23], [2, 218]]","{""0"": 7, ""1"": 241}",0.7142857142857143,0.17857142857142858,0.2857142857142857,28,0.9045643153526971,0.990909090909091,0.9457700650759219,220,0.7064935064935065,0.9219985727762072,0.40755670010838196
bfcl,all_categories,X+S,minxing_row_random,class_weighted_logistic_regression_standardized,False,,1,992,248,"{""0"": 153, ""1"": 839}","{""0"": 28, ""1"": 220}",0.7096774193548387,0.6337662337662338,0.5556882651537772,"[[15, 13], [59, 161]]","{""0"": 74, ""1"": 174}",0.20270270270270271,0.5357142857142857,0.29411764705882354,28,0.9252873563218391,0.7318181818181818,0.817258883248731,220,0.6727272727272727,0.9190644163141602,0.2913032780913323
bfcl,all_categories,X+S,minxing_row_random,random_forest,False,,1,992,248,"{""0"": 153, ""1"": 839}","{""0"": 28, ""1"": 220}",0.907258064516129,0.6048701298701299,0.6464828013634956,"[[6, 22], [1, 219]]","{""0"": 7, ""1"": 241}",0.8571428571428571,0.21428571428571427,0.34285714285714286,28,0.9087136929460581,0.9954545454545455,0.9501084598698482,220,0.8022727272727272,0.9666638540804243,0.5205745154437467
bfcl,all_categories,X+S,minxing_row_random,hist_gradient_boosting,False,,1,992,248,"{""0"": 153, ""1"": 839}","{""0"": 28, ""1"": 220}",0.9032258064516129,0.6025974025974026,0.6405797101449275,"[[6, 22], [2, 218]]","{""0"": 8, ""1"": 240}",0.75,0.21428571428571427,0.3333333333333333,28,0.9083333333333333,0.990909090909091,0.9478260869565217,220,0.7732142857142857,0.9570799110101285,0.478829473877269
bfcl,all_categories,X+S,minxing_row_random,small_mlp_standardized,False,,1,992,248,"{""0"": 153, ""1"": 839}","{""0"": 28, ""1"": 220}",0.9032258064516129,0.6337662337662338,0.6736842105263158,"[[8, 20], [4, 216]]","{""0"": 12, ""1"": 236}",0.6666666666666666,0.2857142857142857,0.4,28,0.9152542372881356,0.9818181818181818,0.9473684210526315,220,0.7495129870129871,0.9571063866884957,0.4627450910400936
bfcl,all_categories,X+S,minxing_row_random,majority_class,True,0,1,992,248,"{""0"": 153, ""1"": 839}","{""0"": 28, ""1"": 220}",0.8870967741935484,0.5,0.4700854700854701,"[[0, 28], [0, 220]]","{""1"": 248}",0.0,0.0,0.0,28,0.8870967741935484,1.0,0.9401709401709402,220,0.5,0.8870967741935484,0.11290322580645161
bfcl,all_categories,X+S,minxing_row_random,stratified_random,True,0,1,992,248,"{""0"": 153, ""1"": 839}","{""0"": 28, ""1"": 220}",0.7620967741935484,0.523051948051948,0.5150952775476387,"[[6, 22], [37, 183]]","{""0"": 43, ""1"": 205}",0.13953488372093023,0.21428571428571427,0.16901408450704225,28,0.8926829268292683,0.8318181818181818,0.8611764705882353,220,0.5230519480519481,0.8917434375223519,0.11861000964526845
bfcl,all_categories,X+S,minxing_row_random,logistic_regression_standardized,True,0,1,992,248,"{""0"": 153, ""1"": 839}","{""0"": 28, ""1"": 220}",0.8830645161290323,0.49772727272727274,0.4689507494646681,"[[0, 28], [1, 219]]","{""0"": 1, ""1"": 247}",0.0,0.0,0.0,28,0.8866396761133604,0.9954545454545455,0.9379014989293362,220,0.39886363636363636,0.8376140671338657,0.13046830903431664
bfcl,all_categories,X+S,minxing_row_random,class_weighted_logistic_regression_standardized,True,0,1,992,248,"{""0"": 153, ""1"": 839}","{""0"": 28, ""1"": 220}",0.5403225806451613,0.44480519480519487,0.4115884115884116,"[[9, 19], [95, 125]]","{""0"": 104, ""1"": 144}",0.08653846153846154,0.32142857142857145,0.13636363636363635,28,0.8680555555555556,0.5681818181818182,0.6868131868131868,220,0.3999999999999999,0.8381706724747773,0.11968363683516864
bfcl,all_categories,X+S,minxing_row_random,random_forest,True,0,1,992,248,"{""0"": 153, ""1"": 839}","{""0"": 28, ""1"": 220}",0.8830645161290323,0.49772727272727274,0.4689507494646681,"[[0, 28], [1, 219]]","{""0"": 1, ""1"": 247}",0.0,0.0,0.0,28,0.8866396761133604,0.9954545454545455,0.9379014989293362,220,0.46314935064935064,0.8793534668323879,0.10281886628141716
bfcl,all_categories,X+S,minxing_row_random,hist_gradient_boosting,True,0,1,992,248,"{""0"": 153, ""1"": 839}","{""0"": 28, ""1"": 220}",0.8709677419354839,0.4909090909090909,0.46551724137931033,"[[0, 28], [4, 216]]","{""0"": 4, ""1"": 244}",0.0,0.0,0.0,28,0.8852459016393442,0.9818181818181818,0.9310344827586207,220,0.41103896103896104,0.8736097476935077,0.09292646994468295
bfcl,all_categories,X+S,minxing_row_random,small_mlp_standardized,True,0,1,992,248,"{""0"": 153, ""1"": 839}","{""0"": 28, ""1"": 220}",0.8709677419354839,0.5064935064935066,0.49477973007384773,"[[1, 27], [5, 215]]","{""0"": 6, ""1"": 242}",0.16666666666666666,0.03571428571428571,0.058823529411764705,28,0.8884297520661157,0.9772727272727273,0.9307359307359307,220,0.35698051948051956,0.8338551162442731,0.10632856291679395
bfcl,all_categories,X+S,minxing_row_random,majority_class,True,1,1,992,248,"{""0"": 153, ""1"": 839}","{""0"": 28, ""1"": 220}",0.8870967741935484,0.5,0.4700854700854701,"[[0, 28], [0, 220]]","{""1"": 248}",0.0,0.0,0.0,28,0.8870967741935484,1.0,0.9401709401709402,220,0.5,0.8870967741935484,0.11290322580645161
bfcl,all_categories,X+S,minxing_row_random,stratified_random,True,1,1,992,248,"{""0"": 153, ""1"": 839}","{""0"": 28, ""1"": 220}",0.7620967741935484,0.523051948051948,0.5150952775476387,"[[6, 22], [37, 183]]","{""0"": 43, ""1"": 205}",0.13953488372093023,0.21428571428571427,0.16901408450704225,28,0.8926829268292683,0.8318181818181818,0.8611764705882353,220,0.5230519480519481,0.8917434375223519,0.11861000964526845
bfcl,all_categories,X+S,minxing_row_random,logistic_regression_standardized,True,1,1,992,248,"{""0"": 153, ""1"": 839}","{""0"": 28, ""1"": 220}",0.8870967741935484,0.5155844155844156,0.5032904148783978,"[[1, 27], [1, 219]]","{""0"": 2, ""1"": 246}",0.5,0.03571428571428571,0.06666666666666667,28,0.8902439024390244,0.9954545454545455,0.9399141630901288,220,0.512012987012987,0.8872512358662971,0.1914959650007923
bfcl,all_categories,X+S,minxing_row_random,class_weighted_logistic_regression_standardized,True,1,1,992,248,"{""0"": 153, ""1"": 839}","{""0"": 28, ""1"": 220}",0.5201612903225806,0.5269480519480519,0.4292014003055915,"[[15, 13], [106, 114]]","{""0"": 121, ""1"": 127}",0.12396694214876033,0.5357142857142857,0.20134228187919462,28,0.8976377952755905,0.5181818181818182,0.6570605187319885,220,0.5186688311688312,0.884775477162169,0.201649088825691
bfcl,all_categories,X+S,minxing_row_random,random_forest,True,1,1,992,248,"{""0"": 153, ""1"": 839}","{""0"": 28, ""1"": 220}",0.8790322580645161,0.5110389610389611,0.4989224137931034,"[[1, 27], [3, 217]]","{""0"": 4, ""1"": 244}",0.25,0.03571428571428571,0.0625,28,0.889344262295082,0.9863636363636363,0.9353448275862069,220,0.48993506493506495,0.8899085466398672,0.12520383663459203
bfcl,all_categories,X+S,minxing_row_random,hist_gradient_boosting,True,1,1,992,248,"{""0"": 153, ""1"": 839}","{""0"": 28, ""1"": 220}",0.8346774193548387,0.48603896103896105,0.4780019508188305,"[[1, 27], [14, 206]]","{""0"": 15, ""1"": 233}",0.06666666666666667,0.03571428571428571,0.046511627906976744,28,0.8841201716738197,0.9363636363636364,0.9094922737306843,220,0.48766233766233763,0.8659750145284288,0.12060998819861793
bfcl,all_categories,X+S,minxing_row_random,small_mlp_standardized,True,1,1,992,248,"{""0"": 153, ""1"": 839}","{""0"": 28, ""1"": 220}",0.8548387096774194,0.512987012987013,0.5105263157894737,"[[2, 26], [10, 210]]","{""0"": 12, ""1"": 236}",0.16666666666666666,0.07142857142857142,0.1,28,0.8898305084745762,0.9545454545454546,0.9210526315789473,220,0.3972402597402598,0.859903198082927,0.12094540082228153
bfcl,all_categories,X+S,minxing_row_random,majority_class,True,2,1,992,248,"{""0"": 153, ""1"": 839}","{""0"": 28, ""1"": 220}",0.8870967741935484,0.5,0.4700854700854701,"[[0, 28], [0, 220]]","{""1"": 248}",0.0,0.0,0.0,28,0.8870967741935484,1.0,0.9401709401709402,220,0.5,0.8870967741935484,0.11290322580645161
bfcl,all_categories,X+S,minxing_row_random,stratified_random,True,2,1,992,248,"{""0"": 153, ""1"": 839}","{""0"": 28, ""1"": 220}",0.7620967741935484,0.523051948051948,0.5150952775476387,"[[6, 22], [37, 183]]","{""0"": 43, ""1"": 205}",0.13953488372093023,0.21428571428571427,0.16901408450704225,28,0.8926829268292683,0.8318181818181818,0.8611764705882353,220,0.5230519480519481,0.8917434375223519,0.11861000964526845
bfcl,all_categories,X+S,minxing_row_random,logistic_regression_standardized,True,2,1,992,248,"{""0"": 153, ""1"": 839}","{""0"": 28, ""1"": 220}",0.8870967741935484,0.5155844155844156,0.5032904148783978,"[[1, 27], [1, 219]]","{""0"": 2, ""1"": 246}",0.5,0.03571428571428571,0.06666666666666667,28,0.8902439024390244,0.9954545454545455,0.9399141630901288,220,0.5095779220779221,0.8852029636431628,0.1497274052244269
bfcl,all_categories,X+S,minxing_row_random,class_weighted_logistic_regression_standardized,True,2,1,992,248,"{""0"": 153, ""1"": 839}","{""0"": 28, ""1"": 220}",0.592741935483871,0.5366883116883117,0.4655058361607238,"[[13, 15], [86, 134]]","{""0"": 99, ""1"": 149}",0.13131313131313133,0.4642857142857143,0.2047244094488189,28,0.8993288590604027,0.6090909090909091,0.7262872628726287,220,0.5180194805194805,0.8835386144649429,0.16501251820007445
bfcl,all_categories,X+S,minxing_row_random,random_forest,True,2,1,992,248,"{""0"": 153, ""1"": 839}","{""0"": 28, ""1"": 220}",0.875,0.49318181818181817,0.4666666666666667,"[[0, 28], [3, 217]]","{""0"": 3, ""1"": 245}",0.0,0.0,0.0,28,0.8857142857142857,0.9863636363636363,0.9333333333333333,220,0.6050324675324675,0.9189856208421924,0.15815622054708373
bfcl,all_categories,X+S,minxing_row_random,hist_gradient_boosting,True,2,1,992,248,"{""0"": 153, ""1"": 839}","{""0"": 28, ""1"": 220}",0.8830645161290323,0.49772727272727274,0.4689507494646681,"[[0, 28], [1, 219]]","{""0"": 1, ""1"": 247}",0.0,0.0,0.0,28,0.8866396761133604,0.9954545454545455,0.9379014989293362,220,0.5474025974025974,0.9075128516433003,0.13343958083069699
bfcl,all_categories,X+S,minxing_row_random,small_mlp_standardized,True,2,1,992,248,"{""0"": 153, ""1"": 839}","{""0"": 28, ""1"": 220}",0.8669354838709677,0.5198051948051948,0.5181063416357534,"[[2, 26], [7, 213]]","{""0"": 9, ""1"": 239}",0.2222222222222222,0.07142857142857142,0.10810810810810811,28,0.891213389121339,0.9681818181818181,0.9281045751633987,220,0.48051948051948057,0.8808918739851788,0.17565938358725644
bfcl,all_categories,X+S,minxing_row_random,majority_class,True,3,1,992,248,"{""0"": 153, ""1"": 839}","{""0"": 28, ""1"": 220}",0.8870967741935484,0.5,0.4700854700854701,"[[0, 28], [0, 220]]","{""1"": 248}",0.0,0.0,0.0,28,0.8870967741935484,1.0,0.9401709401709402,220,0.5,0.8870967741935484,0.11290322580645161
bfcl,all_categories,X+S,minxing_row_random,stratified_random,True,3,1,992,248,"{""0"": 153, ""1"": 839}","{""0"": 28, ""1"": 220}",0.7620967741935484,0.523051948051948,0.5150952775476387,"[[6, 22], [37, 183]]","{""0"": 43, ""1"": 205}",0.13953488372093023,0.21428571428571427,0.16901408450704225,28,0.8926829268292683,0.8318181818181818,0.8611764705882353,220,0.5230519480519481,0.8917434375223519,0.11861000964526845
bfcl,all_categories,X+S,minxing_row_random,logistic_regression_standardized,True,3,1,992,248,"{""0"": 153, ""1"": 839}","{""0"": 28, ""1"": 220}",0.8870967741935484,0.5,0.4700854700854701,"[[0, 28], [0, 220]]","{""1"": 248}",0.0,0.0,0.0,28,0.8870967741935484,1.0,0.9401709401709402,220,0.5068181818181818,0.8807419458438938,0.20449574981149293
bfcl,all_categories,X+S,minxing_row_random,class_weighted_logistic_regression_standardized,True,3,1,992,248,"{""0"": 153, ""1"": 839}","{""0"": 28, ""1"": 220}",0.5524193548387096,0.5295454545454545,0.44525723958648206,"[[14, 14], [97, 123]]","{""0"": 111, ""1"": 137}",0.12612612612612611,0.5,0.2014388489208633,28,0.8978102189781022,0.5590909090909091,0.6890756302521008,220,0.5155844155844156,0.8813252495805515,0.22257487652226865
bfcl,all_categories,X+S,minxing_row_random,random_forest,True,3,1,992,248,"{""0"": 153, ""1"": 839}","{""0"": 28, ""1"": 220}",0.8709677419354839,0.4909090909090909,0.46551724137931033,"[[0, 28], [4, 216]]","{""0"": 4, ""1"": 244}",0.0,0.0,0.0,28,0.8852459016393442,0.9818181818181818,0.9310344827586207,220,0.5163961038961039,0.8934721179515692,0.11936724781767502
bfcl,all_categories,X+S,minxing_row_random,hist_gradient_boosting,True,3,1,992,248,"{""0"": 153, ""1"": 839}","{""0"": 28, ""1"": 220}",0.8387096774193549,0.4727272727272727,0.45614035087719296,"[[0, 28], [12, 208]]","{""0"": 12, ""1"": 236}",0.0,0.0,0.0,28,0.8813559322033898,0.9454545454545454,0.9122807017543859,220,0.5060064935064935,0.8846568216086994,0.1216524398054609
bfcl,all_categories,X+S,minxing_row_random,small_mlp_standardized,True,3,1,992,248,"{""0"": 153, ""1"": 839}","{""0"": 28, ""1"": 220}",0.8548387096774194,0.5285714285714286,0.5317809943360604,"[[3, 25], [11, 209]]","{""0"": 14, ""1"": 234}",0.21428571428571427,0.10714285714285714,0.14285714285714285,28,0.8931623931623932,0.95,0.920704845814978,220,0.4483766233766233,0.8674760257445894,0.12050348591459929
bfcl,all_categories,X+S,minxing_row_random,majority_class,True,4,1,992,248,"{""0"": 153, ""1"": 839}","{""0"": 28, ""1"": 220}",0.8870967741935484,0.5,0.4700854700854701,"[[0, 28], [0, 220]]","{""1"": 248}",0.0,0.0,0.0,28,0.8870967741935484,1.0,0.9401709401709402,220,0.5,0.8870967741935484,0.11290322580645161
bfcl,all_categories,X+S,minxing_row_random,stratified_random,True,4,1,992,248,"{""0"": 153, ""1"": 839}","{""0"": 28, ""1"": 220}",0.7620967741935484,0.523051948051948,0.5150952775476387,"[[6, 22], [37, 183]]","{""0"": 43, ""1"": 205}",0.13953488372093023,0.21428571428571427,0.16901408450704225,28,0.8926829268292683,0.8318181818181818,0.8611764705882353,220,0.5230519480519481,0.8917434375223519,0.11861000964526845
bfcl,all_categories,X+S,minxing_row_random,logistic_regression_standardized,True,4,1,992,248,"{""0"": 153, ""1"": 839}","{""0"": 28, ""1"": 220}",0.8870967741935484,0.5155844155844156,0.5032904148783978,"[[1, 27], [1, 219]]","{""0"": 2, ""1"": 246}",0.5,0.03571428571428571,0.06666666666666667,28,0.8902439024390244,0.9954545454545455,0.9399141630901288,220,0.40827922077922074,0.8402575622556349,0.13506350473552217
bfcl,all_categories,X+S,minxing_row_random,class_weighted_logistic_regression_standardized,True,4,1,992,248,"{""0"": 153, ""1"": 839}","{""0"": 28, ""1"": 220}",0.4879032258064516,0.4308441558441558,0.38607878681558583,"[[10, 18], [109, 111]]","{""0"": 119, ""1"": 129}",0.08403361344537816,0.35714285714285715,0.1360544217687075,28,0.8604651162790697,0.5045454545454545,0.6361031518624641,220,0.403896103896104,0.841107171017693,0.1434788077977452
bfcl,all_categories,X+S,minxing_row_random,random_forest,True,4,1,992,248,"{""0"": 153, ""1"": 839}","{""0"": 28, ""1"": 220}",0.8870967741935484,0.5,0.4700854700854701,"[[0, 28], [0, 220]]","{""1"": 248}",0.0,0.0,0.0,28,0.8870967741935484,1.0,0.9401709401709402,220,0.5272727272727272,0.9056752655157463,0.1189156751953371
bfcl,all_categories,X+S,minxing_row_random,hist_gradient_boosting,True,4,1,992,248,"{""0"": 153, ""1"": 839}","{""0"": 28, ""1"": 220}",0.8669354838709677,0.48863636363636365,0.46436285097192226,"[[0, 28], [5, 215]]","{""0"": 5, ""1"": 243}",0.0,0.0,0.0,28,0.8847736625514403,0.9772727272727273,0.9287257019438445,220,0.5102272727272728,0.8939132910526626,0.1107299189925095
bfcl,all_categories,X+S,minxing_row_random,small_mlp_standardized,True,4,1,992,248,"{""0"": 153, ""1"": 839}","{""0"": 28, ""1"": 220}",0.8830645161290323,0.5133116883116884,0.5010752688172043,"[[1, 27], [2, 218]]","{""0"": 3, ""1"": 245}",0.3333333333333333,0.03571428571428571,0.06451612903225806,28,0.889795918367347,0.990909090909091,0.9376344086021505,220,0.375487012987013,0.8391988892198257,0.09946739241592822
bfcl,all_categories,X+S,minxing_row_random,majority_class,True,5,1,992,248,"{""0"": 153, ""1"": 839}","{""0"": 28, ""1"": 220}",0.8870967741935484,0.5,0.4700854700854701,"[[0, 28], [0, 220]]","{""1"": 248}",0.0,0.0,0.0,28,0.8870967741935484,1.0,0.9401709401709402,220,0.5,0.8870967741935484,0.11290322580645161
bfcl,all_categories,X+S,minxing_row_random,stratified_random,True,5,1,992,248,"{""0"": 153, ""1"": 839}","{""0"": 28, ""1"": 220}",0.7620967741935484,0.523051948051948,0.5150952775476387,"[[6, 22], [37, 183]]","{""0"": 43, ""1"": 205}",0.13953488372093023,0.21428571428571427,0.16901408450704225,28,0.8926829268292683,0.8318181818181818,0.8611764705882353,220,0.5230519480519481,0.8917434375223519,0.11861000964526845
bfcl,all_categories,X+S,minxing_row_random,logistic_regression_standardized,True,5,1,992,248,"{""0"": 153, ""1"": 839}","{""0"": 28, ""1"": 220}",0.8870967741935484,0.5,0.4700854700854701,"[[0, 28], [0, 220]]","{""1"": 248}",0.0,0.0,0.0,28,0.8870967741935484,1.0,0.9401709401709402,220,0.461038961038961,0.8655224450109045,0.13125527158966058
bfcl,all_categories,X+S,minxing_row_random,class_weighted_logistic_regression_standardized,True,5,1,992,248,"{""0"": 153, ""1"": 839}","{""0"": 28, ""1"": 220}",0.5080645161290323,0.47337662337662334,0.40790606653620354,"[[12, 16], [106, 114]]","{""0"": 118, ""1"": 130}",0.1016949152542373,0.42857142857142855,0.1643835616438356,28,0.8769230769230769,0.5181818181818182,0.6514285714285715,220,0.461038961038961,0.8641021281455645,0.14255385908476814
bfcl,all_categories,X+S,minxing_row_random,random_forest,True,5,1,992,248,"{""0"": 153, ""1"": 839}","{""0"": 28, ""1"": 220}",0.8790322580645161,0.4954545454545455,0.4678111587982833,"[[0, 28], [2, 218]]","{""0"": 2, ""1"": 246}",0.0,0.0,0.0,28,0.8861788617886179,0.990909090909091,0.9356223175965666,220,0.5415584415584416,0.9018073279028362,0.12402909383654062
bfcl,all_categories,X+S,minxing_row_random,hist_gradient_boosting,True,5,1,992,248,"{""0"": 153, ""1"": 839}","{""0"": 28, ""1"": 220}",0.8709677419354839,0.5064935064935066,0.49477973007384773,"[[1, 27], [5, 215]]","{""0"": 6, ""1"": 242}",0.16666666666666666,0.03571428571428571,0.058823529411764705,28,0.8884297520661157,0.9772727272727273,0.9307359307359307,220,0.48863636363636365,0.8825053979733766,0.12940540933447717
bfcl,all_categories,X+S,minxing_row_random,small_mlp_standardized,True,5,1,992,248,"{""0"": 153, ""1"": 839}","{""0"": 28, ""1"": 220}",0.8790322580645161,0.4954545454545455,0.4678111587982833,"[[0, 28], [2, 218]]","{""0"": 2, ""1"": 246}",0.0,0.0,0.0,28,0.8861788617886179,0.990909090909091,0.9356223175965666,220,0.37905844155844154,0.8478709849102967,0.08759655824451698
bfcl,all_categories,X+S,minxing_row_random,majority_class,True,6,1,992,248,"{""0"": 153, ""1"": 839}","{""0"": 28, ""1"": 220}",0.8870967741935484,0.5,0.4700854700854701,"[[0, 28], [0, 220]]","{""1"": 248}",0.0,0.0,0.0,28,0.8870967741935484,1.0,0.9401709401709402,220,0.5,0.8870967741935484,0.11290322580645161
bfcl,all_categories,X+S,minxing_row_random,stratified_random,True,6,1,992,248,"{""0"": 153, ""1"": 839}","{""0"": 28, ""1"": 220}",0.7620967741935484,0.523051948051948,0.5150952775476387,"[[6, 22], [37, 183]]","{""0"": 43, ""1"": 205}",0.13953488372093023,0.21428571428571427,0.16901408450704225,28,0.8926829268292683,0.8318181818181818,0.8611764705882353,220,0.5230519480519481,0.8917434375223519,0.11861000964526845
bfcl,all_categories,X+S,minxing_row_random,logistic_regression_standardized,True,6,1,992,248,"{""0"": 153, ""1"": 839}","{""0"": 28, ""1"": 220}",0.8870967741935484,0.5,0.4700854700854701,"[[0, 28], [0, 220]]","{""1"": 248}",0.0,0.0,0.0,28,0.8870967741935484,1.0,0.9401709401709402,220,0.5084415584415585,0.8676116553393389,0.17500789135001318
bfcl,all_categories,X+S,minxing_row_random,class_weighted_logistic_regression_standardized,True,6,1,992,248,"{""0"": 153, ""1"": 839}","{""0"": 28, ""1"": 220}",0.532258064516129,0.5181818181818182,0.4324494949494949,"[[14, 14], [102, 118]]","{""0"": 116, ""1"": 132}",0.1206896551724138,0.5,0.19444444444444445,28,0.8939393939393939,0.5363636363636364,0.6704545454545454,220,0.5074675324675324,0.865666633141095,0.17918399432360346
bfcl,all_categories,X+S,minxing_row_random,random_forest,True,6,1,992,248,"{""0"": 153, ""1"": 839}","{""0"": 28, ""1"": 220}",0.8830645161290323,0.49772727272727274,0.4689507494646681,"[[0, 28], [1, 219]]","{""0"": 1, ""1"": 247}",0.0,0.0,0.0,28,0.8866396761133604,0.9954545454545455,0.9379014989293362,220,0.4967532467532467,0.8720029311814221,0.12449613815925187
bfcl,all_categories,X+S,minxing_row_random,hist_gradient_boosting,True,6,1,992,248,"{""0"": 153, ""1"": 839}","{""0"": 28, ""1"": 220}",0.8870967741935484,0.5311688311688312,0.5323275862068966,"[[2, 26], [2, 218]]","{""0"": 4, ""1"": 244}",0.5,0.07142857142857142,0.125,28,0.8934426229508197,0.990909090909091,0.9396551724137931,220,0.47629870129870133,0.8663949357227207,0.15082772294611063
bfcl,all_categories,X+S,minxing_row_random,small_mlp_standardized,True,6,1,992,248,"{""0"": 153, ""1"": 839}","{""0"": 28, ""1"": 220}",0.8709677419354839,0.5064935064935066,0.49477973007384773,"[[1, 27], [5, 215]]","{""0"": 6, ""1"": 242}",0.16666666666666666,0.03571428571428571,0.058823529411764705,28,0.8884297520661157,0.9772727272727273,0.9307359307359307,220,0.4862012987012987,0.8674754917395309,0.16295329337343173
bfcl,all_categories,X+S,minxing_row_random,majority_class,True,7,1,992,248,"{""0"": 153, ""1"": 839}","{""0"": 28, ""1"": 220}",0.8870967741935484,0.5,0.4700854700854701,"[[0, 28], [0, 220]]","{""1"": 248}",0.0,0.0,0.0,28,0.8870967741935484,1.0,0.9401709401709402,220,0.5,0.8870967741935484,0.11290322580645161
bfcl,all_categories,X+S,minxing_row_random,stratified_random,True,7,1,992,248,"{""0"": 153, ""1"": 839}","{""0"": 28, ""1"": 220}",0.7620967741935484,0.523051948051948,0.5150952775476387,"[[6, 22], [37, 183]]","{""0"": 43, ""1"": 205}",0.13953488372093023,0.21428571428571427,0.16901408450704225,28,0.8926829268292683,0.8318181818181818,0.8611764705882353,220,0.5230519480519481,0.8917434375223519,0.11861000964526845
bfcl,all_categories,X+S,minxing_row_random,logistic_regression_standardized,True,7,1,992,248,"{""0"": 153, ""1"": 839}","{""0"": 28, ""1"": 220}",0.8870967741935484,0.5,0.4700854700854701,"[[0, 28], [0, 220]]","{""1"": 248}",0.0,0.0,0.0,28,0.8870967741935484,1.0,0.9401709401709402,220,0.5959415584415584,0.9096958151835037,0.19013270345111719
bfcl,all_categories,X+S,minxing_row_random,class_weighted_logistic_regression_standardized,True,7,1,992,248,"{""0"": 153, ""1"": 839}","{""0"": 28, ""1"": 220}",0.6209677419354839,0.5525974025974025,0.48333333333333334,"[[13, 15], [79, 141]]","{""0"": 92, ""1"": 156}",0.14130434782608695,0.4642857142857143,0.21666666666666667,28,0.9038461538461539,0.6409090909090909,0.75,220,0.5886363636363635,0.9074693900963715,0.18400448203800698
bfcl,all_categories,X+S,minxing_row_random,random_forest,True,7,1,992,248,"{""0"": 153, ""1"": 839}","{""0"": 28, ""1"": 220}",0.8870967741935484,0.5,0.4700854700854701,"[[0, 28], [0, 220]]","{""1"": 248}",0.0,0.0,0.0,28,0.8870967741935484,1.0,0.9401709401709402,220,0.548538961038961,0.9013806467273239,0.13303512186527283
bfcl,all_categories,X+S,minxing_row_random,hist_gradient_boosting,True,7,1,992,248,"{""0"": 153, ""1"": 839}","{""0"": 28, ""1"": 220}",0.875,0.5087662337662338,0.4968257084887755,"[[1, 27], [4, 216]]","{""0"": 5, ""1"": 243}",0.2,0.03571428571428571,0.06060606060606061,28,0.8888888888888888,0.9818181818181818,0.9330453563714903,220,0.5019480519480519,0.897043213556022,0.1386812744221428
bfcl,all_categories,X+S,minxing_row_random,small_mlp_standardized,True,7,1,992,248,"{""0"": 153, ""1"": 839}","{""0"": 28, ""1"": 220}",0.8790322580645161,0.5110389610389611,0.4989224137931034,"[[1, 27], [3, 217]]","{""0"": 4, ""1"": 244}",0.25,0.03571428571428571,0.0625,28,0.889344262295082,0.9863636363636363,0.9353448275862069,220,0.5137987012987013,0.8728582624339848,0.17224116284717014
bfcl,all_categories,X+S,minxing_row_random,majority_class,True,8,1,992,248,"{""0"": 153, ""1"": 839}","{""0"": 28, ""1"": 220}",0.8870967741935484,0.5,0.4700854700854701,"[[0, 28], [0, 220]]","{""1"": 248}",0.0,0.0,0.0,28,0.8870967741935484,1.0,0.9401709401709402,220,0.5,0.8870967741935484,0.11290322580645161
bfcl,all_categories,X+S,minxing_row_random,stratified_random,True,8,1,992,248,"{""0"": 153, ""1"": 839}","{""0"": 28, ""1"": 220}",0.7620967741935484,0.523051948051948,0.5150952775476387,"[[6, 22], [37, 183]]","{""0"": 43, ""1"": 205}",0.13953488372093023,0.21428571428571427,0.16901408450704225,28,0.8926829268292683,0.8318181818181818,0.8611764705882353,220,0.5230519480519481,0.8917434375223519,0.11861000964526845
bfcl,all_categories,X+S,minxing_row_random,logistic_regression_standardized,True,8,1,992,248,"{""0"": 153, ""1"": 839}","{""0"": 28, ""1"": 220}",0.8911290322580645,0.5178571428571429,0.505574835708484,"[[1, 27], [0, 220]]","{""0"": 1, ""1"": 247}",1.0,0.03571428571428571,0.06896551724137931,28,0.8906882591093117,1.0,0.9421841541755889,220,0.41428571428571426,0.8602724293596216,0.13190272906586265
bfcl,all_categories,X+S,minxing_row_random,class_weighted_logistic_regression_standardized,True,8,1,992,248,"{""0"": 153, ""1"": 839}","{""0"": 28, ""1"": 220}",0.5282258064516129,0.39123376623376627,0.3871110829478487,"[[6, 22], [95, 125]]","{""0"": 101, ""1"": 147}",0.0594059405940594,0.21428571428571427,0.09302325581395349,28,0.8503401360544217,0.5681818181818182,0.6811989100817438,220,0.38603896103896107,0.8457614683459405,0.13238251589886985
bfcl,all_categories,X+S,minxing_row_random,random_forest,True,8,1,992,248,"{""0"": 153, ""1"": 839}","{""0"": 28, ""1"": 220}",0.8830645161290323,0.49772727272727274,0.4689507494646681,"[[0, 28], [1, 219]]","{""0"": 1, ""1"": 247}",0.0,0.0,0.0,28,0.8866396761133604,0.9954545454545455,0.9379014989293362,220,0.5340909090909091,0.8989452104660975,0.12699273655879412
bfcl,all_categories,X+S,minxing_row_random,hist_gradient_boosting,True,8,1,992,248,"{""0"": 153, ""1"": 839}","{""0"": 28, ""1"": 220}",0.8548387096774194,0.4818181818181818,0.4608695652173913,"[[0, 28], [8, 212]]","{""0"": 8, ""1"": 240}",0.0,0.0,0.0,28,0.8833333333333333,0.9636363636363636,0.9217391304347826,220,0.44123376623376626,0.8726404423768261,0.11365883578655651
bfcl,all_categories,X+S,minxing_row_random,small_mlp_standardized,True,8,1,992,248,"{""0"": 153, ""1"": 839}","{""0"": 28, ""1"": 220}",0.8669354838709677,0.48863636363636365,0.46436285097192226,"[[0, 28], [5, 215]]","{""0"": 5, ""1"": 243}",0.0,0.0,0.0,28,0.8847736625514403,0.9772727272727273,0.9287257019438445,220,0.3241883116883117,0.8279534155880414,0.08572782756220756
bfcl,all_categories,X+S,minxing_row_random,majority_class,True,9,1,992,248,"{""0"": 153, ""1"": 839}","{""0"": 28, ""1"": 220}",0.8870967741935484,0.5,0.4700854700854701,"[[0, 28], [0, 220]]","{""1"": 248}",0.0,0.0,0.0,28,0.8870967741935484,1.0,0.9401709401709402,220,0.5,0.8870967741935484,0.11290322580645161
bfcl,all_categories,X+S,minxing_row_random,stratified_random,True,9,1,992,248,"{""0"": 153, ""1"": 839}","{""0"": 28, ""1"": 220}",0.7620967741935484,0.523051948051948,0.5150952775476387,"[[6, 22], [37, 183]]","{""0"": 43, ""1"": 205}",0.13953488372093023,0.21428571428571427,0.16901408450704225,28,0.8926829268292683,0.8318181818181818,0.8611764705882353,220,0.5230519480519481,0.8917434375223519,0.11861000964526845
bfcl,all_categories,X+S,minxing_row_random,logistic_regression_standardized,True,9,1,992,248,"{""0"": 153, ""1"": 839}","{""0"": 28, ""1"": 220}",0.8911290322580645,0.5178571428571429,0.505574835708484,"[[1, 27], [0, 220]]","{""0"": 1, ""1"": 247}",1.0,0.03571428571428571,0.06896551724137931,28,0.8906882591093117,1.0,0.9421841541755889,220,0.4128246753246753,0.8627308325318844,0.14251929473707114
bfcl,all_categories,X+S,minxing_row_random,class_weighted_logistic_regression_standardized,True,9,1,992,248,"{""0"": 153, ""1"": 839}","{""0"": 28, ""1"": 220}",0.4274193548387097,0.41233766233766234,0.35321774904496034,"[[11, 17], [125, 95]]","{""0"": 136, ""1"": 112}",0.08088235294117647,0.39285714285714285,0.13414634146341464,28,0.8482142857142857,0.4318181818181818,0.572289156626506,220,0.38133116883116885,0.8520005987272389,0.12754310266216135
bfcl,all_categories,X+S,minxing_row_random,random_forest,True,9,1,992,248,"{""0"": 153, ""1"": 839}","{""0"": 28, ""1"": 220}",0.8830645161290323,0.49772727272727274,0.4689507494646681,"[[0, 28], [1, 219]]","{""0"": 1, ""1"": 247}",0.0,0.0,0.0,28,0.8866396761133604,0.9954545454545455,0.9379014989293362,220,0.5704545454545453,0.9053199468480546,0.14345824475776597
bfcl,all_categories,X+S,minxing_row_random,hist_gradient_boosting,True,9,1,992,248,"{""0"": 153, ""1"": 839}","{""0"": 28, ""1"": 220}",0.8588709677419355,0.49967532467532466,0.4889006653712536,"[[1, 27], [8, 212]]","{""0"": 9, ""1"": 239}",0.1111111111111111,0.03571428571428571,0.05405405405405406,28,0.8870292887029289,0.9636363636363636,0.9237472766884531,220,0.4607142857142857,0.8831122916223075,0.11415176892782125
bfcl,all_categories,X+S,minxing_row_random,small_mlp_standardized,True,9,1,992,248,"{""0"": 153, ""1"": 839}","{""0"": 28, ""1"": 220}",0.8669354838709677,0.5042207792207792,0.49277967152153707,"[[1, 27], [6, 214]]","{""0"": 7, ""1"": 241}",0.14285714285714285,0.03571428571428571,0.05714285714285714,28,0.8879668049792531,0.9727272727272728,0.928416485900217,220,0.4530844155844156,0.8663480605605186,0.11958705445761558
bfcl,non_irrelevance,X-only,minxing_row_random,majority_class,False,,1,800,200,"{""0"": 118, ""1"": 682}","{""0"": 22, ""1"": 178}",0.89,0.5,0.4708994708994709,"[[0, 22], [0, 178]]","{""1"": 200}",0.0,0.0,0.0,22,0.89,1.0,0.9417989417989417,178,0.5,0.89,0.11
bfcl,non_irrelevance,X-only,minxing_row_random,stratified_random,False,,1,800,200,"{""0"": 118, ""1"": 682}","{""0"": 22, ""1"": 178}",0.76,0.48672114402451483,0.4861913937058445,"[[3, 19], [29, 149]]","{""0"": 32, ""1"": 168}",0.09375,0.13636363636363635,0.1111111111111111,22,0.8869047619047619,0.8370786516853933,0.861271676300578,178,0.48672114402451483,0.8874090422685927,0.10778409090909091
bfcl,non_irrelevance,X-only,minxing_row_random,logistic_regression_standardized,False,,1,800,200,"{""0"": 118, ""1"": 682}","{""0"": 22, ""1"": 178}",0.89,0.5,0.4708994708994709,"[[0, 22], [0, 178]]","{""1"": 200}",0.0,0.0,0.0,22,0.89,1.0,0.9417989417989417,178,0.6105720122574054,0.9147226110170537,0.1928984012302607
bfcl,non_irrelevance,X-only,minxing_row_random,class_weighted_logistic_regression_standardized,False,,1,800,200,"{""0"": 118, ""1"": 682}","{""0"": 22, ""1"": 178}",0.65,0.5643513789581205,0.4982078853046595,"[[10, 12], [58, 120]]","{""0"": 68, ""1"": 132}",0.14705882352941177,0.45454545454545453,0.2222222222222222,22,0.9090909090909091,0.6741573033707865,0.7741935483870968,178,0.6144024514811032,0.9166042385189181,0.21451110954764796
bfcl,non_irrelevance,X-only,minxing_row_random,random_forest,False,,1,800,200,"{""0"": 118, ""1"": 682}","{""0"": 22, ""1"": 178}",0.885,0.49719101123595505,0.46949602122015915,"[[0, 22], [1, 177]]","{""0"": 1, ""1"": 199}",0.0,0.0,0.0,22,0.8894472361809045,0.9943820224719101,0.9389920424403183,178,0.6784984678243104,0.9486465029627397,0.20653882227910764
bfcl,non_irrelevance,X-only,minxing_row_random,hist_gradient_boosting,False,,1,800,200,"{""0"": 118, ""1"": 682}","{""0"": 22, ""1"": 178}",0.88,0.5342185903983656,0.5391705069124424,"[[2, 20], [4, 174]]","{""0"": 6, ""1"": 194}",0.3333333333333333,0.09090909090909091,0.14285714285714285,22,0.8969072164948454,0.9775280898876404,0.9354838709677419,178,0.70658835546476,0.9522517800511134,0.22593689196475075
bfcl,non_irrelevance,X-only,minxing_row_random,small_mlp_standardized,False,,1,800,200,"{""0"": 118, ""1"": 682}","{""0"": 22, ""1"": 178}",0.885,0.5171092951991828,0.5093333333333333,"[[1, 21], [2, 176]]","{""0"": 3, ""1"": 197}",0.3333333333333333,0.045454545454545456,0.08,22,0.8934010152284264,0.9887640449438202,0.9386666666666666,178,0.616956077630235,0.9229298268080508,0.22471280586143394
bfcl,non_irrelevance,X-only,minxing_row_random,majority_class,True,0,1,800,200,"{""0"": 118, ""1"": 682}","{""0"": 22, ""1"": 178}",0.89,0.5,0.4708994708994709,"[[0, 22], [0, 178]]","{""1"": 200}",0.0,0.0,0.0,22,0.89,1.0,0.9417989417989417,178,0.5,0.89,0.11
bfcl,non_irrelevance,X-only,minxing_row_random,stratified_random,True,0,1,800,200,"{""0"": 118, ""1"": 682}","{""0"": 22, ""1"": 178}",0.76,0.48672114402451483,0.4861913937058445,"[[3, 19], [29, 149]]","{""0"": 32, ""1"": 168}",0.09375,0.13636363636363635,0.1111111111111111,22,0.8869047619047619,0.8370786516853933,0.861271676300578,178,0.48672114402451483,0.8874090422685927,0.10778409090909091
bfcl,non_irrelevance,X-only,minxing_row_random,logistic_regression_standardized,True,0,1,800,200,"{""0"": 118, ""1"": 682}","{""0"": 22, ""1"": 178}",0.89,0.5,0.4708994708994709,"[[0, 22], [0, 178]]","{""1"": 200}",0.0,0.0,0.0,22,0.89,1.0,0.9417989417989417,178,0.5176200204290091,0.9030690075912313,0.13343820048872512
bfcl,non_irrelevance,X-only,minxing_row_random,class_weighted_logistic_regression_standardized,True,0,1,800,200,"{""0"": 118, ""1"": 682}","{""0"": 22, ""1"": 178}",0.52,0.5112359550561798,0.423007573025604,"[[11, 11], [85, 93]]","{""0"": 96, ""1"": 104}",0.11458333333333333,0.5,0.1864406779661017,22,0.8942307692307693,0.5224719101123596,0.6595744680851063,178,0.5219611848825332,0.9053207143253401,0.13507385506000585
bfcl,non_irrelevance,X-only,minxing_row_random,random_forest,True,0,1,800,200,"{""0"": 118, ""1"": 682}","{""0"": 22, ""1"": 178}",0.89,0.5,0.4708994708994709,"[[0, 22], [0, 178]]","{""1"": 200}",0.0,0.0,0.0,22,0.89,1.0,0.9417989417989417,178,0.4530132788559754,0.8895999865781871,0.09753282940014824
bfcl,non_irrelevance,X-only,minxing_row_random,hist_gradient_boosting,True,0,1,800,200,"{""0"": 118, ""1"": 682}","{""0"": 22, ""1"": 178}",0.87,0.4887640449438202,0.46524064171123,"[[0, 22], [4, 174]]","{""0"": 4, ""1"": 196}",0.0,0.0,0.0,22,0.8877551020408163,0.9775280898876404,0.93048128342246,178,0.4929775280898876,0.9063912762350051,0.1049328043884077
bfcl,non_irrelevance,X-only,minxing_row_random,small_mlp_standardized,True,0,1,800,200,"{""0"": 118, ""1"": 682}","{""0"": 22, ""1"": 178}",0.89,0.5,0.4708994708994709,"[[0, 22], [0, 178]]","{""1"": 200}",0.0,0.0,0.0,22,0.89,1.0,0.9417989417989417,178,0.501532175689479,0.894341935762093,0.12364207747879888
bfcl,non_irrelevance,X-only,minxing_row_random,majority_class,True,1,1,800,200,"{""0"": 118, ""1"": 682}","{""0"": 22, ""1"": 178}",0.89,0.5,0.4708994708994709,"[[0, 22], [0, 178]]","{""1"": 200}",0.0,0.0,0.0,22,0.89,1.0,0.9417989417989417,178,0.5,0.89,0.11
bfcl,non_irrelevance,X-only,minxing_row_random,stratified_random,True,1,1,800,200,"{""0"": 118, ""1"": 682}","{""0"": 22, ""1"": 178}",0.76,0.48672114402451483,0.4861913937058445,"[[3, 19], [29, 149]]","{""0"": 32, ""1"": 168}",0.09375,0.13636363636363635,0.1111111111111111,22,0.8869047619047619,0.8370786516853933,0.861271676300578,178,0.48672114402451483,0.8874090422685927,0.10778409090909091
bfcl,non_irrelevance,X-only,minxing_row_random,logistic_regression_standardized,True,1,1,800,200,"{""0"": 118, ""1"": 682}","{""0"": 22, ""1"": 178}",0.89,0.5,0.4708994708994709,"[[0, 22], [0, 178]]","{""1"": 200}",0.0,0.0,0.0,22,0.89,1.0,0.9417989417989417,178,0.5372829417773237,0.9088066317785384,0.11938904302389951
bfcl,non_irrelevance,X-only,minxing_row_random,class_weighted_logistic_regression_standardized,True,1,1,800,200,"{""0"": 118, ""1"": 682}","{""0"": 22, ""1"": 178}",0.59,0.5107252298263535,0.45333333333333337,"[[9, 13], [69, 109]]","{""0"": 78, ""1"": 122}",0.11538461538461539,0.4090909090909091,0.18,22,0.8934426229508197,0.6123595505617978,0.7266666666666667,178,0.4992339121552605,0.9000507350970505,0.11196773396622134
bfcl,non_irrelevance,X-only,minxing_row_random,random_forest,True,1,1,800,200,"{""0"": 118, ""1"": 682}","{""0"": 22, ""1"": 178}",0.89,0.5,0.4708994708994709,"[[0, 22], [0, 178]]","{""1"": 200}",0.0,0.0,0.0,22,0.89,1.0,0.9417989417989417,178,0.5214504596527069,0.9143160431891235,0.11287238652397956
bfcl,non_irrelevance,X-only,minxing_row_random,hist_gradient_boosting,True,1,1,800,200,"{""0"": 118, ""1"": 682}","{""0"": 22, ""1"": 178}",0.875,0.49157303370786515,0.4666666666666667,"[[0, 22], [3, 175]]","{""0"": 3, ""1"": 197}",0.0,0.0,0.0,22,0.8883248730964467,0.9831460674157303,0.9333333333333333,178,0.5273237997957099,0.9027701004985579,0.11872185163072585
bfcl,non_irrelevance,X-only,minxing_row_random,small_mlp_standardized,True,1,1,800,200,"{""0"": 118, ""1"": 682}","{""0"": 22, ""1"": 178}",0.875,0.49157303370786515,0.4666666666666667,"[[0, 22], [3, 175]]","{""0"": 3, ""1"": 197}",0.0,0.0,0.0,22,0.8883248730964467,0.9831460674157303,0.9333333333333333,178,0.6008682328907048,0.9174360249554565,0.15939868074601402
bfcl,non_irrelevance,X-only,minxing_row_random,majority_class,True,2,1,800,200,"{""0"": 118, ""1"": 682}","{""0"": 22, ""1"": 178}",0.89,0.5,0.4708994708994709,"[[0, 22], [0, 178]]","{""1"": 200}",0.0,0.0,0.0,22,0.89,1.0,0.9417989417989417,178,0.5,0.89,0.11
bfcl,non_irrelevance,X-only,minxing_row_random,stratified_random,True,2,1,800,200,"{""0"": 118, ""1"": 682}","{""0"": 22, ""1"": 178}",0.76,0.48672114402451483,0.4861913937058445,"[[3, 19], [29, 149]]","{""0"": 32, ""1"": 168}",0.09375,0.13636363636363635,0.1111111111111111,22,0.8869047619047619,0.8370786516853933,0.861271676300578,178,0.48672114402451483,0.8874090422685927,0.10778409090909091
bfcl,non_irrelevance,X-only,minxing_row_random,logistic_regression_standardized,True,2,1,800,200,"{""0"": 118, ""1"": 682}","{""0"": 22, ""1"": 178}",0.89,0.5,0.4708994708994709,"[[0, 22], [0, 178]]","{""1"": 200}",0.0,0.0,0.0,22,0.89,1.0,0.9417989417989417,178,0.5597548518896833,0.9061516759884725,0.18132076934506441
bfcl,non_irrelevance,X-only,minxing_row_random,class_weighted_logistic_regression_standardized,True,2,1,800,200,"{""0"": 118, ""1"": 682}","{""0"": 22, ""1"": 178}",0.59,0.5306435137895812,0.4604553230688248,"[[10, 12], [70, 108]]","{""0"": 80, ""1"": 120}",0.125,0.45454545454545453,0.19607843137254902,22,0.9,0.6067415730337079,0.7248322147651006,178,0.5574565883554647,0.9058407900640941,0.18776381268234948
bfcl,non_irrelevance,X-only,minxing_row_random,random_forest,True,2,1,800,200,"{""0"": 118, ""1"": 682}","{""0"": 22, ""1"": 178}",0.89,0.5,0.4708994708994709,"[[0, 22], [0, 178]]","{""1"": 200}",0.0,0.0,0.0,22,0.89,1.0,0.9417989417989417,178,0.46527068437180796,0.8726139595393705,0.12377998854271381
bfcl,non_irrelevance,X-only,minxing_row_random,hist_gradient_boosting,True,2,1,800,200,"{""0"": 118, ""1"": 682}","{""0"": 22, ""1"": 178}",0.875,0.49157303370786515,0.4666666666666667,"[[0, 22], [3, 175]]","{""0"": 3, ""1"": 197}",0.0,0.0,0.0,22,0.8883248730964467,0.9831460674157303,0.9333333333333333,178,0.5196629213483146,0.8881324652237504,0.1371620233890164
bfcl,non_irrelevance,X-only,minxing_row_random,small_mlp_standardized,True,2,1,800,200,"{""0"": 118, ""1"": 682}","{""0"": 22, ""1"": 178}",0.885,0.5171092951991828,0.5093333333333333,"[[1, 21], [2, 176]]","{""0"": 3, ""1"": 197}",0.3333333333333333,0.045454545454545456,0.08,22,0.8934010152284264,0.9887640449438202,0.9386666666666666,178,0.5337078651685394,0.9004636634052288,0.1503097697548009
bfcl,non_irrelevance,X-only,minxing_row_random,majority_class,True,3,1,800,200,"{""0"": 118, ""1"": 682}","{""0"": 22, ""1"": 178}",0.89,0.5,0.4708994708994709,"[[0, 22], [0, 178]]","{""1"": 200}",0.0,0.0,0.0,22,0.89,1.0,0.9417989417989417,178,0.5,0.89,0.11
bfcl,non_irrelevance,X-only,minxing_row_random,stratified_random,True,3,1,800,200,"{""0"": 118, ""1"": 682}","{""0"": 22, ""1"": 178}",0.76,0.48672114402451483,0.4861913937058445,"[[3, 19], [29, 149]]","{""0"": 32, ""1"": 168}",0.09375,0.13636363636363635,0.1111111111111111,22,0.8869047619047619,0.8370786516853933,0.861271676300578,178,0.48672114402451483,0.8874090422685927,0.10778409090909091
bfcl,non_irrelevance,X-only,minxing_row_random,logistic_regression_standardized,True,3,1,800,200,"{""0"": 118, ""1"": 682}","{""0"": 22, ""1"": 178}",0.89,0.5,0.4708994708994709,"[[0, 22], [0, 178]]","{""1"": 200}",0.0,0.0,0.0,22,0.89,1.0,0.9417989417989417,178,0.47650663942798777,0.8866145378895676,0.12108296374964797
bfcl,non_irrelevance,X-only,minxing_row_random,class_weighted_logistic_regression_standardized,True,3,1,800,200,"{""0"": 118, ""1"": 682}","{""0"": 22, ""1"": 178}",0.505,0.4828907048008172,0.4078770298154849,"[[10, 12], [87, 91]]","{""0"": 97, ""1"": 103}",0.10309278350515463,0.45454545454545453,0.16806722689075632,22,0.883495145631068,0.5112359550561798,0.6476868327402135,178,0.4902962206332992,0.8905346989262056,0.12720666607693024
bfcl,non_irrelevance,X-only,minxing_row_random,random_forest,True,3,1,800,200,"{""0"": 118, ""1"": 682}","{""0"": 22, ""1"": 178}",0.89,0.5,0.4708994708994709,"[[0, 22], [0, 178]]","{""1"": 200}",0.0,0.0,0.0,22,0.89,1.0,0.9417989417989417,178,0.46450459652706844,0.8783193729252943,0.12146500832684937
bfcl,non_irrelevance,X-only,minxing_row_random,hist_gradient_boosting,True,3,1,800,200,"{""0"": 118, ""1"": 682}","{""0"": 22, ""1"": 178}",0.855,0.4803370786516854,0.4609164420485175,"[[0, 22], [7, 171]]","{""0"": 7, ""1"": 193}",0.0,0.0,0.0,22,0.8860103626943006,0.9606741573033708,0.921832884097035,178,0.525408580183861,0.8894880034491506,0.1205586272906255
bfcl,non_irrelevance,X-only,minxing_row_random,small_mlp_standardized,True,3,1,800,200,"{""0"": 118, ""1"": 682}","{""0"": 22, ""1"": 178}",0.89,0.5,0.4708994708994709,"[[0, 22], [0, 178]]","{""1"": 200}",0.0,0.0,0.0,22,0.89,1.0,0.9417989417989417,178,0.49361593462717057,0.8928730747603685,0.10887558037720099
bfcl,non_irrelevance,X-only,minxing_row_random,majority_class,True,4,1,800,200,"{""0"": 118, ""1"": 682}","{""0"": 22, ""1"": 178}",0.89,0.5,0.4708994708994709,"[[0, 22], [0, 178]]","{""1"": 200}",0.0,0.0,0.0,22,0.89,1.0,0.9417989417989417,178,0.5,0.89,0.11
bfcl,non_irrelevance,X-only,minxing_row_random,stratified_random,True,4,1,800,200,"{""0"": 118, ""1"": 682}","{""0"": 22, ""1"": 178}",0.76,0.48672114402451483,0.4861913937058445,"[[3, 19], [29, 149]]","{""0"": 32, ""1"": 168}",0.09375,0.13636363636363635,0.1111111111111111,22,0.8869047619047619,0.8370786516853933,0.861271676300578,178,0.48672114402451483,0.8874090422685927,0.10778409090909091
bfcl,non_irrelevance,X-only,minxing_row_random,logistic_regression_standardized,True,4,1,800,200,"{""0"": 118, ""1"": 682}","{""0"": 22, ""1"": 178}",0.89,0.5,0.4708994708994709,"[[0, 22], [0, 178]]","{""1"": 200}",0.0,0.0,0.0,22,0.89,1.0,0.9417989417989417,178,0.5799284984678242,0.9255807267627594,0.14353557306949855
bfcl,non_irrelevance,X-only,minxing_row_random,class_weighted_logistic_regression_standardized,True,4,1,800,200,"{""0"": 118, ""1"": 682}","{""0"": 22, ""1"": 178}",0.6,0.5362614913176711,0.4666666666666667,"[[10, 12], [68, 110]]","{""0"": 78, ""1"": 122}",0.1282051282051282,0.45454545454545453,0.2,22,0.9016393442622951,0.6179775280898876,0.7333333333333333,178,0.5781409601634321,0.9257406924513243,0.13909351745416504
bfcl,non_irrelevance,X-only,minxing_row_random,random_forest,True,4,1,800,200,"{""0"": 118, ""1"": 682}","{""0"": 22, ""1"": 178}",0.895,0.5227272727272727,0.5156268019836235,"[[1, 21], [0, 178]]","{""0"": 1, ""1"": 199}",1.0,0.045454545454545456,0.08695652173913043,22,0.8944723618090452,1.0,0.9442970822281167,178,0.5819713993871297,0.9200325675287997,0.1948843857393896
bfcl,non_irrelevance,X-only,minxing_row_random,hist_gradient_boosting,True,4,1,800,200,"{""0"": 118, ""1"": 682}","{""0"": 22, ""1"": 178}",0.88,0.5143003064351379,0.5063759769642122,"[[1, 21], [3, 175]]","{""0"": 4, ""1"": 196}",0.25,0.045454545454545456,0.07692307692307693,22,0.8928571428571429,0.9831460674157303,0.9358288770053476,178,0.5898876404494383,0.9173712411230879,0.21029700842475102
bfcl,non_irrelevance,X-only,minxing_row_random,small_mlp_standardized,True,4,1,800,200,"{""0"": 118, ""1"": 682}","{""0"": 22, ""1"": 178}",0.885,0.49719101123595505,0.46949602122015915,"[[0, 22], [1, 177]]","{""0"": 1, ""1"": 199}",0.0,0.0,0.0,22,0.8894472361809045,0.9943820224719101,0.9389920424403183,178,0.5898876404494382,0.9254188466161712,0.15500633215551485
bfcl,non_irrelevance,X-only,minxing_row_random,majority_class,True,5,1,800,200,"{""0"": 118, ""1"": 682}","{""0"": 22, ""1"": 178}",0.89,0.5,0.4708994708994709,"[[0, 22], [0, 178]]","{""1"": 200}",0.0,0.0,0.0,22,0.89,1.0,0.9417989417989417,178,0.5,0.89,0.11
bfcl,non_irrelevance,X-only,minxing_row_random,stratified_random,True,5,1,800,200,"{""0"": 118, ""1"": 682}","{""0"": 22, ""1"": 178}",0.76,0.48672114402451483,0.4861913937058445,"[[3, 19], [29, 149]]","{""0"": 32, ""1"": 168}",0.09375,0.13636363636363635,0.1111111111111111,22,0.8869047619047619,0.8370786516853933,0.861271676300578,178,0.48672114402451483,0.8874090422685927,0.10778409090909091
bfcl,non_irrelevance,X-only,minxing_row_random,logistic_regression_standardized,True,5,1,800,200,"{""0"": 118, ""1"": 682}","{""0"": 22, ""1"": 178}",0.89,0.5,0.4708994708994709,"[[0, 22], [0, 178]]","{""1"": 200}",0.0,0.0,0.0,22,0.89,1.0,0.9417989417989417,178,0.5181307456588355,0.8932015911814681,0.11619066601584382
bfcl,non_irrelevance,X-only,minxing_row_random,class_weighted_logistic_regression_standardized,True,5,1,800,200,"{""0"": 118, ""1"": 682}","{""0"": 22, ""1"": 178}",0.54,0.5224719101123596,0.4356520672310146,"[[11, 11], [81, 97]]","{""0"": 92, ""1"": 108}",0.11956521739130435,0.5,0.19298245614035087,22,0.8981481481481481,0.5449438202247191,0.6783216783216783,178,0.5094484167517876,0.8852973106823244,0.11333584423311664
bfcl,non_irrelevance,X-only,minxing_row_random,random_forest,True,5,1,800,200,"{""0"": 118, ""1"": 682}","{""0"": 22, ""1"": 178}",0.89,0.5,0.4708994708994709,"[[0, 22], [0, 178]]","{""1"": 200}",0.0,0.0,0.0,22,0.89,1.0,0.9417989417989417,178,0.491317671092952,0.89397375712169,0.11419194541540928
bfcl,non_irrelevance,X-only,minxing_row_random,hist_gradient_boosting,True,5,1,800,200,"{""0"": 118, ""1"": 682}","{""0"": 22, ""1"": 178}",0.865,0.5058733401430031,0.4980946184589646,"[[1, 21], [6, 172]]","{""0"": 7, ""1"": 193}",0.14285714285714285,0.045454545454545456,0.06896551724137931,22,0.8911917098445595,0.9662921348314607,0.9272237196765498,178,0.5135342185903984,0.8984473773090882,0.12380534618840541
bfcl,non_irrelevance,X-only,minxing_row_random,small_mlp_standardized,True,5,1,800,200,"{""0"": 118, ""1"": 682}","{""0"": 22, ""1"": 178}",0.885,0.49719101123595505,0.46949602122015915,"[[0, 22], [1, 177]]","{""0"": 1, ""1"": 199}",0.0,0.0,0.0,22,0.8894472361809045,0.9943820224719101,0.9389920424403183,178,0.5436670071501533,0.908387473016516,0.12454621056680198
bfcl,non_irrelevance,X-only,minxing_row_random,majority_class,True,6,1,800,200,"{""0"": 118, ""1"": 682}","{""0"": 22, ""1"": 178}",0.89,0.5,0.4708994708994709,"[[0, 22], [0, 178]]","{""1"": 200}",0.0,0.0,0.0,22,0.89,1.0,0.9417989417989417,178,0.5,0.89,0.11
bfcl,non_irrelevance,X-only,minxing_row_random,stratified_random,True,6,1,800,200,"{""0"": 118, ""1"": 682}","{""0"": 22, ""1"": 178}",0.76,0.48672114402451483,0.4861913937058445,"[[3, 19], [29, 149]]","{""0"": 32, ""1"": 168}",0.09375,0.13636363636363635,0.1111111111111111,22,0.8869047619047619,0.8370786516853933,0.861271676300578,178,0.48672114402451483,0.8874090422685927,0.10778409090909091
bfcl,non_irrelevance,X-only,minxing_row_random,logistic_regression_standardized,True,6,1,800,200,"{""0"": 118, ""1"": 682}","{""0"": 22, ""1"": 178}",0.89,0.5,0.4708994708994709,"[[0, 22], [0, 178]]","{""1"": 200}",0.0,0.0,0.0,22,0.89,1.0,0.9417989417989417,178,0.5181307456588355,0.9035223311261813,0.1302240405123344
bfcl,non_irrelevance,X-only,minxing_row_random,class_weighted_logistic_regression_standardized,True,6,1,800,200,"{""0"": 118, ""1"": 682}","{""0"": 22, ""1"": 178}",0.545,0.5053626149131767,0.4326506437233081,"[[10, 12], [79, 99]]","{""0"": 89, ""1"": 111}",0.11235955056179775,0.45454545454545453,0.18018018018018017,22,0.8918918918918919,0.5561797752808989,0.6851211072664359,178,0.5467313585291114,0.9135158685118338,0.13433322607941878
bfcl,non_irrelevance,X-only,minxing_row_random,random_forest,True,6,1,800,200,"{""0"": 118, ""1"": 682}","{""0"": 22, ""1"": 178}",0.885,0.49719101123595505,0.46949602122015915,"[[0, 22], [1, 177]]","{""0"": 1, ""1"": 199}",0.0,0.0,0.0,22,0.8894472361809045,0.9943820224719101,0.9389920424403183,178,0.5755873340143003,0.9288157311646175,0.12866674109212373
bfcl,non_irrelevance,X-only,minxing_row_random,hist_gradient_boosting,True,6,1,800,200,"{""0"": 118, ""1"": 682}","{""0"": 22, ""1"": 178}",0.865,0.5058733401430031,0.4980946184589646,"[[1, 21], [6, 172]]","{""0"": 7, ""1"": 193}",0.14285714285714285,0.045454545454545456,0.06896551724137931,22,0.8911917098445595,0.9662921348314607,0.9272237196765498,178,0.5033197139938713,0.9051419922782147,0.11211931204467762
bfcl,non_irrelevance,X-only,minxing_row_random,small_mlp_standardized,True,6,1,800,200,"{""0"": 118, ""1"": 682}","{""0"": 22, ""1"": 178}",0.88,0.4943820224719101,0.46808510638297873,"[[0, 22], [2, 176]]","{""0"": 2, ""1"": 198}",0.0,0.0,0.0,22,0.8888888888888888,0.9887640449438202,0.9361702127659575,178,0.5125127681307456,0.9050131709434965,0.11743973365417244
bfcl,non_irrelevance,X-only,minxing_row_random,majority_class,True,7,1,800,200,"{""0"": 118, ""1"": 682}","{""0"": 22, ""1"": 178}",0.89,0.5,0.4708994708994709,"[[0, 22], [0, 178]]","{""1"": 200}",0.0,0.0,0.0,22,0.89,1.0,0.9417989417989417,178,0.5,0.89,0.11
bfcl,non_irrelevance,X-only,minxing_row_random,stratified_random,True,7,1,800,200,"{""0"": 118, ""1"": 682}","{""0"": 22, ""1"": 178}",0.76,0.48672114402451483,0.4861913937058445,"[[3, 19], [29, 149]]","{""0"": 32, ""1"": 168}",0.09375,0.13636363636363635,0.1111111111111111,22,0.8869047619047619,0.8370786516853933,0.861271676300578,178,0.48672114402451483,0.8874090422685927,0.10778409090909091
bfcl,non_irrelevance,X-only,minxing_row_random,logistic_regression_standardized,True,7,1,800,200,"{""0"": 118, ""1"": 682}","{""0"": 22, ""1"": 178}",0.89,0.5,0.4708994708994709,"[[0, 22], [0, 178]]","{""1"": 200}",0.0,0.0,0.0,22,0.89,1.0,0.9417989417989417,178,0.4399897854954035,0.8838915393990341,0.09971773168779446
bfcl,non_irrelevance,X-only,minxing_row_random,class_weighted_logistic_regression_standardized,True,7,1,800,200,"{""0"": 118, ""1"": 682}","{""0"": 22, ""1"": 178}",0.58,0.4851889683350358,0.44,"[[8, 14], [70, 108]]","{""0"": 78, ""1"": 122}",0.10256410256410256,0.36363636363636365,0.16,22,0.8852459016393442,0.6067415730337079,0.72,178,0.4519918283963228,0.8868831995701547,0.10245962888935767
bfcl,non_irrelevance,X-only,minxing_row_random,random_forest,True,7,1,800,200,"{""0"": 118, ""1"": 682}","{""0"": 22, ""1"": 178}",0.89,0.5,0.4708994708994709,"[[0, 22], [0, 178]]","{""1"": 200}",0.0,0.0,0.0,22,0.89,1.0,0.9417989417989417,178,0.4284984678243105,0.8824953652477654,0.09312039759168408
bfcl,non_irrelevance,X-only,minxing_row_random,hist_gradient_boosting,True,7,1,800,200,"{""0"": 118, ""1"": 682}","{""0"": 22, ""1"": 178}",0.86,0.48314606741573035,0.46236559139784944,"[[0, 22], [6, 172]]","{""0"": 6, ""1"": 194}",0.0,0.0,0.0,22,0.8865979381443299,0.9662921348314607,0.9247311827956989,178,0.4433094994892748,0.8822024703617133,0.0968808379173628
bfcl,non_irrelevance,X-only,minxing_row_random,small_mlp_standardized,True,7,1,800,200,"{""0"": 118, ""1"": 682}","{""0"": 22, ""1"": 178}",0.885,0.49719101123595505,0.46949602122015915,"[[0, 22], [1, 177]]","{""0"": 1, ""1"": 199}",0.0,0.0,0.0,22,0.8894472361809045,0.9943820224719101,0.9389920424403183,178,0.4823799795709908,0.8996545561041375,0.10875405943006475
bfcl,non_irrelevance,X-only,minxing_row_random,majority_class,True,8,1,800,200,"{""0"": 118, ""1"": 682}","{""0"": 22, ""1"": 178}",0.89,0.5,0.4708994708994709,"[[0, 22], [0, 178]]","{""1"": 200}",0.0,0.0,0.0,22,0.89,1.0,0.9417989417989417,178,0.5,0.89,0.11
bfcl,non_irrelevance,X-only,minxing_row_random,stratified_random,True,8,1,800,200,"{""0"": 118, ""1"": 682}","{""0"": 22, ""1"": 178}",0.76,0.48672114402451483,0.4861913937058445,"[[3, 19], [29, 149]]","{""0"": 32, ""1"": 168}",0.09375,0.13636363636363635,0.1111111111111111,22,0.8869047619047619,0.8370786516853933,0.861271676300578,178,0.48672114402451483,0.8874090422685927,0.10778409090909091
bfcl,non_irrelevance,X-only,minxing_row_random,logistic_regression_standardized,True,8,1,800,200,"{""0"": 118, ""1"": 682}","{""0"": 22, ""1"": 178}",0.89,0.5,0.4708994708994709,"[[0, 22], [0, 178]]","{""1"": 200}",0.0,0.0,0.0,22,0.89,1.0,0.9417989417989417,178,0.40066394279877426,0.8469451430503696,0.0967858564617449
bfcl,non_irrelevance,X-only,minxing_row_random,class_weighted_logistic_regression_standardized,True,8,1,800,200,"{""0"": 118, ""1"": 682}","{""0"": 22, ""1"": 178}",0.53,0.4570990806945863,0.4106583072100314,"[[8, 14], [80, 98]]","{""0"": 88, ""1"": 112}",0.09090909090909091,0.36363636363636365,0.14545454545454545,22,0.875,0.550561797752809,0.6758620689655173,178,0.39759959141981616,0.8481021483636898,0.0959624359685418
bfcl,non_irrelevance,X-only,minxing_row_random,random_forest,True,8,1,800,200,"{""0"": 118, ""1"": 682}","{""0"": 22, ""1"": 178}",0.89,0.5,0.4708994708994709,"[[0, 22], [0, 178]]","{""1"": 200}",0.0,0.0,0.0,22,0.89,1.0,0.9417989417989417,178,0.49412665985699694,0.8759612946272747,0.13163045262390527
bfcl,non_irrelevance,X-only,minxing_row_random,hist_gradient_boosting,True,8,1,800,200,"{""0"": 118, ""1"": 682}","{""0"": 22, ""1"": 178}",0.87,0.508682328907048,0.500768049155146,"[[1, 21], [5, 173]]","{""0"": 6, ""1"": 194}",0.16666666666666666,0.045454545454545456,0.07142857142857142,22,0.8917525773195877,0.9719101123595506,0.9301075268817204,178,0.47344228804902966,0.8657107141667262,0.15682139270862258
bfcl,non_irrelevance,X-only,minxing_row_random,small_mlp_standardized,True,8,1,800,200,"{""0"": 118, ""1"": 682}","{""0"": 22, ""1"": 178}",0.885,0.49719101123595505,0.46949602122015915,"[[0, 22], [1, 177]]","{""0"": 1, ""1"": 199}",0.0,0.0,0.0,22,0.8894472361809045,0.9943820224719101,0.9389920424403183,178,0.4208375893769152,0.8841599436217195,0.10052795629942402
bfcl,non_irrelevance,X-only,minxing_row_random,majority_class,True,9,1,800,200,"{""0"": 118, ""1"": 682}","{""0"": 22, ""1"": 178}",0.89,0.5,0.4708994708994709,"[[0, 22], [0, 178]]","{""1"": 200}",0.0,0.0,0.0,22,0.89,1.0,0.9417989417989417,178,0.5,0.89,0.11
bfcl,non_irrelevance,X-only,minxing_row_random,stratified_random,True,9,1,800,200,"{""0"": 118, ""1"": 682}","{""0"": 22, ""1"": 178}",0.76,0.48672114402451483,0.4861913937058445,"[[3, 19], [29, 149]]","{""0"": 32, ""1"": 168}",0.09375,0.13636363636363635,0.1111111111111111,22,0.8869047619047619,0.8370786516853933,0.861271676300578,178,0.48672114402451483,0.8874090422685927,0.10778409090909091
bfcl,non_irrelevance,X-only,minxing_row_random,logistic_regression_standardized,True,9,1,800,200,"{""0"": 118, ""1"": 682}","{""0"": 22, ""1"": 178}",0.89,0.5,0.4708994708994709,"[[0, 22], [0, 178]]","{""1"": 200}",0.0,0.0,0.0,22,0.89,1.0,0.9417989417989417,178,0.43998978549540346,0.8901078359853034,0.09701910031165044
bfcl,non_irrelevance,X-only,minxing_row_random,class_weighted_logistic_regression_standardized,True,9,1,800,200,"{""0"": 118, ""1"": 682}","{""0"": 22, ""1"": 178}",0.495,0.4573544433094995,0.39591494960973717,"[[9, 13], [88, 90]]","{""0"": 97, ""1"": 103}",0.09278350515463918,0.4090909090909091,0.15126050420168066,22,0.8737864077669902,0.5056179775280899,0.6405693950177936,178,0.43947906026557715,0.8909915657583813,0.09700391719377316
bfcl,non_irrelevance,X-only,minxing_row_random,random_forest,True,9,1,800,200,"{""0"": 118, ""1"": 682}","{""0"": 22, ""1"": 178}",0.89,0.5,0.4708994708994709,"[[0, 22], [0, 178]]","{""1"": 200}",0.0,0.0,0.0,22,0.89,1.0,0.9417989417989417,178,0.5278345250255363,0.9005194322389685,0.1667502058293654
bfcl,non_irrelevance,X-only,minxing_row_random,hist_gradient_boosting,True,9,1,800,200,"{""0"": 118, ""1"": 682}","{""0"": 22, ""1"": 178}",0.885,0.5171092951991828,0.5093333333333333,"[[1, 21], [2, 176]]","{""0"": 3, ""1"": 197}",0.3333333333333333,0.045454545454545456,0.08,22,0.8934010152284264,0.9887640449438202,0.9386666666666666,178,0.5495403472931564,0.9049939404080894,0.14333243753791808
bfcl,non_irrelevance,X-only,minxing_row_random,small_mlp_standardized,True,9,1,800,200,"{""0"": 118, ""1"": 682}","{""0"": 22, ""1"": 178}",0.88,0.4943820224719101,0.46808510638297873,"[[0, 22], [2, 176]]","{""0"": 2, ""1"": 198}",0.0,0.0,0.0,22,0.8888888888888888,0.9887640449438202,0.9361702127659575,178,0.4908069458631257,0.9007193323516367,0.1088239713049213
bfcl,non_irrelevance,S-only,minxing_row_random,majority_class,False,,1,800,200,"{""0"": 118, ""1"": 682}","{""0"": 22, ""1"": 178}",0.89,0.5,0.4708994708994709,"[[0, 22], [0, 178]]","{""1"": 200}",0.0,0.0,0.0,22,0.89,1.0,0.9417989417989417,178,0.5,0.89,0.11
bfcl,non_irrelevance,S-only,minxing_row_random,stratified_random,False,,1,800,200,"{""0"": 118, ""1"": 682}","{""0"": 22, ""1"": 178}",0.76,0.48672114402451483,0.4861913937058445,"[[3, 19], [29, 149]]","{""0"": 32, ""1"": 168}",0.09375,0.13636363636363635,0.1111111111111111,22,0.8869047619047619,0.8370786516853933,0.861271676300578,178,0.48672114402451483,0.8874090422685927,0.10778409090909091
bfcl,non_irrelevance,S-only,minxing_row_random,logistic_regression_standardized,False,,1,800,200,"{""0"": 118, ""1"": 682}","{""0"": 22, ""1"": 178}",0.895,0.5227272727272727,0.5156268019836235,"[[1, 21], [0, 178]]","{""0"": 1, ""1"": 199}",1.0,0.045454545454545456,0.08695652173913043,22,0.8944723618090452,1.0,0.9442970822281167,178,0.7433605720122574,0.9567673130253994,0.2998553890518751
bfcl,non_irrelevance,S-only,minxing_row_random,class_weighted_logistic_regression_standardized,False,,1,800,200,"{""0"": 118, ""1"": 682}","{""0"": 22, ""1"": 178}",0.66,0.6894790602655771,0.5466666666666666,"[[16, 6], [62, 116]]","{""0"": 78, ""1"": 122}",0.20512820512820512,0.7272727272727273,0.32,22,0.9508196721311475,0.651685393258427,0.7733333333333333,178,0.7392747701736466,0.9528820883343567,0.2955587436847245
bfcl,non_irrelevance,S-only,minxing_row_random,random_forest,False,,1,800,200,"{""0"": 118, ""1"": 682}","{""0"": 22, ""1"": 178}",0.895,0.5227272727272727,0.5156268019836235,"[[1, 21], [0, 178]]","{""0"": 1, ""1"": 199}",1.0,0.045454545454545456,0.08695652173913043,22,0.8944723618090452,1.0,0.9442970822281167,178,0.7607252298263534,0.9590459029798183,0.3145494412201219
bfcl,non_irrelevance,S-only,minxing_row_random,hist_gradient_boosting,False,,1,800,200,"{""0"": 118, ""1"": 682}","{""0"": 22, ""1"": 178}",0.895,0.5227272727272727,0.5156268019836235,"[[1, 21], [0, 178]]","{""0"": 1, ""1"": 199}",1.0,0.045454545454545456,0.08695652173913043,22,0.8944723618090452,1.0,0.9442970822281167,178,0.7747701736465782,0.9645180353002215,0.32237445436359996
bfcl,non_irrelevance,S-only,minxing_row_random,small_mlp_standardized,False,,1,800,200,"{""0"": 118, ""1"": 682}","{""0"": 22, ""1"": 178}",0.895,0.5227272727272727,0.5156268019836235,"[[1, 21], [0, 178]]","{""0"": 1, ""1"": 199}",1.0,0.045454545454545456,0.08695652173913043,22,0.8944723618090452,1.0,0.9442970822281167,178,0.7328907048008172,0.9500880969188458,0.27134630482791244
bfcl,non_irrelevance,S-only,minxing_row_random,majority_class,True,0,1,800,200,"{""0"": 118, ""1"": 682}","{""0"": 22, ""1"": 178}",0.89,0.5,0.4708994708994709,"[[0, 22], [0, 178]]","{""1"": 200}",0.0,0.0,0.0,22,0.89,1.0,0.9417989417989417,178,0.5,0.89,0.11
bfcl,non_irrelevance,S-only,minxing_row_random,stratified_random,True,0,1,800,200,"{""0"": 118, ""1"": 682}","{""0"": 22, ""1"": 178}",0.76,0.48672114402451483,0.4861913937058445,"[[3, 19], [29, 149]]","{""0"": 32, ""1"": 168}",0.09375,0.13636363636363635,0.1111111111111111,22,0.8869047619047619,0.8370786516853933,0.861271676300578,178,0.48672114402451483,0.8874090422685927,0.10778409090909091
bfcl,non_irrelevance,S-only,minxing_row_random,logistic_regression_standardized,True,0,1,800,200,"{""0"": 118, ""1"": 682}","{""0"": 22, ""1"": 178}",0.89,0.5199182839632278,0.5124113475177305,"[[1, 21], [1, 177]]","{""0"": 2, ""1"": 198}",0.5,0.045454545454545456,0.08333333333333333,22,0.8939393939393939,0.9943820224719101,0.9414893617021277,178,0.41138917262512775,0.8632230018461922,0.1439382274319761
bfcl,non_irrelevance,S-only,minxing_row_random,class_weighted_logistic_regression_standardized,True,0,1,800,200,"{""0"": 118, ""1"": 682}","{""0"": 22, ""1"": 178}",0.425,0.43794688457609804,0.35709294199860236,"[[10, 12], [103, 75]]","{""0"": 113, ""1"": 87}",0.08849557522123894,0.45454545454545453,0.14814814814814814,22,0.8620689655172413,0.42134831460674155,0.5660377358490566,178,0.40066394279877426,0.8640182595203822,0.1401194954457201
bfcl,non_irrelevance,S-only,minxing_row_random,random_forest,True,0,1,800,200,"{""0"": 118, ""1"": 682}","{""0"": 22, ""1"": 178}",0.89,0.5,0.4708994708994709,"[[0, 22], [0, 178]]","{""1"": 200}",0.0,0.0,0.0,22,0.89,1.0,0.9417989417989417,178,0.5480081716036772,0.8996326877101525,0.14000190996885814
bfcl,non_irrelevance,S-only,minxing_row_random,hist_gradient_boosting,True,0,1,800,200,"{""0"": 118, ""1"": 682}","{""0"": 22, ""1"": 178}",0.89,0.5,0.4708994708994709,"[[0, 22], [0, 178]]","{""1"": 200}",0.0,0.0,0.0,22,0.89,1.0,0.9417989417989417,178,0.4933605720122574,0.8970907521113707,0.1387547693702401
bfcl,non_irrelevance,S-only,minxing_row_random,small_mlp_standardized,True,0,1,800,200,"{""0"": 118, ""1"": 682}","{""0"": 22, ""1"": 178}",0.875,0.5114913176710929,0.5035249726938735,"[[1, 21], [4, 174]]","{""0"": 5, ""1"": 195}",0.2,0.045454545454545456,0.07407407407407407,22,0.8923076923076924,0.9775280898876404,0.9329758713136729,178,0.4274770173646578,0.8657276089295628,0.14678624939082613
bfcl,non_irrelevance,S-only,minxing_row_random,majority_class,True,1,1,800,200,"{""0"": 118, ""1"": 682}","{""0"": 22, ""1"": 178}",0.89,0.5,0.4708994708994709,"[[0, 22], [0, 178]]","{""1"": 200}",0.0,0.0,0.0,22,0.89,1.0,0.9417989417989417,178,0.5,0.89,0.11
bfcl,non_irrelevance,S-only,minxing_row_random,stratified_random,True,1,1,800,200,"{""0"": 118, ""1"": 682}","{""0"": 22, ""1"": 178}",0.76,0.48672114402451483,0.4861913937058445,"[[3, 19], [29, 149]]","{""0"": 32, ""1"": 168}",0.09375,0.13636363636363635,0.1111111111111111,22,0.8869047619047619,0.8370786516853933,0.861271676300578,178,0.48672114402451483,0.8874090422685927,0.10778409090909091
bfcl,non_irrelevance,S-only,minxing_row_random,logistic_regression_standardized,True,1,1,800,200,"{""0"": 118, ""1"": 682}","{""0"": 22, ""1"": 178}",0.885,0.49719101123595505,0.46949602122015915,"[[0, 22], [1, 177]]","{""0"": 1, ""1"": 199}",0.0,0.0,0.0,22,0.8894472361809045,0.9943820224719101,0.9389920424403183,178,0.466802860061287,0.8698167795254477,0.11947276141767786
bfcl,non_irrelevance,S-only,minxing_row_random,class_weighted_logistic_regression_standardized,True,1,1,800,200,"{""0"": 118, ""1"": 682}","{""0"": 22, ""1"": 178}",0.49,0.4545454545454546,0.39285714285714285,"[[9, 13], [89, 89]]","{""0"": 98, ""1"": 102}",0.09183673469387756,0.4090909090909091,0.15,22,0.8725490196078431,0.5,0.6357142857142857,178,0.4639938712972421,0.8698956108809692,0.11649082614125132
bfcl,non_irrelevance,S-only,minxing_row_random,random_forest,True,1,1,800,200,"{""0"": 118, ""1"": 682}","{""0"": 22, ""1"": 178}",0.885,0.49719101123595505,0.46949602122015915,"[[0, 22], [1, 177]]","{""0"": 1, ""1"": 199}",0.0,0.0,0.0,22,0.8894472361809045,0.9943820224719101,0.9389920424403183,178,0.5081716036772217,0.8937061649167368,0.13235522088422214
bfcl,non_irrelevance,S-only,minxing_row_random,hist_gradient_boosting,True,1,1,800,200,"{""0"": 118, ""1"": 682}","{""0"": 22, ""1"": 178}",0.89,0.5,0.4708994708994709,"[[0, 22], [0, 178]]","{""1"": 200}",0.0,0.0,0.0,22,0.89,1.0,0.9417989417989417,178,0.4688457609805925,0.8928756393508707,0.11742417661648138
bfcl,non_irrelevance,S-only,minxing_row_random,small_mlp_standardized,True,1,1,800,200,"{""0"": 118, ""1"": 682}","{""0"": 22, ""1"": 178}",0.885,0.49719101123595505,0.46949602122015915,"[[0, 22], [1, 177]]","{""0"": 1, ""1"": 199}",0.0,0.0,0.0,22,0.8894472361809045,0.9943820224719101,0.9389920424403183,178,0.4093462717058223,0.8685901577548234,0.10871168050719351
bfcl,non_irrelevance,S-only,minxing_row_random,majority_class,True,2,1,800,200,"{""0"": 118, ""1"": 682}","{""0"": 22, ""1"": 178}",0.89,0.5,0.4708994708994709,"[[0, 22], [0, 178]]","{""1"": 200}",0.0,0.0,0.0,22,0.89,1.0,0.9417989417989417,178,0.5,0.89,0.11
bfcl,non_irrelevance,S-only,minxing_row_random,stratified_random,True,2,1,800,200,"{""0"": 118, ""1"": 682}","{""0"": 22, ""1"": 178}",0.76,0.48672114402451483,0.4861913937058445,"[[3, 19], [29, 149]]","{""0"": 32, ""1"": 168}",0.09375,0.13636363636363635,0.1111111111111111,22,0.8869047619047619,0.8370786516853933,0.861271676300578,178,0.48672114402451483,0.8874090422685927,0.10778409090909091
bfcl,non_irrelevance,S-only,minxing_row_random,logistic_regression_standardized,True,2,1,800,200,"{""0"": 118, ""1"": 682}","{""0"": 22, ""1"": 178}",0.89,0.5,0.4708994708994709,"[[0, 22], [0, 178]]","{""1"": 200}",0.0,0.0,0.0,22,0.89,1.0,0.9417989417989417,178,0.4009193054136874,0.8649659165405509,0.10219528171562355
bfcl,non_irrelevance,S-only,minxing_row_random,class_weighted_logistic_regression_standardized,True,2,1,800,200,"{""0"": 118, ""1"": 682}","{""0"": 22, ""1"": 178}",0.345,0.3730847803881512,0.29944650926495364,"[[9, 13], [118, 60]]","{""0"": 127, ""1"": 73}",0.07086614173228346,0.4090909090909091,0.12080536912751678,22,0.821917808219178,0.33707865168539325,0.47808764940239046,178,0.40066394279877426,0.8655681853806574,0.10212352256593223
bfcl,non_irrelevance,S-only,minxing_row_random,random_forest,True,2,1,800,200,"{""0"": 118, ""1"": 682}","{""0"": 22, ""1"": 178}",0.89,0.5,0.4708994708994709,"[[0, 22], [0, 178]]","{""1"": 200}",0.0,0.0,0.0,22,0.89,1.0,0.9417989417989417,178,0.45250255362614916,0.8722517735405096,0.11812338928862892
bfcl,non_irrelevance,S-only,minxing_row_random,hist_gradient_boosting,True,2,1,800,200,"{""0"": 118, ""1"": 682}","{""0"": 22, ""1"": 178}",0.89,0.5,0.4708994708994709,"[[0, 22], [0, 178]]","{""1"": 200}",0.0,0.0,0.0,22,0.89,1.0,0.9417989417989417,178,0.40423901940755874,0.8747069985379746,0.10359297160174821
bfcl,non_irrelevance,S-only,minxing_row_random,small_mlp_standardized,True,2,1,800,200,"{""0"": 118, ""1"": 682}","{""0"": 22, ""1"": 178}",0.895,0.5227272727272727,0.5156268019836235,"[[1, 21], [0, 178]]","{""0"": 1, ""1"": 199}",1.0,0.045454545454545456,0.08695652173913043,22,0.8944723618090452,1.0,0.9442970822281167,178,0.41700715015321754,0.8702268451530988,0.15298474423529185
bfcl,non_irrelevance,S-only,minxing_row_random,majority_class,True,3,1,800,200,"{""0"": 118, ""1"": 682}","{""0"": 22, ""1"": 178}",0.89,0.5,0.4708994708994709,"[[0, 22], [0, 178]]","{""1"": 200}",0.0,0.0,0.0,22,0.89,1.0,0.9417989417989417,178,0.5,0.89,0.11
bfcl,non_irrelevance,S-only,minxing_row_random,stratified_random,True,3,1,800,200,"{""0"": 118, ""1"": 682}","{""0"": 22, ""1"": 178}",0.76,0.48672114402451483,0.4861913937058445,"[[3, 19], [29, 149]]","{""0"": 32, ""1"": 168}",0.09375,0.13636363636363635,0.1111111111111111,22,0.8869047619047619,0.8370786516853933,0.861271676300578,178,0.48672114402451483,0.8874090422685927,0.10778409090909091
bfcl,non_irrelevance,S-only,minxing_row_random,logistic_regression_standardized,True,3,1,800,200,"{""0"": 118, ""1"": 682}","{""0"": 22, ""1"": 178}",0.885,0.49719101123595505,0.46949602122015915,"[[0, 22], [1, 177]]","{""0"": 1, ""1"": 199}",0.0,0.0,0.0,22,0.8894472361809045,0.9943820224719101,0.9389920424403183,178,0.5150663942798773,0.8852869751328185,0.1610820268315676
bfcl,non_irrelevance,S-only,minxing_row_random,class_weighted_logistic_regression_standardized,True,3,1,800,200,"{""0"": 118, ""1"": 682}","{""0"": 22, ""1"": 178}",0.68,0.601123595505618,0.5259961487187084,"[[11, 11], [53, 125]]","{""0"": 64, ""1"": 136}",0.171875,0.5,0.2558139534883721,22,0.9191176470588235,0.702247191011236,0.7961783439490446,178,0.5242594484167518,0.8864423590121846,0.1547377339654429
bfcl,non_irrelevance,S-only,minxing_row_random,random_forest,True,3,1,800,200,"{""0"": 118, ""1"": 682}","{""0"": 22, ""1"": 178}",0.895,0.5227272727272727,0.5156268019836235,"[[1, 21], [0, 178]]","{""0"": 1, ""1"": 199}",1.0,0.045454545454545456,0.08695652173913043,22,0.8944723618090452,1.0,0.9442970822281167,178,0.39147088866189983,0.8463992177326822,0.1376556466961797
bfcl,non_irrelevance,S-only,minxing_row_random,hist_gradient_boosting,True,3,1,800,200,"{""0"": 118, ""1"": 682}","{""0"": 22, ""1"": 178}",0.88,0.5143003064351379,0.5063759769642122,"[[1, 21], [3, 175]]","{""0"": 4, ""1"": 196}",0.25,0.045454545454545456,0.07692307692307693,22,0.8928571428571429,0.9831460674157303,0.9358288770053476,178,0.36950970377936665,0.8518421927919042,0.10123158183507415
bfcl,non_irrelevance,S-only,minxing_row_random,small_mlp_standardized,True,3,1,800,200,"{""0"": 118, ""1"": 682}","{""0"": 22, ""1"": 178}",0.88,0.5143003064351379,0.5063759769642122,"[[1, 21], [3, 175]]","{""0"": 4, ""1"": 196}",0.25,0.045454545454545456,0.07692307692307693,22,0.8928571428571429,0.9831460674157303,0.9358288770053476,178,0.4037282941777324,0.8578216626663077,0.11789318386554906
bfcl,non_irrelevance,S-only,minxing_row_random,majority_class,True,4,1,800,200,"{""0"": 118, ""1"": 682}","{""0"": 22, ""1"": 178}",0.89,0.5,0.4708994708994709,"[[0, 22], [0, 178]]","{""1"": 200}",0.0,0.0,0.0,22,0.89,1.0,0.9417989417989417,178,0.5,0.89,0.11
bfcl,non_irrelevance,S-only,minxing_row_random,stratified_random,True,4,1,800,200,"{""0"": 118, ""1"": 682}","{""0"": 22, ""1"": 178}",0.76,0.48672114402451483,0.4861913937058445,"[[3, 19], [29, 149]]","{""0"": 32, ""1"": 168}",0.09375,0.13636363636363635,0.1111111111111111,22,0.8869047619047619,0.8370786516853933,0.861271676300578,178,0.48672114402451483,0.8874090422685927,0.10778409090909091
bfcl,non_irrelevance,S-only,minxing_row_random,logistic_regression_standardized,True,4,1,800,200,"{""0"": 118, ""1"": 682}","{""0"": 22, ""1"": 178}",0.885,0.49719101123595505,0.46949602122015915,"[[0, 22], [1, 177]]","{""0"": 1, ""1"": 199}",0.0,0.0,0.0,22,0.8894472361809045,0.9943820224719101,0.9389920424403183,178,0.45684371807967317,0.8829374787862407,0.11501597078148815
bfcl,non_irrelevance,S-only,minxing_row_random,class_weighted_logistic_regression_standardized,True,4,1,800,200,"{""0"": 118, ""1"": 682}","{""0"": 22, ""1"": 178}",0.33,0.4044943820224719,0.2959226565783943,"[[11, 11], [123, 55]]","{""0"": 134, ""1"": 66}",0.08208955223880597,0.5,0.14102564102564102,22,0.8333333333333334,0.3089887640449438,0.45081967213114754,178,0.4318181818181818,0.8797591486406799,0.10788646859762745
bfcl,non_irrelevance,S-only,minxing_row_random,random_forest,True,4,1,800,200,"{""0"": 118, ""1"": 682}","{""0"": 22, ""1"": 178}",0.89,0.5,0.4708994708994709,"[[0, 22], [0, 178]]","{""1"": 200}",0.0,0.0,0.0,22,0.89,1.0,0.9417989417989417,178,0.44509703779366705,0.8741445405644626,0.1368410737915401
bfcl,non_irrelevance,S-only,minxing_row_random,hist_gradient_boosting,True,4,1,800,200,"{""0"": 118, ""1"": 682}","{""0"": 22, ""1"": 178}",0.89,0.5,0.4708994708994709,"[[0, 22], [0, 178]]","{""1"": 200}",0.0,0.0,0.0,22,0.89,1.0,0.9417989417989417,178,0.40985699693564864,0.8660247740025327,0.1322380828017171
bfcl,non_irrelevance,S-only,minxing_row_random,small_mlp_standardized,True,4,1,800,200,"{""0"": 118, ""1"": 682}","{""0"": 22, ""1"": 178}",0.885,0.49719101123595505,0.46949602122015915,"[[0, 22], [1, 177]]","{""0"": 1, ""1"": 199}",0.0,0.0,0.0,22,0.8894472361809045,0.9943820224719101,0.9389920424403183,178,0.4629724208375894,0.8788603686558338,0.13495646990253474
bfcl,non_irrelevance,S-only,minxing_row_random,majority_class,True,5,1,800,200,"{""0"": 118, ""1"": 682}","{""0"": 22, ""1"": 178}",0.89,0.5,0.4708994708994709,"[[0, 22], [0, 178]]","{""1"": 200}",0.0,0.0,0.0,22,0.89,1.0,0.9417989417989417,178,0.5,0.89,0.11
bfcl,non_irrelevance,S-only,minxing_row_random,stratified_random,True,5,1,800,200,"{""0"": 118, ""1"": 682}","{""0"": 22, ""1"": 178}",0.76,0.48672114402451483,0.4861913937058445,"[[3, 19], [29, 149]]","{""0"": 32, ""1"": 168}",0.09375,0.13636363636363635,0.1111111111111111,22,0.8869047619047619,0.8370786516853933,0.861271676300578,178,0.48672114402451483,0.8874090422685927,0.10778409090909091
bfcl,non_irrelevance,S-only,minxing_row_random,logistic_regression_standardized,True,5,1,800,200,"{""0"": 118, ""1"": 682}","{""0"": 22, ""1"": 178}",0.89,0.5,0.4708994708994709,"[[0, 22], [0, 178]]","{""1"": 200}",0.0,0.0,0.0,22,0.89,1.0,0.9417989417989417,178,0.3485699693564862,0.8658312283835169,0.13825321488789935
bfcl,non_irrelevance,S-only,minxing_row_random,class_weighted_logistic_regression_standardized,True,5,1,800,200,"{""0"": 118, ""1"": 682}","{""0"": 22, ""1"": 178}",0.595,0.41394279877425944,0.41471873983886703,"[[4, 18], [63, 115]]","{""0"": 67, ""1"": 133}",0.05970149253731343,0.18181818181818182,0.0898876404494382,22,0.8646616541353384,0.6460674157303371,0.7395498392282959,178,0.34167517875383047,0.8612483978586614,0.09530088425154182
bfcl,non_irrelevance,S-only,minxing_row_random,random_forest,True,5,1,800,200,"{""0"": 118, ""1"": 682}","{""0"": 22, ""1"": 178}",0.89,0.5,0.4708994708994709,"[[0, 22], [0, 178]]","{""1"": 200}",0.0,0.0,0.0,22,0.89,1.0,0.9417989417989417,178,0.47267620020429013,0.8828439155028931,0.14461386842101404
bfcl,non_irrelevance,S-only,minxing_row_random,hist_gradient_boosting,True,5,1,800,200,"{""0"": 118, ""1"": 682}","{""0"": 22, ""1"": 178}",0.89,0.5,0.4708994708994709,"[[0, 22], [0, 178]]","{""1"": 200}",0.0,0.0,0.0,22,0.89,1.0,0.9417989417989417,178,0.39453524004085805,0.8666537162076572,0.10065145462355381
bfcl,non_irrelevance,S-only,minxing_row_random,small_mlp_standardized,True,5,1,800,200,"{""0"": 118, ""1"": 682}","{""0"": 22, ""1"": 178}",0.89,0.5,0.4708994708994709,"[[0, 22], [0, 178]]","{""1"": 200}",0.0,0.0,0.0,22,0.89,1.0,0.9417989417989417,178,0.42032686414708886,0.874255846462601,0.1236501885015533
bfcl,non_irrelevance,S-only,minxing_row_random,majority_class,True,6,1,800,200,"{""0"": 118, ""1"": 682}","{""0"": 22, ""1"": 178}",0.89,0.5,0.4708994708994709,"[[0, 22], [0, 178]]","{""1"": 200}",0.0,0.0,0.0,22,0.89,1.0,0.9417989417989417,178,0.5,0.89,0.11
bfcl,non_irrelevance,S-only,minxing_row_random,stratified_random,True,6,1,800,200,"{""0"": 118, ""1"": 682}","{""0"": 22, ""1"": 178}",0.76,0.48672114402451483,0.4861913937058445,"[[3, 19], [29, 149]]","{""0"": 32, ""1"": 168}",0.09375,0.13636363636363635,0.1111111111111111,22,0.8869047619047619,0.8370786516853933,0.861271676300578,178,0.48672114402451483,0.8874090422685927,0.10778409090909091
bfcl,non_irrelevance,S-only,minxing_row_random,logistic_regression_standardized,True,6,1,800,200,"{""0"": 118, ""1"": 682}","{""0"": 22, ""1"": 178}",0.89,0.5,0.4708994708994709,"[[0, 22], [0, 178]]","{""1"": 200}",0.0,0.0,0.0,22,0.89,1.0,0.9417989417989417,178,0.6823289070480082,0.9364764193951604,0.21890637680971944
bfcl,non_irrelevance,S-only,minxing_row_random,class_weighted_logistic_regression_standardized,True,6,1,800,200,"{""0"": 118, ""1"": 682}","{""0"": 22, ""1"": 178}",0.64,0.6782431052093973,0.5322245322245323,"[[16, 6], [66, 112]]","{""0"": 82, ""1"": 118}",0.1951219512195122,0.7272727272727273,0.3076923076923077,22,0.9491525423728814,0.6292134831460674,0.7567567567567568,178,0.6728804902962208,0.9334244465617191,0.26749357630955795
bfcl,non_irrelevance,S-only,minxing_row_random,random_forest,True,6,1,800,200,"{""0"": 118, ""1"": 682}","{""0"": 22, ""1"": 178}",0.885,0.49719101123595505,0.46949602122015915,"[[0, 22], [1, 177]]","{""0"": 1, ""1"": 199}",0.0,0.0,0.0,22,0.8894472361809045,0.9943820224719101,0.9389920424403183,178,0.7262512768130747,0.9504351678954012,0.24990179166251933
bfcl,non_irrelevance,S-only,minxing_row_random,hist_gradient_boosting,True,6,1,800,200,"{""0"": 118, ""1"": 682}","{""0"": 22, ""1"": 178}",0.89,0.5,0.4708994708994709,"[[0, 22], [0, 178]]","{""1"": 200}",0.0,0.0,0.0,22,0.89,1.0,0.9417989417989417,178,0.7191011235955055,0.9456213863113628,0.24075121898066457
bfcl,non_irrelevance,S-only,minxing_row_random,small_mlp_standardized,True,6,1,800,200,"{""0"": 118, ""1"": 682}","{""0"": 22, ""1"": 178}",0.885,0.49719101123595505,0.46949602122015915,"[[0, 22], [1, 177]]","{""0"": 1, ""1"": 199}",0.0,0.0,0.0,22,0.8894472361809045,0.9943820224719101,0.9389920424403183,178,0.6539836567926456,0.9331855484003568,0.1945114915048875
bfcl,non_irrelevance,S-only,minxing_row_random,majority_class,True,7,1,800,200,"{""0"": 118, ""1"": 682}","{""0"": 22, ""1"": 178}",0.89,0.5,0.4708994708994709,"[[0, 22], [0, 178]]","{""1"": 200}",0.0,0.0,0.0,22,0.89,1.0,0.9417989417989417,178,0.5,0.89,0.11
bfcl,non_irrelevance,S-only,minxing_row_random,stratified_random,True,7,1,800,200,"{""0"": 118, ""1"": 682}","{""0"": 22, ""1"": 178}",0.76,0.48672114402451483,0.4861913937058445,"[[3, 19], [29, 149]]","{""0"": 32, ""1"": 168}",0.09375,0.13636363636363635,0.1111111111111111,22,0.8869047619047619,0.8370786516853933,0.861271676300578,178,0.48672114402451483,0.8874090422685927,0.10778409090909091
bfcl,non_irrelevance,S-only,minxing_row_random,logistic_regression_standardized,True,7,1,800,200,"{""0"": 118, ""1"": 682}","{""0"": 22, ""1"": 178}",0.89,0.5,0.4708994708994709,"[[0, 22], [0, 178]]","{""1"": 200}",0.0,0.0,0.0,22,0.89,1.0,0.9417989417989417,178,0.3935137895812053,0.8560917867168516,0.10113409898966157
bfcl,non_irrelevance,S-only,minxing_row_random,class_weighted_logistic_regression_standardized,True,7,1,800,200,"{""0"": 118, ""1"": 682}","{""0"": 22, ""1"": 178}",0.58,0.46527068437180796,0.43235572374645226,"[[7, 15], [69, 109]]","{""0"": 76, ""1"": 124}",0.09210526315789473,0.3181818181818182,0.14285714285714285,22,0.8790322580645161,0.6123595505617978,0.7218543046357616,178,0.37895812053115424,0.8460491970456668,0.09900435496795147
bfcl,non_irrelevance,S-only,minxing_row_random,random_forest,True,7,1,800,200,"{""0"": 118, ""1"": 682}","{""0"": 22, ""1"": 178}",0.89,0.5,0.4708994708994709,"[[0, 22], [0, 178]]","{""1"": 200}",0.0,0.0,0.0,22,0.89,1.0,0.9417989417989417,178,0.33835546475995915,0.8299303470421541,0.09107622214911419
bfcl,non_irrelevance,S-only,minxing_row_random,hist_gradient_boosting,True,7,1,800,200,"{""0"": 118, ""1"": 682}","{""0"": 22, ""1"": 178}",0.89,0.5,0.4708994708994709,"[[0, 22], [0, 178]]","{""1"": 200}",0.0,0.0,0.0,22,0.89,1.0,0.9417989417989417,178,0.36261491317671096,0.8373368367231077,0.09448540487647865
bfcl,non_irrelevance,S-only,minxing_row_random,small_mlp_standardized,True,7,1,800,200,"{""0"": 118, ""1"": 682}","{""0"": 22, ""1"": 178}",0.87,0.4887640449438202,0.46524064171123,"[[0, 22], [4, 174]]","{""0"": 4, ""1"": 196}",0.0,0.0,0.0,22,0.8877551020408163,0.9775280898876404,0.93048128342246,178,0.3516343207354444,0.831796616136327,0.09392335381115945
bfcl,non_irrelevance,S-only,minxing_row_random,majority_class,True,8,1,800,200,"{""0"": 118, ""1"": 682}","{""0"": 22, ""1"": 178}",0.89,0.5,0.4708994708994709,"[[0, 22], [0, 178]]","{""1"": 200}",0.0,0.0,0.0,22,0.89,1.0,0.9417989417989417,178,0.5,0.89,0.11
bfcl,non_irrelevance,S-only,minxing_row_random,stratified_random,True,8,1,800,200,"{""0"": 118, ""1"": 682}","{""0"": 22, ""1"": 178}",0.76,0.48672114402451483,0.4861913937058445,"[[3, 19], [29, 149]]","{""0"": 32, ""1"": 168}",0.09375,0.13636363636363635,0.1111111111111111,22,0.8869047619047619,0.8370786516853933,0.861271676300578,178,0.48672114402451483,0.8874090422685927,0.10778409090909091
bfcl,non_irrelevance,S-only,minxing_row_random,logistic_regression_standardized,True,8,1,800,200,"{""0"": 118, ""1"": 682}","{""0"": 22, ""1"": 178}",0.89,0.5,0.4708994708994709,"[[0, 22], [0, 178]]","{""1"": 200}",0.0,0.0,0.0,22,0.89,1.0,0.9417989417989417,178,0.4920837589376915,0.8777104126067524,0.14795299571799347
bfcl,non_irrelevance,S-only,minxing_row_random,class_weighted_logistic_regression_standardized,True,8,1,800,200,"{""0"": 118, ""1"": 682}","{""0"": 22, ""1"": 178}",0.455,0.49463738508682326,0.3861057137225085,"[[12, 10], [99, 79]]","{""0"": 111, ""1"": 89}",0.10810810810810811,0.5454545454545454,0.18045112781954886,22,0.8876404494382022,0.4438202247191011,0.5917602996254682,178,0.4923391215526047,0.8751559556439839,0.15858462540481544
bfcl,non_irrelevance,S-only,minxing_row_random,random_forest,True,8,1,800,200,"{""0"": 118, ""1"": 682}","{""0"": 22, ""1"": 178}",0.89,0.5,0.4708994708994709,"[[0, 22], [0, 178]]","{""1"": 200}",0.0,0.0,0.0,22,0.89,1.0,0.9417989417989417,178,0.49336057201225736,0.8889351551466885,0.13456543632617127
bfcl,non_irrelevance,S-only,minxing_row_random,hist_gradient_boosting,True,8,1,800,200,"{""0"": 118, ""1"": 682}","{""0"": 22, ""1"": 178}",0.89,0.5,0.4708994708994709,"[[0, 22], [0, 178]]","{""1"": 200}",0.0,0.0,0.0,22,0.89,1.0,0.9417989417989417,178,0.4844228804902962,0.9069042939764017,0.12576962711470815
bfcl,non_irrelevance,S-only,minxing_row_random,small_mlp_standardized,True,8,1,800,200,"{""0"": 118, ""1"": 682}","{""0"": 22, ""1"": 178}",0.89,0.5,0.4708994708994709,"[[0, 22], [0, 178]]","{""1"": 200}",0.0,0.0,0.0,22,0.89,1.0,0.9417989417989417,178,0.47446373850868234,0.880416473507611,0.12551892213722704
bfcl,non_irrelevance,S-only,minxing_row_random,majority_class,True,9,1,800,200,"{""0"": 118, ""1"": 682}","{""0"": 22, ""1"": 178}",0.89,0.5,0.4708994708994709,"[[0, 22], [0, 178]]","{""1"": 200}",0.0,0.0,0.0,22,0.89,1.0,0.9417989417989417,178,0.5,0.89,0.11
bfcl,non_irrelevance,S-only,minxing_row_random,stratified_random,True,9,1,800,200,"{""0"": 118, ""1"": 682}","{""0"": 22, ""1"": 178}",0.76,0.48672114402451483,0.4861913937058445,"[[3, 19], [29, 149]]","{""0"": 32, ""1"": 168}",0.09375,0.13636363636363635,0.1111111111111111,22,0.8869047619047619,0.8370786516853933,0.861271676300578,178,0.48672114402451483,0.8874090422685927,0.10778409090909091
bfcl,non_irrelevance,S-only,minxing_row_random,logistic_regression_standardized,True,9,1,800,200,"{""0"": 118, ""1"": 682}","{""0"": 22, ""1"": 178}",0.885,0.49719101123595505,0.46949602122015915,"[[0, 22], [1, 177]]","{""0"": 1, ""1"": 199}",0.0,0.0,0.0,22,0.8894472361809045,0.9943820224719101,0.9389920424403183,178,0.36618998978549544,0.8503010765800205,0.09658319893571257
bfcl,non_irrelevance,S-only,minxing_row_random,class_weighted_logistic_regression_standardized,True,9,1,800,200,"{""0"": 118, ""1"": 682}","{""0"": 22, ""1"": 178}",0.355,0.3787027579162411,0.30628377833346776,"[[9, 13], [116, 62]]","{""0"": 125, ""1"": 75}",0.072,0.4090909090909091,0.12244897959183673,22,0.8266666666666667,0.34831460674157305,0.4901185770750988,178,0.3557201225740551,0.8489065617886842,0.0913019781112752
bfcl,non_irrelevance,S-only,minxing_row_random,random_forest,True,9,1,800,200,"{""0"": 118, ""1"": 682}","{""0"": 22, ""1"": 178}",0.88,0.4943820224719101,0.46808510638297873,"[[0, 22], [2, 176]]","{""0"": 2, ""1"": 198}",0.0,0.0,0.0,22,0.8888888888888888,0.9887640449438202,0.9361702127659575,178,0.36006128702757917,0.8618337972239478,0.0893289885795264
bfcl,non_irrelevance,S-only,minxing_row_random,hist_gradient_boosting,True,9,1,800,200,"{""0"": 118, ""1"": 682}","{""0"": 22, ""1"": 178}",0.88,0.4943820224719101,0.46808510638297873,"[[0, 22], [2, 176]]","{""0"": 2, ""1"": 198}",0.0,0.0,0.0,22,0.8888888888888888,0.9887640449438202,0.9361702127659575,178,0.36338100102145043,0.8589908567792934,0.09106623856070148
bfcl,non_irrelevance,S-only,minxing_row_random,small_mlp_standardized,True,9,1,800,200,"{""0"": 118, ""1"": 682}","{""0"": 22, ""1"": 178}",0.87,0.4887640449438202,0.46524064171123,"[[0, 22], [4, 174]]","{""0"": 4, ""1"": 196}",0.0,0.0,0.0,22,0.8877551020408163,0.9775280898876404,0.93048128342246,178,0.32405515832482124,0.842038025964386,0.08650671528527887
bfcl,non_irrelevance,X+S,minxing_row_random,majority_class,False,,1,800,200,"{""0"": 118, ""1"": 682}","{""0"": 22, ""1"": 178}",0.89,0.5,0.4708994708994709,"[[0, 22], [0, 178]]","{""1"": 200}",0.0,0.0,0.0,22,0.89,1.0,0.9417989417989417,178,0.5,0.89,0.11
bfcl,non_irrelevance,X+S,minxing_row_random,stratified_random,False,,1,800,200,"{""0"": 118, ""1"": 682}","{""0"": 22, ""1"": 178}",0.76,0.48672114402451483,0.4861913937058445,"[[3, 19], [29, 149]]","{""0"": 32, ""1"": 168}",0.09375,0.13636363636363635,0.1111111111111111,22,0.8869047619047619,0.8370786516853933,0.861271676300578,178,0.48672114402451483,0.8874090422685927,0.10778409090909091
bfcl,non_irrelevance,X+S,minxing_row_random,logistic_regression_standardized,False,,1,800,200,"{""0"": 118, ""1"": 682}","{""0"": 22, ""1"": 178}",0.91,0.6108273748723186,0.6543778801843319,"[[5, 17], [1, 177]]","{""0"": 6, ""1"": 194}",0.8333333333333334,0.22727272727272727,0.35714285714285715,22,0.9123711340206185,0.9943820224719101,0.9516129032258065,178,0.7694075587334014,0.9586730765483555,0.41613557865026446
bfcl,non_irrelevance,X+S,minxing_row_random,class_weighted_logistic_regression_standardized,False,,1,800,200,"{""0"": 118, ""1"": 682}","{""0"": 22, ""1"": 178}",0.715,0.6606230847803882,0.5667211432480712,"[[13, 9], [48, 130]]","{""0"": 61, ""1"": 139}",0.21311475409836064,0.5909090909090909,0.3132530120481928,22,0.935251798561151,0.7303370786516854,0.8201892744479495,178,0.7520429009193054,0.9562326978212479,0.38466819962294524
bfcl,non_irrelevance,X+S,minxing_row_random,random_forest,False,,1,800,200,"{""0"": 118, ""1"": 682}","{""0"": 22, ""1"": 178}",0.9,0.5653728294177732,0.5886466474701769,"[[3, 19], [1, 177]]","{""0"": 4, ""1"": 196}",0.75,0.13636363636363635,0.23076923076923078,22,0.9030612244897959,0.9943820224719101,0.946524064171123,178,0.7704290091930541,0.9560195463225276,0.43874142646124814
bfcl,non_irrelevance,X+S,minxing_row_random,hist_gradient_boosting,False,,1,800,200,"{""0"": 118, ""1"": 682}","{""0"": 22, ""1"": 178}",0.895,0.582482124616956,0.6096291476903057,"[[4, 18], [3, 175]]","{""0"": 7, ""1"": 193}",0.5714285714285714,0.18181818181818182,0.27586206896551724,22,0.9067357512953368,0.9831460674157303,0.9433962264150944,178,0.8222676200204291,0.9715221476121817,0.44580947665857157
bfcl,non_irrelevance,X+S,minxing_row_random,small_mlp_standardized,False,,1,800,200,"{""0"": 118, ""1"": 682}","{""0"": 22, ""1"": 178}",0.89,0.599591419816139,0.6263586956521738,"[[5, 17], [5, 173]]","{""0"": 10, ""1"": 190}",0.5,0.22727272727272727,0.3125,22,0.9105263157894737,0.9719101123595506,0.9402173913043478,178,0.7022471910112359,0.941057512337693,0.39148973839537893
bfcl,non_irrelevance,X+S,minxing_row_random,majority_class,True,0,1,800,200,"{""0"": 118, ""1"": 682}","{""0"": 22, ""1"": 178}",0.89,0.5,0.4708994708994709,"[[0, 22], [0, 178]]","{""1"": 200}",0.0,0.0,0.0,22,0.89,1.0,0.9417989417989417,178,0.5,0.89,0.11
bfcl,non_irrelevance,X+S,minxing_row_random,stratified_random,True,0,1,800,200,"{""0"": 118, ""1"": 682}","{""0"": 22, ""1"": 178}",0.76,0.48672114402451483,0.4861913937058445,"[[3, 19], [29, 149]]","{""0"": 32, ""1"": 168}",0.09375,0.13636363636363635,0.1111111111111111,22,0.8869047619047619,0.8370786516853933,0.861271676300578,178,0.48672114402451483,0.8874090422685927,0.10778409090909091
bfcl,non_irrelevance,X+S,minxing_row_random,logistic_regression_standardized,True,0,1,800,200,"{""0"": 118, ""1"": 682}","{""0"": 22, ""1"": 178}",0.89,0.5199182839632278,0.5124113475177305,"[[1, 21], [1, 177]]","{""0"": 2, ""1"": 198}",0.5,0.045454545454545456,0.08333333333333333,22,0.8939393939393939,0.9943820224719101,0.9414893617021277,178,0.4777834525025536,0.8745498249286238,0.1525398473961716
bfcl,non_irrelevance,X+S,minxing_row_random,class_weighted_logistic_regression_standardized,True,0,1,800,200,"{""0"": 118, ""1"": 682}","{""0"": 22, ""1"": 178}",0.54,0.482635342185904,0.4231974921630094,"[[9, 13], [79, 99]]","{""0"": 88, ""1"": 112}",0.10227272727272728,0.4090909090909091,0.16363636363636364,22,0.8839285714285714,0.5561797752808989,0.6827586206896552,178,0.4780388151174668,0.8760952523432498,0.15361481137240118
bfcl,non_irrelevance,X+S,minxing_row_random,random_forest,True,0,1,800,200,"{""0"": 118, ""1"": 682}","{""0"": 22, ""1"": 178}",0.89,0.5,0.4708994708994709,"[[0, 22], [0, 178]]","{""1"": 200}",0.0,0.0,0.0,22,0.89,1.0,0.9417989417989417,178,0.5337078651685394,0.9059305305595604,0.11981675156917805
bfcl,non_irrelevance,X+S,minxing_row_random,hist_gradient_boosting,True,0,1,800,200,"{""0"": 118, ""1"": 682}","{""0"": 22, ""1"": 178}",0.875,0.49157303370786515,0.4666666666666667,"[[0, 22], [3, 175]]","{""0"": 3, ""1"": 197}",0.0,0.0,0.0,22,0.8883248730964467,0.9831460674157303,0.9333333333333333,178,0.4974463738508682,0.9045469366263603,0.10634886311387126
bfcl,non_irrelevance,X+S,minxing_row_random,small_mlp_standardized,True,0,1,800,200,"{""0"": 118, ""1"": 682}","{""0"": 22, ""1"": 178}",0.87,0.508682328907048,0.500768049155146,"[[1, 21], [5, 173]]","{""0"": 6, ""1"": 194}",0.16666666666666666,0.045454545454545456,0.07142857142857142,22,0.8917525773195877,0.9719101123595506,0.9301075268817204,178,0.4770173646578141,0.8731466046906546,0.16260483546385138
bfcl,non_irrelevance,X+S,minxing_row_random,majority_class,True,1,1,800,200,"{""0"": 118, ""1"": 682}","{""0"": 22, ""1"": 178}",0.89,0.5,0.4708994708994709,"[[0, 22], [0, 178]]","{""1"": 200}",0.0,0.0,0.0,22,0.89,1.0,0.9417989417989417,178,0.5,0.89,0.11
bfcl,non_irrelevance,X+S,minxing_row_random,stratified_random,True,1,1,800,200,"{""0"": 118, ""1"": 682}","{""0"": 22, ""1"": 178}",0.76,0.48672114402451483,0.4861913937058445,"[[3, 19], [29, 149]]","{""0"": 32, ""1"": 168}",0.09375,0.13636363636363635,0.1111111111111111,22,0.8869047619047619,0.8370786516853933,0.861271676300578,178,0.48672114402451483,0.8874090422685927,0.10778409090909091
bfcl,non_irrelevance,X+S,minxing_row_random,logistic_regression_standardized,True,1,1,800,200,"{""0"": 118, ""1"": 682}","{""0"": 22, ""1"": 178}",0.885,0.49719101123595505,0.46949602122015915,"[[0, 22], [1, 177]]","{""0"": 1, ""1"": 199}",0.0,0.0,0.0,22,0.8894472361809045,0.9943820224719101,0.9389920424403183,178,0.5002553626149132,0.8782169898956446,0.11835336393662713
bfcl,non_irrelevance,X+S,minxing_row_random,class_weighted_logistic_regression_standardized,True,1,1,800,200,"{""0"": 118, ""1"": 682}","{""0"": 22, ""1"": 178}",0.625,0.5303881511746681,0.4746243564148366,"[[9, 13], [62, 116]]","{""0"": 71, ""1"": 129}",0.1267605633802817,0.4090909090909091,0.1935483870967742,22,0.8992248062015504,0.651685393258427,0.755700325732899,178,0.4862104187946884,0.8706141364389934,0.11627914706758438
bfcl,non_irrelevance,X+S,minxing_row_random,random_forest,True,1,1,800,200,"{""0"": 118, ""1"": 682}","{""0"": 22, ""1"": 178}",0.885,0.49719101123595505,0.46949602122015915,"[[0, 22], [1, 177]]","{""0"": 1, ""1"": 199}",0.0,0.0,0.0,22,0.8894472361809045,0.9943820224719101,0.9389920424403183,178,0.4813585291113381,0.9006273479447242,0.10283098220671996
bfcl,non_irrelevance,X+S,minxing_row_random,hist_gradient_boosting,True,1,1,800,200,"{""0"": 118, ""1"": 682}","{""0"": 22, ""1"": 178}",0.88,0.4943820224719101,0.46808510638297873,"[[0, 22], [2, 176]]","{""0"": 2, ""1"": 198}",0.0,0.0,0.0,22,0.8888888888888888,0.9887640449438202,0.9361702127659575,178,0.5339632277834525,0.910922246535255,0.11446674137210591
bfcl,non_irrelevance,X+S,minxing_row_random,small_mlp_standardized,True,1,1,800,200,"{""0"": 118, ""1"": 682}","{""0"": 22, ""1"": 178}",0.855,0.4803370786516854,0.4609164420485175,"[[0, 22], [7, 171]]","{""0"": 7, ""1"": 193}",0.0,0.0,0.0,22,0.8860103626943006,0.9606741573033708,0.921832884097035,178,0.4065372829417773,0.8545231080861724,0.10219966448442735
bfcl,non_irrelevance,X+S,minxing_row_random,majority_class,True,2,1,800,200,"{""0"": 118, ""1"": 682}","{""0"": 22, ""1"": 178}",0.89,0.5,0.4708994708994709,"[[0, 22], [0, 178]]","{""1"": 200}",0.0,0.0,0.0,22,0.89,1.0,0.9417989417989417,178,0.5,0.89,0.11
bfcl,non_irrelevance,X+S,minxing_row_random,stratified_random,True,2,1,800,200,"{""0"": 118, ""1"": 682}","{""0"": 22, ""1"": 178}",0.76,0.48672114402451483,0.4861913937058445,"[[3, 19], [29, 149]]","{""0"": 32, ""1"": 168}",0.09375,0.13636363636363635,0.1111111111111111,22,0.8869047619047619,0.8370786516853933,0.861271676300578,178,0.48672114402451483,0.8874090422685927,0.10778409090909091
bfcl,non_irrelevance,X+S,minxing_row_random,logistic_regression_standardized,True,2,1,800,200,"{""0"": 118, ""1"": 682}","{""0"": 22, ""1"": 178}",0.89,0.5,0.4708994708994709,"[[0, 22], [0, 178]]","{""1"": 200}",0.0,0.0,0.0,22,0.89,1.0,0.9417989417989417,178,0.47216547497446376,0.8783456124606419,0.12210448743255281
bfcl,non_irrelevance,X+S,minxing_row_random,class_weighted_logistic_regression_standardized,True,2,1,800,200,"{""0"": 118, ""1"": 682}","{""0"": 22, ""1"": 178}",0.55,0.5280898876404494,0.4419642857142857,"[[11, 11], [79, 99]]","{""0"": 90, ""1"": 110}",0.12222222222222222,0.5,0.19642857142857142,22,0.9,0.5561797752808989,0.6875,178,0.488508682328907,0.8845618663107832,0.13395510288094364
bfcl,non_irrelevance,X+S,minxing_row_random,random_forest,True,2,1,800,200,"{""0"": 118, ""1"": 682}","{""0"": 22, ""1"": 178}",0.885,0.49719101123595505,0.46949602122015915,"[[0, 22], [1, 177]]","{""0"": 1, ""1"": 199}",0.0,0.0,0.0,22,0.8894472361809045,0.9943820224719101,0.9389920424403183,178,0.4836567926455567,0.8985562179681625,0.12659020151567482
bfcl,non_irrelevance,X+S,minxing_row_random,hist_gradient_boosting,True,2,1,800,200,"{""0"": 118, ""1"": 682}","{""0"": 22, ""1"": 178}",0.87,0.4887640449438202,0.46524064171123,"[[0, 22], [4, 174]]","{""0"": 4, ""1"": 196}",0.0,0.0,0.0,22,0.8877551020408163,0.9775280898876404,0.93048128342246,178,0.5393258426966292,0.8982074114381553,0.14045086703507492
bfcl,non_irrelevance,X+S,minxing_row_random,small_mlp_standardized,True,2,1,800,200,"{""0"": 118, ""1"": 682}","{""0"": 22, ""1"": 178}",0.87,0.508682328907048,0.500768049155146,"[[1, 21], [5, 173]]","{""0"": 6, ""1"": 194}",0.16666666666666666,0.045454545454545456,0.07142857142857142,22,0.8917525773195877,0.9719101123595506,0.9301075268817204,178,0.4489274770173647,0.8764250717651949,0.11962280839336133
bfcl,non_irrelevance,X+S,minxing_row_random,majority_class,True,3,1,800,200,"{""0"": 118, ""1"": 682}","{""0"": 22, ""1"": 178}",0.89,0.5,0.4708994708994709,"[[0, 22], [0, 178]]","{""1"": 200}",0.0,0.0,0.0,22,0.89,1.0,0.9417989417989417,178,0.5,0.89,0.11
bfcl,non_irrelevance,X+S,minxing_row_random,stratified_random,True,3,1,800,200,"{""0"": 118, ""1"": 682}","{""0"": 22, ""1"": 178}",0.76,0.48672114402451483,0.4861913937058445,"[[3, 19], [29, 149]]","{""0"": 32, ""1"": 168}",0.09375,0.13636363636363635,0.1111111111111111,22,0.8869047619047619,0.8370786516853933,0.861271676300578,178,0.48672114402451483,0.8874090422685927,0.10778409090909091
bfcl,non_irrelevance,X+S,minxing_row_random,logistic_regression_standardized,True,3,1,800,200,"{""0"": 118, ""1"": 682}","{""0"": 22, ""1"": 178}",0.895,0.5227272727272727,0.5156268019836235,"[[1, 21], [0, 178]]","{""0"": 1, ""1"": 199}",1.0,0.045454545454545456,0.08695652173913043,22,0.8944723618090452,1.0,0.9442970822281167,178,0.5194075587334015,0.8745482411000596,0.18312118627041957
bfcl,non_irrelevance,X+S,minxing_row_random,class_weighted_logistic_regression_standardized,True,3,1,800,200,"{""0"": 118, ""1"": 682}","{""0"": 22, ""1"": 178}",0.53,0.5168539325842696,0.4293346284604177,"[[11, 11], [83, 95]]","{""0"": 94, ""1"": 106}",0.11702127659574468,0.5,0.1896551724137931,22,0.8962264150943396,0.5337078651685393,0.6690140845070423,178,0.4946373850868233,0.870741641006304,0.1730211158470064
bfcl,non_irrelevance,X+S,minxing_row_random,random_forest,True,3,1,800,200,"{""0"": 118, ""1"": 682}","{""0"": 22, ""1"": 178}",0.89,0.5,0.4708994708994709,"[[0, 22], [0, 178]]","{""1"": 200}",0.0,0.0,0.0,22,0.89,1.0,0.9417989417989417,178,0.44560776302349336,0.879210861232774,0.1410193476289669
bfcl,non_irrelevance,X+S,minxing_row_random,hist_gradient_boosting,True,3,1,800,200,"{""0"": 118, ""1"": 682}","{""0"": 22, ""1"": 178}",0.87,0.4887640449438202,0.46524064171123,"[[0, 22], [4, 174]]","{""0"": 4, ""1"": 196}",0.0,0.0,0.0,22,0.8877551020408163,0.9775280898876404,0.93048128342246,178,0.5071501532175688,0.8917852720926136,0.11177133957507296
bfcl,non_irrelevance,X+S,minxing_row_random,small_mlp_standardized,True,3,1,800,200,"{""0"": 118, ""1"": 682}","{""0"": 22, ""1"": 178}",0.815,0.45786516853932585,0.4490358126721763,"[[0, 22], [15, 163]]","{""0"": 15, ""1"": 185}",0.0,0.0,0.0,22,0.8810810810810811,0.9157303370786517,0.8980716253443526,178,0.3521450459652707,0.8412200287033509,0.08474247860760833
bfcl,non_irrelevance,X+S,minxing_row_random,majority_class,True,4,1,800,200,"{""0"": 118, ""1"": 682}","{""0"": 22, ""1"": 178}",0.89,0.5,0.4708994708994709,"[[0, 22], [0, 178]]","{""1"": 200}",0.0,0.0,0.0,22,0.89,1.0,0.9417989417989417,178,0.5,0.89,0.11
bfcl,non_irrelevance,X+S,minxing_row_random,stratified_random,True,4,1,800,200,"{""0"": 118, ""1"": 682}","{""0"": 22, ""1"": 178}",0.76,0.48672114402451483,0.4861913937058445,"[[3, 19], [29, 149]]","{""0"": 32, ""1"": 168}",0.09375,0.13636363636363635,0.1111111111111111,22,0.8869047619047619,0.8370786516853933,0.861271676300578,178,0.48672114402451483,0.8874090422685927,0.10778409090909091
bfcl,non_irrelevance,X+S,minxing_row_random,logistic_regression_standardized,True,4,1,800,200,"{""0"": 118, ""1"": 682}","{""0"": 22, ""1"": 178}",0.89,0.5,0.4708994708994709,"[[0, 22], [0, 178]]","{""1"": 200}",0.0,0.0,0.0,22,0.89,1.0,0.9417989417989417,178,0.4936159346271706,0.895210263022644,0.12040902410705498
bfcl,non_irrelevance,X+S,minxing_row_random,class_weighted_logistic_regression_standardized,True,4,1,800,200,"{""0"": 118, ""1"": 682}","{""0"": 22, ""1"": 178}",0.55,0.5081716036772217,0.4357366771159875,"[[10, 12], [78, 100]]","{""0"": 88, ""1"": 112}",0.11363636363636363,0.45454545454545453,0.18181818181818182,22,0.8928571428571429,0.5617977528089888,0.6896551724137931,178,0.4974463738508683,0.8961634726784542,0.130196655297051
bfcl,non_irrelevance,X+S,minxing_row_random,random_forest,True,4,1,800,200,"{""0"": 118, ""1"": 682}","{""0"": 22, ""1"": 178}",0.89,0.5,0.4708994708994709,"[[0, 22], [0, 178]]","{""1"": 200}",0.0,0.0,0.0,22,0.89,1.0,0.9417989417989417,178,0.6159346271705822,0.9344901475798459,0.1617326750692429
bfcl,non_irrelevance,X+S,minxing_row_random,hist_gradient_boosting,True,4,1,800,200,"{""0"": 118, ""1"": 682}","{""0"": 22, ""1"": 178}",0.88,0.5143003064351379,0.5063759769642122,"[[1, 21], [3, 175]]","{""0"": 4, ""1"": 196}",0.25,0.045454545454545456,0.07692307692307693,22,0.8928571428571429,0.9831460674157303,0.9358288770053476,178,0.5919305413687436,0.9129880690039807,0.18069440274470597
bfcl,non_irrelevance,X+S,minxing_row_random,small_mlp_standardized,True,4,1,800,200,"{""0"": 118, ""1"": 682}","{""0"": 22, ""1"": 178}",0.88,0.5143003064351379,0.5063759769642122,"[[1, 21], [3, 175]]","{""0"": 4, ""1"": 196}",0.25,0.045454545454545456,0.07692307692307693,22,0.8928571428571429,0.9831460674157303,0.9358288770053476,178,0.5640960163432073,0.9112330795836177,0.16810310465978456
bfcl,non_irrelevance,X+S,minxing_row_random,majority_class,True,5,1,800,200,"{""0"": 118, ""1"": 682}","{""0"": 22, ""1"": 178}",0.89,0.5,0.4708994708994709,"[[0, 22], [0, 178]]","{""1"": 200}",0.0,0.0,0.0,22,0.89,1.0,0.9417989417989417,178,0.5,0.89,0.11
bfcl,non_irrelevance,X+S,minxing_row_random,stratified_random,True,5,1,800,200,"{""0"": 118, ""1"": 682}","{""0"": 22, ""1"": 178}",0.76,0.48672114402451483,0.4861913937058445,"[[3, 19], [29, 149]]","{""0"": 32, ""1"": 168}",0.09375,0.13636363636363635,0.1111111111111111,22,0.8869047619047619,0.8370786516853933,0.861271676300578,178,0.48672114402451483,0.8874090422685927,0.10778409090909091
bfcl,non_irrelevance,X+S,minxing_row_random,logistic_regression_standardized,True,5,1,800,200,"{""0"": 118, ""1"": 682}","{""0"": 22, ""1"": 178}",0.89,0.5,0.4708994708994709,"[[0, 22], [0, 178]]","{""1"": 200}",0.0,0.0,0.0,22,0.89,1.0,0.9417989417989417,178,0.4004085801838611,0.8715125044321747,0.11679628250337121
bfcl,non_irrelevance,X+S,minxing_row_random,class_weighted_logistic_regression_standardized,True,5,1,800,200,"{""0"": 118, ""1"": 682}","{""0"": 22, ""1"": 178}",0.55,0.40858018386108275,0.39999999999999997,"[[5, 17], [73, 105]]","{""0"": 78, ""1"": 122}",0.0641025641025641,0.22727272727272727,0.1,22,0.860655737704918,0.5898876404494382,0.7,178,0.3861082737487232,0.8652467780690862,0.09368400840113258
bfcl,non_irrelevance,X+S,minxing_row_random,random_forest,True,5,1,800,200,"{""0"": 118, ""1"": 682}","{""0"": 22, ""1"": 178}",0.89,0.5,0.4708994708994709,"[[0, 22], [0, 178]]","{""1"": 200}",0.0,0.0,0.0,22,0.89,1.0,0.9417989417989417,178,0.5074055158324821,0.8926749488840242,0.11843026840627732
bfcl,non_irrelevance,X+S,minxing_row_random,hist_gradient_boosting,True,5,1,800,200,"{""0"": 118, ""1"": 682}","{""0"": 22, ""1"": 178}",0.865,0.5058733401430031,0.4980946184589646,"[[1, 21], [6, 172]]","{""0"": 7, ""1"": 193}",0.14285714285714285,0.045454545454545456,0.06896551724137931,22,0.8911917098445595,0.9662921348314607,0.9272237196765498,178,0.4834014300306435,0.8900435147355571,0.11783095185011852
bfcl,non_irrelevance,X+S,minxing_row_random,small_mlp_standardized,True,5,1,800,200,"{""0"": 118, ""1"": 682}","{""0"": 22, ""1"": 178}",0.855,0.5002553626149132,0.49296267156219953,"[[1, 21], [8, 170]]","{""0"": 9, ""1"": 191}",0.1111111111111111,0.045454545454545456,0.06451612903225806,22,0.8900523560209425,0.9550561797752809,0.9214092140921409,178,0.43641470888661904,0.8769480092674112,0.11389492772982096
bfcl,non_irrelevance,X+S,minxing_row_random,majority_class,True,6,1,800,200,"{""0"": 118, ""1"": 682}","{""0"": 22, ""1"": 178}",0.89,0.5,0.4708994708994709,"[[0, 22], [0, 178]]","{""1"": 200}",0.0,0.0,0.0,22,0.89,1.0,0.9417989417989417,178,0.5,0.89,0.11
bfcl,non_irrelevance,X+S,minxing_row_random,stratified_random,True,6,1,800,200,"{""0"": 118, ""1"": 682}","{""0"": 22, ""1"": 178}",0.76,0.48672114402451483,0.4861913937058445,"[[3, 19], [29, 149]]","{""0"": 32, ""1"": 168}",0.09375,0.13636363636363635,0.1111111111111111,22,0.8869047619047619,0.8370786516853933,0.861271676300578,178,0.48672114402451483,0.8874090422685927,0.10778409090909091
bfcl,non_irrelevance,X+S,minxing_row_random,logistic_regression_standardized,True,6,1,800,200,"{""0"": 118, ""1"": 682}","{""0"": 22, ""1"": 178}",0.885,0.49719101123595505,0.46949602122015915,"[[0, 22], [1, 177]]","{""0"": 1, ""1"": 199}",0.0,0.0,0.0,22,0.8894472361809045,0.9943820224719101,0.9389920424403183,178,0.5199182839632277,0.8940929198430814,0.14866614294988328
bfcl,non_irrelevance,X+S,minxing_row_random,class_weighted_logistic_regression_standardized,True,6,1,800,200,"{""0"": 118, ""1"": 682}","{""0"": 22, ""1"": 178}",0.62,0.5674157303370786,0.4864170833896473,"[[11, 11], [65, 113]]","{""0"": 76, ""1"": 124}",0.14473684210526316,0.5,0.22448979591836735,22,0.9112903225806451,0.6348314606741573,0.7483443708609272,178,0.5324310520939735,0.9004311600940337,0.15291635801232534
bfcl,non_irrelevance,X+S,minxing_row_random,random_forest,True,6,1,800,200,"{""0"": 118, ""1"": 682}","{""0"": 22, ""1"": 178}",0.885,0.49719101123595505,0.46949602122015915,"[[0, 22], [1, 177]]","{""0"": 1, ""1"": 199}",0.0,0.0,0.0,22,0.8894472361809045,0.9943820224719101,0.9389920424403183,178,0.6376404494382022,0.9395831978156706,0.16370391243106241
bfcl,non_irrelevance,X+S,minxing_row_random,hist_gradient_boosting,True,6,1,800,200,"{""0"": 118, ""1"": 682}","{""0"": 22, ""1"": 178}",0.87,0.508682328907048,0.500768049155146,"[[1, 21], [5, 173]]","{""0"": 6, ""1"": 194}",0.16666666666666666,0.045454545454545456,0.07142857142857142,22,0.8917525773195877,0.9719101123595506,0.9301075268817204,178,0.5462206332992849,0.9216401108384447,0.1261832593142196
bfcl,non_irrelevance,X+S,minxing_row_random,small_mlp_standardized,True,6,1,800,200,"{""0"": 118, ""1"": 682}","{""0"": 22, ""1"": 178}",0.875,0.5712461695607763,0.587152175708034,"[[4, 18], [7, 171]]","{""0"": 11, ""1"": 189}",0.36363636363636365,0.18181818181818182,0.24242424242424243,22,0.9047619047619048,0.9606741573033708,0.9318801089918256,178,0.5648621041879468,0.9153158339110332,0.20318882496406537
bfcl,non_irrelevance,X+S,minxing_row_random,majority_class,True,7,1,800,200,"{""0"": 118, ""1"": 682}","{""0"": 22, ""1"": 178}",0.89,0.5,0.4708994708994709,"[[0, 22], [0, 178]]","{""1"": 200}",0.0,0.0,0.0,22,0.89,1.0,0.9417989417989417,178,0.5,0.89,0.11
bfcl,non_irrelevance,X+S,minxing_row_random,stratified_random,True,7,1,800,200,"{""0"": 118, ""1"": 682}","{""0"": 22, ""1"": 178}",0.76,0.48672114402451483,0.4861913937058445,"[[3, 19], [29, 149]]","{""0"": 32, ""1"": 168}",0.09375,0.13636363636363635,0.1111111111111111,22,0.8869047619047619,0.8370786516853933,0.861271676300578,178,0.48672114402451483,0.8874090422685927,0.10778409090909091
bfcl,non_irrelevance,X+S,minxing_row_random,logistic_regression_standardized,True,7,1,800,200,"{""0"": 118, ""1"": 682}","{""0"": 22, ""1"": 178}",0.89,0.5,0.4708994708994709,"[[0, 22], [0, 178]]","{""1"": 200}",0.0,0.0,0.0,22,0.89,1.0,0.9417989417989417,178,0.4560776302349336,0.858989659119916,0.12664049001574343
bfcl,non_irrelevance,X+S,minxing_row_random,class_weighted_logistic_regression_standardized,True,7,1,800,200,"{""0"": 118, ""1"": 682}","{""0"": 22, ""1"": 178}",0.525,0.4542900919305414,0.40771221048037654,"[[8, 14], [81, 97]]","{""0"": 89, ""1"": 111}",0.0898876404494382,0.36363636363636365,0.14414414414414414,22,0.8738738738738738,0.5449438202247191,0.671280276816609,178,0.42415730337078655,0.8506246657904801,0.11234619172152918
bfcl,non_irrelevance,X+S,minxing_row_random,random_forest,True,7,1,800,200,"{""0"": 118, ""1"": 682}","{""0"": 22, ""1"": 178}",0.89,0.5,0.4708994708994709,"[[0, 22], [0, 178]]","{""1"": 200}",0.0,0.0,0.0,22,0.89,1.0,0.9417989417989417,178,0.4027068437180797,0.8689400331293133,0.09847233815692259
bfcl,non_irrelevance,X+S,minxing_row_random,hist_gradient_boosting,True,7,1,800,200,"{""0"": 118, ""1"": 682}","{""0"": 22, ""1"": 178}",0.865,0.4859550561797753,0.46380697050938335,"[[0, 22], [5, 173]]","{""0"": 5, ""1"": 195}",0.0,0.0,0.0,22,0.8871794871794871,0.9719101123595506,0.9276139410187667,178,0.4752298263534218,0.8890114366582007,0.10750685144299925
bfcl,non_irrelevance,X+S,minxing_row_random,small_mlp_standardized,True,7,1,800,200,"{""0"": 118, ""1"": 682}","{""0"": 22, ""1"": 178}",0.815,0.4777834525025536,0.47439448824490377,"[[1, 21], [16, 162]]","{""0"": 17, ""1"": 183}",0.058823529411764705,0.045454545454545456,0.05128205128205128,22,0.8852459016393442,0.9101123595505618,0.8975069252077562,178,0.3125638406537283,0.8244721734214536,0.08448294968646404
bfcl,non_irrelevance,X+S,minxing_row_random,majority_class,True,8,1,800,200,"{""0"": 118, ""1"": 682}","{""0"": 22, ""1"": 178}",0.89,0.5,0.4708994708994709,"[[0, 22], [0, 178]]","{""1"": 200}",0.0,0.0,0.0,22,0.89,1.0,0.9417989417989417,178,0.5,0.89,0.11
bfcl,non_irrelevance,X+S,minxing_row_random,stratified_random,True,8,1,800,200,"{""0"": 118, ""1"": 682}","{""0"": 22, ""1"": 178}",0.76,0.48672114402451483,0.4861913937058445,"[[3, 19], [29, 149]]","{""0"": 32, ""1"": 168}",0.09375,0.13636363636363635,0.1111111111111111,22,0.8869047619047619,0.8370786516853933,0.861271676300578,178,0.48672114402451483,0.8874090422685927,0.10778409090909091
bfcl,non_irrelevance,X+S,minxing_row_random,logistic_regression_standardized,True,8,1,800,200,"{""0"": 118, ""1"": 682}","{""0"": 22, ""1"": 178}",0.89,0.5199182839632278,0.5124113475177305,"[[1, 21], [1, 177]]","{""0"": 2, ""1"": 198}",0.5,0.045454545454545456,0.08333333333333333,22,0.8939393939393939,0.9943820224719101,0.9414893617021277,178,0.49055158324821246,0.8749850250502186,0.17950676466183768
bfcl,non_irrelevance,X+S,minxing_row_random,class_weighted_logistic_regression_standardized,True,8,1,800,200,"{""0"": 118, ""1"": 682}","{""0"": 22, ""1"": 178}",0.57,0.4795709908069459,0.4341360705355968,"[[8, 14], [72, 106]]","{""0"": 80, ""1"": 120}",0.1,0.36363636363636365,0.1568627450980392,22,0.8833333333333333,0.5955056179775281,0.7114093959731543,178,0.48748723186925436,0.8710193071723065,0.17650617430672227
bfcl,non_irrelevance,X+S,minxing_row_random,random_forest,True,8,1,800,200,"{""0"": 118, ""1"": 682}","{""0"": 22, ""1"": 178}",0.885,0.49719101123595505,0.46949602122015915,"[[0, 22], [1, 177]]","{""0"": 1, ""1"": 199}",0.0,0.0,0.0,22,0.8894472361809045,0.9943820224719101,0.9389920424403183,178,0.5135342185903984,0.8905271079100674,0.1247313734775998
bfcl,non_irrelevance,X+S,minxing_row_random,hist_gradient_boosting,True,8,1,800,200,"{""0"": 118, ""1"": 682}","{""0"": 22, ""1"": 178}",0.88,0.5143003064351379,0.5063759769642122,"[[1, 21], [3, 175]]","{""0"": 4, ""1"": 196}",0.25,0.045454545454545456,0.07692307692307693,22,0.8928571428571429,0.9831460674157303,0.9358288770053476,178,0.48876404494382025,0.8695805490768858,0.14752302524882982
bfcl,non_irrelevance,X+S,minxing_row_random,small_mlp_standardized,True,8,1,800,200,"{""0"": 118, ""1"": 682}","{""0"": 22, ""1"": 178}",0.86,0.48314606741573035,0.46236559139784944,"[[0, 22], [6, 172]]","{""0"": 6, ""1"": 194}",0.0,0.0,0.0,22,0.8865979381443299,0.9662921348314607,0.9247311827956989,178,0.37282941777323797,0.8581210847653944,0.08681709079171382
bfcl,non_irrelevance,X+S,minxing_row_random,majority_class,True,9,1,800,200,"{""0"": 118, ""1"": 682}","{""0"": 22, ""1"": 178}",0.89,0.5,0.4708994708994709,"[[0, 22], [0, 178]]","{""1"": 200}",0.0,0.0,0.0,22,0.89,1.0,0.9417989417989417,178,0.5,0.89,0.11
bfcl,non_irrelevance,X+S,minxing_row_random,stratified_random,True,9,1,800,200,"{""0"": 118, ""1"": 682}","{""0"": 22, ""1"": 178}",0.76,0.48672114402451483,0.4861913937058445,"[[3, 19], [29, 149]]","{""0"": 32, ""1"": 168}",0.09375,0.13636363636363635,0.1111111111111111,22,0.8869047619047619,0.8370786516853933,0.861271676300578,178,0.48672114402451483,0.8874090422685927,0.10778409090909091
bfcl,non_irrelevance,X+S,minxing_row_random,logistic_regression_standardized,True,9,1,800,200,"{""0"": 118, ""1"": 682}","{""0"": 22, ""1"": 178}",0.885,0.49719101123595505,0.46949602122015915,"[[0, 22], [1, 177]]","{""0"": 1, ""1"": 199}",0.0,0.0,0.0,22,0.8894472361809045,0.9943820224719101,0.9389920424403183,178,0.3644024514811032,0.8339742242547292,0.09216621112054482
bfcl,non_irrelevance,X+S,minxing_row_random,class_weighted_logistic_regression_standardized,True,9,1,800,200,"{""0"": 118, ""1"": 682}","{""0"": 22, ""1"": 178}",0.45,0.4121552604698672,0.36276213648476424,"[[8, 14], [96, 82]]","{""0"": 104, ""1"": 96}",0.07692307692307693,0.36363636363636365,0.12698412698412698,22,0.8541666666666666,0.4606741573033708,0.5985401459854015,178,0.3733401430030643,0.835665083320182,0.10020038402931916
bfcl,non_irrelevance,X+S,minxing_row_random,random_forest,True,9,1,800,200,"{""0"": 118, ""1"": 682}","{""0"": 22, ""1"": 178}",0.885,0.49719101123595505,0.46949602122015915,"[[0, 22], [1, 177]]","{""0"": 1, ""1"": 199}",0.0,0.0,0.0,22,0.8894472361809045,0.9943820224719101,0.9389920424403183,178,0.5048518896833504,0.9002995248880419,0.14220048679006497
bfcl,non_irrelevance,X+S,minxing_row_random,hist_gradient_boosting,True,9,1,800,200,"{""0"": 118, ""1"": 682}","{""0"": 22, ""1"": 178}",0.88,0.4943820224719101,0.46808510638297873,"[[0, 22], [2, 176]]","{""0"": 2, ""1"": 198}",0.0,0.0,0.0,22,0.8888888888888888,0.9887640449438202,0.9361702127659575,178,0.4882533197139939,0.8811633853188648,0.11736675521222828
bfcl,non_irrelevance,X+S,minxing_row_random,small_mlp_standardized,True,9,1,800,200,"{""0"": 118, ""1"": 682}","{""0"": 22, ""1"": 178}",0.86,0.5030643513789581,0.4954954954954955,"[[1, 21], [7, 171]]","{""0"": 8, ""1"": 192}",0.125,0.045454545454545456,0.06666666666666667,22,0.890625,0.9606741573033708,0.9243243243243243,178,0.3215015321756895,0.8320329971261693,0.08744578255375267
bfcl,irrelevance_only,X-only,minxing_row_random,majority_class,False,,1,192,48,"{""0"": 33, ""1"": 159}","{""0"": 8, ""1"": 40}",0.8333333333333334,0.5,0.45454545454545453,"[[0, 8], [0, 40]]","{""1"": 48}",0.0,0.0,0.0,8,0.8333333333333334,1.0,0.9090909090909091,40,0.5,0.8333333333333334,0.16666666666666666
bfcl,irrelevance_only,X-only,minxing_row_random,stratified_random,False,,1,192,48,"{""0"": 33, ""1"": 159}","{""0"": 8, ""1"": 40}",0.6875,0.4625,0.4638868205510052,"[[1, 7], [8, 32]]","{""0"": 9, ""1"": 39}",0.1111111111111111,0.125,0.11764705882352941,8,0.8205128205128205,0.8,0.810126582278481,40,0.4625,0.823076923076923,0.1597222222222222
bfcl,irrelevance_only,X-only,minxing_row_random,logistic_regression_standardized,False,,1,192,48,"{""0"": 33, ""1"": 159}","{""0"": 8, ""1"": 40}",0.8541666666666666,0.5625,0.5708812260536398,"[[1, 7], [0, 40]]","{""0"": 1, ""1"": 47}",1.0,0.125,0.2222222222222222,8,0.851063829787234,1.0,0.9195402298850575,40,0.571875,0.8853387431927796,0.3111673414304993
bfcl,irrelevance_only,X-only,minxing_row_random,class_weighted_logistic_regression_standardized,False,,1,192,48,"{""0"": 33, ""1"": 159}","{""0"": 8, ""1"": 40}",0.5833333333333334,0.6,0.5151515151515151,"[[5, 3], [17, 23]]","{""0"": 22, ""1"": 26}",0.22727272727272727,0.625,0.3333333333333333,8,0.8846153846153846,0.575,0.696969696969697,40,0.5875,0.8950560916533887,0.30767401458190935
bfcl,irrelevance_only,X-only,minxing_row_random,random_forest,False,,1,192,48,"{""0"": 33, ""1"": 159}","{""0"": 8, ""1"": 40}",0.8333333333333334,0.55,0.5534883720930233,"[[1, 7], [1, 39]]","{""0"": 2, ""1"": 46}",0.5,0.125,0.2,8,0.8478260869565217,0.975,0.9069767441860465,40,0.8624999999999999,0.9729766478039162,0.5407280219780219
bfcl,irrelevance_only,X-only,minxing_row_random,hist_gradient_boosting,False,,1,192,48,"{""0"": 33, ""1"": 159}","{""0"": 8, ""1"": 40}",0.7916666666666666,0.525,0.5238095238095238,"[[1, 7], [3, 37]]","{""0"": 4, ""1"": 44}",0.25,0.125,0.16666666666666666,8,0.8409090909090909,0.925,0.8809523809523809,40,0.765625,0.9521429605141961,0.32418799337916987
bfcl,irrelevance_only,X-only,minxing_row_random,small_mlp_standardized,False,,1,192,48,"{""0"": 33, ""1"": 159}","{""0"": 8, ""1"": 40}",0.8125,0.5375,0.5379679144385027,"[[1, 7], [2, 38]]","{""0"": 3, ""1"": 45}",0.3333333333333333,0.125,0.18181818181818182,8,0.8444444444444444,0.95,0.8941176470588236,40,0.703125,0.9108274511334109,0.42035234487354867
bfcl,irrelevance_only,X-only,minxing_row_random,majority_class,True,0,1,192,48,"{""0"": 33, ""1"": 159}","{""0"": 8, ""1"": 40}",0.8333333333333334,0.5,0.45454545454545453,"[[0, 8], [0, 40]]","{""1"": 48}",0.0,0.0,0.0,8,0.8333333333333334,1.0,0.9090909090909091,40,0.5,0.8333333333333334,0.16666666666666666
bfcl,irrelevance_only,X-only,minxing_row_random,stratified_random,True,0,1,192,48,"{""0"": 33, ""1"": 159}","{""0"": 8, ""1"": 40}",0.6875,0.4625,0.4638868205510052,"[[1, 7], [8, 32]]","{""0"": 9, ""1"": 39}",0.1111111111111111,0.125,0.11764705882352941,8,0.8205128205128205,0.8,0.810126582278481,40,0.4625,0.823076923076923,0.1597222222222222
bfcl,irrelevance_only,X-only,minxing_row_random,logistic_regression_standardized,True,0,1,192,48,"{""0"": 33, ""1"": 159}","{""0"": 8, ""1"": 40}",0.8333333333333334,0.5,0.45454545454545453,"[[0, 8], [0, 40]]","{""1"": 48}",0.0,0.0,0.0,8,0.8333333333333334,1.0,0.9090909090909091,40,0.553125,0.8806047186472096,0.20430724246513718
bfcl,irrelevance_only,X-only,minxing_row_random,class_weighted_logistic_regression_standardized,True,0,1,192,48,"{""0"": 33, ""1"": 159}","{""0"": 8, ""1"": 40}",0.6458333333333334,0.5375,0.5139964264443121,"[[3, 5], [12, 28]]","{""0"": 15, ""1"": 33}",0.2,0.375,0.2608695652173913,8,0.8484848484848485,0.7,0.7671232876712328,40,0.59375,0.8918470337497029,0.2517485119047619
bfcl,irrelevance_only,X-only,minxing_row_random,random_forest,True,0,1,192,48,"{""0"": 33, ""1"": 159}","{""0"": 8, ""1"": 40}",0.8125,0.4875,0.4482758620689655,"[[0, 8], [1, 39]]","{""0"": 1, ""1"": 47}",0.0,0.0,0.0,8,0.8297872340425532,0.975,0.896551724137931,40,0.46562499999999996,0.853026115160935,0.16943313037063037
bfcl,irrelevance_only,X-only,minxing_row_random,hist_gradient_boosting,True,0,1,192,48,"{""0"": 33, ""1"": 159}","{""0"": 8, ""1"": 40}",0.7708333333333334,0.4625,0.43529411764705883,"[[0, 8], [3, 37]]","{""0"": 3, ""1"": 45}",0.0,0.0,0.0,8,0.8222222222222222,0.925,0.8705882352941177,40,0.38125000000000003,0.8164042849649813,0.1540759197735942
bfcl,irrelevance_only,X-only,minxing_row_random,small_mlp_standardized,True,0,1,192,48,"{""0"": 33, ""1"": 159}","{""0"": 8, ""1"": 40}",0.8125,0.4875,0.4482758620689655,"[[0, 8], [1, 39]]","{""0"": 1, ""1"": 47}",0.0,0.0,0.0,8,0.8297872340425532,0.975,0.896551724137931,40,0.42187500000000006,0.8204153603848365,0.15510891620792636
bfcl,irrelevance_only,X-only,minxing_row_random,majority_class,True,1,1,192,48,"{""0"": 33, ""1"": 159}","{""0"": 8, ""1"": 40}",0.8333333333333334,0.5,0.45454545454545453,"[[0, 8], [0, 40]]","{""1"": 48}",0.0,0.0,0.0,8,0.8333333333333334,1.0,0.9090909090909091,40,0.5,0.8333333333333334,0.16666666666666666
bfcl,irrelevance_only,X-only,minxing_row_random,stratified_random,True,1,1,192,48,"{""0"": 33, ""1"": 159}","{""0"": 8, ""1"": 40}",0.6875,0.4625,0.4638868205510052,"[[1, 7], [8, 32]]","{""0"": 9, ""1"": 39}",0.1111111111111111,0.125,0.11764705882352941,8,0.8205128205128205,0.8,0.810126582278481,40,0.4625,0.823076923076923,0.1597222222222222
bfcl,irrelevance_only,X-only,minxing_row_random,logistic_regression_standardized,True,1,1,192,48,"{""0"": 33, ""1"": 159}","{""0"": 8, ""1"": 40}",0.8333333333333334,0.5,0.45454545454545453,"[[0, 8], [0, 40]]","{""1"": 48}",0.0,0.0,0.0,8,0.8333333333333334,1.0,0.9090909090909091,40,0.44999999999999996,0.8171633890579109,0.20114941269284714
bfcl,irrelevance_only,X-only,minxing_row_random,class_weighted_logistic_regression_standardized,True,1,1,192,48,"{""0"": 33, ""1"": 159}","{""0"": 8, ""1"": 40}",0.6041666666666666,0.5125,0.48619718309859156,"[[3, 5], [14, 26]]","{""0"": 17, ""1"": 31}",0.17647058823529413,0.375,0.24,8,0.8387096774193549,0.65,0.7323943661971831,40,0.4625,0.8145806731418126,0.2080242376040361
bfcl,irrelevance_only,X-only,minxing_row_random,random_forest,True,1,1,192,48,"{""0"": 33, ""1"": 159}","{""0"": 8, ""1"": 40}",0.8125,0.4875,0.4482758620689655,"[[0, 8], [1, 39]]","{""0"": 1, ""1"": 47}",0.0,0.0,0.0,8,0.8297872340425532,0.975,0.896551724137931,40,0.271875,0.758515321038952,0.12526626098397198
bfcl,irrelevance_only,X-only,minxing_row_random,hist_gradient_boosting,True,1,1,192,48,"{""0"": 33, ""1"": 159}","{""0"": 8, ""1"": 40}",0.7708333333333334,0.4625,0.43529411764705883,"[[0, 8], [3, 37]]","{""0"": 3, ""1"": 45}",0.0,0.0,0.0,8,0.8222222222222222,0.925,0.8705882352941177,40,0.078125,0.6796153013619125,0.10385827124898865
bfcl,irrelevance_only,X-only,minxing_row_random,small_mlp_standardized,True,1,1,192,48,"{""0"": 33, ""1"": 159}","{""0"": 8, ""1"": 40}",0.8333333333333334,0.5,0.45454545454545453,"[[0, 8], [0, 40]]","{""1"": 48}",0.0,0.0,0.0,8,0.8333333333333334,1.0,0.9090909090909091,40,0.3375,0.7611827091374169,0.14386622562025786
bfcl,irrelevance_only,X-only,minxing_row_random,majority_class,True,2,1,192,48,"{""0"": 33, ""1"": 159}","{""0"": 8, ""1"": 40}",0.8333333333333334,0.5,0.45454545454545453,"[[0, 8], [0, 40]]","{""1"": 48}",0.0,0.0,0.0,8,0.8333333333333334,1.0,0.9090909090909091,40,0.5,0.8333333333333334,0.16666666666666666
bfcl,irrelevance_only,X-only,minxing_row_random,stratified_random,True,2,1,192,48,"{""0"": 33, ""1"": 159}","{""0"": 8, ""1"": 40}",0.6875,0.4625,0.4638868205510052,"[[1, 7], [8, 32]]","{""0"": 9, ""1"": 39}",0.1111111111111111,0.125,0.11764705882352941,8,0.8205128205128205,0.8,0.810126582278481,40,0.4625,0.823076923076923,0.1597222222222222
bfcl,irrelevance_only,X-only,minxing_row_random,logistic_regression_standardized,True,2,1,192,48,"{""0"": 33, ""1"": 159}","{""0"": 8, ""1"": 40}",0.8333333333333334,0.5,0.45454545454545453,"[[0, 8], [0, 40]]","{""1"": 48}",0.0,0.0,0.0,8,0.8333333333333334,1.0,0.9090909090909091,40,0.63125,0.8970372876090709,0.3056444195424458
bfcl,irrelevance_only,X-only,minxing_row_random,class_weighted_logistic_regression_standardized,True,2,1,192,48,"{""0"": 33, ""1"": 159}","{""0"": 8, ""1"": 40}",0.5,0.55,0.45351043643263755,"[[5, 3], [21, 19]]","{""0"": 26, ""1"": 22}",0.19230769230769232,0.625,0.29411764705882354,8,0.8636363636363636,0.475,0.6129032258064516,40,0.6499999999999999,0.9026687941442622,0.31423675166585785
bfcl,irrelevance_only,X-only,minxing_row_random,random_forest,True,2,1,192,48,"{""0"": 33, ""1"": 159}","{""0"": 8, ""1"": 40}",0.8333333333333334,0.5,0.45454545454545453,"[[0, 8], [0, 40]]","{""1"": 48}",0.0,0.0,0.0,8,0.8333333333333334,1.0,0.9090909090909091,40,0.47500000000000003,0.8477710443205677,0.16654408038679142
bfcl,irrelevance_only,X-only,minxing_row_random,hist_gradient_boosting,True,2,1,192,48,"{""0"": 33, ""1"": 159}","{""0"": 8, ""1"": 40}",0.7916666666666666,0.475,0.4418604651162791,"[[0, 8], [2, 38]]","{""0"": 2, ""1"": 46}",0.0,0.0,0.0,8,0.8260869565217391,0.95,0.8837209302325582,40,0.365625,0.7954085785447638,0.1423508971402993
bfcl,irrelevance_only,X-only,minxing_row_random,small_mlp_standardized,True,2,1,192,48,"{""0"": 33, ""1"": 159}","{""0"": 8, ""1"": 40}",0.8333333333333334,0.5,0.45454545454545453,"[[0, 8], [0, 40]]","{""1"": 48}",0.0,0.0,0.0,8,0.8333333333333334,1.0,0.9090909090909091,40,0.515625,0.8818466023562199,0.18844294278355
bfcl,irrelevance_only,X-only,minxing_row_random,majority_class,True,3,1,192,48,"{""0"": 33, ""1"": 159}","{""0"": 8, ""1"": 40}",0.8333333333333334,0.5,0.45454545454545453,"[[0, 8], [0, 40]]","{""1"": 48}",0.0,0.0,0.0,8,0.8333333333333334,1.0,0.9090909090909091,40,0.5,0.8333333333333334,0.16666666666666666
bfcl,irrelevance_only,X-only,minxing_row_random,stratified_random,True,3,1,192,48,"{""0"": 33, ""1"": 159}","{""0"": 8, ""1"": 40}",0.6875,0.4625,0.4638868205510052,"[[1, 7], [8, 32]]","{""0"": 9, ""1"": 39}",0.1111111111111111,0.125,0.11764705882352941,8,0.8205128205128205,0.8,0.810126582278481,40,0.4625,0.823076923076923,0.1597222222222222
bfcl,irrelevance_only,X-only,minxing_row_random,logistic_regression_standardized,True,3,1,192,48,"{""0"": 33, ""1"": 159}","{""0"": 8, ""1"": 40}",0.8333333333333334,0.5,0.45454545454545453,"[[0, 8], [0, 40]]","{""1"": 48}",0.0,0.0,0.0,8,0.8333333333333334,1.0,0.9090909090909091,40,0.590625,0.8900540217185766,0.3205173094878977
bfcl,irrelevance_only,X-only,minxing_row_random,class_weighted_logistic_regression_standardized,True,3,1,192,48,"{""0"": 33, ""1"": 159}","{""0"": 8, ""1"": 40}",0.5,0.55,0.45351043643263755,"[[5, 3], [21, 19]]","{""0"": 26, ""1"": 22}",0.19230769230769232,0.625,0.29411764705882354,8,0.8636363636363636,0.475,0.6129032258064516,40,0.6125,0.8994267572960803,0.24577089278059105
bfcl,irrelevance_only,X-only,minxing_row_random,random_forest,True,3,1,192,48,"{""0"": 33, ""1"": 159}","{""0"": 8, ""1"": 40}",0.8333333333333334,0.5,0.45454545454545453,"[[0, 8], [0, 40]]","{""1"": 48}",0.0,0.0,0.0,8,0.8333333333333334,1.0,0.9090909090909091,40,0.6375,0.9130898647407308,0.33352253589322556
bfcl,irrelevance_only,X-only,minxing_row_random,hist_gradient_boosting,True,3,1,192,48,"{""0"": 33, ""1"": 159}","{""0"": 8, ""1"": 40}",0.8125,0.4875,0.4482758620689655,"[[0, 8], [1, 39]]","{""0"": 1, ""1"": 47}",0.0,0.0,0.0,8,0.8297872340425532,0.975,0.896551724137931,40,0.6625000000000001,0.9161341242675335,0.30373485210441736
bfcl,irrelevance_only,X-only,minxing_row_random,small_mlp_standardized,True,3,1,192,48,"{""0"": 33, ""1"": 159}","{""0"": 8, ""1"": 40}",0.8333333333333334,0.5,0.45454545454545453,"[[0, 8], [0, 40]]","{""1"": 48}",0.0,0.0,0.0,8,0.8333333333333334,1.0,0.9090909090909091,40,0.628125,0.8947527512903587,0.3023635722404904
bfcl,irrelevance_only,X-only,minxing_row_random,majority_class,True,4,1,192,48,"{""0"": 33, ""1"": 159}","{""0"": 8, ""1"": 40}",0.8333333333333334,0.5,0.45454545454545453,"[[0, 8], [0, 40]]","{""1"": 48}",0.0,0.0,0.0,8,0.8333333333333334,1.0,0.9090909090909091,40,0.5,0.8333333333333334,0.16666666666666666
bfcl,irrelevance_only,X-only,minxing_row_random,stratified_random,True,4,1,192,48,"{""0"": 33, ""1"": 159}","{""0"": 8, ""1"": 40}",0.6875,0.4625,0.4638868205510052,"[[1, 7], [8, 32]]","{""0"": 9, ""1"": 39}",0.1111111111111111,0.125,0.11764705882352941,8,0.8205128205128205,0.8,0.810126582278481,40,0.4625,0.823076923076923,0.1597222222222222
bfcl,irrelevance_only,X-only,minxing_row_random,logistic_regression_standardized,True,4,1,192,48,"{""0"": 33, ""1"": 159}","{""0"": 8, ""1"": 40}",0.8333333333333334,0.5,0.45454545454545453,"[[0, 8], [0, 40]]","{""1"": 48}",0.0,0.0,0.0,8,0.8333333333333334,1.0,0.9090909090909091,40,0.571875,0.8818810738793089,0.22974664224664224
bfcl,irrelevance_only,X-only,minxing_row_random,class_weighted_logistic_regression_standardized,True,4,1,192,48,"{""0"": 33, ""1"": 159}","{""0"": 8, ""1"": 40}",0.5625,0.5375,0.48121461657231085,"[[4, 4], [17, 23]]","{""0"": 21, ""1"": 27}",0.19047619047619047,0.5,0.27586206896551724,8,0.8518518518518519,0.575,0.6865671641791045,40,0.5625,0.8788709136748762,0.2254368894993895
bfcl,irrelevance_only,X-only,minxing_row_random,random_forest,True,4,1,192,48,"{""0"": 33, ""1"": 159}","{""0"": 8, ""1"": 40}",0.8333333333333334,0.5,0.45454545454545453,"[[0, 8], [0, 40]]","{""1"": 48}",0.0,0.0,0.0,8,0.8333333333333334,1.0,0.9090909090909091,40,0.671875,0.9239302063940475,0.2539681442064809
bfcl,irrelevance_only,X-only,minxing_row_random,hist_gradient_boosting,True,4,1,192,48,"{""0"": 33, ""1"": 159}","{""0"": 8, ""1"": 40}",0.8333333333333334,0.5,0.45454545454545453,"[[0, 8], [0, 40]]","{""1"": 48}",0.0,0.0,0.0,8,0.8333333333333334,1.0,0.9090909090909091,40,0.40156250000000004,0.8305044016673567,0.14650958735127953
bfcl,irrelevance_only,X-only,minxing_row_random,small_mlp_standardized,True,4,1,192,48,"{""0"": 33, ""1"": 159}","{""0"": 8, ""1"": 40}",0.7916666666666666,0.475,0.4418604651162791,"[[0, 8], [2, 38]]","{""0"": 2, ""1"": 46}",0.0,0.0,0.0,8,0.8260869565217391,0.95,0.8837209302325582,40,0.53125,0.8457890258846672,0.23515134059488899
bfcl,irrelevance_only,X-only,minxing_row_random,majority_class,True,5,1,192,48,"{""0"": 33, ""1"": 159}","{""0"": 8, ""1"": 40}",0.8333333333333334,0.5,0.45454545454545453,"[[0, 8], [0, 40]]","{""1"": 48}",0.0,0.0,0.0,8,0.8333333333333334,1.0,0.9090909090909091,40,0.5,0.8333333333333334,0.16666666666666666
bfcl,irrelevance_only,X-only,minxing_row_random,stratified_random,True,5,1,192,48,"{""0"": 33, ""1"": 159}","{""0"": 8, ""1"": 40}",0.6875,0.4625,0.4638868205510052,"[[1, 7], [8, 32]]","{""0"": 9, ""1"": 39}",0.1111111111111111,0.125,0.11764705882352941,8,0.8205128205128205,0.8,0.810126582278481,40,0.4625,0.823076923076923,0.1597222222222222
bfcl,irrelevance_only,X-only,minxing_row_random,logistic_regression_standardized,True,5,1,192,48,"{""0"": 33, ""1"": 159}","{""0"": 8, ""1"": 40}",0.8333333333333334,0.5,0.45454545454545453,"[[0, 8], [0, 40]]","{""1"": 48}",0.0,0.0,0.0,8,0.8333333333333334,1.0,0.9090909090909091,40,0.6,0.9044137175646478,0.21485765858245698
bfcl,irrelevance_only,X-only,minxing_row_random,class_weighted_logistic_regression_standardized,True,5,1,192,48,"{""0"": 33, ""1"": 159}","{""0"": 8, ""1"": 40}",0.5,0.55,0.45351043643263755,"[[5, 3], [21, 19]]","{""0"": 26, ""1"": 22}",0.19230769230769232,0.625,0.29411764705882354,8,0.8636363636363636,0.475,0.6129032258064516,40,0.58125,0.8950604497014181,0.21194792720528013
bfcl,irrelevance_only,X-only,minxing_row_random,random_forest,True,5,1,192,48,"{""0"": 33, ""1"": 159}","{""0"": 8, ""1"": 40}",0.8333333333333334,0.5,0.45454545454545453,"[[0, 8], [0, 40]]","{""1"": 48}",0.0,0.0,0.0,8,0.8333333333333334,1.0,0.9090909090909091,40,0.5375,0.8737945483413561,0.21087675295206168
bfcl,irrelevance_only,X-only,minxing_row_random,hist_gradient_boosting,True,5,1,192,48,"{""0"": 33, ""1"": 159}","{""0"": 8, ""1"": 40}",0.8333333333333334,0.55,0.5534883720930233,"[[1, 7], [1, 39]]","{""0"": 2, ""1"": 46}",0.5,0.125,0.2,8,0.8478260869565217,0.975,0.9069767441860465,40,0.6640625,0.9181263749019883,0.35834185508334115
bfcl,irrelevance_only,X-only,minxing_row_random,small_mlp_standardized,True,5,1,192,48,"{""0"": 33, ""1"": 159}","{""0"": 8, ""1"": 40}",0.8333333333333334,0.5,0.45454545454545453,"[[0, 8], [0, 40]]","{""1"": 48}",0.0,0.0,0.0,8,0.8333333333333334,1.0,0.9090909090909091,40,0.45000000000000007,0.844312019205773,0.17170783858845476
bfcl,irrelevance_only,X-only,minxing_row_random,majority_class,True,6,1,192,48,"{""0"": 33, ""1"": 159}","{""0"": 8, ""1"": 40}",0.8333333333333334,0.5,0.45454545454545453,"[[0, 8], [0, 40]]","{""1"": 48}",0.0,0.0,0.0,8,0.8333333333333334,1.0,0.9090909090909091,40,0.5,0.8333333333333334,0.16666666666666666
bfcl,irrelevance_only,X-only,minxing_row_random,stratified_random,True,6,1,192,48,"{""0"": 33, ""1"": 159}","{""0"": 8, ""1"": 40}",0.6875,0.4625,0.4638868205510052,"[[1, 7], [8, 32]]","{""0"": 9, ""1"": 39}",0.1111111111111111,0.125,0.11764705882352941,8,0.8205128205128205,0.8,0.810126582278481,40,0.4625,0.823076923076923,0.1597222222222222
bfcl,irrelevance_only,X-only,minxing_row_random,logistic_regression_standardized,True,6,1,192,48,"{""0"": 33, ""1"": 159}","{""0"": 8, ""1"": 40}",0.8333333333333334,0.5,0.45454545454545453,"[[0, 8], [0, 40]]","{""1"": 48}",0.0,0.0,0.0,8,0.8333333333333334,1.0,0.9090909090909091,40,0.39375,0.7734535272979087,0.16179990856240398
bfcl,irrelevance_only,X-only,minxing_row_random,class_weighted_logistic_regression_standardized,True,6,1,192,48,"{""0"": 33, ""1"": 159}","{""0"": 8, ""1"": 40}",0.6666666666666666,0.55,0.5282555282555282,"[[3, 5], [11, 29]]","{""0"": 14, ""1"": 34}",0.21428571428571427,0.375,0.2727272727272727,8,0.8529411764705882,0.725,0.7837837837837838,40,0.4,0.7909873694638074,0.16148694001061217
bfcl,irrelevance_only,X-only,minxing_row_random,random_forest,True,6,1,192,48,"{""0"": 33, ""1"": 159}","{""0"": 8, ""1"": 40}",0.8125,0.4875,0.4482758620689655,"[[0, 8], [1, 39]]","{""0"": 1, ""1"": 47}",0.0,0.0,0.0,8,0.8297872340425532,0.975,0.896551724137931,40,0.425,0.8084954249325208,0.1629158484212902
bfcl,irrelevance_only,X-only,minxing_row_random,hist_gradient_boosting,True,6,1,192,48,"{""0"": 33, ""1"": 159}","{""0"": 8, ""1"": 40}",0.8333333333333334,0.5,0.45454545454545453,"[[0, 8], [0, 40]]","{""1"": 48}",0.0,0.0,0.0,8,0.8333333333333334,1.0,0.9090909090909091,40,0.37187499999999996,0.8321915438692485,0.15181690020505811
bfcl,irrelevance_only,X-only,minxing_row_random,small_mlp_standardized,True,6,1,192,48,"{""0"": 33, ""1"": 159}","{""0"": 8, ""1"": 40}",0.8125,0.4875,0.4482758620689655,"[[0, 8], [1, 39]]","{""0"": 1, ""1"": 47}",0.0,0.0,0.0,8,0.8297872340425532,0.975,0.896551724137931,40,0.390625,0.8117031819775841,0.14828208011821215
bfcl,irrelevance_only,X-only,minxing_row_random,majority_class,True,7,1,192,48,"{""0"": 33, ""1"": 159}","{""0"": 8, ""1"": 40}",0.8333333333333334,0.5,0.45454545454545453,"[[0, 8], [0, 40]]","{""1"": 48}",0.0,0.0,0.0,8,0.8333333333333334,1.0,0.9090909090909091,40,0.5,0.8333333333333334,0.16666666666666666
bfcl,irrelevance_only,X-only,minxing_row_random,stratified_random,True,7,1,192,48,"{""0"": 33, ""1"": 159}","{""0"": 8, ""1"": 40}",0.6875,0.4625,0.4638868205510052,"[[1, 7], [8, 32]]","{""0"": 9, ""1"": 39}",0.1111111111111111,0.125,0.11764705882352941,8,0.8205128205128205,0.8,0.810126582278481,40,0.4625,0.823076923076923,0.1597222222222222
bfcl,irrelevance_only,X-only,minxing_row_random,logistic_regression_standardized,True,7,1,192,48,"{""0"": 33, ""1"": 159}","{""0"": 8, ""1"": 40}",0.8333333333333334,0.5,0.45454545454545453,"[[0, 8], [0, 40]]","{""1"": 48}",0.0,0.0,0.0,8,0.8333333333333334,1.0,0.9090909090909091,40,0.434375,0.8280636251664826,0.16167864332127693
bfcl,irrelevance_only,X-only,minxing_row_random,class_weighted_logistic_regression_standardized,True,7,1,192,48,"{""0"": 33, ""1"": 159}","{""0"": 8, ""1"": 40}",0.5833333333333334,0.45,0.4444444444444444,"[[2, 6], [14, 26]]","{""0"": 16, ""1"": 32}",0.125,0.25,0.16666666666666666,8,0.8125,0.65,0.7222222222222222,40,0.41874999999999996,0.8309120817756728,0.1516567097917002
bfcl,irrelevance_only,X-only,minxing_row_random,random_forest,True,7,1,192,48,"{""0"": 33, ""1"": 159}","{""0"": 8, ""1"": 40}",0.8333333333333334,0.5,0.45454545454545453,"[[0, 8], [0, 40]]","{""1"": 48}",0.0,0.0,0.0,8,0.8333333333333334,1.0,0.9090909090909091,40,0.5437500000000001,0.849491155450309,0.2136221811937146
bfcl,irrelevance_only,X-only,minxing_row_random,hist_gradient_boosting,True,7,1,192,48,"{""0"": 33, ""1"": 159}","{""0"": 8, ""1"": 40}",0.8125,0.4875,0.4482758620689655,"[[0, 8], [1, 39]]","{""0"": 1, ""1"": 47}",0.0,0.0,0.0,8,0.8297872340425532,0.975,0.896551724137931,40,0.609375,0.9025444782432257,0.2205905205905206
bfcl,irrelevance_only,X-only,minxing_row_random,small_mlp_standardized,True,7,1,192,48,"{""0"": 33, ""1"": 159}","{""0"": 8, ""1"": 40}",0.8333333333333334,0.5,0.45454545454545453,"[[0, 8], [0, 40]]","{""1"": 48}",0.0,0.0,0.0,8,0.8333333333333334,1.0,0.9090909090909091,40,0.53125,0.8509304841725485,0.38496656160576215
bfcl,irrelevance_only,X-only,minxing_row_random,majority_class,True,8,1,192,48,"{""0"": 33, ""1"": 159}","{""0"": 8, ""1"": 40}",0.8333333333333334,0.5,0.45454545454545453,"[[0, 8], [0, 40]]","{""1"": 48}",0.0,0.0,0.0,8,0.8333333333333334,1.0,0.9090909090909091,40,0.5,0.8333333333333334,0.16666666666666666
bfcl,irrelevance_only,X-only,minxing_row_random,stratified_random,True,8,1,192,48,"{""0"": 33, ""1"": 159}","{""0"": 8, ""1"": 40}",0.6875,0.4625,0.4638868205510052,"[[1, 7], [8, 32]]","{""0"": 9, ""1"": 39}",0.1111111111111111,0.125,0.11764705882352941,8,0.8205128205128205,0.8,0.810126582278481,40,0.4625,0.823076923076923,0.1597222222222222
bfcl,irrelevance_only,X-only,minxing_row_random,logistic_regression_standardized,True,8,1,192,48,"{""0"": 33, ""1"": 159}","{""0"": 8, ""1"": 40}",0.8333333333333334,0.5,0.45454545454545453,"[[0, 8], [0, 40]]","{""1"": 48}",0.0,0.0,0.0,8,0.8333333333333334,1.0,0.9090909090909091,40,0.446875,0.8218223633818812,0.16248445189818916
bfcl,irrelevance_only,X-only,minxing_row_random,class_weighted_logistic_regression_standardized,True,8,1,192,48,"{""0"": 33, ""1"": 159}","{""0"": 8, ""1"": 40}",0.4583333333333333,0.425,0.390625,"[[3, 5], [21, 19]]","{""0"": 24, ""1"": 24}",0.125,0.375,0.1875,8,0.7916666666666666,0.475,0.59375,40,0.396875,0.7988063159649724,0.14995218428869045
bfcl,irrelevance_only,X-only,minxing_row_random,random_forest,True,8,1,192,48,"{""0"": 33, ""1"": 159}","{""0"": 8, ""1"": 40}",0.8333333333333334,0.5,0.45454545454545453,"[[0, 8], [0, 40]]","{""1"": 48}",0.0,0.0,0.0,8,0.8333333333333334,1.0,0.9090909090909091,40,0.528125,0.8347749525260437,0.24519375648249375
bfcl,irrelevance_only,X-only,minxing_row_random,hist_gradient_boosting,True,8,1,192,48,"{""0"": 33, ""1"": 159}","{""0"": 8, ""1"": 40}",0.8333333333333334,0.55,0.5534883720930233,"[[1, 7], [1, 39]]","{""0"": 2, ""1"": 46}",0.5,0.125,0.2,8,0.8478260869565217,0.975,0.9069767441860465,40,0.471875,0.8213578802146464,0.2998129716494778
bfcl,irrelevance_only,X-only,minxing_row_random,small_mlp_standardized,True,8,1,192,48,"{""0"": 33, ""1"": 159}","{""0"": 8, ""1"": 40}",0.8333333333333334,0.5,0.45454545454545453,"[[0, 8], [0, 40]]","{""1"": 48}",0.0,0.0,0.0,8,0.8333333333333334,1.0,0.9090909090909091,40,0.4624999999999999,0.8247934088967133,0.18566437810121322
bfcl,irrelevance_only,X-only,minxing_row_random,majority_class,True,9,1,192,48,"{""0"": 33, ""1"": 159}","{""0"": 8, ""1"": 40}",0.8333333333333334,0.5,0.45454545454545453,"[[0, 8], [0, 40]]","{""1"": 48}",0.0,0.0,0.0,8,0.8333333333333334,1.0,0.9090909090909091,40,0.5,0.8333333333333334,0.16666666666666666
bfcl,irrelevance_only,X-only,minxing_row_random,stratified_random,True,9,1,192,48,"{""0"": 33, ""1"": 159}","{""0"": 8, ""1"": 40}",0.6875,0.4625,0.4638868205510052,"[[1, 7], [8, 32]]","{""0"": 9, ""1"": 39}",0.1111111111111111,0.125,0.11764705882352941,8,0.8205128205128205,0.8,0.810126582278481,40,0.4625,0.823076923076923,0.1597222222222222
bfcl,irrelevance_only,X-only,minxing_row_random,logistic_regression_standardized,True,9,1,192,48,"{""0"": 33, ""1"": 159}","{""0"": 8, ""1"": 40}",0.8333333333333334,0.5,0.45454545454545453,"[[0, 8], [0, 40]]","{""1"": 48}",0.0,0.0,0.0,8,0.8333333333333334,1.0,0.9090909090909091,40,0.43437499999999996,0.8063502799042683,0.18991837063645572
bfcl,irrelevance_only,X-only,minxing_row_random,class_weighted_logistic_regression_standardized,True,9,1,192,48,"{""0"": 33, ""1"": 159}","{""0"": 8, ""1"": 40}",0.6666666666666666,0.55,0.5282555282555282,"[[3, 5], [11, 29]]","{""0"": 14, ""1"": 34}",0.21428571428571427,0.375,0.2727272727272727,8,0.8529411764705882,0.725,0.7837837837837838,40,0.428125,0.8000454553428649,0.18911573001324575
bfcl,irrelevance_only,X-only,minxing_row_random,random_forest,True,9,1,192,48,"{""0"": 33, ""1"": 159}","{""0"": 8, ""1"": 40}",0.7916666666666666,0.475,0.4418604651162791,"[[0, 8], [2, 38]]","{""0"": 2, ""1"": 46}",0.0,0.0,0.0,8,0.8260869565217391,0.95,0.8837209302325582,40,0.33125000000000004,0.7757191551454325,0.13363333536222152
bfcl,irrelevance_only,X-only,minxing_row_random,hist_gradient_boosting,True,9,1,192,48,"{""0"": 33, ""1"": 159}","{""0"": 8, ""1"": 40}",0.8333333333333334,0.55,0.5534883720930233,"[[1, 7], [1, 39]]","{""0"": 2, ""1"": 46}",0.5,0.125,0.2,8,0.8478260869565217,0.975,0.9069767441860465,40,0.3078125,0.745254995757096,0.1774332182122285
bfcl,irrelevance_only,X-only,minxing_row_random,small_mlp_standardized,True,9,1,192,48,"{""0"": 33, ""1"": 159}","{""0"": 8, ""1"": 40}",0.8333333333333334,0.5,0.45454545454545453,"[[0, 8], [0, 40]]","{""1"": 48}",0.0,0.0,0.0,8,0.8333333333333334,1.0,0.9090909090909091,40,0.275,0.7636459443627219,0.12552219867615427
bfcl,irrelevance_only,S-only,minxing_row_random,majority_class,False,,1,192,48,"{""0"": 33, ""1"": 159}","{""0"": 8, ""1"": 40}",0.8333333333333334,0.5,0.45454545454545453,"[[0, 8], [0, 40]]","{""1"": 48}",0.0,0.0,0.0,8,0.8333333333333334,1.0,0.9090909090909091,40,0.5,0.8333333333333334,0.16666666666666666
bfcl,irrelevance_only,S-only,minxing_row_random,stratified_random,False,,1,192,48,"{""0"": 33, ""1"": 159}","{""0"": 8, ""1"": 40}",0.6875,0.4625,0.4638868205510052,"[[1, 7], [8, 32]]","{""0"": 9, ""1"": 39}",0.1111111111111111,0.125,0.11764705882352941,8,0.8205128205128205,0.8,0.810126582278481,40,0.4625,0.823076923076923,0.1597222222222222
bfcl,irrelevance_only,S-only,minxing_row_random,logistic_regression_standardized,False,,1,192,48,"{""0"": 33, ""1"": 159}","{""0"": 8, ""1"": 40}",1.0,1.0,1.0,"[[8, 0], [0, 40]]","{""0"": 8, ""1"": 40}",1.0,1.0,1.0,8,1.0,1.0,1.0,40,1.0,1.0,1.0
bfcl,irrelevance_only,S-only,minxing_row_random,class_weighted_logistic_regression_standardized,False,,1,192,48,"{""0"": 33, ""1"": 159}","{""0"": 8, ""1"": 40}",1.0,1.0,1.0,"[[8, 0], [0, 40]]","{""0"": 8, ""1"": 40}",1.0,1.0,1.0,8,1.0,1.0,1.0,40,1.0,1.0,1.0
bfcl,irrelevance_only,S-only,minxing_row_random,random_forest,False,,1,192,48,"{""0"": 33, ""1"": 159}","{""0"": 8, ""1"": 40}",1.0,1.0,1.0,"[[8, 0], [0, 40]]","{""0"": 8, ""1"": 40}",1.0,1.0,1.0,8,1.0,1.0,1.0,40,1.0,1.0,1.0
bfcl,irrelevance_only,S-only,minxing_row_random,hist_gradient_boosting,False,,1,192,48,"{""0"": 33, ""1"": 159}","{""0"": 8, ""1"": 40}",1.0,1.0,1.0,"[[8, 0], [0, 40]]","{""0"": 8, ""1"": 40}",1.0,1.0,1.0,8,1.0,1.0,1.0,40,1.0,1.0,1.0
bfcl,irrelevance_only,S-only,minxing_row_random,small_mlp_standardized,False,,1,192,48,"{""0"": 33, ""1"": 159}","{""0"": 8, ""1"": 40}",1.0,1.0,1.0,"[[8, 0], [0, 40]]","{""0"": 8, ""1"": 40}",1.0,1.0,1.0,8,1.0,1.0,1.0,40,1.0,1.0,1.0
bfcl,irrelevance_only,S-only,minxing_row_random,majority_class,True,0,1,192,48,"{""0"": 33, ""1"": 159}","{""0"": 8, ""1"": 40}",0.8333333333333334,0.5,0.45454545454545453,"[[0, 8], [0, 40]]","{""1"": 48}",0.0,0.0,0.0,8,0.8333333333333334,1.0,0.9090909090909091,40,0.5,0.8333333333333334,0.16666666666666666
bfcl,irrelevance_only,S-only,minxing_row_random,stratified_random,True,0,1,192,48,"{""0"": 33, ""1"": 159}","{""0"": 8, ""1"": 40}",0.6875,0.4625,0.4638868205510052,"[[1, 7], [8, 32]]","{""0"": 9, ""1"": 39}",0.1111111111111111,0.125,0.11764705882352941,8,0.8205128205128205,0.8,0.810126582278481,40,0.4625,0.823076923076923,0.1597222222222222
bfcl,irrelevance_only,S-only,minxing_row_random,logistic_regression_standardized,True,0,1,192,48,"{""0"": 33, ""1"": 159}","{""0"": 8, ""1"": 40}",0.8333333333333334,0.5,0.45454545454545453,"[[0, 8], [0, 40]]","{""1"": 48}",0.0,0.0,0.0,8,0.8333333333333334,1.0,0.9090909090909091,40,0.375,0.8888888888888888,0.46336339808818994
bfcl,irrelevance_only,S-only,minxing_row_random,class_weighted_logistic_regression_standardized,True,0,1,192,48,"{""0"": 33, ""1"": 159}","{""0"": 8, ""1"": 40}",0.0625,0.1875,0.058823529411764705,"[[3, 5], [40, 0]]","{""0"": 43, ""1"": 5}",0.06976744186046512,0.375,0.11764705882352941,8,0.0,0.0,0.0,40,0.375,0.8888888888888888,0.46336339808818994
bfcl,irrelevance_only,S-only,minxing_row_random,random_forest,True,0,1,192,48,"{""0"": 33, ""1"": 159}","{""0"": 8, ""1"": 40}",0.8333333333333334,0.5,0.45454545454545453,"[[0, 8], [0, 40]]","{""1"": 48}",0.0,0.0,0.0,8,0.8333333333333334,1.0,0.9090909090909091,40,0.375,0.8888888888888888,0.46304803352675694
bfcl,irrelevance_only,S-only,minxing_row_random,hist_gradient_boosting,True,0,1,192,48,"{""0"": 33, ""1"": 159}","{""0"": 8, ""1"": 40}",0.8333333333333334,0.5,0.45454545454545453,"[[0, 8], [0, 40]]","{""1"": 48}",0.0,0.0,0.0,8,0.8333333333333334,1.0,0.9090909090909091,40,0.375,0.8888888888888888,0.47916666666666663
bfcl,irrelevance_only,S-only,minxing_row_random,small_mlp_standardized,True,0,1,192,48,"{""0"": 33, ""1"": 159}","{""0"": 8, ""1"": 40}",0.8333333333333334,0.5,0.45454545454545453,"[[0, 8], [0, 40]]","{""1"": 48}",0.0,0.0,0.0,8,0.8333333333333334,1.0,0.9090909090909091,40,0.375,0.8888888888888888,0.46304803352675694
bfcl,irrelevance_only,S-only,minxing_row_random,majority_class,True,1,1,192,48,"{""0"": 33, ""1"": 159}","{""0"": 8, ""1"": 40}",0.8333333333333334,0.5,0.45454545454545453,"[[0, 8], [0, 40]]","{""1"": 48}",0.0,0.0,0.0,8,0.8333333333333334,1.0,0.9090909090909091,40,0.5,0.8333333333333334,0.16666666666666666
bfcl,irrelevance_only,S-only,minxing_row_random,stratified_random,True,1,1,192,48,"{""0"": 33, ""1"": 159}","{""0"": 8, ""1"": 40}",0.6875,0.4625,0.4638868205510052,"[[1, 7], [8, 32]]","{""0"": 9, ""1"": 39}",0.1111111111111111,0.125,0.11764705882352941,8,0.8205128205128205,0.8,0.810126582278481,40,0.4625,0.823076923076923,0.1597222222222222
bfcl,irrelevance_only,S-only,minxing_row_random,logistic_regression_standardized,True,1,1,192,48,"{""0"": 33, ""1"": 159}","{""0"": 8, ""1"": 40}",0.8333333333333334,0.5,0.45454545454545453,"[[0, 8], [0, 40]]","{""1"": 48}",0.0,0.0,0.0,8,0.8333333333333334,1.0,0.9090909090909091,40,0.625,0.9302325581395349,0.6875
bfcl,irrelevance_only,S-only,minxing_row_random,class_weighted_logistic_regression_standardized,True,1,1,192,48,"{""0"": 33, ""1"": 159}","{""0"": 8, ""1"": 40}",0.10416666666666667,0.3125,0.09433962264150944,"[[5, 3], [40, 0]]","{""0"": 45, ""1"": 3}",0.1111111111111111,0.625,0.18867924528301888,8,0.0,0.0,0.0,40,0.5,0.9090909090909091,0.5763888888888888
bfcl,irrelevance_only,S-only,minxing_row_random,random_forest,True,1,1,192,48,"{""0"": 33, ""1"": 159}","{""0"": 8, ""1"": 40}",0.8333333333333334,0.5,0.45454545454545453,"[[0, 8], [0, 40]]","{""1"": 48}",0.0,0.0,0.0,8,0.8333333333333334,1.0,0.9090909090909091,40,0.5,0.9090909090909091,0.5763888888888888
bfcl,irrelevance_only,S-only,minxing_row_random,hist_gradient_boosting,True,1,1,192,48,"{""0"": 33, ""1"": 159}","{""0"": 8, ""1"": 40}",0.8333333333333334,0.5,0.45454545454545453,"[[0, 8], [0, 40]]","{""1"": 48}",0.0,0.0,0.0,8,0.8333333333333334,1.0,0.9090909090909091,40,0.625,0.9302325581395349,0.6875
bfcl,irrelevance_only,S-only,minxing_row_random,small_mlp_standardized,True,1,1,192,48,"{""0"": 33, ""1"": 159}","{""0"": 8, ""1"": 40}",0.8333333333333334,0.5,0.45454545454545453,"[[0, 8], [0, 40]]","{""1"": 48}",0.0,0.0,0.0,8,0.8333333333333334,1.0,0.9090909090909091,40,0.625,0.9302325581395349,0.6875
bfcl,irrelevance_only,S-only,minxing_row_random,majority_class,True,2,1,192,48,"{""0"": 33, ""1"": 159}","{""0"": 8, ""1"": 40}",0.8333333333333334,0.5,0.45454545454545453,"[[0, 8], [0, 40]]","{""1"": 48}",0.0,0.0,0.0,8,0.8333333333333334,1.0,0.9090909090909091,40,0.5,0.8333333333333334,0.16666666666666666
bfcl,irrelevance_only,S-only,minxing_row_random,stratified_random,True,2,1,192,48,"{""0"": 33, ""1"": 159}","{""0"": 8, ""1"": 40}",0.6875,0.4625,0.4638868205510052,"[[1, 7], [8, 32]]","{""0"": 9, ""1"": 39}",0.1111111111111111,0.125,0.11764705882352941,8,0.8205128205128205,0.8,0.810126582278481,40,0.4625,0.823076923076923,0.1597222222222222
bfcl,irrelevance_only,S-only,minxing_row_random,logistic_regression_standardized,True,2,1,192,48,"{""0"": 33, ""1"": 159}","{""0"": 8, ""1"": 40}",0.8333333333333334,0.5,0.45454545454545453,"[[0, 8], [0, 40]]","{""1"": 48}",0.0,0.0,0.0,8,0.8333333333333334,1.0,0.9090909090909091,40,1.0,1.0,1.0
bfcl,irrelevance_only,S-only,minxing_row_random,class_weighted_logistic_regression_standardized,True,2,1,192,48,"{""0"": 33, ""1"": 159}","{""0"": 8, ""1"": 40}",1.0,1.0,1.0,"[[8, 0], [0, 40]]","{""0"": 8, ""1"": 40}",1.0,1.0,1.0,8,1.0,1.0,1.0,40,1.0,1.0,1.0
bfcl,irrelevance_only,S-only,minxing_row_random,random_forest,True,2,1,192,48,"{""0"": 33, ""1"": 159}","{""0"": 8, ""1"": 40}",0.8333333333333334,0.5,0.45454545454545453,"[[0, 8], [0, 40]]","{""1"": 48}",0.0,0.0,0.0,8,0.8333333333333334,1.0,0.9090909090909091,40,1.0,1.0,1.0
bfcl,irrelevance_only,S-only,minxing_row_random,hist_gradient_boosting,True,2,1,192,48,"{""0"": 33, ""1"": 159}","{""0"": 8, ""1"": 40}",0.8333333333333334,0.5,0.45454545454545453,"[[0, 8], [0, 40]]","{""1"": 48}",0.0,0.0,0.0,8,0.8333333333333334,1.0,0.9090909090909091,40,1.0,1.0,1.0
bfcl,irrelevance_only,S-only,minxing_row_random,small_mlp_standardized,True,2,1,192,48,"{""0"": 33, ""1"": 159}","{""0"": 8, ""1"": 40}",0.8333333333333334,0.5,0.45454545454545453,"[[0, 8], [0, 40]]","{""1"": 48}",0.0,0.0,0.0,8,0.8333333333333334,1.0,0.9090909090909091,40,1.0,1.0,1.0
bfcl,irrelevance_only,S-only,minxing_row_random,majority_class,True,3,1,192,48,"{""0"": 33, ""1"": 159}","{""0"": 8, ""1"": 40}",0.8333333333333334,0.5,0.45454545454545453,"[[0, 8], [0, 40]]","{""1"": 48}",0.0,0.0,0.0,8,0.8333333333333334,1.0,0.9090909090909091,40,0.5,0.8333333333333334,0.16666666666666666
bfcl,irrelevance_only,S-only,minxing_row_random,stratified_random,True,3,1,192,48,"{""0"": 33, ""1"": 159}","{""0"": 8, ""1"": 40}",0.6875,0.4625,0.4638868205510052,"[[1, 7], [8, 32]]","{""0"": 9, ""1"": 39}",0.1111111111111111,0.125,0.11764705882352941,8,0.8205128205128205,0.8,0.810126582278481,40,0.4625,0.823076923076923,0.1597222222222222
bfcl,irrelevance_only,S-only,minxing_row_random,logistic_regression_standardized,True,3,1,192,48,"{""0"": 33, ""1"": 159}","{""0"": 8, ""1"": 40}",0.8333333333333334,0.5,0.45454545454545453,"[[0, 8], [0, 40]]","{""1"": 48}",0.0,0.0,0.0,8,0.8333333333333334,1.0,0.9090909090909091,40,0.125,0.851063829787234,0.23577530625402965
bfcl,irrelevance_only,S-only,minxing_row_random,class_weighted_logistic_regression_standardized,True,3,1,192,48,"{""0"": 33, ""1"": 159}","{""0"": 8, ""1"": 40}",0.020833333333333332,0.0625,0.02040816326530612,"[[1, 7], [40, 0]]","{""0"": 41, ""1"": 7}",0.024390243902439025,0.125,0.04081632653061224,8,0.0,0.0,0.0,40,0.125,0.851063829787234,0.23577530625402965
bfcl,irrelevance_only,S-only,minxing_row_random,random_forest,True,3,1,192,48,"{""0"": 33, ""1"": 159}","{""0"": 8, ""1"": 40}",0.8333333333333334,0.5,0.45454545454545453,"[[0, 8], [0, 40]]","{""1"": 48}",0.0,0.0,0.0,8,0.8333333333333334,1.0,0.9090909090909091,40,0.125,0.851063829787234,0.23577530625402965
bfcl,irrelevance_only,S-only,minxing_row_random,hist_gradient_boosting,True,3,1,192,48,"{""0"": 33, ""1"": 159}","{""0"": 8, ""1"": 40}",0.8333333333333334,0.5,0.45454545454545453,"[[0, 8], [0, 40]]","{""1"": 48}",0.0,0.0,0.0,8,0.8333333333333334,1.0,0.9090909090909091,40,0.0,0.8333333333333334,0.13194444444444445
bfcl,irrelevance_only,S-only,minxing_row_random,small_mlp_standardized,True,3,1,192,48,"{""0"": 33, ""1"": 159}","{""0"": 8, ""1"": 40}",0.8333333333333334,0.5,0.45454545454545453,"[[0, 8], [0, 40]]","{""1"": 48}",0.0,0.0,0.0,8,0.8333333333333334,1.0,0.9090909090909091,40,0.125,0.851063829787234,0.23547979797979798
bfcl,irrelevance_only,S-only,minxing_row_random,majority_class,True,4,1,192,48,"{""0"": 33, ""1"": 159}","{""0"": 8, ""1"": 40}",0.8333333333333334,0.5,0.45454545454545453,"[[0, 8], [0, 40]]","{""1"": 48}",0.0,0.0,0.0,8,0.8333333333333334,1.0,0.9090909090909091,40,0.5,0.8333333333333334,0.16666666666666666
bfcl,irrelevance_only,S-only,minxing_row_random,stratified_random,True,4,1,192,48,"{""0"": 33, ""1"": 159}","{""0"": 8, ""1"": 40}",0.6875,0.4625,0.4638868205510052,"[[1, 7], [8, 32]]","{""0"": 9, ""1"": 39}",0.1111111111111111,0.125,0.11764705882352941,8,0.8205128205128205,0.8,0.810126582278481,40,0.4625,0.823076923076923,0.1597222222222222
bfcl,irrelevance_only,S-only,minxing_row_random,logistic_regression_standardized,True,4,1,192,48,"{""0"": 33, ""1"": 159}","{""0"": 8, ""1"": 40}",0.8333333333333334,0.5,0.45454545454545453,"[[0, 8], [0, 40]]","{""1"": 48}",0.0,0.0,0.0,8,0.8333333333333334,1.0,0.9090909090909091,40,0.5,0.9090909090909091,0.5763888888888888
bfcl,irrelevance_only,S-only,minxing_row_random,class_weighted_logistic_regression_standardized,True,4,1,192,48,"{""0"": 33, ""1"": 159}","{""0"": 8, ""1"": 40}",0.9166666666666666,0.75,0.8095238095238095,"[[4, 4], [0, 40]]","{""0"": 4, ""1"": 44}",1.0,0.5,0.6666666666666666,8,0.9090909090909091,1.0,0.9523809523809523,40,0.5,0.9090909090909091,0.5763888888888888
bfcl,irrelevance_only,S-only,minxing_row_random,random_forest,True,4,1,192,48,"{""0"": 33, ""1"": 159}","{""0"": 8, ""1"": 40}",0.8333333333333334,0.5,0.45454545454545453,"[[0, 8], [0, 40]]","{""1"": 48}",0.0,0.0,0.0,8,0.8333333333333334,1.0,0.9090909090909091,40,0.5,0.9090909090909091,0.5763888888888888
bfcl,irrelevance_only,S-only,minxing_row_random,hist_gradient_boosting,True,4,1,192,48,"{""0"": 33, ""1"": 159}","{""0"": 8, ""1"": 40}",0.8333333333333334,0.5,0.45454545454545453,"[[0, 8], [0, 40]]","{""1"": 48}",0.0,0.0,0.0,8,0.8333333333333334,1.0,0.9090909090909091,40,0.375,0.8888888888888888,0.47916666666666663
bfcl,irrelevance_only,S-only,minxing_row_random,small_mlp_standardized,True,4,1,192,48,"{""0"": 33, ""1"": 159}","{""0"": 8, ""1"": 40}",0.8333333333333334,0.5,0.45454545454545453,"[[0, 8], [0, 40]]","{""1"": 48}",0.0,0.0,0.0,8,0.8333333333333334,1.0,0.9090909090909091,40,1.0,1.0,1.0
bfcl,irrelevance_only,S-only,minxing_row_random,majority_class,True,5,1,192,48,"{""0"": 33, ""1"": 159}","{""0"": 8, ""1"": 40}",0.8333333333333334,0.5,0.45454545454545453,"[[0, 8], [0, 40]]","{""1"": 48}",0.0,0.0,0.0,8,0.8333333333333334,1.0,0.9090909090909091,40,0.5,0.8333333333333334,0.16666666666666666
bfcl,irrelevance_only,S-only,minxing_row_random,stratified_random,True,5,1,192,48,"{""0"": 33, ""1"": 159}","{""0"": 8, ""1"": 40}",0.6875,0.4625,0.4638868205510052,"[[1, 7], [8, 32]]","{""0"": 9, ""1"": 39}",0.1111111111111111,0.125,0.11764705882352941,8,0.8205128205128205,0.8,0.810126582278481,40,0.4625,0.823076923076923,0.1597222222222222
bfcl,irrelevance_only,S-only,minxing_row_random,logistic_regression_standardized,True,5,1,192,48,"{""0"": 33, ""1"": 159}","{""0"": 8, ""1"": 40}",0.8333333333333334,0.5,0.45454545454545453,"[[0, 8], [0, 40]]","{""1"": 48}",0.0,0.0,0.0,8,0.8333333333333334,1.0,0.9090909090909091,40,0.0,0.8333333333333334,0.11391531595019969
bfcl,irrelevance_only,S-only,minxing_row_random,class_weighted_logistic_regression_standardized,True,5,1,192,48,"{""0"": 33, ""1"": 159}","{""0"": 8, ""1"": 40}",0.0,0.0,0.0,"[[0, 8], [40, 0]]","{""0"": 40, ""1"": 8}",0.0,0.0,0.0,8,0.0,0.0,0.0,40,0.0,0.8333333333333334,0.11391531595019969
bfcl,irrelevance_only,S-only,minxing_row_random,random_forest,True,5,1,192,48,"{""0"": 33, ""1"": 159}","{""0"": 8, ""1"": 40}",0.8333333333333334,0.5,0.45454545454545453,"[[0, 8], [0, 40]]","{""1"": 48}",0.0,0.0,0.0,8,0.8333333333333334,1.0,0.9090909090909091,40,0.0,0.8333333333333334,0.11391531595019969
bfcl,irrelevance_only,S-only,minxing_row_random,hist_gradient_boosting,True,5,1,192,48,"{""0"": 33, ""1"": 159}","{""0"": 8, ""1"": 40}",0.8333333333333334,0.5,0.45454545454545453,"[[0, 8], [0, 40]]","{""1"": 48}",0.0,0.0,0.0,8,0.8333333333333334,1.0,0.9090909090909091,40,0.0,0.8333333333333334,0.13194444444444445
bfcl,irrelevance_only,S-only,minxing_row_random,small_mlp_standardized,True,5,1,192,48,"{""0"": 33, ""1"": 159}","{""0"": 8, ""1"": 40}",0.8333333333333334,0.5,0.45454545454545453,"[[0, 8], [0, 40]]","{""1"": 48}",0.0,0.0,0.0,8,0.8333333333333334,1.0,0.9090909090909091,40,0.0,0.8333333333333334,0.11352857846760286
bfcl,irrelevance_only,S-only,minxing_row_random,majority_class,True,6,1,192,48,"{""0"": 33, ""1"": 159}","{""0"": 8, ""1"": 40}",0.8333333333333334,0.5,0.45454545454545453,"[[0, 8], [0, 40]]","{""1"": 48}",0.0,0.0,0.0,8,0.8333333333333334,1.0,0.9090909090909091,40,0.5,0.8333333333333334,0.16666666666666666
bfcl,irrelevance_only,S-only,minxing_row_random,stratified_random,True,6,1,192,48,"{""0"": 33, ""1"": 159}","{""0"": 8, ""1"": 40}",0.6875,0.4625,0.4638868205510052,"[[1, 7], [8, 32]]","{""0"": 9, ""1"": 39}",0.1111111111111111,0.125,0.11764705882352941,8,0.8205128205128205,0.8,0.810126582278481,40,0.4625,0.823076923076923,0.1597222222222222
bfcl,irrelevance_only,S-only,minxing_row_random,logistic_regression_standardized,True,6,1,192,48,"{""0"": 33, ""1"": 159}","{""0"": 8, ""1"": 40}",0.8333333333333334,0.5,0.45454545454545453,"[[0, 8], [0, 40]]","{""1"": 48}",0.0,0.0,0.0,8,0.8333333333333334,1.0,0.9090909090909091,40,0.0,0.8333333333333334,0.11452618878586435
bfcl,irrelevance_only,S-only,minxing_row_random,class_weighted_logistic_regression_standardized,True,6,1,192,48,"{""0"": 33, ""1"": 159}","{""0"": 8, ""1"": 40}",0.0,0.0,0.0,"[[0, 8], [40, 0]]","{""0"": 40, ""1"": 8}",0.0,0.0,0.0,8,0.0,0.0,0.0,40,0.0,0.8333333333333334,0.11452618878586435
bfcl,irrelevance_only,S-only,minxing_row_random,random_forest,True,6,1,192,48,"{""0"": 33, ""1"": 159}","{""0"": 8, ""1"": 40}",0.8333333333333334,0.5,0.45454545454545453,"[[0, 8], [0, 40]]","{""1"": 48}",0.0,0.0,0.0,8,0.8333333333333334,1.0,0.9090909090909091,40,0.0,0.8333333333333334,0.11421082422443135
bfcl,irrelevance_only,S-only,minxing_row_random,hist_gradient_boosting,True,6,1,192,48,"{""0"": 33, ""1"": 159}","{""0"": 8, ""1"": 40}",0.8333333333333334,0.5,0.45454545454545453,"[[0, 8], [0, 40]]","{""1"": 48}",0.0,0.0,0.0,8,0.8333333333333334,1.0,0.9090909090909091,40,0.0,0.8333333333333334,0.13194444444444445
bfcl,irrelevance_only,S-only,minxing_row_random,small_mlp_standardized,True,6,1,192,48,"{""0"": 33, ""1"": 159}","{""0"": 8, ""1"": 40}",0.8333333333333334,0.5,0.45454545454545453,"[[0, 8], [0, 40]]","{""1"": 48}",0.0,0.0,0.0,8,0.8333333333333334,1.0,0.9090909090909091,40,0.125,0.851063829787234,0.23547979797979798
bfcl,irrelevance_only,S-only,minxing_row_random,majority_class,True,7,1,192,48,"{""0"": 33, ""1"": 159}","{""0"": 8, ""1"": 40}",0.8333333333333334,0.5,0.45454545454545453,"[[0, 8], [0, 40]]","{""1"": 48}",0.0,0.0,0.0,8,0.8333333333333334,1.0,0.9090909090909091,40,0.5,0.8333333333333334,0.16666666666666666
bfcl,irrelevance_only,S-only,minxing_row_random,stratified_random,True,7,1,192,48,"{""0"": 33, ""1"": 159}","{""0"": 8, ""1"": 40}",0.6875,0.4625,0.4638868205510052,"[[1, 7], [8, 32]]","{""0"": 9, ""1"": 39}",0.1111111111111111,0.125,0.11764705882352941,8,0.8205128205128205,0.8,0.810126582278481,40,0.4625,0.823076923076923,0.1597222222222222
bfcl,irrelevance_only,S-only,minxing_row_random,logistic_regression_standardized,True,7,1,192,48,"{""0"": 33, ""1"": 159}","{""0"": 8, ""1"": 40}",0.8333333333333334,0.5,0.45454545454545453,"[[0, 8], [0, 40]]","{""1"": 48}",0.0,0.0,0.0,8,0.8333333333333334,1.0,0.9090909090909091,40,0.5,0.9090909090909091,0.5766843971631206
bfcl,irrelevance_only,S-only,minxing_row_random,class_weighted_logistic_regression_standardized,True,7,1,192,48,"{""0"": 33, ""1"": 159}","{""0"": 8, ""1"": 40}",0.9166666666666666,0.75,0.8095238095238095,"[[4, 4], [0, 40]]","{""0"": 4, ""1"": 44}",1.0,0.5,0.6666666666666666,8,0.9090909090909091,1.0,0.9523809523809523,40,0.5,0.9090909090909091,0.5766843971631206
bfcl,irrelevance_only,S-only,minxing_row_random,random_forest,True,7,1,192,48,"{""0"": 33, ""1"": 159}","{""0"": 8, ""1"": 40}",0.8333333333333334,0.5,0.45454545454545453,"[[0, 8], [0, 40]]","{""1"": 48}",0.0,0.0,0.0,8,0.8333333333333334,1.0,0.9090909090909091,40,0.5,0.9090909090909091,0.5766843971631206
bfcl,irrelevance_only,S-only,minxing_row_random,hist_gradient_boosting,True,7,1,192,48,"{""0"": 33, ""1"": 159}","{""0"": 8, ""1"": 40}",0.8333333333333334,0.5,0.45454545454545453,"[[0, 8], [0, 40]]","{""1"": 48}",0.0,0.0,0.0,8,0.8333333333333334,1.0,0.9090909090909091,40,0.375,0.8888888888888888,0.47916666666666663
bfcl,irrelevance_only,S-only,minxing_row_random,small_mlp_standardized,True,7,1,192,48,"{""0"": 33, ""1"": 159}","{""0"": 8, ""1"": 40}",0.8333333333333334,0.5,0.45454545454545453,"[[0, 8], [0, 40]]","{""1"": 48}",0.0,0.0,0.0,8,0.8333333333333334,1.0,0.9090909090909091,40,1.0,1.0,1.0
bfcl,irrelevance_only,S-only,minxing_row_random,majority_class,True,8,1,192,48,"{""0"": 33, ""1"": 159}","{""0"": 8, ""1"": 40}",0.8333333333333334,0.5,0.45454545454545453,"[[0, 8], [0, 40]]","{""1"": 48}",0.0,0.0,0.0,8,0.8333333333333334,1.0,0.9090909090909091,40,0.5,0.8333333333333334,0.16666666666666666
bfcl,irrelevance_only,S-only,minxing_row_random,stratified_random,True,8,1,192,48,"{""0"": 33, ""1"": 159}","{""0"": 8, ""1"": 40}",0.6875,0.4625,0.4638868205510052,"[[1, 7], [8, 32]]","{""0"": 9, ""1"": 39}",0.1111111111111111,0.125,0.11764705882352941,8,0.8205128205128205,0.8,0.810126582278481,40,0.4625,0.823076923076923,0.1597222222222222
bfcl,irrelevance_only,S-only,minxing_row_random,logistic_regression_standardized,True,8,1,192,48,"{""0"": 33, ""1"": 159}","{""0"": 8, ""1"": 40}",0.8541666666666666,0.5625,0.5708812260536398,"[[1, 7], [0, 40]]","{""0"": 1, ""1"": 47}",1.0,0.125,0.2222222222222222,8,0.851063829787234,1.0,0.9195402298850575,40,1.0,1.0,1.0
bfcl,irrelevance_only,S-only,minxing_row_random,class_weighted_logistic_regression_standardized,True,8,1,192,48,"{""0"": 33, ""1"": 159}","{""0"": 8, ""1"": 40}",0.9375,0.8125,0.8665430954587581,"[[5, 3], [0, 40]]","{""0"": 5, ""1"": 43}",1.0,0.625,0.7692307692307693,8,0.9302325581395349,1.0,0.963855421686747,40,0.625,0.9302325581395349,0.6875
bfcl,irrelevance_only,S-only,minxing_row_random,random_forest,True,8,1,192,48,"{""0"": 33, ""1"": 159}","{""0"": 8, ""1"": 40}",0.8333333333333334,0.5,0.45454545454545453,"[[0, 8], [0, 40]]","{""1"": 48}",0.0,0.0,0.0,8,0.8333333333333334,1.0,0.9090909090909091,40,1.0,1.0,1.0
bfcl,irrelevance_only,S-only,minxing_row_random,hist_gradient_boosting,True,8,1,192,48,"{""0"": 33, ""1"": 159}","{""0"": 8, ""1"": 40}",0.8333333333333334,0.5,0.45454545454545453,"[[0, 8], [0, 40]]","{""1"": 48}",0.0,0.0,0.0,8,0.8333333333333334,1.0,0.9090909090909091,40,1.0,1.0,1.0
bfcl,irrelevance_only,S-only,minxing_row_random,small_mlp_standardized,True,8,1,192,48,"{""0"": 33, ""1"": 159}","{""0"": 8, ""1"": 40}",0.8333333333333334,0.5,0.45454545454545453,"[[0, 8], [0, 40]]","{""1"": 48}",0.0,0.0,0.0,8,0.8333333333333334,1.0,0.9090909090909091,40,1.0,1.0,1.0
bfcl,irrelevance_only,S-only,minxing_row_random,majority_class,True,9,1,192,48,"{""0"": 33, ""1"": 159}","{""0"": 8, ""1"": 40}",0.8333333333333334,0.5,0.45454545454545453,"[[0, 8], [0, 40]]","{""1"": 48}",0.0,0.0,0.0,8,0.8333333333333334,1.0,0.9090909090909091,40,0.5,0.8333333333333334,0.16666666666666666
bfcl,irrelevance_only,S-only,minxing_row_random,stratified_random,True,9,1,192,48,"{""0"": 33, ""1"": 159}","{""0"": 8, ""1"": 40}",0.6875,0.4625,0.4638868205510052,"[[1, 7], [8, 32]]","{""0"": 9, ""1"": 39}",0.1111111111111111,0.125,0.11764705882352941,8,0.8205128205128205,0.8,0.810126582278481,40,0.4625,0.823076923076923,0.1597222222222222
bfcl,irrelevance_only,S-only,minxing_row_random,logistic_regression_standardized,True,9,1,192,48,"{""0"": 33, ""1"": 159}","{""0"": 8, ""1"": 40}",0.8333333333333334,0.5,0.45454545454545453,"[[0, 8], [0, 40]]","{""1"": 48}",0.0,0.0,0.0,8,0.8333333333333334,1.0,0.9090909090909091,40,0.0,0.8333333333333334,0.11421082422443135
bfcl,irrelevance_only,S-only,minxing_row_random,class_weighted_logistic_regression_standardized,True,9,1,192,48,"{""0"": 33, ""1"": 159}","{""0"": 8, ""1"": 40}",0.0,0.0,0.0,"[[0, 8], [40, 0]]","{""0"": 40, ""1"": 8}",0.0,0.0,0.0,8,0.0,0.0,0.0,40,0.0,0.8333333333333334,0.11421082422443135
bfcl,irrelevance_only,S-only,minxing_row_random,random_forest,True,9,1,192,48,"{""0"": 33, ""1"": 159}","{""0"": 8, ""1"": 40}",0.8333333333333334,0.5,0.45454545454545453,"[[0, 8], [0, 40]]","{""1"": 48}",0.0,0.0,0.0,8,0.8333333333333334,1.0,0.9090909090909091,40,0.125,0.851063829787234,0.23577530625402965
bfcl,irrelevance_only,S-only,minxing_row_random,hist_gradient_boosting,True,9,1,192,48,"{""0"": 33, ""1"": 159}","{""0"": 8, ""1"": 40}",0.8333333333333334,0.5,0.45454545454545453,"[[0, 8], [0, 40]]","{""1"": 48}",0.0,0.0,0.0,8,0.8333333333333334,1.0,0.9090909090909091,40,0.375,0.8888888888888888,0.47916666666666663
bfcl,irrelevance_only,S-only,minxing_row_random,small_mlp_standardized,True,9,1,192,48,"{""0"": 33, ""1"": 159}","{""0"": 8, ""1"": 40}",0.8333333333333334,0.5,0.45454545454545453,"[[0, 8], [0, 40]]","{""1"": 48}",0.0,0.0,0.0,8,0.8333333333333334,1.0,0.9090909090909091,40,0.125,0.851063829787234,0.23577530625402965
bfcl,irrelevance_only,X+S,minxing_row_random,majority_class,False,,1,192,48,"{""0"": 33, ""1"": 159}","{""0"": 8, ""1"": 40}",0.8333333333333334,0.5,0.45454545454545453,"[[0, 8], [0, 40]]","{""1"": 48}",0.0,0.0,0.0,8,0.8333333333333334,1.0,0.9090909090909091,40,0.5,0.8333333333333334,0.16666666666666666
bfcl,irrelevance_only,X+S,minxing_row_random,stratified_random,False,,1,192,48,"{""0"": 33, ""1"": 159}","{""0"": 8, ""1"": 40}",0.6875,0.4625,0.4638868205510052,"[[1, 7], [8, 32]]","{""0"": 9, ""1"": 39}",0.1111111111111111,0.125,0.11764705882352941,8,0.8205128205128205,0.8,0.810126582278481,40,0.4625,0.823076923076923,0.1597222222222222
bfcl,irrelevance_only,X+S,minxing_row_random,logistic_regression_standardized,False,,1,192,48,"{""0"": 33, ""1"": 159}","{""0"": 8, ""1"": 40}",1.0,1.0,1.0,"[[8, 0], [0, 40]]","{""0"": 8, ""1"": 40}",1.0,1.0,1.0,8,1.0,1.0,1.0,40,1.0,1.0,1.0
bfcl,irrelevance_only,X+S,minxing_row_random,class_weighted_logistic_regression_standardized,False,,1,192,48,"{""0"": 33, ""1"": 159}","{""0"": 8, ""1"": 40}",1.0,1.0,1.0,"[[8, 0], [0, 40]]","{""0"": 8, ""1"": 40}",1.0,1.0,1.0,8,1.0,1.0,1.0,40,1.0,1.0,1.0
bfcl,irrelevance_only,X+S,minxing_row_random,random_forest,False,,1,192,48,"{""0"": 33, ""1"": 159}","{""0"": 8, ""1"": 40}",1.0,1.0,1.0,"[[8, 0], [0, 40]]","{""0"": 8, ""1"": 40}",1.0,1.0,1.0,8,1.0,1.0,1.0,40,1.0,1.0,1.0
bfcl,irrelevance_only,X+S,minxing_row_random,hist_gradient_boosting,False,,1,192,48,"{""0"": 33, ""1"": 159}","{""0"": 8, ""1"": 40}",1.0,1.0,1.0,"[[8, 0], [0, 40]]","{""0"": 8, ""1"": 40}",1.0,1.0,1.0,8,1.0,1.0,1.0,40,1.0,1.0,1.0
bfcl,irrelevance_only,X+S,minxing_row_random,small_mlp_standardized,False,,1,192,48,"{""0"": 33, ""1"": 159}","{""0"": 8, ""1"": 40}",1.0,1.0,1.0,"[[8, 0], [0, 40]]","{""0"": 8, ""1"": 40}",1.0,1.0,1.0,8,1.0,1.0,1.0,40,1.0,1.0,1.0
bfcl,irrelevance_only,X+S,minxing_row_random,majority_class,True,0,1,192,48,"{""0"": 33, ""1"": 159}","{""0"": 8, ""1"": 40}",0.8333333333333334,0.5,0.45454545454545453,"[[0, 8], [0, 40]]","{""1"": 48}",0.0,0.0,0.0,8,0.8333333333333334,1.0,0.9090909090909091,40,0.5,0.8333333333333334,0.16666666666666666
bfcl,irrelevance_only,X+S,minxing_row_random,stratified_random,True,0,1,192,48,"{""0"": 33, ""1"": 159}","{""0"": 8, ""1"": 40}",0.6875,0.4625,0.4638868205510052,"[[1, 7], [8, 32]]","{""0"": 9, ""1"": 39}",0.1111111111111111,0.125,0.11764705882352941,8,0.8205128205128205,0.8,0.810126582278481,40,0.4625,0.823076923076923,0.1597222222222222
bfcl,irrelevance_only,X+S,minxing_row_random,logistic_regression_standardized,True,0,1,192,48,"{""0"": 33, ""1"": 159}","{""0"": 8, ""1"": 40}",0.8333333333333334,0.5,0.45454545454545453,"[[0, 8], [0, 40]]","{""1"": 48}",0.0,0.0,0.0,8,0.8333333333333334,1.0,0.9090909090909091,40,0.32187499999999997,0.7299220924855117,0.19623518799359968
bfcl,irrelevance_only,X+S,minxing_row_random,class_weighted_logistic_regression_standardized,True,0,1,192,48,"{""0"": 33, ""1"": 159}","{""0"": 8, ""1"": 40}",0.6458333333333334,0.5375,0.5139964264443121,"[[3, 5], [12, 28]]","{""0"": 15, ""1"": 33}",0.2,0.375,0.2608695652173913,8,0.8484848484848485,0.7,0.7671232876712328,40,0.30625,0.7246063710552392,0.19123450041581402
bfcl,irrelevance_only,X+S,minxing_row_random,random_forest,True,0,1,192,48,"{""0"": 33, ""1"": 159}","{""0"": 8, ""1"": 40}",0.8125,0.4875,0.4482758620689655,"[[0, 8], [1, 39]]","{""0"": 1, ""1"": 47}",0.0,0.0,0.0,8,0.8297872340425532,0.975,0.896551724137931,40,0.346875,0.7833848465783608,0.13670325305127168
bfcl,irrelevance_only,X+S,minxing_row_random,hist_gradient_boosting,True,0,1,192,48,"{""0"": 33, ""1"": 159}","{""0"": 8, ""1"": 40}",0.7708333333333334,0.5125,0.5106580166821131,"[[1, 7], [4, 36]]","{""0"": 5, ""1"": 43}",0.2,0.125,0.15384615384615385,8,0.8372093023255814,0.9,0.8674698795180723,40,0.39999999999999997,0.8282881998119913,0.1570537059775632
bfcl,irrelevance_only,X+S,minxing_row_random,small_mlp_standardized,True,0,1,192,48,"{""0"": 33, ""1"": 159}","{""0"": 8, ""1"": 40}",0.8125,0.4875,0.4482758620689655,"[[0, 8], [1, 39]]","{""0"": 1, ""1"": 47}",0.0,0.0,0.0,8,0.8297872340425532,0.975,0.896551724137931,40,0.27499999999999997,0.7341790453363285,0.12573436891685627
bfcl,irrelevance_only,X+S,minxing_row_random,majority_class,True,1,1,192,48,"{""0"": 33, ""1"": 159}","{""0"": 8, ""1"": 40}",0.8333333333333334,0.5,0.45454545454545453,"[[0, 8], [0, 40]]","{""1"": 48}",0.0,0.0,0.0,8,0.8333333333333334,1.0,0.9090909090909091,40,0.5,0.8333333333333334,0.16666666666666666
bfcl,irrelevance_only,X+S,minxing_row_random,stratified_random,True,1,1,192,48,"{""0"": 33, ""1"": 159}","{""0"": 8, ""1"": 40}",0.6875,0.4625,0.4638868205510052,"[[1, 7], [8, 32]]","{""0"": 9, ""1"": 39}",0.1111111111111111,0.125,0.11764705882352941,8,0.8205128205128205,0.8,0.810126582278481,40,0.4625,0.823076923076923,0.1597222222222222
bfcl,irrelevance_only,X+S,minxing_row_random,logistic_regression_standardized,True,1,1,192,48,"{""0"": 33, ""1"": 159}","{""0"": 8, ""1"": 40}",0.8125,0.4875,0.4482758620689655,"[[0, 8], [1, 39]]","{""0"": 1, ""1"": 47}",0.0,0.0,0.0,8,0.8297872340425532,0.975,0.896551724137931,40,0.6781250000000001,0.9024035161278237,0.34399358811123515
bfcl,irrelevance_only,X+S,minxing_row_random,class_weighted_logistic_regression_standardized,True,1,1,192,48,"{""0"": 33, ""1"": 159}","{""0"": 8, ""1"": 40}",0.625,0.625,0.546218487394958,"[[5, 3], [15, 25]]","{""0"": 20, ""1"": 28}",0.25,0.625,0.35714285714285715,8,0.8928571428571429,0.625,0.7352941176470589,40,0.671875,0.8950594189876282,0.3299679082359288
bfcl,irrelevance_only,X+S,minxing_row_random,random_forest,True,1,1,192,48,"{""0"": 33, ""1"": 159}","{""0"": 8, ""1"": 40}",0.8333333333333334,0.5,0.45454545454545453,"[[0, 8], [0, 40]]","{""1"": 48}",0.0,0.0,0.0,8,0.8333333333333334,1.0,0.9090909090909091,40,0.46875,0.871096091468961,0.16177817655961396
bfcl,irrelevance_only,X+S,minxing_row_random,hist_gradient_boosting,True,1,1,192,48,"{""0"": 33, ""1"": 159}","{""0"": 8, ""1"": 40}",0.7708333333333334,0.4625,0.43529411764705883,"[[0, 8], [3, 37]]","{""0"": 3, ""1"": 45}",0.0,0.0,0.0,8,0.8222222222222222,0.925,0.8705882352941177,40,0.109375,0.6983998501464613,0.10688806409092598
bfcl,irrelevance_only,X+S,minxing_row_random,small_mlp_standardized,True,1,1,192,48,"{""0"": 33, ""1"": 159}","{""0"": 8, ""1"": 40}",0.8333333333333334,0.5,0.45454545454545453,"[[0, 8], [0, 40]]","{""1"": 48}",0.0,0.0,0.0,8,0.8333333333333334,1.0,0.9090909090909091,40,0.696875,0.9337667717635466,0.3553765527950311
bfcl,irrelevance_only,X+S,minxing_row_random,majority_class,True,2,1,192,48,"{""0"": 33, ""1"": 159}","{""0"": 8, ""1"": 40}",0.8333333333333334,0.5,0.45454545454545453,"[[0, 8], [0, 40]]","{""1"": 48}",0.0,0.0,0.0,8,0.8333333333333334,1.0,0.9090909090909091,40,0.5,0.8333333333333334,0.16666666666666666
bfcl,irrelevance_only,X+S,minxing_row_random,stratified_random,True,2,1,192,48,"{""0"": 33, ""1"": 159}","{""0"": 8, ""1"": 40}",0.6875,0.4625,0.4638868205510052,"[[1, 7], [8, 32]]","{""0"": 9, ""1"": 39}",0.1111111111111111,0.125,0.11764705882352941,8,0.8205128205128205,0.8,0.810126582278481,40,0.4625,0.823076923076923,0.1597222222222222
bfcl,irrelevance_only,X+S,minxing_row_random,logistic_regression_standardized,True,2,1,192,48,"{""0"": 33, ""1"": 159}","{""0"": 8, ""1"": 40}",0.8541666666666666,0.5625,0.5708812260536398,"[[1, 7], [0, 40]]","{""0"": 1, ""1"": 47}",1.0,0.125,0.2222222222222222,8,0.851063829787234,1.0,0.9195402298850575,40,0.853125,0.9711448520965196,0.5027056277056277
bfcl,irrelevance_only,X+S,minxing_row_random,class_weighted_logistic_regression_standardized,True,2,1,192,48,"{""0"": 33, ""1"": 159}","{""0"": 8, ""1"": 40}",0.7083333333333334,0.825,0.6606060606060606,"[[8, 0], [14, 26]]","{""0"": 22, ""1"": 26}",0.36363636363636365,1.0,0.5333333333333333,8,1.0,0.65,0.7878787878787878,40,0.8625,0.9731835824865727,0.515726461038961
bfcl,irrelevance_only,X+S,minxing_row_random,random_forest,True,2,1,192,48,"{""0"": 33, ""1"": 159}","{""0"": 8, ""1"": 40}",0.8333333333333334,0.5,0.45454545454545453,"[[0, 8], [0, 40]]","{""1"": 48}",0.0,0.0,0.0,8,0.8333333333333334,1.0,0.9090909090909091,40,0.64375,0.9165866614732302,0.24417652240232884
bfcl,irrelevance_only,X+S,minxing_row_random,hist_gradient_boosting,True,2,1,192,48,"{""0"": 33, ""1"": 159}","{""0"": 8, ""1"": 40}",0.7916666666666666,0.475,0.4418604651162791,"[[0, 8], [2, 38]]","{""0"": 2, ""1"": 46}",0.0,0.0,0.0,8,0.8260869565217391,0.95,0.8837209302325582,40,0.478125,0.8404756567863878,0.1728873556998557
bfcl,irrelevance_only,X+S,minxing_row_random,small_mlp_standardized,True,2,1,192,48,"{""0"": 33, ""1"": 159}","{""0"": 8, ""1"": 40}",0.8333333333333334,0.5,0.45454545454545453,"[[0, 8], [0, 40]]","{""1"": 48}",0.0,0.0,0.0,8,0.8333333333333334,1.0,0.9090909090909091,40,0.6875,0.8980444520207403,0.32259169128670956
bfcl,irrelevance_only,X+S,minxing_row_random,majority_class,True,3,1,192,48,"{""0"": 33, ""1"": 159}","{""0"": 8, ""1"": 40}",0.8333333333333334,0.5,0.45454545454545453,"[[0, 8], [0, 40]]","{""1"": 48}",0.0,0.0,0.0,8,0.8333333333333334,1.0,0.9090909090909091,40,0.5,0.8333333333333334,0.16666666666666666
bfcl,irrelevance_only,X+S,minxing_row_random,stratified_random,True,3,1,192,48,"{""0"": 33, ""1"": 159}","{""0"": 8, ""1"": 40}",0.6875,0.4625,0.4638868205510052,"[[1, 7], [8, 32]]","{""0"": 9, ""1"": 39}",0.1111111111111111,0.125,0.11764705882352941,8,0.8205128205128205,0.8,0.810126582278481,40,0.4625,0.823076923076923,0.1597222222222222
bfcl,irrelevance_only,X+S,minxing_row_random,logistic_regression_standardized,True,3,1,192,48,"{""0"": 33, ""1"": 159}","{""0"": 8, ""1"": 40}",0.8333333333333334,0.5,0.45454545454545453,"[[0, 8], [0, 40]]","{""1"": 48}",0.0,0.0,0.0,8,0.8333333333333334,1.0,0.9090909090909091,40,0.246875,0.7228334106370783,0.12918920654390295
bfcl,irrelevance_only,X+S,minxing_row_random,class_weighted_logistic_regression_standardized,True,3,1,192,48,"{""0"": 33, ""1"": 159}","{""0"": 8, ""1"": 40}",0.3125,0.2375,0.25807962529274003,"[[1, 7], [26, 14]]","{""0"": 27, ""1"": 21}",0.037037037037037035,0.125,0.05714285714285714,8,0.6666666666666666,0.35,0.45901639344262296,40,0.203125,0.7067390907673756,0.22700440304331
bfcl,irrelevance_only,X+S,minxing_row_random,random_forest,True,3,1,192,48,"{""0"": 33, ""1"": 159}","{""0"": 8, ""1"": 40}",0.8333333333333334,0.5,0.45454545454545453,"[[0, 8], [0, 40]]","{""1"": 48}",0.0,0.0,0.0,8,0.8333333333333334,1.0,0.9090909090909091,40,0.42500000000000004,0.7973637730601606,0.16995302441831195
bfcl,irrelevance_only,X+S,minxing_row_random,hist_gradient_boosting,True,3,1,192,48,"{""0"": 33, ""1"": 159}","{""0"": 8, ""1"": 40}",0.8333333333333334,0.5,0.45454545454545453,"[[0, 8], [0, 40]]","{""1"": 48}",0.0,0.0,0.0,8,0.8333333333333334,1.0,0.9090909090909091,40,0.6124999999999999,0.8910526338743423,0.2871237239771723
bfcl,irrelevance_only,X+S,minxing_row_random,small_mlp_standardized,True,3,1,192,48,"{""0"": 33, ""1"": 159}","{""0"": 8, ""1"": 40}",0.8125,0.4875,0.4482758620689655,"[[0, 8], [1, 39]]","{""0"": 1, ""1"": 47}",0.0,0.0,0.0,8,0.8297872340425532,0.975,0.896551724137931,40,0.25625,0.7430893252968064,0.12183595834510468
bfcl,irrelevance_only,X+S,minxing_row_random,majority_class,True,4,1,192,48,"{""0"": 33, ""1"": 159}","{""0"": 8, ""1"": 40}",0.8333333333333334,0.5,0.45454545454545453,"[[0, 8], [0, 40]]","{""1"": 48}",0.0,0.0,0.0,8,0.8333333333333334,1.0,0.9090909090909091,40,0.5,0.8333333333333334,0.16666666666666666
bfcl,irrelevance_only,X+S,minxing_row_random,stratified_random,True,4,1,192,48,"{""0"": 33, ""1"": 159}","{""0"": 8, ""1"": 40}",0.6875,0.4625,0.4638868205510052,"[[1, 7], [8, 32]]","{""0"": 9, ""1"": 39}",0.1111111111111111,0.125,0.11764705882352941,8,0.8205128205128205,0.8,0.810126582278481,40,0.4625,0.823076923076923,0.1597222222222222
bfcl,irrelevance_only,X+S,minxing_row_random,logistic_regression_standardized,True,4,1,192,48,"{""0"": 33, ""1"": 159}","{""0"": 8, ""1"": 40}",0.8333333333333334,0.5,0.45454545454545453,"[[0, 8], [0, 40]]","{""1"": 48}",0.0,0.0,0.0,8,0.8333333333333334,1.0,0.9090909090909091,40,0.578125,0.8372999292877903,0.3587479805086512
bfcl,irrelevance_only,X+S,minxing_row_random,class_weighted_logistic_regression_standardized,True,4,1,192,48,"{""0"": 33, ""1"": 159}","{""0"": 8, ""1"": 40}",0.6666666666666666,0.6,0.5555555555555556,"[[4, 4], [12, 28]]","{""0"": 16, ""1"": 32}",0.25,0.5,0.3333333333333333,8,0.875,0.7,0.7777777777777778,40,0.521875,0.8087380745404356,0.35528776196619694
bfcl,irrelevance_only,X+S,minxing_row_random,random_forest,True,4,1,192,48,"{""0"": 33, ""1"": 159}","{""0"": 8, ""1"": 40}",0.8333333333333334,0.5,0.45454545454545453,"[[0, 8], [0, 40]]","{""1"": 48}",0.0,0.0,0.0,8,0.8333333333333334,1.0,0.9090909090909091,40,0.6375000000000001,0.9095594545394958,0.2574335078011548
bfcl,irrelevance_only,X+S,minxing_row_random,hist_gradient_boosting,True,4,1,192,48,"{""0"": 33, ""1"": 159}","{""0"": 8, ""1"": 40}",0.8333333333333334,0.5,0.45454545454545453,"[[0, 8], [0, 40]]","{""1"": 48}",0.0,0.0,0.0,8,0.8333333333333334,1.0,0.9090909090909091,40,0.49531249999999993,0.8479298093318197,0.2791544599110389
bfcl,irrelevance_only,X+S,minxing_row_random,small_mlp_standardized,True,4,1,192,48,"{""0"": 33, ""1"": 159}","{""0"": 8, ""1"": 40}",0.7916666666666666,0.475,0.4418604651162791,"[[0, 8], [2, 38]]","{""0"": 2, ""1"": 46}",0.0,0.0,0.0,8,0.8260869565217391,0.95,0.8837209302325582,40,0.30625,0.7346725868042123,0.15181727292196934
bfcl,irrelevance_only,X+S,minxing_row_random,majority_class,True,5,1,192,48,"{""0"": 33, ""1"": 159}","{""0"": 8, ""1"": 40}",0.8333333333333334,0.5,0.45454545454545453,"[[0, 8], [0, 40]]","{""1"": 48}",0.0,0.0,0.0,8,0.8333333333333334,1.0,0.9090909090909091,40,0.5,0.8333333333333334,0.16666666666666666
bfcl,irrelevance_only,X+S,minxing_row_random,stratified_random,True,5,1,192,48,"{""0"": 33, ""1"": 159}","{""0"": 8, ""1"": 40}",0.6875,0.4625,0.4638868205510052,"[[1, 7], [8, 32]]","{""0"": 9, ""1"": 39}",0.1111111111111111,0.125,0.11764705882352941,8,0.8205128205128205,0.8,0.810126582278481,40,0.4625,0.823076923076923,0.1597222222222222
bfcl,irrelevance_only,X+S,minxing_row_random,logistic_regression_standardized,True,5,1,192,48,"{""0"": 33, ""1"": 159}","{""0"": 8, ""1"": 40}",0.8333333333333334,0.5,0.45454545454545453,"[[0, 8], [0, 40]]","{""1"": 48}",0.0,0.0,0.0,8,0.8333333333333334,1.0,0.9090909090909091,40,0.09375,0.6756708378876504,0.10375827078842159
bfcl,irrelevance_only,X+S,minxing_row_random,class_weighted_logistic_regression_standardized,True,5,1,192,48,"{""0"": 33, ""1"": 159}","{""0"": 8, ""1"": 40}",0.3541666666666667,0.2625,0.28427128427128423,"[[1, 7], [24, 16]]","{""0"": 25, ""1"": 23}",0.04,0.125,0.06060606060606061,8,0.6956521739130435,0.4,0.5079365079365079,40,0.11875000000000001,0.6814774392975127,0.1057678352979861
bfcl,irrelevance_only,X+S,minxing_row_random,random_forest,True,5,1,192,48,"{""0"": 33, ""1"": 159}","{""0"": 8, ""1"": 40}",0.8333333333333334,0.5,0.45454545454545453,"[[0, 8], [0, 40]]","{""1"": 48}",0.0,0.0,0.0,8,0.8333333333333334,1.0,0.9090909090909091,40,0.215625,0.7181056477328469,0.11667549710491643
bfcl,irrelevance_only,X+S,minxing_row_random,hist_gradient_boosting,True,5,1,192,48,"{""0"": 33, ""1"": 159}","{""0"": 8, ""1"": 40}",0.7916666666666666,0.475,0.4418604651162791,"[[0, 8], [2, 38]]","{""0"": 2, ""1"": 46}",0.0,0.0,0.0,8,0.8260869565217391,0.95,0.8837209302325582,40,0.3,0.7890575274055853,0.12804687142922438
bfcl,irrelevance_only,X+S,minxing_row_random,small_mlp_standardized,True,5,1,192,48,"{""0"": 33, ""1"": 159}","{""0"": 8, ""1"": 40}",0.7916666666666666,0.475,0.4418604651162791,"[[0, 8], [2, 38]]","{""0"": 2, ""1"": 46}",0.0,0.0,0.0,8,0.8260869565217391,0.95,0.8837209302325582,40,0.29375,0.7444587284287473,0.13934077793929783
bfcl,irrelevance_only,X+S,minxing_row_random,majority_class,True,6,1,192,48,"{""0"": 33, ""1"": 159}","{""0"": 8, ""1"": 40}",0.8333333333333334,0.5,0.45454545454545453,"[[0, 8], [0, 40]]","{""1"": 48}",0.0,0.0,0.0,8,0.8333333333333334,1.0,0.9090909090909091,40,0.5,0.8333333333333334,0.16666666666666666
bfcl,irrelevance_only,X+S,minxing_row_random,stratified_random,True,6,1,192,48,"{""0"": 33, ""1"": 159}","{""0"": 8, ""1"": 40}",0.6875,0.4625,0.4638868205510052,"[[1, 7], [8, 32]]","{""0"": 9, ""1"": 39}",0.1111111111111111,0.125,0.11764705882352941,8,0.8205128205128205,0.8,0.810126582278481,40,0.4625,0.823076923076923,0.1597222222222222
bfcl,irrelevance_only,X+S,minxing_row_random,logistic_regression_standardized,True,6,1,192,48,"{""0"": 33, ""1"": 159}","{""0"": 8, ""1"": 40}",0.8333333333333334,0.5,0.45454545454545453,"[[0, 8], [0, 40]]","{""1"": 48}",0.0,0.0,0.0,8,0.8333333333333334,1.0,0.9090909090909091,40,0.09375,0.6803670271687854,0.10453640586325974
bfcl,irrelevance_only,X+S,minxing_row_random,class_weighted_logistic_regression_standardized,True,6,1,192,48,"{""0"": 33, ""1"": 159}","{""0"": 8, ""1"": 40}",0.5,0.3,0.3333333333333333,"[[0, 8], [16, 24]]","{""0"": 16, ""1"": 32}",0.0,0.0,0.0,8,0.75,0.6,0.6666666666666666,40,0.10625000000000001,0.6842088101707853,0.10537597310907698
bfcl,irrelevance_only,X+S,minxing_row_random,random_forest,True,6,1,192,48,"{""0"": 33, ""1"": 159}","{""0"": 8, ""1"": 40}",0.8333333333333334,0.5,0.45454545454545453,"[[0, 8], [0, 40]]","{""1"": 48}",0.0,0.0,0.0,8,0.8333333333333334,1.0,0.9090909090909091,40,0.3125,0.792813017399764,0.13212408713602253
bfcl,irrelevance_only,X+S,minxing_row_random,hist_gradient_boosting,True,6,1,192,48,"{""0"": 33, ""1"": 159}","{""0"": 8, ""1"": 40}",0.8333333333333334,0.5,0.45454545454545453,"[[0, 8], [0, 40]]","{""1"": 48}",0.0,0.0,0.0,8,0.8333333333333334,1.0,0.9090909090909091,40,0.29062499999999997,0.8075471048733057,0.1276145772065587
bfcl,irrelevance_only,X+S,minxing_row_random,small_mlp_standardized,True,6,1,192,48,"{""0"": 33, ""1"": 159}","{""0"": 8, ""1"": 40}",0.8125,0.4875,0.4482758620689655,"[[0, 8], [1, 39]]","{""0"": 1, ""1"": 47}",0.0,0.0,0.0,8,0.8297872340425532,0.975,0.896551724137931,40,0.296875,0.796251024215475,0.13403921388729664
bfcl,irrelevance_only,X+S,minxing_row_random,majority_class,True,7,1,192,48,"{""0"": 33, ""1"": 159}","{""0"": 8, ""1"": 40}",0.8333333333333334,0.5,0.45454545454545453,"[[0, 8], [0, 40]]","{""1"": 48}",0.0,0.0,0.0,8,0.8333333333333334,1.0,0.9090909090909091,40,0.5,0.8333333333333334,0.16666666666666666
bfcl,irrelevance_only,X+S,minxing_row_random,stratified_random,True,7,1,192,48,"{""0"": 33, ""1"": 159}","{""0"": 8, ""1"": 40}",0.6875,0.4625,0.4638868205510052,"[[1, 7], [8, 32]]","{""0"": 9, ""1"": 39}",0.1111111111111111,0.125,0.11764705882352941,8,0.8205128205128205,0.8,0.810126582278481,40,0.4625,0.823076923076923,0.1597222222222222
bfcl,irrelevance_only,X+S,minxing_row_random,logistic_regression_standardized,True,7,1,192,48,"{""0"": 33, ""1"": 159}","{""0"": 8, ""1"": 40}",0.8541666666666666,0.5625,0.5708812260536398,"[[1, 7], [0, 40]]","{""0"": 1, ""1"": 47}",1.0,0.125,0.2222222222222222,8,0.851063829787234,1.0,0.9195402298850575,40,0.64375,0.8652027334628921,0.40608950228515445
bfcl,irrelevance_only,X+S,minxing_row_random,class_weighted_logistic_regression_standardized,True,7,1,192,48,"{""0"": 33, ""1"": 159}","{""0"": 8, ""1"": 40}",0.7083333333333334,0.675,0.6111111111111112,"[[5, 3], [11, 29]]","{""0"": 16, ""1"": 32}",0.3125,0.625,0.4166666666666667,8,0.90625,0.725,0.8055555555555556,40,0.659375,0.8679772980042046,0.4916414503371025
bfcl,irrelevance_only,X+S,minxing_row_random,random_forest,True,7,1,192,48,"{""0"": 33, ""1"": 159}","{""0"": 8, ""1"": 40}",0.8333333333333334,0.5,0.45454545454545453,"[[0, 8], [0, 40]]","{""1"": 48}",0.0,0.0,0.0,8,0.8333333333333334,1.0,0.9090909090909091,40,0.7093749999999999,0.9345528057049308,0.3104215497378039
bfcl,irrelevance_only,X+S,minxing_row_random,hist_gradient_boosting,True,7,1,192,48,"{""0"": 33, ""1"": 159}","{""0"": 8, ""1"": 40}",0.8125,0.4875,0.4482758620689655,"[[0, 8], [1, 39]]","{""0"": 1, ""1"": 47}",0.0,0.0,0.0,8,0.8297872340425532,0.975,0.896551724137931,40,0.640625,0.9109140182696709,0.2533653846153846
bfcl,irrelevance_only,X+S,minxing_row_random,small_mlp_standardized,True,7,1,192,48,"{""0"": 33, ""1"": 159}","{""0"": 8, ""1"": 40}",0.8541666666666666,0.5625,0.5708812260536398,"[[1, 7], [0, 40]]","{""0"": 1, ""1"": 47}",1.0,0.125,0.2222222222222222,8,0.851063829787234,1.0,0.9195402298850575,40,0.6781250000000001,0.9040334341704432,0.4061923218899963
bfcl,irrelevance_only,X+S,minxing_row_random,majority_class,True,8,1,192,48,"{""0"": 33, ""1"": 159}","{""0"": 8, ""1"": 40}",0.8333333333333334,0.5,0.45454545454545453,"[[0, 8], [0, 40]]","{""1"": 48}",0.0,0.0,0.0,8,0.8333333333333334,1.0,0.9090909090909091,40,0.5,0.8333333333333334,0.16666666666666666
bfcl,irrelevance_only,X+S,minxing_row_random,stratified_random,True,8,1,192,48,"{""0"": 33, ""1"": 159}","{""0"": 8, ""1"": 40}",0.6875,0.4625,0.4638868205510052,"[[1, 7], [8, 32]]","{""0"": 9, ""1"": 39}",0.1111111111111111,0.125,0.11764705882352941,8,0.8205128205128205,0.8,0.810126582278481,40,0.4625,0.823076923076923,0.1597222222222222
bfcl,irrelevance_only,X+S,minxing_row_random,logistic_regression_standardized,True,8,1,192,48,"{""0"": 33, ""1"": 159}","{""0"": 8, ""1"": 40}",0.8541666666666666,0.5625,0.5708812260536398,"[[1, 7], [0, 40]]","{""0"": 1, ""1"": 47}",1.0,0.125,0.2222222222222222,8,0.851063829787234,1.0,0.9195402298850575,40,0.796875,0.9321854417475242,0.5664327094474153
bfcl,irrelevance_only,X+S,minxing_row_random,class_weighted_logistic_regression_standardized,True,8,1,192,48,"{""0"": 33, ""1"": 159}","{""0"": 8, ""1"": 40}",0.5833333333333334,0.7,0.5445920303605313,"[[7, 1], [19, 21]]","{""0"": 26, ""1"": 22}",0.2692307692307692,0.875,0.4117647058823529,8,0.9545454545454546,0.525,0.6774193548387096,40,0.75,0.9131496418599305,0.47359487273170137
bfcl,irrelevance_only,X+S,minxing_row_random,random_forest,True,8,1,192,48,"{""0"": 33, ""1"": 159}","{""0"": 8, ""1"": 40}",0.8125,0.4875,0.4482758620689655,"[[0, 8], [1, 39]]","{""0"": 1, ""1"": 47}",0.0,0.0,0.0,8,0.8297872340425532,0.975,0.896551724137931,40,0.5125,0.8862532145056755,0.17346589121485223
bfcl,irrelevance_only,X+S,minxing_row_random,hist_gradient_boosting,True,8,1,192,48,"{""0"": 33, ""1"": 159}","{""0"": 8, ""1"": 40}",0.8125,0.4875,0.4482758620689655,"[[0, 8], [1, 39]]","{""0"": 1, ""1"": 47}",0.0,0.0,0.0,8,0.8297872340425532,0.975,0.896551724137931,40,0.45312499999999994,0.8159141387070425,0.22694139877790492
bfcl,irrelevance_only,X+S,minxing_row_random,small_mlp_standardized,True,8,1,192,48,"{""0"": 33, ""1"": 159}","{""0"": 8, ""1"": 40}",0.8333333333333334,0.5,0.45454545454545453,"[[0, 8], [0, 40]]","{""1"": 48}",0.0,0.0,0.0,8,0.8333333333333334,1.0,0.9090909090909091,40,0.40312500000000007,0.8141172017014107,0.16358044059128152
bfcl,irrelevance_only,X+S,minxing_row_random,majority_class,True,9,1,192,48,"{""0"": 33, ""1"": 159}","{""0"": 8, ""1"": 40}",0.8333333333333334,0.5,0.45454545454545453,"[[0, 8], [0, 40]]","{""1"": 48}",0.0,0.0,0.0,8,0.8333333333333334,1.0,0.9090909090909091,40,0.5,0.8333333333333334,0.16666666666666666
bfcl,irrelevance_only,X+S,minxing_row_random,stratified_random,True,9,1,192,48,"{""0"": 33, ""1"": 159}","{""0"": 8, ""1"": 40}",0.6875,0.4625,0.4638868205510052,"[[1, 7], [8, 32]]","{""0"": 9, ""1"": 39}",0.1111111111111111,0.125,0.11764705882352941,8,0.8205128205128205,0.8,0.810126582278481,40,0.4625,0.823076923076923,0.1597222222222222
bfcl,irrelevance_only,X+S,minxing_row_random,logistic_regression_standardized,True,9,1,192,48,"{""0"": 33, ""1"": 159}","{""0"": 8, ""1"": 40}",0.8333333333333334,0.5,0.45454545454545453,"[[0, 8], [0, 40]]","{""1"": 48}",0.0,0.0,0.0,8,0.8333333333333334,1.0,0.9090909090909091,40,0.29375,0.7237511834927068,0.16926965970097327
bfcl,irrelevance_only,X+S,minxing_row_random,class_weighted_logistic_regression_standardized,True,9,1,192,48,"{""0"": 33, ""1"": 159}","{""0"": 8, ""1"": 40}",0.625,0.475,0.46928746928746934,"[[2, 6], [12, 28]]","{""0"": 14, ""1"": 34}",0.14285714285714285,0.25,0.18181818181818182,8,0.8235294117647058,0.7,0.7567567567567568,40,0.309375,0.729702262003568,0.1658241468804605
bfcl,irrelevance_only,X+S,minxing_row_random,random_forest,True,9,1,192,48,"{""0"": 33, ""1"": 159}","{""0"": 8, ""1"": 40}",0.8333333333333334,0.5,0.45454545454545453,"[[0, 8], [0, 40]]","{""1"": 48}",0.0,0.0,0.0,8,0.8333333333333334,1.0,0.9090909090909091,40,0.203125,0.7178577291725552,0.1144563954139935
bfcl,irrelevance_only,X+S,minxing_row_random,hist_gradient_boosting,True,9,1,192,48,"{""0"": 33, ""1"": 159}","{""0"": 8, ""1"": 40}",0.8333333333333334,0.55,0.5534883720930233,"[[1, 7], [1, 39]]","{""0"": 2, ""1"": 46}",0.5,0.125,0.2,8,0.8478260869565217,0.975,0.9069767441860465,40,0.3140625,0.75941580473106,0.17818851941758823
bfcl,irrelevance_only,X+S,minxing_row_random,small_mlp_standardized,True,9,1,192,48,"{""0"": 33, ""1"": 159}","{""0"": 8, ""1"": 40}",0.8333333333333334,0.5,0.45454545454545453,"[[0, 8], [0, 40]]","{""1"": 48}",0.0,0.0,0.0,8,0.8333333333333334,1.0,0.9090909090909091,40,0.2125,0.7336165778573407,0.11572151734439896
apibank,all_pairs,X-only,pair_grouped,majority_class,False,,1,812,204,"{""0"": 406, ""1"": 406}","{""0"": 102, ""1"": 102}",0.5,0.5,0.3333333333333333,"[[102, 0], [102, 0]]","{""0"": 204}",0.5,1.0,0.6666666666666666,102,0.0,0.0,0.0,102,0.5,0.5,0.5
apibank,all_pairs,X-only,pair_grouped,stratified_random,False,,1,812,204,"{""0"": 406, ""1"": 406}","{""0"": 102, ""1"": 102}",0.45588235294117646,0.4558823529411765,0.4555552884037412,"[[49, 53], [58, 44]]","{""0"": 107, ""1"": 97}",0.45794392523364486,0.4803921568627451,0.4688995215311005,102,0.4536082474226804,0.43137254901960786,0.44221105527638194,102,0.4558823529411764,0.47998787143723465,0.47979659153380977
apibank,all_pairs,X-only,pair_grouped,logistic_regression_standardized,False,,1,812,204,"{""0"": 406, ""1"": 406}","{""0"": 102, ""1"": 102}",0.5,0.5,0.3333333333333333,"[[102, 0], [102, 0]]","{""0"": 204}",0.5,1.0,0.6666666666666666,102,0.0,0.0,0.0,102,0.5,0.5,0.5
apibank,all_pairs,X-only,pair_grouped,class_weighted_logistic_regression_standardized,False,,1,812,204,"{""0"": 406, ""1"": 406}","{""0"": 102, ""1"": 102}",0.5,0.5,0.3333333333333333,"[[102, 0], [102, 0]]","{""0"": 204}",0.5,1.0,0.6666666666666666,102,0.0,0.0,0.0,102,0.5,0.5,0.5
apibank,all_pairs,X-only,pair_grouped,random_forest,False,,1,812,204,"{""0"": 406, ""1"": 406}","{""0"": 102, ""1"": 102}",0.5,0.5,0.4976339932399807,"[[58, 44], [58, 44]]","{""0"": 116, ""1"": 88}",0.5,0.5686274509803921,0.5321100917431193,102,0.5,0.43137254901960786,0.4631578947368421,102,0.5,0.4999999999999999,0.4999999999999999
apibank,all_pairs,X-only,pair_grouped,hist_gradient_boosting,False,,1,812,204,"{""0"": 406, ""1"": 406}","{""0"": 102, ""1"": 102}",0.5,0.5,0.3333333333333333,"[[102, 0], [102, 0]]","{""0"": 204}",0.5,1.0,0.6666666666666666,102,0.0,0.0,0.0,102,0.5,0.5,0.5
apibank,all_pairs,X-only,pair_grouped,small_mlp_standardized,False,,1,812,204,"{""0"": 406, ""1"": 406}","{""0"": 102, ""1"": 102}",0.5,0.5,0.49879564505250984,"[[46, 56], [46, 56]]","{""0"": 92, ""1"": 112}",0.5,0.45098039215686275,0.4742268041237113,102,0.5,0.5490196078431373,0.5233644859813084,102,0.5,0.4999999999999999,0.4999999999999999
apibank,all_pairs,X-only,pair_grouped,majority_class,True,0,1,812,204,"{""0"": 406, ""1"": 406}","{""0"": 102, ""1"": 102}",0.5,0.5,0.3333333333333333,"[[102, 0], [102, 0]]","{""0"": 204}",0.5,1.0,0.6666666666666666,102,0.0,0.0,0.0,102,0.5,0.5,0.5
apibank,all_pairs,X-only,pair_grouped,stratified_random,True,0,1,812,204,"{""0"": 406, ""1"": 406}","{""0"": 102, ""1"": 102}",0.45588235294117646,0.4558823529411765,0.4555552884037412,"[[49, 53], [58, 44]]","{""0"": 107, ""1"": 97}",0.45794392523364486,0.4803921568627451,0.4688995215311005,102,0.4536082474226804,0.43137254901960786,0.44221105527638194,102,0.4558823529411764,0.47998787143723465,0.47979659153380977
apibank,all_pairs,X-only,pair_grouped,logistic_regression_standardized,True,0,1,812,204,"{""0"": 406, ""1"": 406}","{""0"": 102, ""1"": 102}",0.5,0.5,0.5,"[[51, 51], [51, 51]]","{""0"": 102, ""1"": 102}",0.5,0.5,0.5,102,0.5,0.5,0.5,102,0.49980776624375245,0.5030471326669751,0.5036207494244949
apibank,all_pairs,X-only,pair_grouped,class_weighted_logistic_regression_standardized,True,0,1,812,204,"{""0"": 406, ""1"": 406}","{""0"": 102, ""1"": 102}",0.5,0.5,0.5,"[[51, 51], [51, 51]]","{""0"": 102, ""1"": 102}",0.5,0.5,0.5,102,0.5,0.5,0.5,102,0.49980776624375245,0.5030471326669751,0.5036207494244949
apibank,all_pairs,X-only,pair_grouped,random_forest,True,0,1,812,204,"{""0"": 406, ""1"": 406}","{""0"": 102, ""1"": 102}",0.5,0.5,0.49956709956709955,"[[54, 48], [54, 48]]","{""0"": 108, ""1"": 96}",0.5,0.5294117647058824,0.5142857142857142,102,0.5,0.47058823529411764,0.48484848484848486,102,0.5,0.4999999999999999,0.4999999999999999
apibank,all_pairs,X-only,pair_grouped,hist_gradient_boosting,True,0,1,812,204,"{""0"": 406, ""1"": 406}","{""0"": 102, ""1"": 102}",0.5,0.5,0.49879564505250984,"[[56, 46], [56, 46]]","{""0"": 112, ""1"": 92}",0.5,0.5490196078431373,0.5233644859813084,102,0.5,0.45098039215686275,0.4742268041237113,102,0.5,0.4999999999999999,0.4999999999999999
apibank,all_pairs,X-only,pair_grouped,small_mlp_standardized,True,0,1,812,204,"{""0"": 406, ""1"": 406}","{""0"": 102, ""1"": 102}",0.5,0.5,0.4998076923076923,"[[49, 53], [49, 53]]","{""0"": 98, ""1"": 106}",0.5,0.4803921568627451,0.49,102,0.5,0.5196078431372549,0.5096153846153846,102,0.5,0.4999999999999999,0.4999999999999999
apibank,all_pairs,X-only,pair_grouped,majority_class,True,1,1,812,204,"{""0"": 406, ""1"": 406}","{""0"": 102, ""1"": 102}",0.5,0.5,0.3333333333333333,"[[102, 0], [102, 0]]","{""0"": 204}",0.5,1.0,0.6666666666666666,102,0.0,0.0,0.0,102,0.5,0.5,0.5
apibank,all_pairs,X-only,pair_grouped,stratified_random,True,1,1,812,204,"{""0"": 406, ""1"": 406}","{""0"": 102, ""1"": 102}",0.45588235294117646,0.4558823529411765,0.4555552884037412,"[[49, 53], [58, 44]]","{""0"": 107, ""1"": 97}",0.45794392523364486,0.4803921568627451,0.4688995215311005,102,0.4536082474226804,0.43137254901960786,0.44221105527638194,102,0.4558823529411764,0.47998787143723465,0.47979659153380977
apibank,all_pairs,X-only,pair_grouped,logistic_regression_standardized,True,1,1,812,204,"{""0"": 406, ""1"": 406}","{""0"": 102, ""1"": 102}",0.5,0.5,0.49995193694126694,"[[52, 50], [52, 50]]","{""0"": 104, ""1"": 100}",0.5,0.5098039215686274,0.5048543689320388,102,0.5,0.49019607843137253,0.49504950495049505,102,0.49971164936562856,0.5014694196898172,0.5017967305181076
apibank,all_pairs,X-only,pair_grouped,class_weighted_logistic_regression_standardized,True,1,1,812,204,"{""0"": 406, ""1"": 406}","{""0"": 102, ""1"": 102}",0.5,0.5,0.49995193694126694,"[[52, 50], [52, 50]]","{""0"": 104, ""1"": 100}",0.5,0.5098039215686274,0.5048543689320388,102,0.5,0.49019607843137253,0.49504950495049505,102,0.49971164936562856,0.5014694196898172,0.5017967305181076
apibank,all_pairs,X-only,pair_grouped,random_forest,True,1,1,812,204,"{""0"": 406, ""1"": 406}","{""0"": 102, ""1"": 102}",0.5,0.5,0.49956709956709955,"[[48, 54], [48, 54]]","{""0"": 96, ""1"": 108}",0.5,0.47058823529411764,0.48484848484848486,102,0.5,0.5294117647058824,0.5142857142857142,102,0.5,0.4999999999999999,0.4999999999999999
apibank,all_pairs,X-only,pair_grouped,hist_gradient_boosting,True,1,1,812,204,"{""0"": 406, ""1"": 406}","{""0"": 102, ""1"": 102}",0.5,0.5,0.4998076923076923,"[[49, 53], [49, 53]]","{""0"": 98, ""1"": 106}",0.5,0.4803921568627451,0.49,102,0.5,0.5196078431372549,0.5096153846153846,102,0.5,0.4999999999999999,0.4999999999999999
apibank,all_pairs,X-only,pair_grouped,small_mlp_standardized,True,1,1,812,204,"{""0"": 406, ""1"": 406}","{""0"": 102, ""1"": 102}",0.5,0.5,0.4998076923076923,"[[49, 53], [49, 53]]","{""0"": 98, ""1"": 106}",0.5,0.4803921568627451,0.49,102,0.5,0.5196078431372549,0.5096153846153846,102,0.5,0.4999999999999999,0.4999999999999999
apibank,all_pairs,X-only,pair_grouped,majority_class,True,2,1,812,204,"{""0"": 406, ""1"": 406}","{""0"": 102, ""1"": 102}",0.5,0.5,0.3333333333333333,"[[102, 0], [102, 0]]","{""0"": 204}",0.5,1.0,0.6666666666666666,102,0.0,0.0,0.0,102,0.5,0.5,0.5
apibank,all_pairs,X-only,pair_grouped,stratified_random,True,2,1,812,204,"{""0"": 406, ""1"": 406}","{""0"": 102, ""1"": 102}",0.45588235294117646,0.4558823529411765,0.4555552884037412,"[[49, 53], [58, 44]]","{""0"": 107, ""1"": 97}",0.45794392523364486,0.4803921568627451,0.4688995215311005,102,0.4536082474226804,0.43137254901960786,0.44221105527638194,102,0.4558823529411764,0.47998787143723465,0.47979659153380977
apibank,all_pairs,X-only,pair_grouped,logistic_regression_standardized,True,2,1,812,204,"{""0"": 406, ""1"": 406}","{""0"": 102, ""1"": 102}",0.5,0.5,0.49922988063149787,"[[55, 47], [55, 47]]","{""0"": 110, ""1"": 94}",0.5,0.5392156862745098,0.5188679245283019,102,0.5,0.46078431372549017,0.47959183673469385,102,0.4997116493656286,0.5015464513042306,0.5023084559807565
apibank,all_pairs,X-only,pair_grouped,class_weighted_logistic_regression_standardized,True,2,1,812,204,"{""0"": 406, ""1"": 406}","{""0"": 102, ""1"": 102}",0.5,0.5,0.49922988063149787,"[[55, 47], [55, 47]]","{""0"": 110, ""1"": 94}",0.5,0.5392156862745098,0.5188679245283019,102,0.5,0.46078431372549017,0.47959183673469385,102,0.4997116493656286,0.5015464513042306,0.5023084559807565
apibank,all_pairs,X-only,pair_grouped,random_forest,True,2,1,812,204,"{""0"": 406, ""1"": 406}","{""0"": 102, ""1"": 102}",0.5,0.5,0.49922988063149787,"[[47, 55], [47, 55]]","{""0"": 94, ""1"": 110}",0.5,0.46078431372549017,0.47959183673469385,102,0.5,0.5392156862745098,0.5188679245283019,102,0.5,0.4999999999999999,0.4999999999999999
apibank,all_pairs,X-only,pair_grouped,hist_gradient_boosting,True,2,1,812,204,"{""0"": 406, ""1"": 406}","{""0"": 102, ""1"": 102}",0.5,0.5,0.4982638888888889,"[[45, 57], [45, 57]]","{""0"": 90, ""1"": 114}",0.5,0.4411764705882353,0.46875,102,0.5,0.5588235294117647,0.5277777777777778,102,0.5,0.4999999999999999,0.4999999999999999
apibank,all_pairs,X-only,pair_grouped,small_mlp_standardized,True,2,1,812,204,"{""0"": 406, ""1"": 406}","{""0"": 102, ""1"": 102}",0.5,0.5,0.5,"[[51, 51], [51, 51]]","{""0"": 102, ""1"": 102}",0.5,0.5,0.5,102,0.5,0.5,0.5,102,0.5,0.4999999999999999,0.4999999999999999
apibank,all_pairs,X-only,pair_grouped,majority_class,True,3,1,812,204,"{""0"": 406, ""1"": 406}","{""0"": 102, ""1"": 102}",0.5,0.5,0.3333333333333333,"[[102, 0], [102, 0]]","{""0"": 204}",0.5,1.0,0.6666666666666666,102,0.0,0.0,0.0,102,0.5,0.5,0.5
apibank,all_pairs,X-only,pair_grouped,stratified_random,True,3,1,812,204,"{""0"": 406, ""1"": 406}","{""0"": 102, ""1"": 102}",0.45588235294117646,0.4558823529411765,0.4555552884037412,"[[49, 53], [58, 44]]","{""0"": 107, ""1"": 97}",0.45794392523364486,0.4803921568627451,0.4688995215311005,102,0.4536082474226804,0.43137254901960786,0.44221105527638194,102,0.4558823529411764,0.47998787143723465,0.47979659153380977
apibank,all_pairs,X-only,pair_grouped,logistic_regression_standardized,True,3,1,812,204,"{""0"": 406, ""1"": 406}","{""0"": 102, ""1"": 102}",0.5,0.5,0.49411650296606047,"[[40, 62], [40, 62]]","{""0"": 80, ""1"": 124}",0.5,0.39215686274509803,0.43956043956043955,102,0.5,0.6078431372549019,0.5486725663716814,102,0.5001441753171857,0.5023197574936512,0.5017626801959716
apibank,all_pairs,X-only,pair_grouped,class_weighted_logistic_regression_standardized,True,3,1,812,204,"{""0"": 406, ""1"": 406}","{""0"": 102, ""1"": 102}",0.5,0.5,0.49411650296606047,"[[40, 62], [40, 62]]","{""0"": 80, ""1"": 124}",0.5,0.39215686274509803,0.43956043956043955,102,0.5,0.6078431372549019,0.5486725663716814,102,0.5001441753171857,0.5023197574936512,0.5017626801959716
apibank,all_pairs,X-only,pair_grouped,random_forest,True,3,1,812,204,"{""0"": 406, ""1"": 406}","{""0"": 102, ""1"": 102}",0.5,0.5,0.4982638888888889,"[[45, 57], [45, 57]]","{""0"": 90, ""1"": 114}",0.5,0.4411764705882353,0.46875,102,0.5,0.5588235294117647,0.5277777777777778,102,0.5,0.4999999999999999,0.4999999999999999
apibank,all_pairs,X-only,pair_grouped,hist_gradient_boosting,True,3,1,812,204,"{""0"": 406, ""1"": 406}","{""0"": 102, ""1"": 102}",0.5,0.5,0.4976339932399807,"[[44, 58], [44, 58]]","{""0"": 88, ""1"": 116}",0.5,0.43137254901960786,0.4631578947368421,102,0.5,0.5686274509803921,0.5321100917431193,102,0.5,0.4999999999999999,0.4999999999999999
apibank,all_pairs,X-only,pair_grouped,small_mlp_standardized,True,3,1,812,204,"{""0"": 406, ""1"": 406}","{""0"": 102, ""1"": 102}",0.5,0.5,0.4951475155279503,"[[41, 61], [41, 61]]","{""0"": 82, ""1"": 122}",0.5,0.4019607843137255,0.44565217391304346,102,0.5,0.5980392156862745,0.5446428571428571,102,0.5,0.4999999999999999,0.4999999999999999
apibank,all_pairs,X-only,pair_grouped,majority_class,True,4,1,812,204,"{""0"": 406, ""1"": 406}","{""0"": 102, ""1"": 102}",0.5,0.5,0.3333333333333333,"[[102, 0], [102, 0]]","{""0"": 204}",0.5,1.0,0.6666666666666666,102,0.0,0.0,0.0,102,0.5,0.5,0.5
apibank,all_pairs,X-only,pair_grouped,stratified_random,True,4,1,812,204,"{""0"": 406, ""1"": 406}","{""0"": 102, ""1"": 102}",0.45588235294117646,0.4558823529411765,0.4555552884037412,"[[49, 53], [58, 44]]","{""0"": 107, ""1"": 97}",0.45794392523364486,0.4803921568627451,0.4688995215311005,102,0.4536082474226804,0.43137254901960786,0.44221105527638194,102,0.4558823529411764,0.47998787143723465,0.47979659153380977
apibank,all_pairs,X-only,pair_grouped,logistic_regression_standardized,True,4,1,812,204,"{""0"": 406, ""1"": 406}","{""0"": 102, ""1"": 102}",0.5,0.5,0.4998076923076923,"[[49, 53], [49, 53]]","{""0"": 98, ""1"": 106}",0.5,0.4803921568627451,0.49,102,0.5,0.5196078431372549,0.5096153846153846,102,0.4998558246828143,0.5015444169244243,0.5019056531026433
apibank,all_pairs,X-only,pair_grouped,class_weighted_logistic_regression_standardized,True,4,1,812,204,"{""0"": 406, ""1"": 406}","{""0"": 102, ""1"": 102}",0.5,0.5,0.4998076923076923,"[[49, 53], [49, 53]]","{""0"": 98, ""1"": 106}",0.5,0.4803921568627451,0.49,102,0.5,0.5196078431372549,0.5096153846153846,102,0.4998558246828143,0.5015444169244243,0.5019056531026433
apibank,all_pairs,X-only,pair_grouped,random_forest,True,4,1,812,204,"{""0"": 406, ""1"": 406}","{""0"": 102, ""1"": 102}",0.5,0.5,0.4976339932399807,"[[58, 44], [58, 44]]","{""0"": 116, ""1"": 88}",0.5,0.5686274509803921,0.5321100917431193,102,0.5,0.43137254901960786,0.4631578947368421,102,0.5,0.4999999999999999,0.4999999999999999
apibank,all_pairs,X-only,pair_grouped,hist_gradient_boosting,True,4,1,812,204,"{""0"": 406, ""1"": 406}","{""0"": 102, ""1"": 102}",0.5,0.5,0.49607672188317353,"[[60, 42], [60, 42]]","{""0"": 120, ""1"": 84}",0.5,0.5882352941176471,0.5405405405405406,102,0.5,0.4117647058823529,0.45161290322580644,102,0.5,0.4999999999999999,0.4999999999999999
apibank,all_pairs,X-only,pair_grouped,small_mlp_standardized,True,4,1,812,204,"{""0"": 406, ""1"": 406}","{""0"": 102, ""1"": 102}",0.5,0.5,0.49922988063149787,"[[55, 47], [55, 47]]","{""0"": 110, ""1"": 94}",0.5,0.5392156862745098,0.5188679245283019,102,0.5,0.46078431372549017,0.47959183673469385,102,0.5,0.4999999999999999,0.4999999999999999
apibank,all_pairs,X-only,pair_grouped,majority_class,True,5,1,812,204,"{""0"": 406, ""1"": 406}","{""0"": 102, ""1"": 102}",0.5,0.5,0.3333333333333333,"[[102, 0], [102, 0]]","{""0"": 204}",0.5,1.0,0.6666666666666666,102,0.0,0.0,0.0,102,0.5,0.5,0.5
apibank,all_pairs,X-only,pair_grouped,stratified_random,True,5,1,812,204,"{""0"": 406, ""1"": 406}","{""0"": 102, ""1"": 102}",0.45588235294117646,0.4558823529411765,0.4555552884037412,"[[49, 53], [58, 44]]","{""0"": 107, ""1"": 97}",0.45794392523364486,0.4803921568627451,0.4688995215311005,102,0.4536082474226804,0.43137254901960786,0.44221105527638194,102,0.4558823529411764,0.47998787143723465,0.47979659153380977
apibank,all_pairs,X-only,pair_grouped,logistic_regression_standardized,True,5,1,812,204,"{""0"": 406, ""1"": 406}","{""0"": 102, ""1"": 102}",0.5,0.5,0.49956709956709955,"[[48, 54], [48, 54]]","{""0"": 96, ""1"": 108}",0.5,0.47058823529411764,0.48484848484848486,102,0.5,0.5294117647058824,0.5142857142857142,102,0.5003844675124951,0.5022023112758165,0.5025766108608567
apibank,all_pairs,X-only,pair_grouped,class_weighted_logistic_regression_standardized,True,5,1,812,204,"{""0"": 406, ""1"": 406}","{""0"": 102, ""1"": 102}",0.5,0.5,0.49956709956709955,"[[48, 54], [48, 54]]","{""0"": 96, ""1"": 108}",0.5,0.47058823529411764,0.48484848484848486,102,0.5,0.5294117647058824,0.5142857142857142,102,0.5003844675124951,0.5022023112758165,0.5025766108608567
apibank,all_pairs,X-only,pair_grouped,random_forest,True,5,1,812,204,"{""0"": 406, ""1"": 406}","{""0"": 102, ""1"": 102}",0.5,0.5,0.49879564505250984,"[[46, 56], [46, 56]]","{""0"": 92, ""1"": 112}",0.5,0.45098039215686275,0.4742268041237113,102,0.5,0.5490196078431373,0.5233644859813084,102,0.5,0.4999999999999999,0.4999999999999999
apibank,all_pairs,X-only,pair_grouped,hist_gradient_boosting,True,5,1,812,204,"{""0"": 406, ""1"": 406}","{""0"": 102, ""1"": 102}",0.5,0.5,0.49922988063149787,"[[47, 55], [47, 55]]","{""0"": 94, ""1"": 110}",0.5,0.46078431372549017,0.47959183673469385,102,0.5,0.5392156862745098,0.5188679245283019,102,0.5,0.4999999999999999,0.4999999999999999
apibank,all_pairs,X-only,pair_grouped,small_mlp_standardized,True,5,1,812,204,"{""0"": 406, ""1"": 406}","{""0"": 102, ""1"": 102}",0.5,0.5,0.5,"[[51, 51], [51, 51]]","{""0"": 102, ""1"": 102}",0.5,0.5,0.5,102,0.5,0.5,0.5,102,0.5,0.4999999999999999,0.4999999999999999
apibank,all_pairs,X-only,pair_grouped,majority_class,True,6,1,812,204,"{""0"": 406, ""1"": 406}","{""0"": 102, ""1"": 102}",0.5,0.5,0.3333333333333333,"[[102, 0], [102, 0]]","{""0"": 204}",0.5,1.0,0.6666666666666666,102,0.0,0.0,0.0,102,0.5,0.5,0.5
apibank,all_pairs,X-only,pair_grouped,stratified_random,True,6,1,812,204,"{""0"": 406, ""1"": 406}","{""0"": 102, ""1"": 102}",0.45588235294117646,0.4558823529411765,0.4555552884037412,"[[49, 53], [58, 44]]","{""0"": 107, ""1"": 97}",0.45794392523364486,0.4803921568627451,0.4688995215311005,102,0.4536082474226804,0.43137254901960786,0.44221105527638194,102,0.4558823529411764,0.47998787143723465,0.47979659153380977
apibank,all_pairs,X-only,pair_grouped,logistic_regression_standardized,True,6,1,812,204,"{""0"": 406, ""1"": 406}","{""0"": 102, ""1"": 102}",0.5,0.5,0.49879564505250984,"[[56, 46], [56, 46]]","{""0"": 112, ""1"": 92}",0.5,0.5490196078431373,0.5233644859813084,102,0.5,0.45098039215686275,0.4742268041237113,102,0.5000961168781239,0.5024583808447985,0.50230760269521
apibank,all_pairs,X-only,pair_grouped,class_weighted_logistic_regression_standardized,True,6,1,812,204,"{""0"": 406, ""1"": 406}","{""0"": 102, ""1"": 102}",0.5,0.5,0.49879564505250984,"[[56, 46], [56, 46]]","{""0"": 112, ""1"": 92}",0.5,0.5490196078431373,0.5233644859813084,102,0.5,0.45098039215686275,0.4742268041237113,102,0.5000961168781239,0.5024583808447985,0.50230760269521
apibank,all_pairs,X-only,pair_grouped,random_forest,True,6,1,812,204,"{""0"": 406, ""1"": 406}","{""0"": 102, ""1"": 102}",0.5,0.5,0.49607672188317353,"[[60, 42], [60, 42]]","{""0"": 120, ""1"": 84}",0.5,0.5882352941176471,0.5405405405405406,102,0.5,0.4117647058823529,0.45161290322580644,102,0.5,0.4999999999999999,0.4999999999999999
apibank,all_pairs,X-only,pair_grouped,hist_gradient_boosting,True,6,1,812,204,"{""0"": 406, ""1"": 406}","{""0"": 102, ""1"": 102}",0.5,0.5,0.49607672188317353,"[[60, 42], [60, 42]]","{""0"": 120, ""1"": 84}",0.5,0.5882352941176471,0.5405405405405406,102,0.5,0.4117647058823529,0.45161290322580644,102,0.5,0.4999999999999999,0.4999999999999999
apibank,all_pairs,X-only,pair_grouped,small_mlp_standardized,True,6,1,812,204,"{""0"": 406, ""1"": 406}","{""0"": 102, ""1"": 102}",0.5,0.5,0.4976339932399807,"[[58, 44], [58, 44]]","{""0"": 116, ""1"": 88}",0.5,0.5686274509803921,0.5321100917431193,102,0.5,0.43137254901960786,0.4631578947368421,102,0.5,0.4999999999999999,0.4999999999999999
apibank,all_pairs,X-only,pair_grouped,majority_class,True,7,1,812,204,"{""0"": 406, ""1"": 406}","{""0"": 102, ""1"": 102}",0.5,0.5,0.3333333333333333,"[[102, 0], [102, 0]]","{""0"": 204}",0.5,1.0,0.6666666666666666,102,0.0,0.0,0.0,102,0.5,0.5,0.5
apibank,all_pairs,X-only,pair_grouped,stratified_random,True,7,1,812,204,"{""0"": 406, ""1"": 406}","{""0"": 102, ""1"": 102}",0.45588235294117646,0.4558823529411765,0.4555552884037412,"[[49, 53], [58, 44]]","{""0"": 107, ""1"": 97}",0.45794392523364486,0.4803921568627451,0.4688995215311005,102,0.4536082474226804,0.43137254901960786,0.44221105527638194,102,0.4558823529411764,0.47998787143723465,0.47979659153380977
apibank,all_pairs,X-only,pair_grouped,logistic_regression_standardized,True,7,1,812,204,"{""0"": 406, ""1"": 406}","{""0"": 102, ""1"": 102}",0.5,0.5,0.4982638888888889,"[[45, 57], [45, 57]]","{""0"": 90, ""1"": 114}",0.5,0.4411764705882353,0.46875,102,0.5,0.5588235294117647,0.5277777777777778,102,0.4997597078046905,0.5014657458954925,0.5019309846811029
apibank,all_pairs,X-only,pair_grouped,class_weighted_logistic_regression_standardized,True,7,1,812,204,"{""0"": 406, ""1"": 406}","{""0"": 102, ""1"": 102}",0.5,0.5,0.4982638888888889,"[[45, 57], [45, 57]]","{""0"": 90, ""1"": 114}",0.5,0.4411764705882353,0.46875,102,0.5,0.5588235294117647,0.5277777777777778,102,0.4997597078046905,0.5014657458954925,0.5019309846811029
apibank,all_pairs,X-only,pair_grouped,random_forest,True,7,1,812,204,"{""0"": 406, ""1"": 406}","{""0"": 102, ""1"": 102}",0.5,0.5,0.49922988063149787,"[[47, 55], [47, 55]]","{""0"": 94, ""1"": 110}",0.5,0.46078431372549017,0.47959183673469385,102,0.5,0.5392156862745098,0.5188679245283019,102,0.5,0.4999999999999999,0.4999999999999999
apibank,all_pairs,X-only,pair_grouped,hist_gradient_boosting,True,7,1,812,204,"{""0"": 406, ""1"": 406}","{""0"": 102, ""1"": 102}",0.5,0.5,0.4976339932399807,"[[44, 58], [44, 58]]","{""0"": 88, ""1"": 116}",0.5,0.43137254901960786,0.4631578947368421,102,0.5,0.5686274509803921,0.5321100917431193,102,0.5,0.4999999999999999,0.4999999999999999
apibank,all_pairs,X-only,pair_grouped,small_mlp_standardized,True,7,1,812,204,"{""0"": 406, ""1"": 406}","{""0"": 102, ""1"": 102}",0.5,0.5,0.49956709956709955,"[[48, 54], [48, 54]]","{""0"": 96, ""1"": 108}",0.5,0.47058823529411764,0.48484848484848486,102,0.5,0.5294117647058824,0.5142857142857142,102,0.5,0.4999999999999999,0.4999999999999999
apibank,all_pairs,X-only,pair_grouped,majority_class,True,8,1,812,204,"{""0"": 406, ""1"": 406}","{""0"": 102, ""1"": 102}",0.5,0.5,0.3333333333333333,"[[102, 0], [102, 0]]","{""0"": 204}",0.5,1.0,0.6666666666666666,102,0.0,0.0,0.0,102,0.5,0.5,0.5
apibank,all_pairs,X-only,pair_grouped,stratified_random,True,8,1,812,204,"{""0"": 406, ""1"": 406}","{""0"": 102, ""1"": 102}",0.45588235294117646,0.4558823529411765,0.4555552884037412,"[[49, 53], [58, 44]]","{""0"": 107, ""1"": 97}",0.45794392523364486,0.4803921568627451,0.4688995215311005,102,0.4536082474226804,0.43137254901960786,0.44221105527638194,102,0.4558823529411764,0.47998787143723465,0.47979659153380977
apibank,all_pairs,X-only,pair_grouped,logistic_regression_standardized,True,8,1,812,204,"{""0"": 406, ""1"": 406}","{""0"": 102, ""1"": 102}",0.5,0.5,0.49995193694126694,"[[50, 52], [50, 52]]","{""0"": 100, ""1"": 104}",0.5,0.49019607843137253,0.49504950495049505,102,0.5,0.5098039215686274,0.5048543689320388,102,0.4998558246828143,0.503436138132727,0.5027676817672229
apibank,all_pairs,X-only,pair_grouped,class_weighted_logistic_regression_standardized,True,8,1,812,204,"{""0"": 406, ""1"": 406}","{""0"": 102, ""1"": 102}",0.5,0.5,0.49995193694126694,"[[50, 52], [50, 52]]","{""0"": 100, ""1"": 104}",0.5,0.49019607843137253,0.49504950495049505,102,0.5,0.5098039215686274,0.5048543689320388,102,0.4998558246828143,0.503436138132727,0.5027676817672229
apibank,all_pairs,X-only,pair_grouped,random_forest,True,8,1,812,204,"{""0"": 406, ""1"": 406}","{""0"": 102, ""1"": 102}",0.5,0.5,0.4969052224371373,"[[43, 59], [43, 59]]","{""0"": 86, ""1"": 118}",0.5,0.4215686274509804,0.4574468085106383,102,0.5,0.5784313725490197,0.5363636363636364,102,0.5,0.4999999999999999,0.4999999999999999
apibank,all_pairs,X-only,pair_grouped,hist_gradient_boosting,True,8,1,812,204,"{""0"": 406, ""1"": 406}","{""0"": 102, ""1"": 102}",0.5,0.5,0.4929824561403509,"[[39, 63], [39, 63]]","{""0"": 78, ""1"": 126}",0.5,0.38235294117647056,0.43333333333333335,102,0.5,0.6176470588235294,0.5526315789473685,102,0.5,0.4999999999999999,0.4999999999999999
apibank,all_pairs,X-only,pair_grouped,small_mlp_standardized,True,8,1,812,204,"{""0"": 406, ""1"": 406}","{""0"": 102, ""1"": 102}",0.5,0.5,0.49922988063149787,"[[47, 55], [47, 55]]","{""0"": 94, ""1"": 110}",0.5,0.46078431372549017,0.47959183673469385,102,0.5,0.5392156862745098,0.5188679245283019,102,0.5,0.4999999999999999,0.4999999999999999
apibank,all_pairs,X-only,pair_grouped,majority_class,True,9,1,812,204,"{""0"": 406, ""1"": 406}","{""0"": 102, ""1"": 102}",0.5,0.5,0.3333333333333333,"[[102, 0], [102, 0]]","{""0"": 204}",0.5,1.0,0.6666666666666666,102,0.0,0.0,0.0,102,0.5,0.5,0.5
apibank,all_pairs,X-only,pair_grouped,stratified_random,True,9,1,812,204,"{""0"": 406, ""1"": 406}","{""0"": 102, ""1"": 102}",0.45588235294117646,0.4558823529411765,0.4555552884037412,"[[49, 53], [58, 44]]","{""0"": 107, ""1"": 97}",0.45794392523364486,0.4803921568627451,0.4688995215311005,102,0.4536082474226804,0.43137254901960786,0.44221105527638194,102,0.4558823529411764,0.47998787143723465,0.47979659153380977
apibank,all_pairs,X-only,pair_grouped,logistic_regression_standardized,True,9,1,812,204,"{""0"": 406, ""1"": 406}","{""0"": 102, ""1"": 102}",0.5,0.5,0.4998076923076923,"[[53, 49], [53, 49]]","{""0"": 106, ""1"": 98}",0.5,0.5196078431372549,0.5096153846153846,102,0.5,0.4803921568627451,0.49,102,0.49990388312187617,0.502379389383766,0.5017883655945057
apibank,all_pairs,X-only,pair_grouped,class_weighted_logistic_regression_standardized,True,9,1,812,204,"{""0"": 406, ""1"": 406}","{""0"": 102, ""1"": 102}",0.5,0.5,0.4998076923076923,"[[53, 49], [53, 49]]","{""0"": 106, ""1"": 98}",0.5,0.5196078431372549,0.5096153846153846,102,0.5,0.4803921568627451,0.49,102,0.49990388312187617,0.502379389383766,0.5017883655945057
apibank,all_pairs,X-only,pair_grouped,random_forest,True,9,1,812,204,"{""0"": 406, ""1"": 406}","{""0"": 102, ""1"": 102}",0.5,0.5,0.49956709956709955,"[[54, 48], [54, 48]]","{""0"": 108, ""1"": 96}",0.5,0.5294117647058824,0.5142857142857142,102,0.5,0.47058823529411764,0.48484848484848486,102,0.5,0.4999999999999999,0.4999999999999999
apibank,all_pairs,X-only,pair_grouped,hist_gradient_boosting,True,9,1,812,204,"{""0"": 406, ""1"": 406}","{""0"": 102, ""1"": 102}",0.5,0.5,0.49956709956709955,"[[54, 48], [54, 48]]","{""0"": 108, ""1"": 96}",0.5,0.5294117647058824,0.5142857142857142,102,0.5,0.47058823529411764,0.48484848484848486,102,0.5,0.4999999999999999,0.4999999999999999
apibank,all_pairs,X-only,pair_grouped,small_mlp_standardized,True,9,1,812,204,"{""0"": 406, ""1"": 406}","{""0"": 102, ""1"": 102}",0.5,0.5,0.49995193694126694,"[[50, 52], [50, 52]]","{""0"": 100, ""1"": 104}",0.5,0.49019607843137253,0.49504950495049505,102,0.5,0.5098039215686274,0.5048543689320388,102,0.5,0.4999999999999999,0.4999999999999999
apibank,all_pairs,S-only,pair_grouped,majority_class,False,,1,812,204,"{""0"": 406, ""1"": 406}","{""0"": 102, ""1"": 102}",0.5,0.5,0.3333333333333333,"[[102, 0], [102, 0]]","{""0"": 204}",0.5,1.0,0.6666666666666666,102,0.0,0.0,0.0,102,0.5,0.5,0.5
apibank,all_pairs,S-only,pair_grouped,stratified_random,False,,1,812,204,"{""0"": 406, ""1"": 406}","{""0"": 102, ""1"": 102}",0.45588235294117646,0.4558823529411765,0.4555552884037412,"[[49, 53], [58, 44]]","{""0"": 107, ""1"": 97}",0.45794392523364486,0.4803921568627451,0.4688995215311005,102,0.4536082474226804,0.43137254901960786,0.44221105527638194,102,0.4558823529411764,0.47998787143723465,0.47979659153380977
apibank,all_pairs,S-only,pair_grouped,logistic_regression_standardized,False,,1,812,204,"{""0"": 406, ""1"": 406}","{""0"": 102, ""1"": 102}",0.9068627450980392,0.9068627450980392,0.9066811123149152,"[[88, 14], [5, 97]]","{""0"": 93, ""1"": 111}",0.946236559139785,0.8627450980392157,0.9025641025641026,102,0.8738738738738738,0.9509803921568627,0.9107981220657277,102,0.9624183006535947,0.9609534075842336,0.9610377850584886
apibank,all_pairs,S-only,pair_grouped,class_weighted_logistic_regression_standardized,False,,1,812,204,"{""0"": 406, ""1"": 406}","{""0"": 102, ""1"": 102}",0.9068627450980392,0.9068627450980392,0.9066811123149152,"[[88, 14], [5, 97]]","{""0"": 93, ""1"": 111}",0.946236559139785,0.8627450980392157,0.9025641025641026,102,0.8738738738738738,0.9509803921568627,0.9107981220657277,102,0.9624183006535947,0.9609534075842336,0.9610377850584886
apibank,all_pairs,S-only,pair_grouped,random_forest,False,,1,812,204,"{""0"": 406, ""1"": 406}","{""0"": 102, ""1"": 102}",0.946078431372549,0.946078431372549,0.9460148675632112,"[[93, 9], [2, 100]]","{""0"": 95, ""1"": 109}",0.9789473684210527,0.9117647058823529,0.9441624365482234,102,0.9174311926605505,0.9803921568627451,0.9478672985781991,102,0.988081507112649,0.9878833142225739,0.989337376581111
apibank,all_pairs,S-only,pair_grouped,hist_gradient_boosting,False,,1,812,204,"{""0"": 406, ""1"": 406}","{""0"": 102, ""1"": 102}",0.9411764705882353,0.9411764705882353,0.941085868309588,"[[92, 10], [2, 100]]","{""0"": 94, ""1"": 110}",0.9787234042553191,0.9019607843137255,0.9387755102040817,102,0.9090909090909091,0.9803921568627451,0.9433962264150944,102,0.9898116109188774,0.9899292337617261,0.9905135757983053
apibank,all_pairs,S-only,pair_grouped,small_mlp_standardized,False,,1,812,204,"{""0"": 406, ""1"": 406}","{""0"": 102, ""1"": 102}",0.9411764705882353,0.9411764705882353,0.941085868309588,"[[92, 10], [2, 100]]","{""0"": 94, ""1"": 110}",0.9787234042553191,0.9019607843137255,0.9387755102040817,102,0.9090909090909091,0.9803921568627451,0.9433962264150944,102,0.9908688965782391,0.990524280802185,0.9919025923663541
apibank,all_pairs,S-only,pair_grouped,majority_class,True,0,1,812,204,"{""0"": 406, ""1"": 406}","{""0"": 102, ""1"": 102}",0.5,0.5,0.3333333333333333,"[[102, 0], [102, 0]]","{""0"": 204}",0.5,1.0,0.6666666666666666,102,0.0,0.0,0.0,102,0.5,0.5,0.5
apibank,all_pairs,S-only,pair_grouped,stratified_random,True,0,1,812,204,"{""0"": 406, ""1"": 406}","{""0"": 102, ""1"": 102}",0.45588235294117646,0.4558823529411765,0.4555552884037412,"[[49, 53], [58, 44]]","{""0"": 107, ""1"": 97}",0.45794392523364486,0.4803921568627451,0.4688995215311005,102,0.4536082474226804,0.43137254901960786,0.44221105527638194,102,0.4558823529411764,0.47998787143723465,0.47979659153380977
apibank,all_pairs,S-only,pair_grouped,logistic_regression_standardized,True,0,1,812,204,"{""0"": 406, ""1"": 406}","{""0"": 102, ""1"": 102}",0.5294117647058824,0.5294117647058824,0.5271849348140994,"[[61, 41], [55, 47]]","{""0"": 116, ""1"": 88}",0.5258620689655172,0.5980392156862745,0.5596330275229358,102,0.5340909090909091,0.46078431372549017,0.49473684210526314,102,0.5708381391772396,0.5377641922337908,0.6055320513041992
apibank,all_pairs,S-only,pair_grouped,class_weighted_logistic_regression_standardized,True,0,1,812,204,"{""0"": 406, ""1"": 406}","{""0"": 102, ""1"": 102}",0.5294117647058824,0.5294117647058824,0.5271849348140994,"[[61, 41], [55, 47]]","{""0"": 116, ""1"": 88}",0.5258620689655172,0.5980392156862745,0.5596330275229358,102,0.5340909090909091,0.46078431372549017,0.49473684210526314,102,0.5708381391772396,0.5377641922337908,0.6055320513041992
apibank,all_pairs,S-only,pair_grouped,random_forest,True,0,1,812,204,"{""0"": 406, ""1"": 406}","{""0"": 102, ""1"": 102}",0.5392156862745098,0.5392156862745098,0.5347437888198758,"[[65, 37], [57, 45]]","{""0"": 122, ""1"": 82}",0.5327868852459017,0.6372549019607843,0.5803571428571429,102,0.5487804878048781,0.4411764705882353,0.4891304347826087,102,0.5151864667435602,0.5515638302649399,0.5325608172128838
apibank,all_pairs,S-only,pair_grouped,hist_gradient_boosting,True,0,1,812,204,"{""0"": 406, ""1"": 406}","{""0"": 102, ""1"": 102}",0.5098039215686274,0.5098039215686274,0.5017098192476795,"[[65, 37], [63, 39]]","{""0"": 128, ""1"": 76}",0.5078125,0.6372549019607843,0.5652173913043478,102,0.5131578947368421,0.38235294117647056,0.43820224719101125,102,0.5231641676278355,0.5557653574488066,0.5284221734677726
apibank,all_pairs,S-only,pair_grouped,small_mlp_standardized,True,0,1,812,204,"{""0"": 406, ""1"": 406}","{""0"": 102, ""1"": 102}",0.5196078431372549,0.5196078431372548,0.5166344294003868,"[[61, 41], [57, 45]]","{""0"": 118, ""1"": 86}",0.5169491525423728,0.5980392156862745,0.5545454545454546,102,0.5232558139534884,0.4411764705882353,0.4787234042553192,102,0.5280661284121492,0.5355349132343383,0.5728100251687522
apibank,all_pairs,S-only,pair_grouped,majority_class,True,1,1,812,204,"{""0"": 406, ""1"": 406}","{""0"": 102, ""1"": 102}",0.5,0.5,0.3333333333333333,"[[102, 0], [102, 0]]","{""0"": 204}",0.5,1.0,0.6666666666666666,102,0.0,0.0,0.0,102,0.5,0.5,0.5
apibank,all_pairs,S-only,pair_grouped,stratified_random,True,1,1,812,204,"{""0"": 406, ""1"": 406}","{""0"": 102, ""1"": 102}",0.45588235294117646,0.4558823529411765,0.4555552884037412,"[[49, 53], [58, 44]]","{""0"": 107, ""1"": 97}",0.45794392523364486,0.4803921568627451,0.4688995215311005,102,0.4536082474226804,0.43137254901960786,0.44221105527638194,102,0.4558823529411764,0.47998787143723465,0.47979659153380977
apibank,all_pairs,S-only,pair_grouped,logistic_regression_standardized,True,1,1,812,204,"{""0"": 406, ""1"": 406}","{""0"": 102, ""1"": 102}",0.4950980392156863,0.4950980392156863,0.49479454689716523,"[[48, 54], [49, 53]]","{""0"": 97, ""1"": 107}",0.4948453608247423,0.47058823529411764,0.4824120603015075,102,0.4953271028037383,0.5196078431372549,0.507177033492823,102,0.49634755863129565,0.518237370578793,0.5373466583673676
apibank,all_pairs,S-only,pair_grouped,class_weighted_logistic_regression_standardized,True,1,1,812,204,"{""0"": 406, ""1"": 406}","{""0"": 102, ""1"": 102}",0.4950980392156863,0.4950980392156863,0.49479454689716523,"[[48, 54], [49, 53]]","{""0"": 97, ""1"": 107}",0.4948453608247423,0.47058823529411764,0.4824120603015075,102,0.4953271028037383,0.5196078431372549,0.507177033492823,102,0.49634755863129565,0.518237370578793,0.5373466583673676
apibank,all_pairs,S-only,pair_grouped,random_forest,True,1,1,812,204,"{""0"": 406, ""1"": 406}","{""0"": 102, ""1"": 102}",0.5637254901960784,0.5637254901960784,0.5632112011932542,"[[61, 41], [48, 54]]","{""0"": 109, ""1"": 95}",0.5596330275229358,0.5980392156862745,0.5781990521327014,102,0.5684210526315789,0.5294117647058824,0.5482233502538071,102,0.5369088811995387,0.5721517716279706,0.5055528075190054
apibank,all_pairs,S-only,pair_grouped,hist_gradient_boosting,True,1,1,812,204,"{""0"": 406, ""1"": 406}","{""0"": 102, ""1"": 102}",0.5392156862745098,0.5392156862745099,0.5390384615384616,"[[57, 45], [49, 53]]","{""0"": 106, ""1"": 98}",0.5377358490566038,0.5588235294117647,0.5480769230769231,102,0.5408163265306123,0.5196078431372549,0.53,102,0.5313341022683583,0.5300458361594491,0.5293244117255582
apibank,all_pairs,S-only,pair_grouped,small_mlp_standardized,True,1,1,812,204,"{""0"": 406, ""1"": 406}","{""0"": 102, ""1"": 102}",0.4803921568627451,0.48039215686274506,0.48034220897817936,"[[48, 54], [52, 50]]","{""0"": 100, ""1"": 104}",0.48,0.47058823529411764,0.4752475247524752,102,0.4807692307692308,0.49019607843137253,0.4854368932038835,102,0.5379661668589004,0.54042005115929,0.5751396447276392
apibank,all_pairs,S-only,pair_grouped,majority_class,True,2,1,812,204,"{""0"": 406, ""1"": 406}","{""0"": 102, ""1"": 102}",0.5,0.5,0.3333333333333333,"[[102, 0], [102, 0]]","{""0"": 204}",0.5,1.0,0.6666666666666666,102,0.0,0.0,0.0,102,0.5,0.5,0.5
apibank,all_pairs,S-only,pair_grouped,stratified_random,True,2,1,812,204,"{""0"": 406, ""1"": 406}","{""0"": 102, ""1"": 102}",0.45588235294117646,0.4558823529411765,0.4555552884037412,"[[49, 53], [58, 44]]","{""0"": 107, ""1"": 97}",0.45794392523364486,0.4803921568627451,0.4688995215311005,102,0.4536082474226804,0.43137254901960786,0.44221105527638194,102,0.4558823529411764,0.47998787143723465,0.47979659153380977
apibank,all_pairs,S-only,pair_grouped,logistic_regression_standardized,True,2,1,812,204,"{""0"": 406, ""1"": 406}","{""0"": 102, ""1"": 102}",0.5441176470588235,0.5441176470588236,0.543228602383532,"[[60, 42], [51, 51]]","{""0"": 111, ""1"": 93}",0.5405405405405406,0.5882352941176471,0.5633802816901409,102,0.5483870967741935,0.5,0.5230769230769231,102,0.5519992310649751,0.5224515170844698,0.5598035577190437
apibank,all_pairs,S-only,pair_grouped,class_weighted_logistic_regression_standardized,True,2,1,812,204,"{""0"": 406, ""1"": 406}","{""0"": 102, ""1"": 102}",0.5441176470588235,0.5441176470588236,0.543228602383532,"[[60, 42], [51, 51]]","{""0"": 111, ""1"": 93}",0.5405405405405406,0.5882352941176471,0.5633802816901409,102,0.5483870967741935,0.5,0.5230769230769231,102,0.5519992310649751,0.5224515170844698,0.5598035577190437
apibank,all_pairs,S-only,pair_grouped,random_forest,True,2,1,812,204,"{""0"": 406, ""1"": 406}","{""0"": 102, ""1"": 102}",0.49019607843137253,0.49019607843137253,0.49,"[[52, 50], [54, 48]]","{""0"": 106, ""1"": 98}",0.49056603773584906,0.5098039215686274,0.5,102,0.4897959183673469,0.47058823529411764,0.48,102,0.5546905036524413,0.5757432074092019,0.5636833840481394
apibank,all_pairs,S-only,pair_grouped,hist_gradient_boosting,True,2,1,812,204,"{""0"": 406, ""1"": 406}","{""0"": 102, ""1"": 102}",0.5098039215686274,0.5098039215686274,0.5096153846153846,"[[54, 48], [52, 50]]","{""0"": 106, ""1"": 98}",0.5094339622641509,0.5294117647058824,0.5192307692307693,102,0.5102040816326531,0.49019607843137253,0.5,102,0.5310457516339869,0.5491386409205056,0.5518663397700785
apibank,all_pairs,S-only,pair_grouped,small_mlp_standardized,True,2,1,812,204,"{""0"": 406, ""1"": 406}","{""0"": 102, ""1"": 102}",0.5196078431372549,0.5196078431372548,0.5184507177955486,"[[58, 44], [54, 48]]","{""0"": 112, ""1"": 92}",0.5178571428571429,0.5686274509803921,0.5420560747663551,102,0.5217391304347826,0.47058823529411764,0.4948453608247423,102,0.5506535947712419,0.5198045356035289,0.5732687575883632
apibank,all_pairs,S-only,pair_grouped,majority_class,True,3,1,812,204,"{""0"": 406, ""1"": 406}","{""0"": 102, ""1"": 102}",0.5,0.5,0.3333333333333333,"[[102, 0], [102, 0]]","{""0"": 204}",0.5,1.0,0.6666666666666666,102,0.0,0.0,0.0,102,0.5,0.5,0.5
apibank,all_pairs,S-only,pair_grouped,stratified_random,True,3,1,812,204,"{""0"": 406, ""1"": 406}","{""0"": 102, ""1"": 102}",0.45588235294117646,0.4558823529411765,0.4555552884037412,"[[49, 53], [58, 44]]","{""0"": 107, ""1"": 97}",0.45794392523364486,0.4803921568627451,0.4688995215311005,102,0.4536082474226804,0.43137254901960786,0.44221105527638194,102,0.4558823529411764,0.47998787143723465,0.47979659153380977
apibank,all_pairs,S-only,pair_grouped,logistic_regression_standardized,True,3,1,812,204,"{""0"": 406, ""1"": 406}","{""0"": 102, ""1"": 102}",0.47549019607843135,0.47549019607843135,0.47537673949095105,"[[47, 55], [52, 50]]","{""0"": 99, ""1"": 105}",0.47474747474747475,0.46078431372549017,0.46766169154228854,102,0.47619047619047616,0.49019607843137253,0.4830917874396135,102,0.4812572087658593,0.49695130116092523,0.503968901790968
apibank,all_pairs,S-only,pair_grouped,class_weighted_logistic_regression_standardized,True,3,1,812,204,"{""0"": 406, ""1"": 406}","{""0"": 102, ""1"": 102}",0.47549019607843135,0.47549019607843135,0.47537673949095105,"[[47, 55], [52, 50]]","{""0"": 99, ""1"": 105}",0.47474747474747475,0.46078431372549017,0.46766169154228854,102,0.47619047619047616,0.49019607843137253,0.4830917874396135,102,0.4812572087658593,0.49695130116092523,0.503968901790968
apibank,all_pairs,S-only,pair_grouped,random_forest,True,3,1,812,204,"{""0"": 406, ""1"": 406}","{""0"": 102, ""1"": 102}",0.47058823529411764,0.47058823529411764,0.4701298701298701,"[[51, 51], [57, 45]]","{""0"": 108, ""1"": 96}",0.4722222222222222,0.5,0.4857142857142857,102,0.46875,0.4411764705882353,0.45454545454545453,102,0.48519800076893504,0.5425607010762779,0.48914950594560147
apibank,all_pairs,S-only,pair_grouped,hist_gradient_boosting,True,3,1,812,204,"{""0"": 406, ""1"": 406}","{""0"": 102, ""1"": 102}",0.46078431372549017,0.4607843137254902,0.45995379283788984,"[[51, 51], [59, 43]]","{""0"": 110, ""1"": 94}",0.4636363636363636,0.5,0.4811320754716981,102,0.4574468085106383,0.4215686274509804,0.4387755102040816,102,0.4614571318723568,0.49957308043282134,0.4819367339089638
apibank,all_pairs,S-only,pair_grouped,small_mlp_standardized,True,3,1,812,204,"{""0"": 406, ""1"": 406}","{""0"": 102, ""1"": 102}",0.44607843137254904,0.446078431372549,0.4459586127334343,"[[44, 58], [55, 47]]","{""0"": 99, ""1"": 105}",0.4444444444444444,0.43137254901960786,0.43781094527363185,102,0.44761904761904764,0.46078431372549017,0.45410628019323673,102,0.4780853517877739,0.4780122964882931,0.5185921731056556
apibank,all_pairs,S-only,pair_grouped,majority_class,True,4,1,812,204,"{""0"": 406, ""1"": 406}","{""0"": 102, ""1"": 102}",0.5,0.5,0.3333333333333333,"[[102, 0], [102, 0]]","{""0"": 204}",0.5,1.0,0.6666666666666666,102,0.0,0.0,0.0,102,0.5,0.5,0.5
apibank,all_pairs,S-only,pair_grouped,stratified_random,True,4,1,812,204,"{""0"": 406, ""1"": 406}","{""0"": 102, ""1"": 102}",0.45588235294117646,0.4558823529411765,0.4555552884037412,"[[49, 53], [58, 44]]","{""0"": 107, ""1"": 97}",0.45794392523364486,0.4803921568627451,0.4688995215311005,102,0.4536082474226804,0.43137254901960786,0.44221105527638194,102,0.4558823529411764,0.47998787143723465,0.47979659153380977
apibank,all_pairs,S-only,pair_grouped,logistic_regression_standardized,True,4,1,812,204,"{""0"": 406, ""1"": 406}","{""0"": 102, ""1"": 102}",0.5147058823529411,0.5147058823529411,0.514694220833834,"[[52, 50], [49, 53]]","{""0"": 101, ""1"": 103}",0.5148514851485149,0.5098039215686274,0.5123152709359606,102,0.5145631067961165,0.5196078431372549,0.5170731707317073,102,0.5434448289119569,0.5275825323333374,0.5445633323926641
apibank,all_pairs,S-only,pair_grouped,class_weighted_logistic_regression_standardized,True,4,1,812,204,"{""0"": 406, ""1"": 406}","{""0"": 102, ""1"": 102}",0.5147058823529411,0.5147058823529411,0.514694220833834,"[[52, 50], [49, 53]]","{""0"": 101, ""1"": 103}",0.5148514851485149,0.5098039215686274,0.5123152709359606,102,0.5145631067961165,0.5196078431372549,0.5170731707317073,102,0.5434448289119569,0.5275825323333374,0.5445633323926641
apibank,all_pairs,S-only,pair_grouped,random_forest,True,4,1,812,204,"{""0"": 406, ""1"": 406}","{""0"": 102, ""1"": 102}",0.5343137254901961,0.5343137254901962,0.5342129930059846,"[[53, 49], [46, 56]]","{""0"": 99, ""1"": 105}",0.5353535353535354,0.5196078431372549,0.527363184079602,102,0.5333333333333333,0.5490196078431373,0.5410628019323671,102,0.5336409073433295,0.534087012389541,0.5158940620958882
apibank,all_pairs,S-only,pair_grouped,hist_gradient_boosting,True,4,1,812,204,"{""0"": 406, ""1"": 406}","{""0"": 102, ""1"": 102}",0.5245098039215687,0.5245098039215687,0.5242239907672332,"[[56, 46], [51, 51]]","{""0"": 107, ""1"": 97}",0.5233644859813084,0.5490196078431373,0.5358851674641149,102,0.5257731958762887,0.5,0.5125628140703518,102,0.5263360246059208,0.5266563373465503,0.5148136379967152
apibank,all_pairs,S-only,pair_grouped,small_mlp_standardized,True,4,1,812,204,"{""0"": 406, ""1"": 406}","{""0"": 102, ""1"": 102}",0.47549019607843135,0.4754901960784314,0.46987249544626597,"[[59, 43], [64, 38]]","{""0"": 123, ""1"": 81}",0.4796747967479675,0.5784313725490197,0.5244444444444445,102,0.4691358024691358,0.37254901960784315,0.41530054644808745,102,0.5233564013840831,0.5033094472044825,0.536613655271237
apibank,all_pairs,S-only,pair_grouped,majority_class,True,5,1,812,204,"{""0"": 406, ""1"": 406}","{""0"": 102, ""1"": 102}",0.5,0.5,0.3333333333333333,"[[102, 0], [102, 0]]","{""0"": 204}",0.5,1.0,0.6666666666666666,102,0.0,0.0,0.0,102,0.5,0.5,0.5
apibank,all_pairs,S-only,pair_grouped,stratified_random,True,5,1,812,204,"{""0"": 406, ""1"": 406}","{""0"": 102, ""1"": 102}",0.45588235294117646,0.4558823529411765,0.4555552884037412,"[[49, 53], [58, 44]]","{""0"": 107, ""1"": 97}",0.45794392523364486,0.4803921568627451,0.4688995215311005,102,0.4536082474226804,0.43137254901960786,0.44221105527638194,102,0.4558823529411764,0.47998787143723465,0.47979659153380977
apibank,all_pairs,S-only,pair_grouped,logistic_regression_standardized,True,5,1,812,204,"{""0"": 406, ""1"": 406}","{""0"": 102, ""1"": 102}",0.5588235294117647,0.5588235294117647,0.5587811208305297,"[[56, 46], [44, 58]]","{""0"": 100, ""1"": 104}",0.56,0.5490196078431373,0.5544554455445545,102,0.5576923076923077,0.5686274509803921,0.5631067961165048,102,0.5634371395617069,0.5668259191697032,0.5452519133342161
apibank,all_pairs,S-only,pair_grouped,class_weighted_logistic_regression_standardized,True,5,1,812,204,"{""0"": 406, ""1"": 406}","{""0"": 102, ""1"": 102}",0.5588235294117647,0.5588235294117647,0.5587811208305297,"[[56, 46], [44, 58]]","{""0"": 100, ""1"": 104}",0.56,0.5490196078431373,0.5544554455445545,102,0.5576923076923077,0.5686274509803921,0.5631067961165048,102,0.5634371395617069,0.5668259191697032,0.5452519133342161
apibank,all_pairs,S-only,pair_grouped,random_forest,True,5,1,812,204,"{""0"": 406, ""1"": 406}","{""0"": 102, ""1"": 102}",0.5343137254901961,0.5343137254901961,0.5340338053905893,"[[57, 45], [50, 52]]","{""0"": 107, ""1"": 97}",0.5327102803738317,0.5588235294117647,0.5454545454545454,102,0.5360824742268041,0.5098039215686274,0.5226130653266332,102,0.5373894655901577,0.5530832851630135,0.5080133120720522
apibank,all_pairs,S-only,pair_grouped,hist_gradient_boosting,True,5,1,812,204,"{""0"": 406, ""1"": 406}","{""0"": 102, ""1"": 102}",0.5735294117647058,0.5735294117647058,0.5734371620160069,"[[60, 42], [45, 57]]","{""0"": 105, ""1"": 99}",0.5714285714285714,0.5882352941176471,0.5797101449275363,102,0.5757575757575758,0.5588235294117647,0.5671641791044776,102,0.5391195693963861,0.5432913240212656,0.50617101985451
apibank,all_pairs,S-only,pair_grouped,small_mlp_standardized,True,5,1,812,204,"{""0"": 406, ""1"": 406}","{""0"": 102, ""1"": 102}",0.5833333333333334,0.5833333333333333,0.5830828785073694,"[[62, 40], [45, 57]]","{""0"": 107, ""1"": 97}",0.5794392523364486,0.6078431372549019,0.5933014354066986,102,0.5876288659793815,0.5588235294117647,0.5728643216080402,102,0.5521914648212226,0.5642232057163714,0.5508806795741208
apibank,all_pairs,S-only,pair_grouped,majority_class,True,6,1,812,204,"{""0"": 406, ""1"": 406}","{""0"": 102, ""1"": 102}",0.5,0.5,0.3333333333333333,"[[102, 0], [102, 0]]","{""0"": 204}",0.5,1.0,0.6666666666666666,102,0.0,0.0,0.0,102,0.5,0.5,0.5
apibank,all_pairs,S-only,pair_grouped,stratified_random,True,6,1,812,204,"{""0"": 406, ""1"": 406}","{""0"": 102, ""1"": 102}",0.45588235294117646,0.4558823529411765,0.4555552884037412,"[[49, 53], [58, 44]]","{""0"": 107, ""1"": 97}",0.45794392523364486,0.4803921568627451,0.4688995215311005,102,0.4536082474226804,0.43137254901960786,0.44221105527638194,102,0.4558823529411764,0.47998787143723465,0.47979659153380977
apibank,all_pairs,S-only,pair_grouped,logistic_regression_standardized,True,6,1,812,204,"{""0"": 406, ""1"": 406}","{""0"": 102, ""1"": 102}",0.4852941176470588,0.4852941176470588,0.48429035752979416,"[[54, 48], [57, 45]]","{""0"": 111, ""1"": 93}",0.4864864864864865,0.5294117647058824,0.5070422535211268,102,0.4838709677419355,0.4411764705882353,0.46153846153846156,102,0.44559784698193006,0.4797184256878116,0.47033500704622977
apibank,all_pairs,S-only,pair_grouped,class_weighted_logistic_regression_standardized,True,6,1,812,204,"{""0"": 406, ""1"": 406}","{""0"": 102, ""1"": 102}",0.4852941176470588,0.4852941176470588,0.48429035752979416,"[[54, 48], [57, 45]]","{""0"": 111, ""1"": 93}",0.4864864864864865,0.5294117647058824,0.5070422535211268,102,0.4838709677419355,0.4411764705882353,0.46153846153846156,102,0.44559784698193006,0.4797184256878116,0.47033500704622977
apibank,all_pairs,S-only,pair_grouped,random_forest,True,6,1,812,204,"{""0"": 406, ""1"": 406}","{""0"": 102, ""1"": 102}",0.49019607843137253,0.4901960784313726,0.48941085868309586,"[[54, 48], [56, 46]]","{""0"": 110, ""1"": 94}",0.4909090909090909,0.5294117647058824,0.5094339622641509,102,0.48936170212765956,0.45098039215686275,0.46938775510204084,102,0.44165705497885427,0.47456525683978695,0.45284314401425696
apibank,all_pairs,S-only,pair_grouped,hist_gradient_boosting,True,6,1,812,204,"{""0"": 406, ""1"": 406}","{""0"": 102, ""1"": 102}",0.45588235294117646,0.45588235294117646,0.45524093631967666,"[[50, 52], [59, 43]]","{""0"": 109, ""1"": 95}",0.45871559633027525,0.49019607843137253,0.47393364928909953,102,0.45263157894736844,0.4215686274509804,0.4365482233502538,102,0.4245482506728181,0.46111542427901575,0.4464380503583971
apibank,all_pairs,S-only,pair_grouped,small_mlp_standardized,True,6,1,812,204,"{""0"": 406, ""1"": 406}","{""0"": 102, ""1"": 102}",0.46568627450980393,0.46568627450980393,0.46505641494454736,"[[51, 51], [58, 44]]","{""0"": 109, ""1"": 95}",0.46788990825688076,0.5,0.4834123222748815,102,0.4631578947368421,0.43137254901960786,0.4467005076142132,102,0.41647443291041913,0.4354347577046763,0.45322322518243907
apibank,all_pairs,S-only,pair_grouped,majority_class,True,7,1,812,204,"{""0"": 406, ""1"": 406}","{""0"": 102, ""1"": 102}",0.5,0.5,0.3333333333333333,"[[102, 0], [102, 0]]","{""0"": 204}",0.5,1.0,0.6666666666666666,102,0.0,0.0,0.0,102,0.5,0.5,0.5
apibank,all_pairs,S-only,pair_grouped,stratified_random,True,7,1,812,204,"{""0"": 406, ""1"": 406}","{""0"": 102, ""1"": 102}",0.45588235294117646,0.4558823529411765,0.4555552884037412,"[[49, 53], [58, 44]]","{""0"": 107, ""1"": 97}",0.45794392523364486,0.4803921568627451,0.4688995215311005,102,0.4536082474226804,0.43137254901960786,0.44221105527638194,102,0.4558823529411764,0.47998787143723465,0.47979659153380977
apibank,all_pairs,S-only,pair_grouped,logistic_regression_standardized,True,7,1,812,204,"{""0"": 406, ""1"": 406}","{""0"": 102, ""1"": 102}",0.47058823529411764,0.47058823529411764,0.4701298701298701,"[[51, 51], [57, 45]]","{""0"": 108, ""1"": 96}",0.4722222222222222,0.5,0.4857142857142857,102,0.46875,0.4411764705882353,0.45454545454545453,102,0.43771626297577854,0.4751284654119161,0.4502810106225964
apibank,all_pairs,S-only,pair_grouped,class_weighted_logistic_regression_standardized,True,7,1,812,204,"{""0"": 406, ""1"": 406}","{""0"": 102, ""1"": 102}",0.47058823529411764,0.47058823529411764,0.4701298701298701,"[[51, 51], [57, 45]]","{""0"": 108, ""1"": 96}",0.4722222222222222,0.5,0.4857142857142857,102,0.46875,0.4411764705882353,0.45454545454545453,102,0.43771626297577854,0.4751284654119161,0.4502810106225964
apibank,all_pairs,S-only,pair_grouped,random_forest,True,7,1,812,204,"{""0"": 406, ""1"": 406}","{""0"": 102, ""1"": 102}",0.44607843137254904,0.446078431372549,0.4460651207497297,"[[46, 56], [57, 45]]","{""0"": 103, ""1"": 101}",0.44660194174757284,0.45098039215686275,0.44878048780487806,102,0.44554455445544555,0.4411764705882353,0.4433497536945813,102,0.4571318723567859,0.4863695378634821,0.4870742270567658
apibank,all_pairs,S-only,pair_grouped,hist_gradient_boosting,True,7,1,812,204,"{""0"": 406, ""1"": 406}","{""0"": 102, ""1"": 102}",0.46078431372549017,0.46078431372549017,0.45948549956643225,"[[52, 50], [60, 42]]","{""0"": 112, ""1"": 92}",0.4642857142857143,0.5098039215686274,0.48598130841121495,102,0.45652173913043476,0.4117647058823529,0.4329896907216495,102,0.4808727412533641,0.49794656039327906,0.5078947846378756
apibank,all_pairs,S-only,pair_grouped,small_mlp_standardized,True,7,1,812,204,"{""0"": 406, ""1"": 406}","{""0"": 102, ""1"": 102}",0.4411764705882353,0.4411764705882353,0.4403157489410859,"[[49, 53], [61, 41]]","{""0"": 110, ""1"": 94}",0.44545454545454544,0.4803921568627451,0.46226415094339623,102,0.43617021276595747,0.4019607843137255,0.41836734693877553,102,0.46626297577854675,0.49715388149721224,0.4966044465723011
apibank,all_pairs,S-only,pair_grouped,majority_class,True,8,1,812,204,"{""0"": 406, ""1"": 406}","{""0"": 102, ""1"": 102}",0.5,0.5,0.3333333333333333,"[[102, 0], [102, 0]]","{""0"": 204}",0.5,1.0,0.6666666666666666,102,0.0,0.0,0.0,102,0.5,0.5,0.5
apibank,all_pairs,S-only,pair_grouped,stratified_random,True,8,1,812,204,"{""0"": 406, ""1"": 406}","{""0"": 102, ""1"": 102}",0.45588235294117646,0.4558823529411765,0.4555552884037412,"[[49, 53], [58, 44]]","{""0"": 107, ""1"": 97}",0.45794392523364486,0.4803921568627451,0.4688995215311005,102,0.4536082474226804,0.43137254901960786,0.44221105527638194,102,0.4558823529411764,0.47998787143723465,0.47979659153380977
apibank,all_pairs,S-only,pair_grouped,logistic_regression_standardized,True,8,1,812,204,"{""0"": 406, ""1"": 406}","{""0"": 102, ""1"": 102}",0.4362745098039216,0.4362745098039216,0.4339759210558062,"[[38, 64], [51, 51]]","{""0"": 89, ""1"": 115}",0.42696629213483145,0.37254901960784315,0.39790575916230364,102,0.4434782608695652,0.5,0.4700460829493088,102,0.4107074202229911,0.45347770453118963,0.4761531035936796
apibank,all_pairs,S-only,pair_grouped,class_weighted_logistic_regression_standardized,True,8,1,812,204,"{""0"": 406, ""1"": 406}","{""0"": 102, ""1"": 102}",0.4362745098039216,0.4362745098039216,0.4339759210558062,"[[38, 64], [51, 51]]","{""0"": 89, ""1"": 115}",0.42696629213483145,0.37254901960784315,0.39790575916230364,102,0.4434782608695652,0.5,0.4700460829493088,102,0.4107074202229911,0.45347770453118963,0.4761531035936796
apibank,all_pairs,S-only,pair_grouped,random_forest,True,8,1,812,204,"{""0"": 406, ""1"": 406}","{""0"": 102, ""1"": 102}",0.47058823529411764,0.47058823529411764,0.4693130359379516,"[[43, 59], [49, 53]]","{""0"": 92, ""1"": 112}",0.4673913043478261,0.4215686274509804,0.44329896907216493,102,0.4732142857142857,0.5196078431372549,0.4953271028037383,102,0.44454056132256825,0.47168572372823414,0.4634805370266893
apibank,all_pairs,S-only,pair_grouped,hist_gradient_boosting,True,8,1,812,204,"{""0"": 406, ""1"": 406}","{""0"": 102, ""1"": 102}",0.5,0.5,0.49411650296606047,"[[40, 62], [40, 62]]","{""0"": 80, ""1"": 124}",0.5,0.39215686274509803,0.43956043956043955,102,0.5,0.6078431372549019,0.5486725663716814,102,0.44838523644752015,0.4792347737060587,0.4738326313725975
apibank,all_pairs,S-only,pair_grouped,small_mlp_standardized,True,8,1,812,204,"{""0"": 406, ""1"": 406}","{""0"": 102, ""1"": 102}",0.4166666666666667,0.4166666666666667,0.41654048597591753,"[[41, 61], [58, 44]]","{""0"": 99, ""1"": 105}",0.41414141414141414,0.4019607843137255,0.4079601990049751,102,0.41904761904761906,0.43137254901960786,0.4251207729468599,102,0.4271434063821607,0.4551642310952473,0.48773262673496787
apibank,all_pairs,S-only,pair_grouped,majority_class,True,9,1,812,204,"{""0"": 406, ""1"": 406}","{""0"": 102, ""1"": 102}",0.5,0.5,0.3333333333333333,"[[102, 0], [102, 0]]","{""0"": 204}",0.5,1.0,0.6666666666666666,102,0.0,0.0,0.0,102,0.5,0.5,0.5
apibank,all_pairs,S-only,pair_grouped,stratified_random,True,9,1,812,204,"{""0"": 406, ""1"": 406}","{""0"": 102, ""1"": 102}",0.45588235294117646,0.4558823529411765,0.4555552884037412,"[[49, 53], [58, 44]]","{""0"": 107, ""1"": 97}",0.45794392523364486,0.4803921568627451,0.4688995215311005,102,0.4536082474226804,0.43137254901960786,0.44221105527638194,102,0.4558823529411764,0.47998787143723465,0.47979659153380977
apibank,all_pairs,S-only,pair_grouped,logistic_regression_standardized,True,9,1,812,204,"{""0"": 406, ""1"": 406}","{""0"": 102, ""1"": 102}",0.46568627450980393,0.46568627450980393,0.45996357012750455,"[[58, 44], [65, 37]]","{""0"": 123, ""1"": 81}",0.4715447154471545,0.5686274509803921,0.5155555555555555,102,0.4567901234567901,0.3627450980392157,0.40437158469945356,102,0.47385620915032683,0.4984978944969209,0.4751226855942441
apibank,all_pairs,S-only,pair_grouped,class_weighted_logistic_regression_standardized,True,9,1,812,204,"{""0"": 406, ""1"": 406}","{""0"": 102, ""1"": 102}",0.46568627450980393,0.46568627450980393,0.45996357012750455,"[[58, 44], [65, 37]]","{""0"": 123, ""1"": 81}",0.4715447154471545,0.5686274509803921,0.5155555555555555,102,0.4567901234567901,0.3627450980392157,0.40437158469945356,102,0.47385620915032683,0.4984978944969209,0.4751226855942441
apibank,all_pairs,S-only,pair_grouped,random_forest,True,9,1,812,204,"{""0"": 406, ""1"": 406}","{""0"": 102, ""1"": 102}",0.4264705882352941,0.4264705882352941,0.42245989304812837,"[[52, 50], [67, 35]]","{""0"": 119, ""1"": 85}",0.4369747899159664,0.5098039215686274,0.47058823529411764,102,0.4117647058823529,0.3431372549019608,0.37433155080213903,102,0.41945405613225684,0.5038669627587519,0.4421618584248191
apibank,all_pairs,S-only,pair_grouped,hist_gradient_boosting,True,9,1,812,204,"{""0"": 406, ""1"": 406}","{""0"": 102, ""1"": 102}",0.47058823529411764,0.47058823529411764,0.4703846153846154,"[[50, 52], [56, 46]]","{""0"": 106, ""1"": 98}",0.4716981132075472,0.49019607843137253,0.4807692307692308,102,0.46938775510204084,0.45098039215686275,0.46,102,0.4471357170319108,0.5075746102634593,0.4603073403942874
apibank,all_pairs,S-only,pair_grouped,small_mlp_standardized,True,9,1,812,204,"{""0"": 406, ""1"": 406}","{""0"": 102, ""1"": 102}",0.45588235294117646,0.45588235294117646,0.45429569827690086,"[[52, 50], [61, 41]]","{""0"": 113, ""1"": 91}",0.46017699115044247,0.5098039215686274,0.48372093023255813,102,0.45054945054945056,0.4019607843137255,0.42487046632124353,102,0.46261053440984234,0.48423971667529053,0.49134160243934494
apibank,all_pairs,X+S,pair_grouped,majority_class,False,,1,812,204,"{""0"": 406, ""1"": 406}","{""0"": 102, ""1"": 102}",0.5,0.5,0.3333333333333333,"[[102, 0], [102, 0]]","{""0"": 204}",0.5,1.0,0.6666666666666666,102,0.0,0.0,0.0,102,0.5,0.5,0.5
apibank,all_pairs,X+S,pair_grouped,stratified_random,False,,1,812,204,"{""0"": 406, ""1"": 406}","{""0"": 102, ""1"": 102}",0.45588235294117646,0.4558823529411765,0.4555552884037412,"[[49, 53], [58, 44]]","{""0"": 107, ""1"": 97}",0.45794392523364486,0.4803921568627451,0.4688995215311005,102,0.4536082474226804,0.43137254901960786,0.44221105527638194,102,0.4558823529411764,0.47998787143723465,0.47979659153380977
apibank,all_pairs,X+S,pair_grouped,logistic_regression_standardized,False,,1,812,204,"{""0"": 406, ""1"": 406}","{""0"": 102, ""1"": 102}",0.8823529411764706,0.8823529411764706,0.8821717366191759,"[[86, 16], [8, 94]]","{""0"": 94, ""1"": 110}",0.9148936170212766,0.8431372549019608,0.8775510204081632,102,0.8545454545454545,0.9215686274509803,0.8867924528301887,102,0.9400230680507496,0.9380805421398981,0.940522576509783
apibank,all_pairs,X+S,pair_grouped,class_weighted_logistic_regression_standardized,False,,1,812,204,"{""0"": 406, ""1"": 406}","{""0"": 102, ""1"": 102}",0.8823529411764706,0.8823529411764706,0.8821717366191759,"[[86, 16], [8, 94]]","{""0"": 94, ""1"": 110}",0.9148936170212766,0.8431372549019608,0.8775510204081632,102,0.8545454545454545,0.9215686274509803,0.8867924528301887,102,0.9400230680507496,0.9380805421398981,0.940522576509783
apibank,all_pairs,X+S,pair_grouped,random_forest,False,,1,812,204,"{""0"": 406, ""1"": 406}","{""0"": 102, ""1"": 102}",0.9411764705882353,0.9411764705882353,0.941085868309588,"[[92, 10], [2, 100]]","{""0"": 94, ""1"": 110}",0.9787234042553191,0.9019607843137255,0.9387755102040817,102,0.9090909090909091,0.9803921568627451,0.9433962264150944,102,0.9854382929642445,0.9847382402190478,0.9873580334848917
apibank,all_pairs,X+S,pair_grouped,hist_gradient_boosting,False,,1,812,204,"{""0"": 406, ""1"": 406}","{""0"": 102, ""1"": 102}",0.9166666666666666,0.9166666666666666,0.9165684316885991,"[[90, 12], [5, 97]]","{""0"": 95, ""1"": 109}",0.9473684210526315,0.8823529411764706,0.9137055837563451,102,0.8899082568807339,0.9509803921568627,0.919431279620853,102,0.9891387927720108,0.9900576097823718,0.9891452241877935
apibank,all_pairs,X+S,pair_grouped,small_mlp_standardized,False,,1,812,204,"{""0"": 406, ""1"": 406}","{""0"": 102, ""1"": 102}",0.9509803921568627,0.9509803921568627,0.95090489025799,"[[93, 9], [1, 101]]","{""0"": 94, ""1"": 110}",0.9893617021276596,0.9117647058823529,0.9489795918367347,102,0.9181818181818182,0.9901960784313726,0.9528301886792453,102,0.9921184159938485,0.9910543435953203,0.9935222095066918
apibank,all_pairs,X+S,pair_grouped,majority_class,True,0,1,812,204,"{""0"": 406, ""1"": 406}","{""0"": 102, ""1"": 102}",0.5,0.5,0.3333333333333333,"[[102, 0], [102, 0]]","{""0"": 204}",0.5,1.0,0.6666666666666666,102,0.0,0.0,0.0,102,0.5,0.5,0.5
apibank,all_pairs,X+S,pair_grouped,stratified_random,True,0,1,812,204,"{""0"": 406, ""1"": 406}","{""0"": 102, ""1"": 102}",0.45588235294117646,0.4558823529411765,0.4555552884037412,"[[49, 53], [58, 44]]","{""0"": 107, ""1"": 97}",0.45794392523364486,0.4803921568627451,0.4688995215311005,102,0.4536082474226804,0.43137254901960786,0.44221105527638194,102,0.4558823529411764,0.47998787143723465,0.47979659153380977
apibank,all_pairs,X+S,pair_grouped,logistic_regression_standardized,True,0,1,812,204,"{""0"": 406, ""1"": 406}","{""0"": 102, ""1"": 102}",0.5049019607843137,0.5049019607843137,0.5048900636789619,"[[52, 50], [51, 51]]","{""0"": 103, ""1"": 101}",0.5048543689320388,0.5098039215686274,0.5073170731707317,102,0.504950495049505,0.5,0.5024630541871922,102,0.5258554402153018,0.515231096675826,0.5649520859955196
apibank,all_pairs,X+S,pair_grouped,class_weighted_logistic_regression_standardized,True,0,1,812,204,"{""0"": 406, ""1"": 406}","{""0"": 102, ""1"": 102}",0.5049019607843137,0.5049019607843137,0.5048900636789619,"[[52, 50], [51, 51]]","{""0"": 103, ""1"": 101}",0.5048543689320388,0.5098039215686274,0.5073170731707317,102,0.504950495049505,0.5,0.5024630541871922,102,0.5258554402153018,0.515231096675826,0.5649520859955196
apibank,all_pairs,X+S,pair_grouped,random_forest,True,0,1,812,204,"{""0"": 406, ""1"": 406}","{""0"": 102, ""1"": 102}",0.5245098039215687,0.5245098039215687,0.5239492866937715,"[[57, 45], [52, 50]]","{""0"": 109, ""1"": 95}",0.5229357798165137,0.5588235294117647,0.5402843601895735,102,0.5263157894736842,0.49019607843137253,0.5076142131979695,102,0.5399846212995002,0.5669434104261384,0.5108153860316851
apibank,all_pairs,X+S,pair_grouped,hist_gradient_boosting,True,0,1,812,204,"{""0"": 406, ""1"": 406}","{""0"": 102, ""1"": 102}",0.5490196078431373,0.5490196078431373,0.5468855625301787,"[[63, 39], [53, 49]]","{""0"": 116, ""1"": 88}",0.5431034482758621,0.6176470588235294,0.5779816513761468,102,0.5568181818181818,0.4803921568627451,0.5157894736842106,102,0.5466166858900423,0.5511830237562494,0.5295227743334705
apibank,all_pairs,X+S,pair_grouped,small_mlp_standardized,True,0,1,812,204,"{""0"": 406, ""1"": 406}","{""0"": 102, ""1"": 102}",0.4950980392156863,0.4950980392156863,0.4930393032065047,"[[57, 45], [58, 44]]","{""0"": 115, ""1"": 89}",0.4956521739130435,0.5588235294117647,0.5253456221198156,102,0.4943820224719101,0.43137254901960786,0.4607329842931937,102,0.5173010380622838,0.5122932706436831,0.5566654099211733
apibank,all_pairs,X+S,pair_grouped,majority_class,True,1,1,812,204,"{""0"": 406, ""1"": 406}","{""0"": 102, ""1"": 102}",0.5,0.5,0.3333333333333333,"[[102, 0], [102, 0]]","{""0"": 204}",0.5,1.0,0.6666666666666666,102,0.0,0.0,0.0,102,0.5,0.5,0.5
apibank,all_pairs,X+S,pair_grouped,stratified_random,True,1,1,812,204,"{""0"": 406, ""1"": 406}","{""0"": 102, ""1"": 102}",0.45588235294117646,0.4558823529411765,0.4555552884037412,"[[49, 53], [58, 44]]","{""0"": 107, ""1"": 97}",0.45794392523364486,0.4803921568627451,0.4688995215311005,102,0.4536082474226804,0.43137254901960786,0.44221105527638194,102,0.4558823529411764,0.47998787143723465,0.47979659153380977
apibank,all_pairs,X+S,pair_grouped,logistic_regression_standardized,True,1,1,812,204,"{""0"": 406, ""1"": 406}","{""0"": 102, ""1"": 102}",0.49019607843137253,0.4901960784313726,0.49014707295972315,"[[51, 51], [53, 49]]","{""0"": 104, ""1"": 100}",0.49038461538461536,0.5,0.49514563106796117,102,0.49,0.4803921568627451,0.48514851485148514,102,0.506632064590542,0.519815038082064,0.5281054917895286
apibank,all_pairs,X+S,pair_grouped,class_weighted_logistic_regression_standardized,True,1,1,812,204,"{""0"": 406, ""1"": 406}","{""0"": 102, ""1"": 102}",0.49019607843137253,0.4901960784313726,0.49014707295972315,"[[51, 51], [53, 49]]","{""0"": 104, ""1"": 100}",0.49038461538461536,0.5,0.49514563106796117,102,0.49,0.4803921568627451,0.48514851485148514,102,0.506632064590542,0.519815038082064,0.5281054917895286
apibank,all_pairs,X+S,pair_grouped,random_forest,True,1,1,812,204,"{""0"": 406, ""1"": 406}","{""0"": 102, ""1"": 102}",0.5196078431372549,0.5196078431372548,0.5195616649043545,"[[52, 50], [48, 54]]","{""0"": 100, ""1"": 104}",0.52,0.5098039215686274,0.5148514851485149,102,0.5192307692307693,0.5294117647058824,0.5242718446601942,102,0.5141772395232603,0.5480212698269704,0.4896343085387903
apibank,all_pairs,X+S,pair_grouped,hist_gradient_boosting,True,1,1,812,204,"{""0"": 406, ""1"": 406}","{""0"": 102, ""1"": 102}",0.5,0.5,0.5,"[[51, 51], [51, 51]]","{""0"": 102, ""1"": 102}",0.5,0.5,0.5,102,0.5,0.5,0.5,102,0.5157631680123029,0.5319140280189041,0.5420025646527242
apibank,all_pairs,X+S,pair_grouped,small_mlp_standardized,True,1,1,812,204,"{""0"": 406, ""1"": 406}","{""0"": 102, ""1"": 102}",0.5343137254901961,0.5343137254901961,0.5340338053905893,"[[57, 45], [50, 52]]","{""0"": 107, ""1"": 97}",0.5327102803738317,0.5588235294117647,0.5454545454545454,102,0.5360824742268041,0.5098039215686274,0.5226130653266332,102,0.5629565551710881,0.558864149833586,0.5808929797840154
apibank,all_pairs,X+S,pair_grouped,majority_class,True,2,1,812,204,"{""0"": 406, ""1"": 406}","{""0"": 102, ""1"": 102}",0.5,0.5,0.3333333333333333,"[[102, 0], [102, 0]]","{""0"": 204}",0.5,1.0,0.6666666666666666,102,0.0,0.0,0.0,102,0.5,0.5,0.5
apibank,all_pairs,X+S,pair_grouped,stratified_random,True,2,1,812,204,"{""0"": 406, ""1"": 406}","{""0"": 102, ""1"": 102}",0.45588235294117646,0.4558823529411765,0.4555552884037412,"[[49, 53], [58, 44]]","{""0"": 107, ""1"": 97}",0.45794392523364486,0.4803921568627451,0.4688995215311005,102,0.4536082474226804,0.43137254901960786,0.44221105527638194,102,0.4558823529411764,0.47998787143723465,0.47979659153380977
apibank,all_pairs,X+S,pair_grouped,logistic_regression_standardized,True,2,1,812,204,"{""0"": 406, ""1"": 406}","{""0"": 102, ""1"": 102}",0.5490196078431373,0.5490196078431373,0.547933326910107,"[[61, 41], [51, 51]]","{""0"": 112, ""1"": 92}",0.5446428571428571,0.5980392156862745,0.5700934579439252,102,0.5543478260869565,0.5,0.5257731958762887,102,0.5429642445213381,0.5317483765341772,0.5537550689551534
apibank,all_pairs,X+S,pair_grouped,class_weighted_logistic_regression_standardized,True,2,1,812,204,"{""0"": 406, ""1"": 406}","{""0"": 102, ""1"": 102}",0.5490196078431373,0.5490196078431373,0.547933326910107,"[[61, 41], [51, 51]]","{""0"": 112, ""1"": 92}",0.5446428571428571,0.5980392156862745,0.5700934579439252,102,0.5543478260869565,0.5,0.5257731958762887,102,0.5429642445213381,0.5317483765341772,0.5537550689551534
apibank,all_pairs,X+S,pair_grouped,random_forest,True,2,1,812,204,"{""0"": 406, ""1"": 406}","{""0"": 102, ""1"": 102}",0.5196078431372549,0.5196078431372548,0.519423076923077,"[[51, 51], [47, 55]]","{""0"": 98, ""1"": 106}",0.5204081632653061,0.5,0.51,102,0.5188679245283019,0.5392156862745098,0.5288461538461539,102,0.532920030757401,0.5412617018176353,0.5355518232200772
apibank,all_pairs,X+S,pair_grouped,hist_gradient_boosting,True,2,1,812,204,"{""0"": 406, ""1"": 406}","{""0"": 102, ""1"": 102}",0.5245098039215687,0.5245098039215687,0.524498377988706,"[[53, 49], [48, 54]]","{""0"": 101, ""1"": 103}",0.5247524752475248,0.5196078431372549,0.5221674876847291,102,0.5242718446601942,0.5294117647058824,0.526829268292683,102,0.5062475970780469,0.5147682901696816,0.5105714678159832
apibank,all_pairs,X+S,pair_grouped,small_mlp_standardized,True,2,1,812,204,"{""0"": 406, ""1"": 406}","{""0"": 102, ""1"": 102}",0.5294117647058824,0.5294117647058824,0.5292307692307692,"[[52, 50], [46, 56]]","{""0"": 98, ""1"": 106}",0.5306122448979592,0.5098039215686274,0.52,102,0.5283018867924528,0.5490196078431373,0.5384615384615384,102,0.5345059592464437,0.5071435463581206,0.5586982150648298
apibank,all_pairs,X+S,pair_grouped,majority_class,True,3,1,812,204,"{""0"": 406, ""1"": 406}","{""0"": 102, ""1"": 102}",0.5,0.5,0.3333333333333333,"[[102, 0], [102, 0]]","{""0"": 204}",0.5,1.0,0.6666666666666666,102,0.0,0.0,0.0,102,0.5,0.5,0.5
apibank,all_pairs,X+S,pair_grouped,stratified_random,True,3,1,812,204,"{""0"": 406, ""1"": 406}","{""0"": 102, ""1"": 102}",0.45588235294117646,0.4558823529411765,0.4555552884037412,"[[49, 53], [58, 44]]","{""0"": 107, ""1"": 97}",0.45794392523364486,0.4803921568627451,0.4688995215311005,102,0.4536082474226804,0.43137254901960786,0.44221105527638194,102,0.4558823529411764,0.47998787143723465,0.47979659153380977
apibank,all_pairs,X+S,pair_grouped,logistic_regression_standardized,True,3,1,812,204,"{""0"": 406, ""1"": 406}","{""0"": 102, ""1"": 102}",0.47549019607843135,0.47549019607843135,0.47396071815881435,"[[43, 59], [48, 54]]","{""0"": 91, ""1"": 113}",0.4725274725274725,0.4215686274509804,0.44559585492227977,102,0.4778761061946903,0.5294117647058824,0.5023255813953489,102,0.4878892733564014,0.5136732053909788,0.506948819107635
apibank,all_pairs,X+S,pair_grouped,class_weighted_logistic_regression_standardized,True,3,1,812,204,"{""0"": 406, ""1"": 406}","{""0"": 102, ""1"": 102}",0.47549019607843135,0.47549019607843135,0.47396071815881435,"[[43, 59], [48, 54]]","{""0"": 91, ""1"": 113}",0.4725274725274725,0.4215686274509804,0.44559585492227977,102,0.4778761061946903,0.5294117647058824,0.5023255813953489,102,0.4878892733564014,0.5136732053909788,0.506948819107635
apibank,all_pairs,X+S,pair_grouped,random_forest,True,3,1,812,204,"{""0"": 406, ""1"": 406}","{""0"": 102, ""1"": 102}",0.47058823529411764,0.47058823529411764,0.4693130359379516,"[[43, 59], [49, 53]]","{""0"": 92, ""1"": 112}",0.4673913043478261,0.4215686274509804,0.44329896907216493,102,0.4732142857142857,0.5196078431372549,0.4953271028037383,102,0.47308727412533647,0.5135193122644229,0.4614130095778121
apibank,all_pairs,X+S,pair_grouped,hist_gradient_boosting,True,3,1,812,204,"{""0"": 406, ""1"": 406}","{""0"": 102, ""1"": 102}",0.46568627450980393,0.46568627450980393,0.46505641494454736,"[[44, 58], [51, 51]]","{""0"": 95, ""1"": 109}",0.4631578947368421,0.43137254901960786,0.4467005076142132,102,0.46788990825688076,0.5,0.4834123222748815,102,0.4758266051518647,0.5102819869234384,0.4870481747419976
apibank,all_pairs,X+S,pair_grouped,small_mlp_standardized,True,3,1,812,204,"{""0"": 406, ""1"": 406}","{""0"": 102, ""1"": 102}",0.46078431372549017,0.4607843137254902,0.45995379283788984,"[[43, 59], [51, 51]]","{""0"": 94, ""1"": 110}",0.4574468085106383,0.4215686274509804,0.4387755102040816,102,0.4636363636363636,0.5,0.4811320754716981,102,0.48490965013456366,0.4896313698960736,0.5164264304383961
apibank,all_pairs,X+S,pair_grouped,majority_class,True,4,1,812,204,"{""0"": 406, ""1"": 406}","{""0"": 102, ""1"": 102}",0.5,0.5,0.3333333333333333,"[[102, 0], [102, 0]]","{""0"": 204}",0.5,1.0,0.6666666666666666,102,0.0,0.0,0.0,102,0.5,0.5,0.5
apibank,all_pairs,X+S,pair_grouped,stratified_random,True,4,1,812,204,"{""0"": 406, ""1"": 406}","{""0"": 102, ""1"": 102}",0.45588235294117646,0.4558823529411765,0.4555552884037412,"[[49, 53], [58, 44]]","{""0"": 107, ""1"": 97}",0.45794392523364486,0.4803921568627451,0.4688995215311005,102,0.4536082474226804,0.43137254901960786,0.44221105527638194,102,0.4558823529411764,0.47998787143723465,0.47979659153380977
apibank,all_pairs,X+S,pair_grouped,logistic_regression_standardized,True,4,1,812,204,"{""0"": 406, ""1"": 406}","{""0"": 102, ""1"": 102}",0.49019607843137253,0.4901960784313726,0.49014707295972315,"[[49, 53], [51, 51]]","{""0"": 100, ""1"": 104}",0.49,0.4803921568627451,0.48514851485148514,102,0.49038461538461536,0.5,0.49514563106796117,102,0.5065359477124183,0.5060241865469923,0.5197021885185973
apibank,all_pairs,X+S,pair_grouped,class_weighted_logistic_regression_standardized,True,4,1,812,204,"{""0"": 406, ""1"": 406}","{""0"": 102, ""1"": 102}",0.49019607843137253,0.4901960784313726,0.49014707295972315,"[[49, 53], [51, 51]]","{""0"": 100, ""1"": 104}",0.49,0.4803921568627451,0.48514851485148514,102,0.49038461538461536,0.5,0.49514563106796117,102,0.5065359477124183,0.5060241865469923,0.5197021885185973
apibank,all_pairs,X+S,pair_grouped,random_forest,True,4,1,812,204,"{""0"": 406, ""1"": 406}","{""0"": 102, ""1"": 102}",0.5,0.5,0.49995193694126694,"[[50, 52], [50, 52]]","{""0"": 100, ""1"": 104}",0.5,0.49019607843137253,0.49504950495049505,102,0.5,0.5098039215686274,0.5048543689320388,102,0.4951941560938101,0.5359010870852551,0.4693016379135413
apibank,all_pairs,X+S,pair_grouped,hist_gradient_boosting,True,4,1,812,204,"{""0"": 406, ""1"": 406}","{""0"": 102, ""1"": 102}",0.5343137254901961,0.5343137254901962,0.5342129930059846,"[[56, 46], [49, 53]]","{""0"": 105, ""1"": 99}",0.5333333333333333,0.5490196078431373,0.5410628019323671,102,0.5353535353535354,0.5196078431372549,0.527363184079602,102,0.4870242214532872,0.5059032023274654,0.48068084176157
apibank,all_pairs,X+S,pair_grouped,small_mlp_standardized,True,4,1,812,204,"{""0"": 406, ""1"": 406}","{""0"": 102, ""1"": 102}",0.5049019607843137,0.5049019607843137,0.5039364391477068,"[[56, 46], [55, 47]]","{""0"": 111, ""1"": 93}",0.5045045045045045,0.5490196078431373,0.5258215962441315,102,0.5053763440860215,0.46078431372549017,0.48205128205128206,102,0.4962514417531718,0.5230710135184387,0.502583431559705
apibank,all_pairs,X+S,pair_grouped,majority_class,True,5,1,812,204,"{""0"": 406, ""1"": 406}","{""0"": 102, ""1"": 102}",0.5,0.5,0.3333333333333333,"[[102, 0], [102, 0]]","{""0"": 204}",0.5,1.0,0.6666666666666666,102,0.0,0.0,0.0,102,0.5,0.5,0.5
apibank,all_pairs,X+S,pair_grouped,stratified_random,True,5,1,812,204,"{""0"": 406, ""1"": 406}","{""0"": 102, ""1"": 102}",0.45588235294117646,0.4558823529411765,0.4555552884037412,"[[49, 53], [58, 44]]","{""0"": 107, ""1"": 97}",0.45794392523364486,0.4803921568627451,0.4688995215311005,102,0.4536082474226804,0.43137254901960786,0.44221105527638194,102,0.4558823529411764,0.47998787143723465,0.47979659153380977
apibank,all_pairs,X+S,pair_grouped,logistic_regression_standardized,True,5,1,812,204,"{""0"": 406, ""1"": 406}","{""0"": 102, ""1"": 102}",0.5196078431372549,0.5196078431372548,0.519423076923077,"[[51, 51], [47, 55]]","{""0"": 98, ""1"": 106}",0.5204081632653061,0.5,0.51,102,0.5188679245283019,0.5392156862745098,0.5288461538461539,102,0.5299884659746252,0.5508236025265256,0.5197937083120547
apibank,all_pairs,X+S,pair_grouped,class_weighted_logistic_regression_standardized,True,5,1,812,204,"{""0"": 406, ""1"": 406}","{""0"": 102, ""1"": 102}",0.5196078431372549,0.5196078431372548,0.519423076923077,"[[51, 51], [47, 55]]","{""0"": 98, ""1"": 106}",0.5204081632653061,0.5,0.51,102,0.5188679245283019,0.5392156862745098,0.5288461538461539,102,0.5299884659746252,0.5508236025265256,0.5197937083120547
apibank,all_pairs,X+S,pair_grouped,random_forest,True,5,1,812,204,"{""0"": 406, ""1"": 406}","{""0"": 102, ""1"": 102}",0.5,0.5,0.4998076923076923,"[[49, 53], [49, 53]]","{""0"": 98, ""1"": 106}",0.5,0.4803921568627451,0.49,102,0.5,0.5196078431372549,0.5096153846153846,102,0.5395520953479431,0.6196529983089021,0.4934793244695194
apibank,all_pairs,X+S,pair_grouped,hist_gradient_boosting,True,5,1,812,204,"{""0"": 406, ""1"": 406}","{""0"": 102, ""1"": 102}",0.5343137254901961,0.5343137254901961,0.5340338053905893,"[[52, 50], [45, 57]]","{""0"": 97, ""1"": 107}",0.5360824742268041,0.5098039215686274,0.5226130653266332,102,0.5327102803738317,0.5588235294117647,0.5454545454545454,102,0.5217224144559784,0.5721082226914816,0.4971418183652234
apibank,all_pairs,X+S,pair_grouped,small_mlp_standardized,True,5,1,812,204,"{""0"": 406, ""1"": 406}","{""0"": 102, ""1"": 102}",0.5441176470588235,0.5441176470588236,0.5440190352584902,"[[57, 45], [48, 54]]","{""0"": 105, ""1"": 99}",0.5428571428571428,0.5588235294117647,0.5507246376811594,102,0.5454545454545454,0.5294117647058824,0.5373134328358209,102,0.5437331795463283,0.580091753729202,0.5156735584028171
apibank,all_pairs,X+S,pair_grouped,majority_class,True,6,1,812,204,"{""0"": 406, ""1"": 406}","{""0"": 102, ""1"": 102}",0.5,0.5,0.3333333333333333,"[[102, 0], [102, 0]]","{""0"": 204}",0.5,1.0,0.6666666666666666,102,0.0,0.0,0.0,102,0.5,0.5,0.5
apibank,all_pairs,X+S,pair_grouped,stratified_random,True,6,1,812,204,"{""0"": 406, ""1"": 406}","{""0"": 102, ""1"": 102}",0.45588235294117646,0.4558823529411765,0.4555552884037412,"[[49, 53], [58, 44]]","{""0"": 107, ""1"": 97}",0.45794392523364486,0.4803921568627451,0.4688995215311005,102,0.4536082474226804,0.43137254901960786,0.44221105527638194,102,0.4558823529411764,0.47998787143723465,0.47979659153380977
apibank,all_pairs,X+S,pair_grouped,logistic_regression_standardized,True,6,1,812,204,"{""0"": 406, ""1"": 406}","{""0"": 102, ""1"": 102}",0.5,0.5,0.49607672188317353,"[[60, 42], [60, 42]]","{""0"": 120, ""1"": 84}",0.5,0.5882352941176471,0.5405405405405406,102,0.5,0.4117647058823529,0.45161290322580644,102,0.49163783160322955,0.48547248008826416,0.49793733915543154
apibank,all_pairs,X+S,pair_grouped,class_weighted_logistic_regression_standardized,True,6,1,812,204,"{""0"": 406, ""1"": 406}","{""0"": 102, ""1"": 102}",0.5,0.5,0.49607672188317353,"[[60, 42], [60, 42]]","{""0"": 120, ""1"": 84}",0.5,0.5882352941176471,0.5405405405405406,102,0.5,0.4117647058823529,0.45161290322580644,102,0.49163783160322955,0.48547248008826416,0.49793733915543154
apibank,all_pairs,X+S,pair_grouped,random_forest,True,6,1,812,204,"{""0"": 406, ""1"": 406}","{""0"": 102, ""1"": 102}",0.49019607843137253,0.4901960784313726,0.48941085868309586,"[[54, 48], [56, 46]]","{""0"": 110, ""1"": 94}",0.4909090909090909,0.5294117647058824,0.5094339622641509,102,0.48936170212765956,0.45098039215686275,0.46938775510204084,102,0.4854382929642445,0.5167433693437893,0.46944648057004695
apibank,all_pairs,X+S,pair_grouped,hist_gradient_boosting,True,6,1,812,204,"{""0"": 406, ""1"": 406}","{""0"": 102, ""1"": 102}",0.47549019607843135,0.47549019607843135,0.47537673949095105,"[[50, 52], [55, 47]]","{""0"": 105, ""1"": 99}",0.47619047619047616,0.49019607843137253,0.4830917874396135,102,0.47474747474747475,0.46078431372549017,0.46766169154228854,102,0.47846981930026905,0.495938706235311,0.4758027375903221
apibank,all_pairs,X+S,pair_grouped,small_mlp_standardized,True,6,1,812,204,"{""0"": 406, ""1"": 406}","{""0"": 102, ""1"": 102}",0.49019607843137253,0.49019607843137253,0.49,"[[52, 50], [54, 48]]","{""0"": 106, ""1"": 98}",0.49056603773584906,0.5098039215686274,0.5,102,0.4897959183673469,0.47058823529411764,0.48,102,0.48394848135332563,0.47864680696340955,0.5292102327171997
apibank,all_pairs,X+S,pair_grouped,majority_class,True,7,1,812,204,"{""0"": 406, ""1"": 406}","{""0"": 102, ""1"": 102}",0.5,0.5,0.3333333333333333,"[[102, 0], [102, 0]]","{""0"": 204}",0.5,1.0,0.6666666666666666,102,0.0,0.0,0.0,102,0.5,0.5,0.5
apibank,all_pairs,X+S,pair_grouped,stratified_random,True,7,1,812,204,"{""0"": 406, ""1"": 406}","{""0"": 102, ""1"": 102}",0.45588235294117646,0.4558823529411765,0.4555552884037412,"[[49, 53], [58, 44]]","{""0"": 107, ""1"": 97}",0.45794392523364486,0.4803921568627451,0.4688995215311005,102,0.4536082474226804,0.43137254901960786,0.44221105527638194,102,0.4558823529411764,0.47998787143723465,0.47979659153380977
apibank,all_pairs,X+S,pair_grouped,logistic_regression_standardized,True,7,1,812,204,"{""0"": 406, ""1"": 406}","{""0"": 102, ""1"": 102}",0.5049019607843137,0.5049019607843137,0.5047948662484678,"[[50, 52], [49, 53]]","{""0"": 99, ""1"": 105}",0.5050505050505051,0.49019607843137253,0.4975124378109453,102,0.5047619047619047,0.5196078431372549,0.5120772946859904,102,0.47029988465974626,0.4804628976808277,0.49271608919180626
apibank,all_pairs,X+S,pair_grouped,class_weighted_logistic_regression_standardized,True,7,1,812,204,"{""0"": 406, ""1"": 406}","{""0"": 102, ""1"": 102}",0.5049019607843137,0.5049019607843137,0.5047948662484678,"[[50, 52], [49, 53]]","{""0"": 99, ""1"": 105}",0.5050505050505051,0.49019607843137253,0.4975124378109453,102,0.5047619047619047,0.5196078431372549,0.5120772946859904,102,0.47029988465974626,0.4804628976808277,0.49271608919180626
apibank,all_pairs,X+S,pair_grouped,random_forest,True,7,1,812,204,"{""0"": 406, ""1"": 406}","{""0"": 102, ""1"": 102}",0.46568627450980393,0.46568627450980393,0.4656734350594738,"[[47, 55], [54, 48]]","{""0"": 101, ""1"": 103}",0.46534653465346537,0.46078431372549017,0.4630541871921182,102,0.46601941747572817,0.47058823529411764,0.4682926829268293,102,0.4608323721645521,0.486882812960842,0.4656214052732828
apibank,all_pairs,X+S,pair_grouped,hist_gradient_boosting,True,7,1,812,204,"{""0"": 406, ""1"": 406}","{""0"": 102, ""1"": 102}",0.4950980392156863,0.4950980392156863,0.4950859065240899,"[[51, 51], [52, 50]]","{""0"": 103, ""1"": 101}",0.49514563106796117,0.5,0.4975609756097561,102,0.49504950495049505,0.49019607843137253,0.49261083743842365,102,0.4797193387158785,0.49149084059065307,0.47642888797468297
apibank,all_pairs,X+S,pair_grouped,small_mlp_standardized,True,7,1,812,204,"{""0"": 406, ""1"": 406}","{""0"": 102, ""1"": 102}",0.5196078431372549,0.5196078431372549,0.5179398148148148,"[[47, 55], [43, 59]]","{""0"": 90, ""1"": 114}",0.5222222222222223,0.46078431372549017,0.4895833333333333,102,0.5175438596491229,0.5784313725490197,0.5462962962962963,102,0.5005286428296809,0.4910372731735784,0.5062653499313672
apibank,all_pairs,X+S,pair_grouped,majority_class,True,8,1,812,204,"{""0"": 406, ""1"": 406}","{""0"": 102, ""1"": 102}",0.5,0.5,0.3333333333333333,"[[102, 0], [102, 0]]","{""0"": 204}",0.5,1.0,0.6666666666666666,102,0.0,0.0,0.0,102,0.5,0.5,0.5
apibank,all_pairs,X+S,pair_grouped,stratified_random,True,8,1,812,204,"{""0"": 406, ""1"": 406}","{""0"": 102, ""1"": 102}",0.45588235294117646,0.4558823529411765,0.4555552884037412,"[[49, 53], [58, 44]]","{""0"": 107, ""1"": 97}",0.45794392523364486,0.4803921568627451,0.4688995215311005,102,0.4536082474226804,0.43137254901960786,0.44221105527638194,102,0.4558823529411764,0.47998787143723465,0.47979659153380977
apibank,all_pairs,X+S,pair_grouped,logistic_regression_standardized,True,8,1,812,204,"{""0"": 406, ""1"": 406}","{""0"": 102, ""1"": 102}",0.44607843137254904,0.446078431372549,0.4444631883359441,"[[40, 62], [51, 51]]","{""0"": 91, ""1"": 113}",0.43956043956043955,0.39215686274509803,0.41450777202072536,102,0.45132743362831856,0.5,0.4744186046511628,102,0.4669357939254133,0.49466877123949143,0.5037496982610459
apibank,all_pairs,X+S,pair_grouped,class_weighted_logistic_regression_standardized,True,8,1,812,204,"{""0"": 406, ""1"": 406}","{""0"": 102, ""1"": 102}",0.44607843137254904,0.446078431372549,0.4444631883359441,"[[40, 62], [51, 51]]","{""0"": 91, ""1"": 113}",0.43956043956043955,0.39215686274509803,0.41450777202072536,102,0.45132743362831856,0.5,0.4744186046511628,102,0.4669357939254133,0.49466877123949143,0.5037496982610459
apibank,all_pairs,X+S,pair_grouped,random_forest,True,8,1,812,204,"{""0"": 406, ""1"": 406}","{""0"": 102, ""1"": 102}",0.5049019607843137,0.5049019607843137,0.5047948662484678,"[[50, 52], [49, 53]]","{""0"": 99, ""1"": 105}",0.5050505050505051,0.49019607843137253,0.4975124378109453,102,0.5047619047619047,0.5196078431372549,0.5120772946859904,102,0.48005574778931187,0.5114947883804866,0.47198552133265215
apibank,all_pairs,X+S,pair_grouped,hist_gradient_boosting,True,8,1,812,204,"{""0"": 406, ""1"": 406}","{""0"": 102, ""1"": 102}",0.49019607843137253,0.49019607843137253,0.48704061895551254,"[[42, 60], [44, 58]]","{""0"": 86, ""1"": 118}",0.4883720930232558,0.4117647058823529,0.44680851063829785,102,0.4915254237288136,0.5686274509803921,0.5272727272727272,102,0.4745290272971934,0.49812797798679453,0.48044427730446293
apibank,all_pairs,X+S,pair_grouped,small_mlp_standardized,True,8,1,812,204,"{""0"": 406, ""1"": 406}","{""0"": 102, ""1"": 102}",0.4803921568627451,0.48039215686274506,0.4801923076923077,"[[51, 51], [55, 47]]","{""0"": 106, ""1"": 98}",0.4811320754716981,0.5,0.49038461538461536,102,0.47959183673469385,0.46078431372549017,0.47,102,0.47347174163783157,0.49404674071000776,0.5142763855716046
apibank,all_pairs,X+S,pair_grouped,majority_class,True,9,1,812,204,"{""0"": 406, ""1"": 406}","{""0"": 102, ""1"": 102}",0.5,0.5,0.3333333333333333,"[[102, 0], [102, 0]]","{""0"": 204}",0.5,1.0,0.6666666666666666,102,0.0,0.0,0.0,102,0.5,0.5,0.5
apibank,all_pairs,X+S,pair_grouped,stratified_random,True,9,1,812,204,"{""0"": 406, ""1"": 406}","{""0"": 102, ""1"": 102}",0.45588235294117646,0.4558823529411765,0.4555552884037412,"[[49, 53], [58, 44]]","{""0"": 107, ""1"": 97}",0.45794392523364486,0.4803921568627451,0.4688995215311005,102,0.4536082474226804,0.43137254901960786,0.44221105527638194,102,0.4558823529411764,0.47998787143723465,0.47979659153380977
apibank,all_pairs,X+S,pair_grouped,logistic_regression_standardized,True,9,1,812,204,"{""0"": 406, ""1"": 406}","{""0"": 102, ""1"": 102}",0.4950980392156863,0.4950980392156863,0.49156725627313863,"[[59, 43], [60, 42]]","{""0"": 119, ""1"": 85}",0.4957983193277311,0.5784313725490197,0.5339366515837104,102,0.49411764705882355,0.4117647058823529,0.44919786096256686,102,0.4996155324875048,0.4845798164241203,0.5219191758592928
apibank,all_pairs,X+S,pair_grouped,class_weighted_logistic_regression_standardized,True,9,1,812,204,"{""0"": 406, ""1"": 406}","{""0"": 102, ""1"": 102}",0.4950980392156863,0.4950980392156863,0.49156725627313863,"[[59, 43], [60, 42]]","{""0"": 119, ""1"": 85}",0.4957983193277311,0.5784313725490197,0.5339366515837104,102,0.49411764705882355,0.4117647058823529,0.44919786096256686,102,0.4996155324875048,0.4845798164241203,0.5219191758592928
apibank,all_pairs,X+S,pair_grouped,random_forest,True,9,1,812,204,"{""0"": 406, ""1"": 406}","{""0"": 102, ""1"": 102}",0.47058823529411764,0.47058823529411764,0.4654503105590062,"[[58, 44], [64, 38]]","{""0"": 122, ""1"": 82}",0.47540983606557374,0.5686274509803921,0.5178571428571429,102,0.4634146341463415,0.37254901960784315,0.41304347826086957,102,0.45160515186466743,0.5343301401684357,0.4443233560633106
apibank,all_pairs,X+S,pair_grouped,hist_gradient_boosting,True,9,1,812,204,"{""0"": 406, ""1"": 406}","{""0"": 102, ""1"": 102}",0.49019607843137253,0.4901960784313726,0.4877836793819411,"[[57, 45], [59, 43]]","{""0"": 116, ""1"": 88}",0.49137931034482757,0.5588235294117647,0.5229357798165137,102,0.48863636363636365,0.4215686274509804,0.45263157894736844,102,0.44867358708189164,0.5028580170212628,0.4621801338916689
apibank,all_pairs,X+S,pair_grouped,small_mlp_standardized,True,9,1,812,204,"{""0"": 406, ""1"": 406}","{""0"": 102, ""1"": 102}",0.5294117647058824,0.5294117647058824,0.5292307692307692,"[[56, 46], [50, 52]]","{""0"": 106, ""1"": 98}",0.5283018867924528,0.5490196078431373,0.5384615384615384,102,0.5306122448979592,0.5098039215686274,0.52,102,0.5016339869281046,0.48473539257901244,0.5335354635407069
