name,rank,count
SMITH,1,2442977
JOHNSON,2,1932812
WILLIAMS,3,1625252
BROWN,4,1437026
JONES,5,1425470
GARCIA,6,1166120
MILLER,7,1161437
DAVIS,8,1116357
RODRIGUEZ,9,1094924
MARTINEZ,10,1060159
HERNANDEZ,11,1043281
LOPEZ,12,874523
GONZALEZ,13,841025
WILSON,14,801882
ANDERSON,15,784404
THOMAS,16,756142
TAYLOR,17,751209
MOORE,18,724374
JACKSON,19,708099
MARTIN,20,702625
LEE,21,693023
PEREZ,22,681645
THOMPSON,23,664644
WHITE,24,660491
HARRIS,25,624252
SANCHEZ,26,612752
CLARK,27,562679
RAMIREZ,28,557423
LEWIS,29,531781
ROBINSON,30,529821
WALKER,31,523129
YOUNG,32,484447
ALLEN,33,482607
KING,34,465422
WRIGHT,35,458980
SCOTT,36,439530
TORRES,37,437813
NGUYEN,38,437645
HILL,39,434827
FLORES,40,433969
GREEN,41,430182
ADAMS,42,427865
NELSON,43,424958
BAKER,44,419586
HALL,45,407076
RIVERA,46,391114
CAMPBELL,47,386157
MITCHELL,48,384486
CARTER,49,376966
ROBERTS,50,376774
GOMEZ,51,365655
PHILLIPS,52,360802
EVANS,53,355593
TURNER,54,348627
DIAZ,55,347636
PARKER,56,336221
CRUZ,57,334201
EDWARDS,58,332423
COLLINS,59,329770
REYES,60,327904
STEWART,61,324957
MORRIS,62,318884
MORALES,63,311777
MURPHY,64,308417
COOK,65,302589
ROGERS,66,302261
GUTIERREZ,67,293218
ORTIZ,68,286899
MORGAN,69,286280
COOPER,70,280791
PETERSON,71,278297
BAILEY,72,277845
REED,73,277030
KELLY,74,267394
HOWARD,75,264826
RAMOS,76,263464
KIM,77,262352
COX,78,261231
WARD,79,260464
RICHARDSON,80,259798
WATSON,81,252579
BROOKS,82,251663
CHAVEZ,83,250898
WOOD,84,250715
JAMES,85,249379
BENNETT,86,247599
GRAY,87,246116
MENDOZA,88,242771
RUIZ,89,238234
HUGHES,90,236271
PRICE,91,235251
ALVAREZ,92,233983
CASTILLO,93,230420
SANDERS,94,230374
PATEL,95,229973
MYERS,96,229895
LONG,97,229374
ROSS,98,229368
FOSTER,99,227764
JIMENEZ,100,227118
POWELL,101,224874
JENKINS,102,222653
PERRY,103,221741
RUSSELL,104,221558
SULLIVAN,105,220990
BELL,106,220599
COLEMAN,107,219070
BUTLER,108,218847
HENDERSON,109,218393
BARNES,110,218241
GONZALES,111,214758
FISHER,112,214703
VASQUEZ,113,212781
SIMMONS,114,210182
ROMERO,115,208614
JORDAN,116,208403
PATTERSON,117,205423
ALEXANDER,118,204621
HAMILTON,119,201746
GRAHAM,120,201159
REYNOLDS,121,200247
GRIFFIN,122,198406
WALLACE,123,197276
MORENO,124,196925
WEST,125,195818
COLE,126,195289
HAYES,127,194246
BRYANT,128,192773
HERRERA,129,192711
GIBSON,130,190667
ELLIS,131,188968
TRAN,132,188498
MEDINA,133,188497
AGUILAR,134,186512
STEVENS,135,185674
MURRAY,136,184910
FORD,137,184832
CASTRO,138,184134
MARSHALL,139,183922
OWENS,140,182719
HARRISON,141,181091
FERNANDEZ,142,180842
MCDONALD,143,180497
WOODS,144,177425
WASHINGTON,145,177386
KENNEDY,146,176865
WELLS,147,176230
VARGAS,148,173835
HENRY,149,170964
CHEN,150,169580
FREEMAN,151,169149
WEBB,152,168878
TUCKER,153,167446
GUZMAN,154,167044
BURNS,155,165925
CRAWFORD,156,164457
OLSON,157,164035
SIMPSON,158,163181
PORTER,159,163054
HUNTER,160,162440
GORDON,161,161833
MENDEZ,162,161717
SILVA,163,161633
SHAW,164,160400
SNYDER,165,160262
MASON,166,160213
DIXON,167,159480
MUNOZ,168,158483
HUNT,169,158421
HICKS,170,158320
HOLMES,171,156780
PALMER,172,156601
WAGNER,173,155795
BLACK,174,154738
ROBERTSON,175,153666
BOYD,176,153469
ROSE,177,153397
STONE,178,153329
SALAZAR,179,152703
FOX,180,152334
WARREN,181,152147
MILLS,182,151942
MEYER,183,150895
RICE,184,149500
SCHMIDT,185,147034
GARZA,186,147005
DANIELS,187,146570
FERGUSON,188,146426
NICHOLS,189,145584
STEPHENS,190,144646
SOTO,191,144451
WEAVER,192,143837
RYAN,193,143452
GARDNER,194,142894
PAYNE,195,142601
GRANT,196,142277
DUNN,197,141427
KELLEY,198,140693
SPENCER,199,139951
HAWKINS,200,139751
ARNOLD,201,138893
PIERCE,202,138629
VAZQUEZ,203,138322
HANSEN,204,137977
PETERS,205,137513
SANTOS,206,137232
HART,207,137184
BRADLEY,208,136720
KNIGHT,209,136713
ELLIOTT,210,135765
CUNNINGHAM,211,135718
DUNCAN,212,135187
ARMSTRONG,213,135044
HUDSON,214,134963
CARROLL,215,134317
LANE,216,134227
RILEY,217,133872
ANDREWS,218,133799
ALVARADO,219,133501
RAY,220,133171
DELGADO,221,132985
BERRY,222,132812
PERKINS,223,131440
HOFFMAN,224,131401
JOHNSTON,225,131373
MATTHEWS,226,131303
PENA,227,130776
RICHARDS,228,130529
CONTRERAS,229,130164
WILLIS,230,130152
CARPENTER,231,129898
LAWRENCE,232,129699
SANDOVAL,233,128948
GUERRERO,234,128677
GEORGE,235,128625
CHAPMAN,236,127939
RIOS,237,127794
ESTRADA,238,127470
ORTEGA,239,127256
WATKINS,240,127083
GREENE,241,126101
NUNEZ,242,125350
WHEELER,243,125058
VALDEZ,244,124995
HARPER,245,124461
BURKE,246,122877
LARSON,247,122587
SANTIAGO,248,122212
MALDONADO,249,121526
MORRISON,250,121130
FRANKLIN,251,120621
CARLSON,252,120552
AUSTIN,253,119706
DOMINGUEZ,254,119304
CARR,255,119076
LAWSON,256,119053
JACOBS,257,118614
OBRIEN,258,118557
LYNCH,259,117708
SINGH,260,116749
VEGA,261,116673
BISHOP,262,116618
MONTGOMERY,263,115953
OLIVER,264,115900
JENSEN,265,115679
HARVEY,266,115662
WILLIAMSON,267,114959
GILBERT,268,114940
DEAN,269,114030
SIMS,270,113374
ESPINOZA,271,112154
HOWELL,272,112041
LI,273,111786
WONG,274,111371
REID,275,111360
HANSON,276,111144
LE,277,110967
MCCOY,278,110744
GARRETT,279,110697
BURTON,280,110529
FULLER,281,110116
WANG,282,109883
WEBER,283,109433
WELCH,284,108987
ROJAS,285,108421
LUCAS,286,107690
MARQUEZ,287,107533
FIELDS,288,107522
PARK,289,106696
YANG,290,106033
LITTLE,291,105936
BANKS,292,105833
PADILLA,293,105365
DAY,294,105091
WALSH,295,105079
BOWMAN,296,105007
SCHULTZ,297,104888
LUNA,298,104518
FOWLER,299,104515
MEJIA,300,104057
DAVIDSON,301,103930
ACOSTA,302,103418
BREWER,303,103318
MAY,304,103306
HOLLAND,305,102538
JUAREZ,306,101949
NEWMAN,307,101931
PEARSON,308,101836
CURTIS,309,101801
CORTEZ,310,101694
DOUGLAS,311,101458
SCHNEIDER,312,101290
JOSEPH,313,100959
BARRETT,314,100104
NAVARRO,315,99807
FIGUEROA,316,98468
KELLER,317,98268
AVILA,318,97314
WADE,319,97040
MOLINA,320,96979
STANLEY,321,96867
HOPKINS,322,96810
CAMPOS,323,96111
BARNETT,324,95681
BATES,325,95622
CHAMBERS,326,94988
CALDWELL,327,93944
BECK,328,93786
LAMBERT,329,93678
MIRANDA,330,93628
BYRD,331,92904
CRAIG,332,92507
AYALA,333,92463
LOWE,334,92260
FRAZIER,335,92152
POWERS,336,91970
NEAL,337,91694
LEONARD,338,91475
GREGORY,339,91384
CARRILLO,340,91129
SUTTON,341,90964
FLEMING,342,90677
RHODES,343,90670
SHELTON,344,90517
SCHWARTZ,345,90071
NORRIS,346,89796
JENNINGS,347,89700
WATTS,348,89649
DURAN,349,89401
WALTERS,350,89376
COHEN,351,89091
MCDANIEL,352,88728
MORAN,353,88615
PARKS,354,88586
STEELE,355,88230
VAUGHN,356,88060
BECKER,357,87859
HOLT,358,87531
DELEON,359,87414
BARKER,360,87162
TERRY,361,87000
HALE,362,86618
LEON,363,86363
HAIL,364,86240
BENSON,365,86081
HAYNES,366,85974
HORTON,367,85195
MILES,368,84942
LYONS,369,84516
PHAM,370,84320
GRAVES,371,84179
BUSH,372,84018
THORNTON,373,83967
WOLFE,374,83928
WARNER,375,83781
CABRERA,376,83621
MCKINNEY,377,83616
MANN,378,83510
ZIMMERMAN,379,83265
DAWSON,380,83182
LARA,381,83067
FLETCHER,382,83063
PAGE,383,82992
MCCARTHY,384,82950
LOVE,385,82873
ROBLES,386,82458
CERVANTES,387,82161
SOLIS,388,82146
ERICKSON,389,82085
REEVES,390,81978
CHANG,391,81939
KLEIN,392,81471
SALINAS,393,81156
FUENTES,394,81006
BALDWIN,395,80742
DANIEL,396,80526
SIMON,397,80460
VELASQUEZ,398,80364
HARDY,399,80252
HIGGINS,400,79803
AGUIRRE,401,79517
LIN,402,79508
CUMMINGS,403,79316
CHANDLER,404,79186
SHARP,405,78990
BARBER,406,78848
BOWEN,407,78822
OCHOA,408,78677
DENNIS,409,78482
ROBBINS,410,78381
LIU,411,78370
RAMSEY,412,78350
FRANCIS,413,78327
GRIFFITH,414,78260
PAUL,415,78256
BLAIR,416,78026
OCONNOR,417,77923
CARDENAS,418,77652
PACHECO,419,77642
CROSS,420,77557
CALDERON,421,77085
QUINN,422,76986
MOSS,423,76908
SWANSON,424,76897
CHAN,425,76664
RIVAS,426,76205
KHAN,427,76171
RODGERS,428,76095
SERRANO,429,75996
FITZGERALD,430,75356
ROSALES,431,75185
STEVENSON,432,75169
CHRISTENSEN,433,75143
MANNING,434,74949
GILL,435,74948
CURRY,436,74919
MCLAUGHLIN,437,74816
HARMON,438,74737
MCGEE,439,74542
GROSS,440,74503
DOYLE,441,74458
GARNER,442,74324
NEWTON,443,74092
BURGESS,444,73931
REESE,445,73919
WALTON,446,73854
BLAKE,447,73797
TRUJILLO,448,73664
ADKINS,449,73599
BRADY,450,73145
GOODMAN,451,73136
ROMAN,452,72918
WEBSTER,453,72625
GOODWIN,454,72451
FISCHER,455,72357
HUANG,456,72328
POTTER,457,72175
DELACRUZ,458,72109
MONTOYA,459,71844
TODD,460,71759
WU,461,71721
HINES,462,71717
MULLINS,463,71646
CASTANEDA,464,71368
MALONE,465,71286
CANNON,466,71085
TATE,467,71058
MACK,468,71056
SHERMAN,469,70502
HUBBARD,470,70362
HODGES,471,70223
ZHANG,472,70125
GUERRA,473,70071
WOLF,474,70031
VALENCIA,475,70000
FRANCO,476,69943
SAUNDERS,476,69943
ROWE,478,69879
GALLAGHER,479,69834
FARMER,480,69617
HAMMOND,481,69515
HAMPTON,482,69472
TOWNSEND,483,69360
INGRAM,484,69345
WISE,485,68649
GALLEGOS,486,68373
CLARKE,487,68281
BARTON,488,68233
SCHROEDER,489,67977
MAXWELL,490,67961
WATERS,491,67929
LOGAN,492,67909
CAMACHO,493,67893
STRICKLAND,494,67769
NORMAN,495,67704
PERSON,496,67411
COLON,497,67338
PARSONS,498,67310
FRANK,499,67304
HARRINGTON,500,66959
GLOVER,501,66858
OSBORNE,502,66827
BUCHANAN,503,66648
CASEY,504,66556
FLOYD,505,66454
PATTON,506,66293
IBARRA,507,66063
BALL,508,66059
TYLER,509,66056
SUAREZ,510,66013
BOWERS,511,66003
OROZCO,512,65904
SALAS,513,65468
COBB,514,65125
GIBBS,515,65064
ANDRADE,516,65037
BAUER,517,65004
CONNER,518,64572
MOODY,519,64429
ESCOBAR,520,64403
MCGUIRE,521,64327
LLOYD,522,64202
MUELLER,523,64191
HARTMAN,524,64106
FRENCH,525,63991
KRAMER,526,63936
MCBRIDE,527,63899
POPE,528,63881
LINDSEY,529,63760
VELAZQUEZ,530,63736
NORTON,531,63722
MCCORMICK,532,63649
SPARKS,533,63440
FLYNN,534,63400
YATES,535,63254
HOGAN,536,63085
MARSH,537,62304
MACIAS,538,62227
VILLANUEVA,539,61883
ZAMORA,540,61729
PRATT,541,61671
STOKES,542,61639
OWEN,543,61630
BALLARD,544,61625
LANG,545,61529
BROCK,546,61369
VILLARREAL,547,61355
CHARLES,548,61211
DRAKE,549,61162
BARRERA,550,60998
CAIN,551,60948
PATRICK,552,60845
PINEDA,553,60820
BURNETT,554,60791
MERCADO,555,60761
SANTANA,556,60667
SHEPHERD,557,60479
BAUTISTA,558,60264
ALI,559,60002
SHAFFER,560,59943
LAMB,561,59913
TREVINO,562,59882
MCKENZIE,563,59595
HESS,564,59486
BEIL,565,59463
OLSEN,566,59356
COCHRAN,567,59350
MORTON,568,59213
NASH,569,58714
WILKINS,570,58634
PETERSEN,571,58480
BRIGGS,572,58408
SHAH,573,58287
ROTH,574,58278
NICHOLSON,575,58151
HOLLOWAY,576,58040
LOZANO,577,57779
FLOWERS,578,57549
RANGEL,578,57549
HOOVER,580,57497
ARIAS,581,57477
SHORT,581,57477
MORA,583,57464
VALENZUELA,584,57383
BRYAN,585,57143
MEYERS,586,57127
WEISS,587,57112
UNDERWOOD,588,57064
BASS,589,57044
GREER,590,57043
SUMMERS,591,56953
HOUSTON,592,56900
CARSON,593,56872
MORROW,594,56840
CLAYTON,595,56638
WHITAKER,596,56616
DECKER,597,56576
YODER,598,56410
COLLIER,599,56380
ZUNIGA,600,56347
CAREY,601,56322
WILCOX,602,56286
MELENDEZ,603,56230
POOLE,604,56226
ROBERSON,605,56180
LARSEN,606,55960
CONLEY,607,55917
DAVENPORT,608,55895
COPELAND,609,55850
MASSEY,610,55595
LAM,611,55554
HUFF,612,55484
ROCHA,613,55251
CAMERON,614,55240
JEFFERSON,615,55179
HOOD,616,55174
MONROE,617,55136
ANTHONY,618,55114
PITTMAN,619,55021
HUYNH,620,54996
RANDALL,621,54764
SINGLETON,622,54621
KIRK,623,54394
COMBS,624,54257
MATHIS,625,54217
CHRISTIAN,626,54198
SKINNER,627,54046
BRADFORD,628,54015
RICHARD,629,53893
GALVAN,630,53822
WALL,631,53794
BOONE,632,53792
KIRBY,633,53767
WILKINSON,634,53739
BRIDGES,635,53682
BRUCE,636,53419
ATKINSON,637,53376
VELEZ,638,53265
MEZA,639,53230
ROY,640,53159
VINCENT,641,53095
YORK,642,53059
HODGE,643,52920
VILLA,644,52817
ABBOTT,645,52739
ALLISON,646,52701
TAPIA,647,52651
GATES,648,52569
CHASE,649,52481
SOSA,650,52457
SWEENEY,651,52410
FARRELL,652,52321
WYATT,653,52211
DALTON,654,52184
HORN,655,52138
BARRON,656,52070
PHELPS,657,52044
YU,658,52035
DICKERSON,659,51889
HEATH,660,51877
FOLEY,661,51865
ATKINS,662,51671
MATHEWS,663,51592
BONILLA,664,51475
ACEVEDO,665,51351
BENITEZ,666,51288
ZAVALA,667,51153
HENSLEY,668,51081
GLENN,669,51043
CISNEROS,670,50920
HARRELL,671,50837
SHIELDS,672,50832
RUBIO,673,50788
CHOI,674,50786
HUFFMAN,674,50786
BOYER,676,50742
GARRISON,677,50686
ARROYO,678,50614
BOND,679,50610
KANE,680,50584
HANCOCK,681,50558
CALLAHAN,682,50524
DILLON,683,50465
CLINE,684,50258
WIGGINS,685,50247
GRIMES,686,50245
ARELLANO,687,50104
MELTON,688,50069
ONEILL,689,50028
SAVAGE,690,49914
HO,691,49817
BELTRAN,692,49776
PITTS,693,49740
PARRISH,694,49733
PONCE,695,49549
RICH,696,49481
BOOTH,697,49402
KOCH,698,49395
GOLDEN,699,49360
WARE,700,49316
BRENNAN,701,49238
MCDOWELL,702,49217
MARKS,703,49177
CANTU,704,49126
HUMPHREY,705,49056
BAXTER,706,49033
SAWYER,707,49028
CLAY,708,48844
TANNER,709,48813
HUTCHINSON,710,48781
KAUR,711,48753
BERG,712,48746
WILEY,713,48720
GILMORE,714,48719
RUSSO,715,48696
VILLEGAS,716,48599
HOBBS,717,48522
KEITH,718,48487
WILKERSON,719,48444
AHMED,720,48319
BEARD,721,48207
MCCLAIN,722,48165
MONTES,723,48142
MATA,724,48120
ROSARIO,725,48051
VANG,726,48036
WALTER,727,48024
HENSON,728,48013
ONEAL,729,47979
MOSLEY,730,47963
MCCLURE,731,47742
BEASLEY,732,47693
STEPHENSON,733,47641
SNOW,734,47528
HUERTA,735,47455
PRESTON,736,47367
VANCE,737,47324
BARRY,738,47274
JOHNS,739,47246
EATON,740,47184
BLACKWELL,741,47175
DYER,742,47170
PRINCE,743,47168
MACDONALD,744,46717
SOLOMON,745,46534
GUEVARA,746,46454
STAFFORD,747,46394
ENGLISH,748,46393
HURST,749,46244
WOODARD,750,46240
CORTES,751,46229
SHANNON,752,46147
KEMP,753,46146
NOLAN,754,46054
MCCULLOUGH,755,45852
MERRITT,756,45594
MURILLO,757,45558
MOON,758,45528
SALGADO,759,45469
STRONG,760,45432
KLINE,761,45390
CORDOVA,762,45305
BARAJAS,763,45153
ROACH,764,45019
ROSAS,765,44938
WINTERS,766,44914
JACOBSON,767,44808
LESTER,768,44784
KNOX,769,44742
BULLOCK,770,44740
KERR,771,44711
LEACH,772,44581
MEADOWS,773,44500
DAVILA,774,44388
ORR,774,44388
WHITEHEAD,776,44373
PRUITT,777,44365
KENT,778,44325
CONWAY,779,44320
MCKEE,780,44137
BARR,781,44130
DAVID,782,44040
DEJESUS,783,44038
MARIN,784,43904
BERGER,785,43851
MCINTYRE,786,43842
BLANKENSHIP,787,43830
GAINES,788,43821
PALACIOS,789,43798
CUEVAS,790,43701
BARTLETT,791,43648
DURHAM,792,43635
DORSEY,793,43631
MCCALL,794,43483
ODONNELL,795,43460
STEIN,796,43389
BROWNING,797,43329
STOUT,798,43305
LOWERY,799,43278
SLOAN,800,43261
MCLEAN,801,43260
HENDRICKS,802,43197
CALHOUN,803,43180
SEXTON,804,43133
CHUNG,805,43110
GENTRY,806,43027
HULL,807,43018
DUARTE,808,42983
ELLISON,809,42827
NIELSEN,810,42773
GILLESPIE,811,42693
BUCK,812,42639
MIDDLETON,813,42578
SELLERS,814,42577
LEBLANC,815,42575
ESPARZA,816,42559
HARDIN,817,42469
BRADSHAW,818,42465
MCINTOSH,819,42379
HOWE,820,42265
LIVINGSTON,821,42103
FROST,822,42015
GLASS,823,41802
MORSE,824,41774
KNAPP,825,41771
HERMAN,826,41750
STARK,827,41735
BRAVO,828,41700
NOBLE,829,41667
SPEARS,830,41665
WEEKS,831,41565
CORONA,832,41553
FREDERICK,833,41394
BUCKLEY,834,41348
MCFARLAND,835,41300
HEBERT,836,41275
ENRIQUEZ,837,41271
HICKMAN,838,41163
QUINTERO,839,41158
RANDOLPH,840,41129
SCHAEFER,841,41063
WALLS,842,41025
TREJO,843,41021
HOUSE,844,41000
REILLY,845,40884
PENNINGTON,846,40854
MICHAEL,847,40736
CONRAD,848,40707
GILES,849,40598
BENJAMIN,850,40590
CROSBY,851,40563
FITZPATRICK,852,40449
DONOVAN,853,40410
MAYS,854,40408
MAHONEY,855,40397
VALENTINE,856,40395
RAYMOND,857,40275
MEDRANO,858,40261
HAHN,859,40250
MCMILLAN,860,40237
SMALL,861,40212
BENTLEY,862,40193
FELIX,863,40165
PECK,864,40055
LUCERO,865,39986
BOYLE,866,39921
HANNA,867,39890
PACE,868,39879
RUSH,869,39802
HURLEY,870,39796
HARDING,871,39787
MCCONNELL,872,39754
BERNAL,873,39693
NAVA,874,39670
AYERS,875,39623
EVERETT,876,39593
VENTURA,877,39580
AVERY,878,39564
PUGH,879,39559
MAYER,880,39555
BENDER,881,39551
SHEPARD,882,39430
MCMAHON,883,39411
LANDRY,884,39391
CASE,885,39319
SAMPSON,886,39277
MOSES,887,39216
MAGANA,888,39105
BLACKBURN,889,39097
DUNLAP,890,39063
GOULD,891,38924
DUFFY,892,38835
VAUGHAN,893,38830
HERRING,894,38733
MCKAY,895,38681
ESPINOSA,896,38667
RIVERS,897,38662
FARLEY,898,38528
BERNARD,899,38512
ASHLEY,900,38499
FRIEDMAN,901,38374
POTTS,902,38277
TRUONG,903,38267
COSTA,904,38265
CORREA,905,38232
BLEVINS,906,38229
NIXON,907,38147
CLEMENTS,908,38044
FRY,909,38029
DELAROSA,910,37932
BEST,911,37923
BENTON,912,37912
LUGO,913,37903
PORTILLO,914,37890
DOUGHERTY,915,37884
CRANE,916,37870
HALEY,917,37858
PHAN,918,37836
VILLALOBOS,919,37754
BLANCHARD,920,37695
HORNE,921,37689
FINLEY,922,37672
QUINTANA,923,37657
LYNN,924,37644
ESQUIVEL,925,37578
BEAN,926,37571
DODSON,927,37566
MULLEN,928,37502
XIONG,929,37499
HAYDEN,930,37451
CANO,931,37368
LEVY,932,37228
HUBER,933,37170
RICHMOND,934,37053
MOYER,935,37050
LIM,936,37021
FRYE,937,36973
SHEPPARD,938,36960
MCCARTY,939,36944
AVALOS,940,36922
BOOKER,941,36840
WALLER,942,36805
PARRA,943,36765
WOODWARD,944,36764
JARAMILLO,945,36755
KRUEGER,946,36743
RASMUSSEN,947,36636
BRANDT,948,36613
PERALTA,949,36585
DONALDSON,950,36558
STUART,951,36540
FAULKNER,952,36466
MAYNARD,953,36460
GALINDO,954,36429
COFFEY,955,36423
ESTES,956,36318
SANFORD,957,36312
BURCH,958,36269
MADDOX,959,36250
VO,960,36236
OCONNELL,961,36194
VU,962,36179
ANDERSEN,963,36150
SPENCE,964,36129
MCPHERSON,965,36125
CHURCH,966,36072
SCHMITT,967,36043
STANTON,968,35997
LEAL,969,35958
CHERRY,970,35877
COMPTON,971,35830
DUDLEY,972,35781
SIERRA,973,35770
POLLARD,974,35749
ALFARO,975,35725
HESTER,976,35642
PROCTOR,977,35636
LU,978,35628
HINTON,979,35606
NOVAK,980,35461
GOOD,981,35446
MADDEN,982,35438
MCCANN,983,35408
TERRELL,983,35408
JARVIS,985,35350
DICKSON,986,35312
REYNA,987,35291
CANTRELL,988,35266
MAYO,989,35228
BRANCH,990,35225
HENDRIX,991,35194
ROLLINS,992,35132
ROWLAND,993,35121
WHITNEY,994,35118
DUKE,995,35053
ODOM,996,35020
DAUGHERTY,997,34987
TRAVIS,998,34985
TANG,999,34961
ARCHER,1000,34949
HAAS,1001,34918
GALLOWAY,1002,34909
BRAY,1003,34906
NIEVES,1004,34896
PETTY,1005,34882
MCGRATH,1006,34871
KAUFMAN,1007,34844
HOLDEN,1008,34824
KRAUSE,1009,34722
BAIRD,1010,34721
RIGGS,1011,34506
BRAUN,1012,34491
WERNER,1013,34488
QUINONES,1014,34468
SALDANA,1015,34434
MERCER,1016,34431
HATFIELD,1017,34381
MCNEIL,1018,34368
IRWIN,1019,34297
HOOPER,1020,34247
HAYS,1021,34191
JOYCE,1022,34132
MCKNIGHT,1023,34055
GAMBLE,1024,34005
DOWNS,1025,33922
PIERRE,1026,33913
HANEY,1027,33898
FORBES,1028,33813
SAENZ,1029,33787
DAVIES,1030,33753
VERA,1031,33674
LEVINE,1032,33637
MOONEY,1033,33555
JOHN,1034,33543
ROSA,1035,33521
RIDDLE,1036,33507
KEY,1037,33501
CHO,1038,33490
KAISER,1039,33480
HOLDER,1040,33465
BIRD,1041,33457
BONNER,1042,33446
FERRELL,1043,33418
COTTON,1044,33374
DOTSON,1045,33347
MCGOWAN,1046,33340
BARLOW,1047,33335
SHEA,1048,33329
EWING,1049,33314
BRIGHT,1050,33281
BECERRA,1051,33274
LINDSAY,1052,33255
RITTER,1053,33252
COOLEY,1054,33231
FRITZ,1055,33224
COOKE,1056,33223
AMAYA,1057,33218
DELANEY,1057,33218
CHANEY,1059,33201
KIDD,1060,33186
VELASCO,1061,33078
NGO,1062,33005
CHENG,1063,32982
NEWELL,1064,32909
FREY,1065,32904
CARNEY,1066,32897
BARRIOS,1067,32873
BOLTON,1068,32815
HOLMAN,1069,32788
TOVAR,1070,32760
CARDONA,1071,32727
DAILEY,1072,32719
MERRILL,1073,32620
COWAN,1074,32586
SLATER,1075,32584
ALBERT,1076,32507
JUSTICE,1077,32480
OSBORN,1078,32439
CARVER,1079,32415
LANCASTER,1080,32362
GOFF,1081,32298
ZAPATA,1082,32274
FULTON,1083,32258
KANG,1084,32221
SEARS,1085,32206
LEHMAN,1086,32180
BYERS,1087,32174
SNIDER,1088,32148
LAW,1089,32122
TAN,1090,32120
LAKE,1091,32104
LUTZ,1092,32050
COSTELLO,1093,32043
GAY,1094,32025
GUTHRIE,1095,31956
GALLARDO,1096,31909
WORKMAN,1097,31856
MCFADDEN,1098,31839
BLANCO,1099,31800
GORMAN,1100,31788
KATZ,1101,31780
KUHN,1102,31776
NOEL,1103,31768
VALLE,1104,31716
MARINO,1105,31687
HONG,1106,31670
SPRINGER,1107,31643
PICKETT,1108,31611
AGUILERA,1109,31581
CARRASCO,1110,31575
WITT,1110,31575
DONAHUE,1112,31563
KINNEY,1113,31558
DONNELLY,1114,31505
BRITT,1115,31474
CRAFT,1116,31452
ODELL,1117,31349
DALY,1118,31330
WINTER,1119,31310
ABRAHAM,1120,31303
BAEZ,1121,31298
RODRIGUES,1122,31280
WOOTEN,1123,31249
HARTLEY,1124,31221
NG,1125,31210
KENDALL,1126,31209
CLEVELAND,1127,31123
CROWLEY,1128,31098
PEARCE,1129,31060
DILLARD,1130,31021
WILDER,1131,31018
LANGE,1132,30984
SHOEMAKER,1133,30934
FLANAGAN,1134,30887
BRUNO,1135,30883
SEGURA,1136,30880
BEACH,1137,30867
CASTELLANOS,1138,30859
TILLMAN,1139,30825
ALFORD,1140,30771
FINCH,1141,30769
MCLEOD,1141,30769
MACKEY,1143,30749
DODD,1144,30732
EMERSON,1145,30702
MINOR,1145,30702
MUNIZ,1147,30695
ALSTON,1148,30693
MALONEY,1149,30671
CHILDERS,1150,30570
MCDERMOTT,1151,30528
MOSER,1152,30483
VOGEL,1153,30470
MCCABE,1154,30401
ALONSO,1155,30389
DANG,1155,30389
SAUCEDO,1157,30374
STARR,1158,30363
DO,1159,30301
HURTADO,1160,30286
KIRKLAND,1161,30283
HENDRICKSON,1162,30259
HOLLEY,1163,30231
CORDERO,1164,30158
FRANKS,1165,30155
GUILLEN,1166,30153
WELSH,1166,30153
RATLIFF,1168,30083
SWEET,1169,30051
TALLEY,1170,30014
WHITFIELD,1171,29962
CROWE,1172,29953
GOLDSTEIN,1173,29938
ENGLAND,1174,29926
PEREIRA,1175,29898
LY,1176,29891
JOYNER,1177,29884
RICHTER,1178,29880
FARRIS,1179,29877
TRACY,1180,29867
BACON,1181,29860
HAN,1182,29847
GIBBONS,1183,29824
MAYFIELD,1184,29805
HOANG,1185,29798
ELDER,1186,29796
LAU,1187,29792
DALE,1188,29757
CAMP,1189,29753
CONNOLLY,1190,29710
HEWITT,1191,29694
CRAMER,1192,29691
GOLDBERG,1193,29603
MORIN,1194,29593
SUTHERLAND,1195,29585
KAPLAN,1196,29582
MCALLISTER,1197,29544
BYRNE,1198,29503
OSORIO,1199,29482
CASH,1200,29476
HAINES,1201,29462
MEEKS,1202,29457
WYNN,1203,29417
GILLIAM,1204,29414
VIGIL,1205,29382
HICKEY,1206,29350
CONNOR,1207,29346
PATE,1208,29327
ZEPEDA,1209,29252
HATCHER,1210,29235
ESCOBEDO,1211,29185
ARREDONDO,1212,29173
HYDE,1213,29094
CHRISTOPHER,1214,29067
MOBLEY,1215,29065
KESSLER,1216,29064
BRITTON,1217,29040
RITCHIE,1217,29040
ROMANO,1219,29018
ONEIL,1220,28949
TYSON,1221,28947
BUI,1222,28919
HILTON,1223,28918
CABALLERO,1224,28903
DOWNING,1225,28880
SHARPE,1226,28879
GUY,1227,28852
HOLCOMB,1227,28852
RANKIN,1229,28821
GODFREY,1230,28734
CHAMBERLAIN,1231,28727
FINK,1232,28701
HOLLIS,1233,28617
FOREMAN,1234,28605
CARRANZA,1235,28581
SHARMA,1236,28559
KERN,1237,28547
CHU,1238,28508
KNOWLES,1239,28460
MA,1240,28452
MADISON,1241,28411
CHILDS,1242,28359
BELCHER,1243,28321
WILLS,1244,28219
WOMACK,1245,28201
DYE,1246,28182
ARTHUR,1247,28102
GRACE,1248,28098
BACA,1249,28082
RUTHERFORD,1250,28079
SORENSEN,1251,28069
MCCRAY,1252,28024
HASTINGS,1253,28015
PIERSON,1254,27983
CHACON,1255,27982
RENTERIA,1256,27976
MOHAMED,1257,27972
NICHOLAS,1258,27922
KENDRICK,1259,27915
FERREIRA,1260,27898
LOCKHART,1261,27883
BOGGS,1262,27880
PRYOR,1263,27805
DOHERTY,1264,27787
SARGENT,1265,27786
KENNEY,1266,27759
TUTTLE,1267,27751
DENTON,1268,27742
MAGEE,1269,27720
JAMISON,1270,27697
LYON,1271,27690
LOCKE,1272,27643
PUCKETT,1273,27627
CORONADO,1274,27626
OLVERA,1275,27551
SYKES,1276,27546
MANUEL,1277,27529
BURKS,1278,27523
CHIN,1279,27487
QUIROZ,1280,27452
HOPPER,1281,27353
MCGILL,1282,27330
DOLAN,1283,27329
MCKENNA,1284,27293
HEAD,1285,27292
MONTANO,1286,27276
PAREDES,1287,27274
DELATORRE,1288,27265
LANGLEY,1289,27252
SINCLAIR,1290,27243
DWYER,1291,27240
SHIRLEY,1292,27224
MULLER,1293,27216
COURTNEY,1294,27205
SLAUGHTER,1295,27155
POLK,1296,27094
LEMUS,1297,27079
COVINGTON,1298,27068
MADRIGAL,1299,27033
CLEMONS,1300,27022
ROSADO,1301,26998
BROUSSARD,1302,26971
MCGINNIS,1303,26953
HATCH,1304,26903
SHEEHAN,1305,26902
RUTLEDGE,1306,26887
CORBIN,1307,26876
DEMPSEY,1308,26863
GARLAND,1309,26779
CARMONA,1310,26774
BOWLING,1311,26762
BURRIS,1312,26760
WHITLEY,1313,26732
HAMM,1314,26726
BLAND,1315,26722
BERMUDEZ,1316,26691
STINSON,1317,26681
PIKE,1318,26655
ORELLANA,1319,26651
DOWNEY,1320,26627
VARELA,1321,26621
HARDEN,1322,26617
COUCH,1323,26615
DICKINSON,1324,26607
CASSIDY,1325,26590
RUCKER,1326,26581
GABRIEL,1327,26578
HERRON,1328,26559
MCNAMARA,1329,26534
ROUSE,1330,26519
BURT,1331,26475
BATTLE,1332,26432
GUSTAFSON,1333,26421
HERBERT,1334,26417
DUNBAR,1335,26405
WEBBER,1335,26405
BOYCE,1337,26376
DEWITT,1338,26348
ROSENBERG,1339,26307
SIMMS,1340,26287
WOODRUFF,1341,26286
BRANDON,1342,26284
ROMO,1343,26283
HUTCHINS,1344,26251
KIRKPATRICK,1344,26251
CORBETT,1346,26246
GRANADOS,1347,26187
ROSSI,1348,26183
GOSS,1349,26179
LOTT,1350,26174
LEYVA,1351,26153
HINOJOSA,1352,26146
GIL,1353,26112
CRABTREE,1354,26104
GRADY,1355,26103
MCCLELLAN,1356,26060
KUMAR,1357,25986
FRASER,1358,25961
RICO,1359,25954
BINGHAM,1360,25941
SORIANO,1361,25916
STERLING,1362,25894
FONSECA,1363,25863
MADRID,1364,25854
EMERY,1365,25839
SINGER,1366,25828
ARAGON,1367,25801
AQUINO,1368,25783
ELMORE,1369,25774
WORLEY,1370,25758
SIMONS,1371,25755
QUEZADA,1372,25752
OTT,1373,25738
OCAMPO,1374,25720
AVILES,1375,25716
NIETO,1376,25701
ERVIN,1377,25698
GORE,1378,25648
SHAFER,1379,25641
WESTON,1380,25637
XU,1381,25622
PLUMMER,1382,25596
MICHEL,1383,25578
PAZ,1384,25574
YANEZ,1385,25563
GREGG,1386,25554
ABRAMS,1387,25534
SMART,1388,25528
BEATTY,1389,25510
SERNA,1390,25503
MEIER,1391,25486
ROBISON,1392,25450
SWARTZ,1393,25444
SEYMOUR,1394,25436
GLEASON,1395,25416
VELA,1396,25414
PADGETT,1397,25413
ACKERMAN,1398,25401
HELLER,1399,25373
ZIEGLER,1400,25351
VINSON,1401,25341
ELDRIDGE,1402,25299
PINA,1403,25293
SCHUMACHER,1404,25292
AKERS,1405,25290
ROE,1406,25286
TOMLINSON,1407,25274
MAYES,1408,25256
ZHENG,1409,25242
ALBRIGHT,1410,25189
BURGOS,1411,25169
SWAIN,1412,25157
MANLEY,1413,25136
HELTON,1414,25118
SONG,1415,25110
QUICK,1416,25091
LESLIE,1417,25078
STERN,1418,25074
GIVENS,1419,25067
TIPTON,1420,25064
COFFMAN,1421,24980
GREENWOOD,1422,24971
CURRAN,1423,24969
CHILDRESS,1424,24937
FISH,1425,24924
ELKINS,1426,24902
DALEY,1427,24901
ANGEL,1428,24895
LOWRY,1428,24895
SOLANO,1430,24881
DUONG,1431,24870
EDMONDS,1432,24857
GOMES,1433,24827
BUCKNER,1434,24822
WALDEN,1435,24821
HUTCHISON,1436,24820
GRIGGS,1437,24819
NIX,1438,24786
CLIFTON,1439,24758
THOMSON,1440,24750
YARBROUGH,1441,24749
MCCAULEY,1442,24743
ELIAS,1443,24696
JACOB,1444,24688
MEREDITH,1445,24679
MCELROY,1446,24668
GROVES,1447,24629
URIBE,1448,24612
HOSKINS,1449,24581
BOWDEN,1450,24560
TATUM,1451,24558
FIELD,1452,24543
SCHAFER,1452,24543
BUSTAMANTE,1454,24536
STOVER,1455,24526
TEAGUE,1456,24514
GUNTER,1457,24513
BURRELL,1458,24504
FUNK,1459,24419
CROWDER,1460,24396
SCHULZ,1461,24385
CANALES,1462,24384
SANDERSON,1462,24384
TOLBERT,1464,24375
LUND,1465,24347
BLUE,1466,24341
DRAPER,1467,24337
KAY,1467,24337
SHAPIRO,1469,24335
WHALEN,1470,24262
NAVARRETE,1471,24259
GAMEZ,1472,24256
SWIFT,1473,24249
INMAN,1474,24222
CREWS,1475,24219
KURTZ,1476,24216
STROUD,1477,24211
BLANTON,1478,24154
REECE,1479,24145
LIANG,1480,24140
FRANCISCO,1481,24095
CROW,1482,24089
BLOOM,1483,24081
SUN,1484,24058
TOMPKINS,1485,24056
JUNG,1486,24026
NANCE,1487,24018
ANAYA,1488,24017
MCKINLEY,1489,24000
OLIVARES,1490,23982
NEWSOME,1491,23958
THURMAN,1492,23950
HELMS,1493,23949
METCALF,1494,23946
GOLDMAN,1495,23940
SCHMITZ,1496,23931
CROUCH,1497,23923
MCMANUS,1498,23909
AREVALO,1499,23895
HORNER,1500,23881
CONKLIN,1501,23846
HOLBROOK,1502,23843
NEELY,1502,23843
HOLLINGSWORTH,1504,23831
CLEMENT,1505,23830
DEVINE,1506,23775
CROCKETT,1507,23769
BENAVIDES,1508,23761
BULLARD,1509,23755
LOUIS,1510,23738
STEINER,1511,23735
COATES,1512,23725
DREW,1513,23722
BOWLES,1514,23713
PAYTON,1515,23670
CHAPPELL,1516,23634
AMOS,1517,23621
HAGEN,1518,23616
PHIPPS,1519,23610
SELF,1520,23595
LARKIN,1521,23578
POE,1522,23563
PRITCHARD,1523,23549
MASTERS,1524,23533
GUNN,1525,23524
JEFFRIES,1526,23510
DOOLEY,1527,23481
PAGAN,1528,23474
MCGHEE,1529,23461
POST,1530,23458
MONTALVO,1531,23454
ZHOU,1532,23437
PRADO,1533,23436
HEARD,1534,23408
LORD,1535,23405
THAO,1536,23404
CONNELLY,1537,23398
DRISCOLL,1538,23385
DUBOIS,1539,23366
FELDMAN,1540,23356
COKER,1541,23348
DICKEY,1542,23320
POLLOCK,1543,23310
KIMBALL,1544,23293
RAINEY,1545,23291
IVEY,1546,23263
GEE,1547,23241
BUTTS,1548,23227
MAHER,1549,23222
JEWELL,1550,23187
BARRAGAN,1551,23176
MACHADO,1552,23170
RUBIN,1553,23165
REYNOSO,1554,23143
WESLEY,1555,23135
HIDALGO,1556,23134
CABRAL,1557,23128
SAMUEL,1558,23125
LACY,1559,23110
GALLO,1560,23056
EGAN,1561,23048
ALDRIDGE,1562,23034
SWENSON,1563,23009
SWAN,1564,23001
HINKLE,1565,22983
STRATTON,1565,22983
BUTCHER,1567,22978
ORNELAS,1568,22969
FORREST,1569,22954
COLBERT,1570,22940
ALEMAN,1571,22927
RODRIQUEZ,1572,22892
ARRINGTON,1573,22840
GOINS,1574,22837
WHALEY,1575,22833
ESPOSITO,1576,22789
NEFF,1577,22764
MEAD,1578,22727
CASILLAS,1579,22710
LILLY,1580,22662
BIGGS,1581,22641
YEAGER,1582,22634
GODWIN,1583,22628
SPRAGUE,1584,22610
ROSEN,1585,22596
QUINTANILLA,1586,22581
OTTO,1587,22558
BILLINGS,1588,22553
CONNELL,1589,22552
TEMPLE,1590,22549
BOSWELL,1591,22540
COLVIN,1592,22499
KOENIG,1592,22499
ERWIN,1594,22496
TELLEZ,1595,22494
NORWOOD,1596,22461
MILLIGAN,1597,22416
AMES,1598,22385
PURCELL,1599,22383
LUDWIG,1600,22380
SOUZA,1601,22373
HUGGINS,1602,22371
AMADOR,1603,22370
DUNHAM,1604,22362
GOODE,1605,22356
KAUFFMAN,1606,22353
OLEARY,1607,22329
PIPER,1607,22329
CUELLAR,1609,22324
STEWARD,1610,22318
WINN,1611,22316
GARY,1612,22310
ZHAO,1613,22301
SEWELL,1614,22294
BROWNE,1615,22289
RAMEY,1616,22287
DAVISON,1617,22276
CLIFFORD,1618,22245
STAHL,1619,22211
YBARRA,1619,22211
SAMUELS,1621,22207
DUKES,1622,22187
SHERIDAN,1623,22177
SNELL,1623,22177
VICKERS,1625,22176
CARTWRIGHT,1626,22156
LINK,1627,22137
BLACKMON,1628,22130
BUNCH,1629,22117
GRIMM,1630,22103
MEADE,1631,22091
SILVER,1632,22052
OJEDA,1633,22045
GEIGER,1634,22039
DODGE,1635,22035
KRAFT,1635,22035
LUJAN,1637,22021
BABCOCK,1638,22016
HAND,1639,22006
WINKLER,1640,21993
PAINTER,1641,21969
REGAN,1642,21951
BRAGG,1643,21934
ENGEL,1644,21933
VALADEZ,1645,21859
CARBAJAL,1646,21838
REDMOND,1647,21834
JARRETT,1648,21821
BOLDEN,1649,21819
WOLFF,1650,21815
THORPE,1651,21813
HASSAN,1652,21801
HADLEY,1653,21771
HEALY,1654,21751
MCDONOUGH,1655,21739
SHIN,1656,21735
GROVE,1657,21732
BLOCK,1658,21717
PEACOCK,1659,21712
OHARA,1660,21710
HAMMER,1661,21709
FELICIANO,1662,21667
WINSTON,1662,21667
BETANCOURT,1664,21663
BEAVER,1665,21640
GODINEZ,1665,21640
KILGORE,1667,21627
MCGRAW,1668,21614
DAHL,1669,21598
DIAMOND,1670,21586
PIMENTEL,1671,21579
CORNELL,1672,21558
ARREOLA,1673,21540
SIEGEL,1674,21536
HANKINS,1675,21532
RAINES,1676,21518
THACKER,1677,21512
SADLER,1678,21504
DUGAN,1679,21455
SOTELO,1679,21455
COTE,1681,21446
BOWER,1682,21445
MINER,1683,21439
BRANTLEY,1684,21395
SHEETS,1685,21384
SHERWOOD,1685,21384
DOSS,1687,21366
PINTO,1687,21366
STILES,1689,21357
WILLARD,1690,21352
WADDELL,1691,21301
STANFORD,1692,21295
LATHAM,1693,21277
ZHU,1694,21265
IRVIN,1695,21263
MATOS,1696,21258
GAGNON,1697,21208
CARLTON,1698,21202
TIDWELL,1699,21176
LOVELL,1700,21171
HOYT,1701,21169
SPIVEY,1702,21161
JEAN,1703,21140
LAND,1704,21116
PATINO,1705,21113
MARRERO,1706,21109
HAGER,1707,21106
HURT,1708,21037
ASH,1709,21030
HAGAN,1710,21017
BRITO,1711,21007
LANIER,1712,20997
ZARATE,1713,20992
MAJOR,1714,20977
ESCAMILLA,1715,20958
OTERO,1716,20937
HENLEY,1717,20934
DICK,1718,20923
VOSS,1719,20911
GREENBERG,1720,20897
FINN,1721,20852
VENEGAS,1722,20851
MCNEAL,1723,20778
METZGER,1724,20771
COULTER,1725,20757
BEAL,1726,20752
CRUMP,1727,20737
JORGENSEN,1728,20731
MAURER,1729,20707
KEARNEY,1730,20706
CUMMINS,1731,20705
FERRIS,1732,20703
MILTON,1732,20703
TIMMONS,1734,20671
PALMA,1735,20636
ESCALANTE,1736,20626
CAHILL,1737,20623
SCHAFFER,1738,20614
GUIDRY,1739,20600
YEE,1740,20591
KRUSE,1741,20584
MCMULLEN,1742,20545
HURD,1743,20540
CASTLE,1744,20534
VALDES,1745,20527
MCWILLIAMS,1746,20523
LEUNG,1747,20496
HOLLIDAY,1748,20491
HOUSER,1749,20484
BASSETT,1750,20482
THOMASON,1751,20478
SAPP,1752,20448
TRIPP,1753,20434
GALVEZ,1754,20425
EUBANKS,1755,20424
HILLIARD,1756,20377
CROCKER,1757,20370
ALONZO,1758,20367
CARUSO,1758,20367
BARNARD,1760,20366
DEAL,1760,20366
METZ,1760,20366
CARLISLE,1763,20365
HARGROVE,1764,20360
KEENAN,1765,20353
NORTH,1766,20343
DASILVA,1767,20338
LEDESMA,1768,20311
MESSER,1769,20306
ROOT,1770,20284
WESTBROOK,1770,20284
HACKETT,1772,20278
POSEY,1773,20263
FOUNTAIN,1774,20193
BENOIT,1775,20160
CORNELIUS,1775,20160
BARNHART,1777,20157
RENDON,1778,20143
HANNAH,1779,20138
PEDERSEN,1780,20135
STUBBS,1781,20134
STARKS,1782,20130
SIZEMORE,1783,20116
EPPS,1784,20112
OLIVAS,1785,20106
BERGERON,1786,20073
HIGHTOWER,1787,20065
ROPER,1787,20065
PAIGE,1789,20063
URBAN,1790,20058
BOUCHER,1791,20050
FONTENOT,1792,20035
WASHBURN,1793,20030
FARR,1794,20011
MELVIN,1795,20008
CULLEN,1796,20000
HU,1797,19999
MCCOLLUM,1798,19990
BETTS,1799,19983
COYLE,1800,19931
TROTTER,1801,19927
WILHELM,1802,19913
BLOUNT,1803,19878
MURDOCK,1804,19873
STREET,1805,19866
LOCKWOOD,1806,19865
HINSON,1807,19857
RUDOLPH,1808,19854
WAITERS,1809,19853
SEPULVEDA,1810,19851
DUVALL,1811,19844
SMILEY,1812,19829
CASAS,1813,19777
DOAN,1814,19760
MCQUEEN,1814,19760
LANGSTON,1816,19742
SHEFFIELD,1817,19738
TACKETT,1818,19737
LOCKLEAR,1819,19716
LINARES,1820,19688
POLANCO,1820,19688
MARROQUIN,1822,19661
CONNORS,1823,19637
TRENT,1824,19630
CARMICHAEL,1825,19628
TOTH,1826,19606
RUSHING,1827,19604
CODY,1828,19600
GAMBOA,1829,19577
BREWSTER,1830,19564
SHIPLEY,1831,19563
MENA,1832,19522
PRIETO,1833,19520
GIFFORD,1834,19514
OLIVA,1835,19513
LAYTON,1836,19504
GASTON,1837,19502
GOODRICH,1838,19487
PRATER,1839,19484
BURGER,1840,19480
TOLEDO,1841,19474
LOVETT,1842,19471
GIPSON,1843,19470
ARCE,1844,19464
WISEMAN,1845,19439
DOBSON,1846,19419
LEDBETTER,1847,19417
ARTEAGA,1848,19410
JIANG,1849,19409
PENN,1849,19409
WHITMAN,1851,19399
BURKETT,1852,19369
KOEHLER,1853,19368
CHRISTIANSEN,1854,19340
SHELDON,1855,19339
PRITCHETT,1856,19334
PAULSON,1857,19331
EDDY,1858,19321
ROCK,1859,19313
ROLAND,1860,19311
ARANDA,1861,19298
MCCRACKEN,1862,19287
HYATT,1863,19280
HANLEY,1864,19240
ARRIAGA,1865,19236
ENGLE,1866,19226
STORY,1867,19218
VALENTIN,1868,19211
YOST,1869,19210
LANGFORD,1870,19208
HERNDON,1871,19183
NAPIER,1872,19182
LAI,1873,19157
REEDER,1874,19155
MCNEILL,1875,19152
LANDERS,1876,19144
LEVIN,1876,19144
MIMS,1878,19139
BRAND,1879,19135
DELOSSANTOS,1880,19131
VALLEJO,1881,19117
LIMA,1882,19109
CRONIN,1883,19078
MUHAMMAD,1884,19076
FITCH,1885,19060
GUPTA,1886,19057
OLIVEIRA,1887,19055
MCCAIN,1888,19032
MEDEIROS,1889,19031
KRAUS,1890,19028
STACY,1891,19010
PETTIT,1892,19004
BATEMAN,1893,19001
PULIDO,1894,18942
ROCHE,1895,18940
TOBIN,1896,18932
ZARAGOZA,1897,18908
ISAAC,1898,18903
SPAULDING,1899,18902
KEYS,1900,18899
SYLVESTER,1901,18896
NOWAK,1902,18891
WEIR,1903,18881
DARLING,1904,18879
BARRIENTOS,1905,18877
OGDEN,1906,18860
MCCLENDON,1907,18857
ARAUJO,1908,18856
SUMNER,1909,18838
GILLIS,1910,18834
SAAVEDRA,1910,18834
LANDIS,1912,18826
CAUDILL,1913,18822
JACOBSEN,1914,18820
OVERTON,1914,18820
DIEHL,1916,18815
ALARCON,1917,18805
HEDRICK,1918,18804
TONEY,1919,18787
CHEUNG,1920,18765
DARBY,1921,18757
THORNE,1922,18738
MANSFIELD,1923,18725
KYLE,1924,18721
DIETZ,1925,18720
SMALLWOOD,1926,18717
ADAIR,1927,18708
GOLD,1928,18698
LAIRD,1929,18696
LACEY,1930,18691
CHRISTIE,1931,18681
PACK,1932,18678
VIDAL,1933,18677
KISER,1934,18674
PEOPLES,1935,18672
WAITE,1936,18664
BEYER,1937,18641
DESAI,1938,18638
BANUELOS,1939,18636
SPANGLER,1940,18622
MONDRAGON,1941,18620
FAIR,1942,18609
RIZZO,1943,18605
SANDS,1944,18584
QUEEN,1945,18557
LEDFORD,1946,18532
ALLRED,1947,18526
BLEDSOE,1948,18510
RHOADES,1949,18508
RICKS,1950,18506
SPICER,1951,18501
ORDONEZ,1952,18498
CHAVARRIA,1953,18492
BRYSON,1954,18486
HUTTON,1955,18479
DOBBS,1956,18476
LAY,1957,18468
ABEL,1958,18464
KEEN,1959,18459
WOODY,1960,18434
LUKE,1961,18425
MCHUGH,1962,18422
NEGRON,1963,18413
COPE,1964,18410
TRIPLETT,1965,18408
HATHAWAY,1966,18401
SALCEDO,1967,18387
PRESLEY,1968,18384
ERNST,1969,18361
HAYWOOD,1970,18360
NAJERA,1971,18340
PUTNAM,1971,18340
STAPLETON,1973,18332
BATISTA,1974,18323
WILKES,1975,18314
LOPES,1976,18310
RICHEY,1977,18296
OH,1978,18285
KEYES,1979,18252
DILL,1980,18215
HUMPHRIES,1981,18201
YOUNGBLOOD,1982,18197
CAPPS,1983,18194
CATES,1984,18190
COVARRUBIAS,1985,18189
ADDISON,1986,18169
HA,1987,18156
MCRAE,1987,18156
CAO,1989,18138
DICKENS,1990,18123
JUDD,1991,18110
BARBOSA,1992,18106
HAWLEY,1993,18100
RAHMAN,1994,18097
CRENSHAW,1995,18096
LACKEY,1996,18082
VARNER,1997,18081
STALEY,1998,18080
KOWALSKI,1999,18077
KINCAID,2000,18075
ABB,131379,129
ABREAU,131379,129
ABUZAHRA,131379,129
ACTKINSON,131379,129
ADELAJA,131379,129
ADRIANI,131379,129
AFGHANI,131379,129
AILTS,131379,129
AITKIN,131379,129
AJUCUM,131379,129
ALCAYAGA,131379,129
ALEXANDERSON,131379,129
ALLERDINGS,131379,129
ALMASSY,131379,129
ALMENAS,131379,129
ALMIRALL,131379,129
ALYAS,131379,129
ANDREACCHIO,131379,129
ANDRZEJCZAK,131379,129
ANGELERI,131379,129
ANGELICH,131379,129
ANGELOVA,131379,129
ANNONI,131379,129
ANONYMOUS,131379,129
ANOZIE,131379,129
ARIZONA,131379,129
ARNBERG,131379,129
ASAMI,131379,129
ASHONG,131379,129
ATAMAN,131379,129
AVERION,131379,129
AVILAMARTINEZ,131379,129
BABAZADEH,131379,129
BACHANT,131379,129
BACHARA,131379,129
BACKOFEN,131379,129
BAHO,131379,129
BALADI,131379,129
BALCIUNAS,131379,129
BALKCUM,131379,129
BALONIS,131379,129
BAMERT,131379,129
BAMFIELD,131379,129
BARCKLEY,131379,129
BARCLEY,131379,129
BARTHALOW,131379,129
BASIRICO,131379,129
BAUTISTAPEREZ,131379,129
BAYRAKTAR,131379,129
BEACHAMP,131379,129
BECCARIA,131379,129
BECCERA,131379,129
BECHDOLT,131379,129
BEDAN,131379,129
BEEH,131379,129
BEELAND,131379,129
BEERENS,131379,129
BEISERT,131379,129
BELBECK,131379,129
BENARDO,131379,129
BENETATOS,131379,129
BENETEZ,131379,129
BENIGHT,131379,129
BENSKY,131379,129
BEPPLER,131379,129
BERCEAU,131379,129
BERGONIA,131379,129
BESKID,131379,129
BETER,131379,129
BETTERMANN,131379,129
BHAVNANI,131379,129
BIELEK,131379,129
BLACHA,131379,129
BLAUROCK,131379,129
BLOMEKE,131379,129
BLUMEYER,131379,129
BOBBIO,131379,129
BOBLITZ,131379,129
BOCCELLI,131379,129
BOERUM,131379,129
BOETTIGER,131379,129
BOGAARDS,131379,129
BOMBICH,131379,129
BONDERSON,131379,129
BONORDEN,131379,129
BORDEWICK,131379,129
BORLIK,131379,129
BOROVICH,131379,129
BORRI,131379,129
BOSHARD,131379,129
BOTWRIGHT,131379,129
BRACA,131379,129
BRAMS,131379,129
BRANCAZIO,131379,129
BREDLOW,131379,129
BRIDGENS,131379,129
BRITSCHGI,131379,129
BRNA,131379,129
BROCHIN,131379,129
BROGA,131379,129
BROUMLEY,131379,129
BUCKENTIN,131379,129
BUEDEL,131379,129
BUESSER,131379,129
BULZOMI,131379,129
BURCKLE,131379,129
BURNEM,131379,129
BURRACK,131379,129
BUSCO,131379,129
BUTSCHEK,131379,129
BUTTENHOFF,131379,129
BUURSMA,131379,129
BYS,131379,129
CABARRUS,131379,129
CADIMA,131379,129
CAJIAO,131379,129
CALIGUIRI,131379,129
CAMARO,131379,129
CAMPASANO,131379,129
CANARES,131379,129
CANDOW,131379,129
CANILLAS,131379,129
CARACCIA,131379,129
CARDANI,131379,129
CARETTO,131379,129
CARNIGLIA,131379,129
CARSTAIRS,131379,129
CATAQUET,131379,129
CENGIZ,131379,129
CHALOUH,131379,129
CHAPETON,131379,129
CHASSEY,131379,129
CHAUNG,131379,129
CHELAK,131379,129
CHERE,131379,129
CHERFILS,131379,129
CHICOSKY,131379,129
CHIGO,131379,129
CHINCHAY,131379,129
CHIPANA,131379,129
CHIRAS,131379,129
CHIRICHIELLO,131379,129
CIAVOLA,131379,129
CICERCHIA,131379,129
CINICOLA,131379,129
CIOCH,131379,129
CISTERNAS,131379,129
COLLIEN,131379,129
COLLINA,131379,129
COMPERCHIO,131379,129
CORGILL,131379,129
COSLER,131379,129
CRAPARO,131379,129
CROAKE,131379,129
CROTTI,131379,129
CRUCET,131379,129
CRUZADA,131379,129
CRUZROJAS,131379,129
CUCCHIARO,131379,129
CUCUTA,131379,129
CUFFEL,131379,129
CUMBAA,131379,129
CURIT,131379,129
CUTRARA,131379,129
DAEHLING,131379,129
DAKESSIAN,131379,129
DAMORA,131379,129
DARDEAU,131379,129
DARKWAH,131379,129
DARNA,131379,129
DARREN,131379,129
DATTOMA,131379,129
DAYVAULT,131379,129
DECORE,131379,129
DEENY,131379,129
DEGASE,131379,129
DEKRUYF,131379,129
DEMBINSKY,131379,129
DEMIN,131379,129
DENVIR,131379,129
DEPRE,131379,129
DESALVIO,131379,129
DEVOGEL,131379,129
DHIMA,131379,129
DIDUCH,131379,129
DIFFIE,131379,129
DILKES,131379,129
DITTNER,131379,129
DJERF,131379,129
DOBELL,131379,129
DOBSCH,131379,129
DOCENA,131379,129
DOSA,131379,129
DOSEY,131379,129
DRIESSE,131379,129
DRINKA,131379,129
DROGOWSKI,131379,129
DUDYCHA,131379,129
DUGANS,131379,129
DUKATZ,131379,129
DUPERRE,131379,129
DUROY,131379,129
DUTHLER,131379,129
DYNAK,131379,129
DYRESON,131379,129
EALOM,131379,129
ECLEVIA,131379,129
EIMAN,131379,129
ELKUS,131379,129
ELLIFRITT,131379,129
ELTISTE,131379,129
EMPTAGE,131379,129
ENGBROCK,131379,129
ERVOLINA,131379,129
ESTRADAMARTINE,131379,129
ETTLIN,131379,129
FABBO,131379,129
FAKIR,131379,129
FALATKO,131379,129
FALCONIERI,131379,129
FALGIANO,131379,129
FANTINO,131379,129
FEARDAY,131379,129
FEDDERLY,131379,129
FEDISON,131379,129
FEITSHANS,131379,129
FELDERHOFF,131379,129
FELKS,131379,129
FELLHOELTER,131379,129
FERMANIAN,131379,129
FINCKBONE,131379,129
FIRMSTONE,131379,129
FISICARO,131379,129
FLAMINO,131379,129
FLORESROMERO,131379,129
FORKE,131379,129
FORMANSKI,131379,129
FORSCHNER,131379,129
FOSHEIM,131379,129
FOSSO,131379,129
FRADERA,131379,129
FREDD,131379,129
FRIEDECK,131379,129
FROBEL,131379,129
FROHWEIN,131379,129
FRUSHON,131379,129
FUJISAKI,131379,129
FURKA,131379,129
FURUYAMA,131379,129
GACHASSIN,131379,129
GALLIC,131379,129
GALLOUP,131379,129
GALZERANO,131379,129
GAMELLI,131379,129
GARTLAN,131379,129
GASTALDI,131379,129
GAVIS,131379,129
GEDEUS,131379,129
GEDROSE,131379,129
GELSOMINI,131379,129
GERSTMANN,131379,129
GFROERER,131379,129
GIANNARIS,131379,129
GIETZ,131379,129
GILAD,131379,129
GJIKA,131379,129
GLATCZAK,131379,129
GLIVA,131379,129
GOETZMANN,131379,129
GOEWERT,131379,129
GOKEE,131379,129
GOMEZRUIZ,131379,129
GONEN,131379,129
GOODAKER,131379,129
GOODNATURE,131379,129
GOPIN,131379,129
GOPP,131379,129
GORRITZ,131379,129
GORSEGNER,131379,129
GOUDZWAARD,131379,129
GOVIG,131379,129
GRAMLY,131379,129
GRANDAW,131379,129
GREEDY,131379,129
GREENSPOON,131379,129
GREHL,131379,129
GRETCH,131379,129
GRIVETTE,131379,129
GROTHMAN,131379,129
GROWS,131379,129
GRUELLE,131379,129
GRUENENFELDER,131379,129
GUILLEBEAU,131379,129
GULD,131379,129
GUNDEN,131379,129
GUSTAF,131379,129
GUTOSKI,131379,129
GUTRICK,131379,129
GWAK,131379,129
HABERSTOCK,131379,129
HACHMANN,131379,129
HAGEROTT,131379,129
HAISE,131379,129
HAKIZIMANA,131379,129
HALAC,131379,129
HALONA,131379,129
HAMLOW,131379,129
HAMUS,131379,129
HAMWI,131379,129
HANDZO,131379,129
HARTHAN,131379,129
HARTMEYER,131379,129
HARTWIGSEN,131379,129
HARTZMAN,131379,129
HASIB,131379,129
HAVENSTRITE,131379,129
HEALEA,131379,129
HEARLEY,131379,129
HENIGIN,131379,129
HENSLEIGH,131379,129
HERBY,131379,129
HERKLOTZ,131379,129
HERMOZA,131379,129
HERSHKOVITZ,131379,129
HESSELTON,131379,129
HEWERDINE,131379,129
HIEBNER,131379,129
HIENEMAN,131379,129
HIGENS,131379,129
HILB,131379,129
HILGEFORT,131379,129
HINCKSON,131379,129
HODNY,131379,129
HOEGEN,131379,129
HOGUES,131379,129
HOLLIEN,131379,129
HOLLINDEN,131379,129
HOLSENBACK,131379,129
HOLTJE,131379,129
HOVESTADT,131379,129
HUBSCHMITT,131379,129
HUFFTY,131379,129
HURKMANS,131379,129
HUZZIE,131379,129
IADONISI,131379,129
IASIELLO,131379,129
IBRAGIMOVA,131379,129
IMBRAGUGLIO,131379,129
INTILI,131379,129
IRAKOZE,131379,129
ISARRARAS,131379,129
ISELE,131379,129
ISEMANN,131379,129
ISROW,131379,129
ITAYEM,131379,129
IULA,131379,129
JABALEY,131379,129
JAKIELA,131379,129
JANCZYK,131379,129
JAYJOHN,131379,129
JEBENS,131379,129
JEFSON,131379,129
JELENIEWSKI,131379,129
JEURISSEN,131379,129
JIMON,131379,129
JOHANNESON,131379,129
JOHNSONDAVIS,131379,129
JURISCH,131379,129
KACPROWICZ,131379,129
KAHLOW,131379,129
KAHRIG,131379,129
KALAGHER,131379,129
KALCHTHALER,131379,129
KALEDA,131379,129
KALENDA,131379,129
KAMMLER,131379,129
KASICK,131379,129
KASSOFF,131379,129
KASTELER,131379,129
KATANIC,131379,129
KATARI,131379,129
KAUFLIN,131379,129
KAWABE,131379,129
KEBREAU,131379,129
KEIG,131379,129
KEISS,131379,129
KELLENBENZ,131379,129
KELMER,131379,129
KEMMETT,131379,129
KEPICH,131379,129
KERSTNER,131379,129
KHETAN,131379,129
KIDANEMARIAM,131379,129
KIERZKOWSKI,131379,129
KINNIER,131379,129
KISKADDEN,131379,129
KITELEY,131379,129
KLANDERUD,131379,129
KNUFF,131379,129
KOELEWYN,131379,129
KOLLINS,131379,129
KOOTZ,131379,129
KORSEN,131379,129
KOZICZKOWSKI,131379,129
KRAJENKA,131379,129
KRAWETZ,131379,129
KREB,131379,129
KREITZBERG,131379,129
KRISSINGER,131379,129
KROFCHECK,131379,129
KRUDWIG,131379,129
KUFFLER,131379,129
KUMNICK,131379,129
KUSMA,131379,129
LADESIC,131379,129
LAFOUR,131379,129
LAFUZE,131379,129
LAMPHIEAR,131379,129
LANDEY,131379,129
LAQUEY,131379,129
LATVIS,131379,129
LAUVRAY,131379,129
LECHLITER,131379,129
LENICK,131379,129
LESMERISES,131379,129
LESTENKOF,131379,129
LETTENBERGER,131379,129
LIBIN,131379,129
LIESTER,131379,129
LIEUX,131379,129
LINDIE,131379,129
LIONE,131379,129
LITTEER,131379,129
LODHA,131379,129
LODING,131379,129
LONTINE,131379,129
LOPEZLARA,131379,129
LORDEUS,131379,129
LORMEUS,131379,129
LOTTERER,131379,129
LOUISMA,131379,129
LUCKSINGER,131379,129
LUETJE,131379,129
LUNAGONZALEZ,131379,129
LYBERG,131379,129
LYNEM,131379,129
LYNETTE,131379,129
LZU,131379,129
MAATOUK,131379,129
MACCORD,131379,129
MACEYKO,131379,129
MACKENSEN,131379,129
MACLAURY,131379,129
MACNAMEE,131379,129
MAG,131379,129
MAGALETTA,131379,129
MAGGIOLO,131379,129
MAGNANTI,131379,129
MAHABEER,131379,129
MAJEK,131379,129
MALAMPHY,131379,129
MALLORCA,131379,129
MANCHIK,131379,129
MANDRICK,131379,129
MANNETTE,131379,129
MANNICK,131379,129
MANTICA,131379,129
MARCYES,131379,129
MARGOL,131379,129
MARTINAC,131379,129
MARTYNIAK,131379,129
MASHAYEKHI,131379,129
MASOUDI,131379,129
MATEVOSIAN,131379,129
MATOSKA,131379,129
MAVOR,131379,129
MCANGUS,131379,129
MCDARMENT,131379,129
MCMAN,131379,129
MCNESBY,131379,129
MEAGLEY,131379,129
MEDORA,131379,129
MELOHN,131379,129
MENDIRATTA,131379,129
MENEGHETTI,131379,129
MERMEA,131379,129
MERTZLUFFT,131379,129
MIDGYETT,131379,129
MIEHLE,131379,129
MIERSMA,131379,129
MILAKOVICH,131379,129
MIZYED,131379,129
MOALES,131379,129
MOCAN,131379,129
MOENICH,131379,129
MOHINDRA,131379,129
MOINA,131379,129
MORATALLA,131379,129
MORENOGONZALEZ,131379,129
MORLANDO,131379,129
MOSEMANN,131379,129
MUELL,131379,129
MUJAKIC,131379,129
MULLAHEY,131379,129
MULZER,131379,129
MURCEK,131379,129
MUSCHONG,131379,129
MUSICANT,131379,129
NAILLING,131379,129
NALETTE,131379,129
NASHAWATY,131379,129
NATTA,131379,129
NDREU,131379,129
NECOECHEA,131379,129
NERVO,131379,129
NESSLAGE,131379,129
NEUBERG,131379,129
NEWBORG,131379,129
NIEFT,131379,129
NIEWIAROWSKI,131379,129
NIKNAM,131379,129
NILON,131379,129
NINMANN,131379,129
NISHANIAN,131379,129
NOOKALA,131379,129
NOOL,131379,129
NOOTBAAR,131379,129
NORWELL,131379,129
NOWACZEWSKI,131379,129
NUCAMENDI,131379,129
NUMMY,131379,129
NYIKOS,131379,129
OCHODNICKY,131379,129
ODOI,131379,129
OKUNDAYE,131379,129
OLAGUNJU,131379,129
OLEMAN,131379,129
OLOMON,131379,129
OMISORE,131379,129
ONDREJKO,131379,129
ONIZUKA,131379,129
ORIENT,131379,129
ORLINSKI,131379,129
ORTALE,131379,129
ORTGIESEN,131379,129
ORTIZRUIZ,131379,129
OSENTOWSKI,131379,129
OSTROVE,131379,129
OTTMER,131379,129
OUGEL,131379,129
OUWINGA,131379,129
OXIER,131379,129
PACIUS,131379,129
PAGEN,131379,129
PAKZAD,131379,129
PALANDRO,131379,129
PANKOKE,131379,129
PAOLERCIO,131379,129
PAPAC,131379,129
PAPINCHAK,131379,129
PARANJPE,131379,129
PARYLAK,131379,129
PASSAS,131379,129
PATAFIO,131379,129
PATRACA,131379,129
PAVOLINI,131379,129
PELELLA,131379,129
PELSZYNSKI,131379,129
PENEDO,131379,129
PEPIOT,131379,129
PERASSO,131379,129
PETRILAK,131379,129
PEZO,131379,129
PFAFFLE,131379,129
PICCARI,131379,129
PIERREPIERRE,131379,129
PINCKERT,131379,129
PITZNER,131379,129
PLAISIMOND,131379,129
PLANCHE,131379,129
PLASTOW,131379,129
POETTER,131379,129
POTENZIANI,131379,129
POZEK,131379,129
PREZE,131379,129
PRZEWOZNIK,131379,129
PURE,131379,129
PURITT,131379,129
PUSZTAI,131379,129
QUAGLIARIELLO,131379,129
QUINETTE,131379,129
RACCUIA,131379,129
RAFERT,131379,129
RAGSTON,131379,129
RAJO,131379,129
RALYEA,131379,129
RAMOLD,131379,129
RAMOND,131379,129
RAMPRASHAD,131379,129
RANU,131379,129
RATELIFF,131379,129
REBENSDORF,131379,129
REGINALDO,131379,129
REGINE,131379,129
REICHBACH,131379,129
REINAGA,131379,129
REKERS,131379,129
REMONDET,131379,129
RENNEISEN,131379,129
RESAR,131379,129
RESUELLO,131379,129
RIESCH,131379,129
RINAMAN,131379,129
RINEHOLD,131379,129
RITTWEGER,131379,129
RIVASPLATA,131379,129
RIVERASOTO,131379,129
ROBBIO,131379,129
ROFAIL,131379,129
ROJASRAMIREZ,131379,129
ROKAS,131379,129
ROLLOFF,131379,129
ROTTO,131379,129
SADIGH,131379,129
SAGENDORPH,131379,129
SAGLAM,131379,129
SAKUMOTO,131379,129
SALIZZONI,131379,129
SALLEN,131379,129
SALOMONSON,131379,129
SAMALOT,131379,129
SANCHEZMORENO,131379,129
SANITATE,131379,129
SANKARI,131379,129
SANTIAGOMARTIN,131379,129
SCAMAHORN,131379,129
SCHERBAN,131379,129
SCHIEDLER,131379,129
SCHMEDES,131379,129
SCHMIDL,131379,129
SCHNEGGENBURGER,131379,129
SCHOERNER,131379,129
SCHWAGERL,131379,129
SCHWEMER,131379,129
SCIBONA,131379,129
SCICUTELLA,131379,129
SCOLLIN,131379,129
SEDAN,131379,129
SEDO,131379,129
SEIGARS,131379,129
SEIULI,131379,129
SELVAN,131379,129
SERFATY,131379,129
SESTA,131379,129
SGAMBATO,131379,129
SHAMEEM,131379,129
SHANTI,131379,129
SHARRETTS,131379,129
SHEARY,131379,129
SHEREMET,131379,129
SHINDELL,131379,129
SHIREL,131379,129
SHOPPA,131379,129
SHOUMAN,131379,129
SHRODER,131379,129
SHUPPERT,131379,129
SIBILSKY,131379,129
SIGO,131379,129
SILICH,131379,129
SILLIK,131379,129
SILVERTON,131379,129
SISOUPHANH,131379,129
SITSLER,131379,129
SIVASUBRAMANIAN,131379,129
SKAJ,131379,129
SKALET,131379,129
SKETCH,131379,129
SLADEWSKI,131379,129
SLAWEK,131379,129
SMANIOTTO,131379,129
SMERKER,131379,129
SMUKLER,131379,129
SMURAWA,131379,129
SOCKOL,131379,129
SOCKRITER,131379,129
SODOWSKY,131379,129
SOLDAVINI,131379,129
SOMOANO,131379,129
SOMPPI,131379,129
SONNETT,131379,129
SONNEVILLE,131379,129
SOPOCI,131379,129
SOVIA,131379,129
SPERLAZZA,131379,129
SPINOZA,131379,129
SPORTIELLO,131379,129
SQUILLACIOTI,131379,129
SRSEN,131379,129
STAINO,131379,129
STEFANOFF,131379,129
STERNICK,131379,129
STIFLE,131379,129
STIWINTER,131379,129
STOBIERSKI,131379,129
STOGDEN,131379,129
STOPAR,131379,129
STOYLE,131379,129
STRATTA,131379,129
STRIEFF,131379,129
STRIFLER,131379,129
STROBEHN,131379,129
SUKOVICH,131379,129
SULKEY,131379,129
SULOUFF,131379,129
SUNDINE,131379,129
SWALLIE,131379,129
SZEGEDI,131379,129
SZOLLOSI,131379,129
TABIBI,131379,129
TAGATAC,131379,129
TAGLIABUE,131379,129
TANCREDE,131379,129
TANGMAN,131379,129
TATMON,131379,129
TATTRIE,131379,129
TEGLAND,131379,129
TEJRAL,131379,129
TERZANO,131379,129
TERZYAN,131379,129
THATTE,131379,129
THIVENER,131379,129
THOMASSEE,131379,129
THOMOPOULOS,131379,129
TIENSVOLD,131379,129
TILBE,131379,129
TODINO,131379,129
TOOTOO,131379,129
TOPALLI,131379,129
TOPKA,131379,129
TOSA,131379,129
TOUTGES,131379,129
TOYOOKA,131379,129
TRAENKNER,131379,129
TRAMUTA,131379,129
TRAPPEN,131379,129
TREJOMARTINEZ,131379,129
TRENKLER,131379,129
TRIPPY,131379,129
TRITTIPO,131379,129
TRUSKEY,131379,129
TRUTWIN,131379,129
TUALA,131379,129
TUNGETT,131379,129
TUTIVEN,131379,129
TUTKA,131379,129
TWILLIGEAR,131379,129
TWOHILL,131379,129
TYCZ,131379,129
TYK,131379,129
TZUN,131379,129
VANHOEK,131379,129
VANLANDSCHOOT,131379,129
VANORT,131379,129
VANVREEDE,131379,129
VARRICHIO,131379,129
VASTAG,131379,129
VAUGHANS,131379,129
VELESACA,131379,129
VELING,131379,129
VENDIOLA,131379,129
VENOSA,131379,129
VENS,131379,129
VERRECCHIO,131379,129
VIDAKOVIC,131379,129
VILLAVER,131379,129
VILMENAY,131379,129
VINAJA,131379,129
VINIK,131379,129
VISHWAKARMA,131379,129
VOLMERING,131379,129
VONBUSCH,131379,129
VONHEEDER,131379,129
VRANAS,131379,129
VUCETIC,131379,129
WAERS,131379,129
WAKIL,131379,129
WAZELLE,131379,129
WEADICK,131379,129
WEAK,131379,129
WEANER,131379,129
WEARDEN,131379,129
WEISBART,131379,129
WEISBORD,131379,129
WERMTER,131379,129
WERNLE,131379,129
WETRICH,131379,129
WEXELL,131379,129
WIEDE,131379,129
WIEMELT,131379,129
WILLNOW,131379,129
WINCENTSEN,131379,129
WOBBEMA,131379,129
WOLTJEN,131379,129
WOYCIK,131379,129
WRONKO,131379,129
WULFORST,131379,129
WYMES,131379,129
XOCHIHUA,131379,129
YAK,131379,129
YANDURA,131379,129
YANGZOM,131379,129
YELLOWHAWK,131379,129
YSASAGA,131379,129
ZABACK,131379,129
ZAJEC,131379,129
ZALAPA,131379,129
ZEMBRODT,131379,129
ZIGICH,131379,129
ZINGALES,131379,129
ZISKO,131379,129
ZITZELSBERGER,131379,129
ZONTINI,131379,129
ZREIK,131379,129
ZUMBERGE,131379,129
ZUNICA,131379,129
ZUNNO,131379,129
ZYSMAN,131379,129
ABARNO,132206,128
ABELLAR,132206,128
ABIDIN,132206,128
ACHEBE,132206,128
ACHOLONU,132206,128
ADDINK,132206,128
ADESSA,132206,128
ADIX,132206,128
AESCHLEMAN,132206,128
AGRES,132206,128
AGUILARFLORES,132206,128
AGULLAR,132206,128
ALBEAR,132206,128
ALHAMAD,132206,128
ALLIMAN,132206,128
ALNASSER,132206,128
ALPIN,132206,128
ALTAZAN,132206,128
AMENDA,132206,128
ANDELL,132206,128
ANDRIOTIS,132206,128
ANGELS,132206,128
ANTINORE,132206,128
APPELHANZ,132206,128
ARCOLEO,132206,128
ARENSTEIN,132206,128
ARNEBERG,132206,128
ARNOS,132206,128
ARRISOLA,132206,128
ATTERHOLT,132206,128
ATTIPOE,132206,128
AUERSWALD,132206,128
AUSEC,132206,128
AUSTEIN,132206,128
BACKNER,132206,128
BAFFUTO,132206,128
BALDEMOR,132206,128
BANDELOW,132206,128
BANGEL,132206,128
BARASA,132206,128
BARBI,132206,128
BARILLARI,132206,128
BARISIC,132206,128
BARSIC,132206,128
BASKE,132206,128
BAZAZ,132206,128
BEDOSKY,132206,128
BEEKSMA,132206,128
BEIDELSCHIES,132206,128
BENNETSEN,132206,128
BENSEMA,132206,128
BERBANO,132206,128
BERENSTEIN,132206,128
BERNECHE,132206,128
BERTERA,132206,128
BERUTTI,132206,128
BICKLING,132206,128
BIEGANOWSKI,132206,128
BIELMA,132206,128
BIEREMA,132206,128
BIERMEIER,132206,128
BIESZCZAD,132206,128
BIRKLA,132206,128
BISNER,132206,128
BISWAL,132206,128
BITEL,132206,128
BLANSET,132206,128
BLESSETT,132206,128
BLON,132206,128
BODER,132206,128
BOHENEK,132206,128
BOHUSLAV,132206,128
BOILES,132206,128
BOOGERD,132206,128
BORENGASSER,132206,128
BORGH,132206,128
BORMUTH,132206,128
BOSELA,132206,128
BOTEK,132206,128
BRANDYBURG,132206,128
BRANKS,132206,128
BRAUNBECK,132206,128
BRAZO,132206,128
BREEGLE,132206,128
BREISH,132206,128
BREITRICK,132206,128
BREZEALE,132206,128
BRINKOETTER,132206,128
BRUMMETTE,132206,128
BRUNGES,132206,128
BRUNSTAD,132206,128
BRYNES,132206,128
BUCHKOWSKI,132206,128
BUCKHOLDT,132206,128
BUCKMINSTER,132206,128
BUJANOWSKI,132206,128
BURHAN,132206,128
BURLETTE,132206,128
BURSAC,132206,128
BURSKEY,132206,128
BURTSFIELD,132206,128
BUTZINE,132206,128
BUZZETTI,132206,128
CABELLON,132206,128
CALARO,132206,128
CALLISTO,132206,128
CALVENTE,132206,128
CAMIRAND,132206,128
CAMPISTA,132206,128
CANACA,132206,128
CANTELL,132206,128
CAPORELLI,132206,128
CAPPELLETTY,132206,128
CASHA,132206,128
CASIS,132206,128
CATALANELLO,132206,128
CATU,132206,128
CATUOGNO,132206,128
CAWLFIELD,132206,128
CELEBRE,132206,128
CENSOR,132206,128
CHARBONIER,132206,128
CHERKIS,132206,128
CHERNIS,132206,128
CIACCI,132206,128
CIAVAGLIA,132206,128
CILUFFO,132206,128
CISZAK,132206,128
CLAVO,132206,128
CLODFELDER,132206,128
COLLISHAW,132206,128
COOTWARE,132206,128
CORMELL,132206,128
CORRIDORI,132206,128
CORRIERO,132206,128
CORSANO,132206,128
COTTELL,132206,128
COURREGES,132206,128
COUTY,132206,128
CRAMMOND,132206,128
CRANDOL,132206,128
CREVAR,132206,128
CRISANTE,132206,128
CRITCH,132206,128
CUCOLO,132206,128
CZAPOR,132206,128
DACIER,132206,128
DAHLHEIM,132206,128
DALLE,132206,128
DANET,132206,128
DANGREMOND,132206,128
DANILOVA,132206,128
DARANG,132206,128
DARBE,132206,128
DARMAN,132206,128
DASKALOS,132206,128
DAUMAN,132206,128
DAVALLE,132206,128
DAVELER,132206,128
DECAMPO,132206,128
DECAMPS,132206,128
DELACOUR,132206,128
DELUCE,132206,128
DEMENDOZA,132206,128
DEMONTEVERDE,132206,128
DENAVA,132206,128
DEPALMO,132206,128
DERANGER,132206,128
DEREMIAH,132206,128
DESARDEN,132206,128
DESHAIS,132206,128
DEWARE,132206,128
DICKELMAN,132206,128
DIGLORIA,132206,128
DIMAILIG,132206,128
DIMSON,132206,128
DODDI,132206,128
DOMSKI,132206,128
DONGRE,132206,128
DOORES,132206,128
DOPLE,132206,128
DORRES,132206,128
DOUGLES,132206,128
DRACUP,132206,128
DRENCKHAHN,132206,128
DROZARIO,132206,128
DUBRO,132206,128
DUHAME,132206,128
DUJMOVIC,132206,128
DUMDIE,132206,128
DUMON,132206,128
DUNIVENT,132206,128
DUSICK,132206,128
DUTA,132206,128
DYNEK,132206,128
DZUGAN,132206,128
EAGY,132206,128
EASTERBY,132206,128
EBELT,132206,128
EDELHEIT,132206,128
EDMUNSON,132206,128
EGGEBEEN,132206,128
EGNOT,132206,128
EICHENSEHR,132206,128
EILBACHER,132206,128
ELBER,132206,128
ELFLEIN,132206,128
ELORRIAGA,132206,128
ELSENSOHN,132206,128
EMERIC,132206,128
ENGELBERGER,132206,128
ENGL,132206,128
ENTZI,132206,128
EODICE,132206,128
ESCOLA,132206,128
ETZOLD,132206,128
EYLICIO,132206,128
FAKO,132206,128
FALS,132206,128
FATLA,132206,128
FEAUTO,132206,128
FEISE,132206,128
FERRIAN,132206,128
FILIPP,132206,128
FISHE,132206,128
FLANDRO,132206,128
FORTUNAT,132206,128
FRANCISKOVICH,132206,128
FREETH,132206,128
FROKE,132206,128
FUH,132206,128
FULGER,132206,128
FURL,132206,128
GADUE,132206,128
GAIMARI,132206,128
GAISSER,132206,128
GALLIONE,132206,128
GANYARD,132206,128
GARCIACORTES,132206,128
GARCIACORTEZ,132206,128
GARIPPO,132206,128
GARMIRE,132206,128
GARNHAM,132206,128
GASTA,132206,128
GASTELLUM,132206,128
GAVRON,132206,128
GEEGAN,132206,128
GERNENTZ,132206,128
GERSTENSCHLAGER,132206,128
GERTEISEN,132206,128
GERVER,132206,128
GETZELMAN,132206,128
GHITA,132206,128
GIANNESCHI,132206,128
GIBBER,132206,128
GIBOYEAUX,132206,128
GIDARO,132206,128
GIDDEON,132206,128
GITTMAN,132206,128
GIUMARRA,132206,128
GJOLAJ,132206,128
GLASSLEY,132206,128
GOCEK,132206,128
GODEJOHN,132206,128
GOERZ,132206,128
GOLBY,132206,128
GOMBASH,132206,128
GONZALEZROJAS,132206,128
GOSTANIAN,132206,128
GRAEME,132206,128
GRANNES,132206,128
GRATRIX,132206,128
GRAUBART,132206,128
GREIER,132206,128
GREMER,132206,128
GRISAFFI,132206,128
GRONBECK,132206,128
GROSSBAUER,132206,128
GROVEMAN,132206,128
GRUIDL,132206,128
GRUMMONS,132206,128
GUARDARRAMA,132206,128
GUGIN,132206,128
GULCH,132206,128
GULKE,132206,128
GUSTWILLER,132206,128
GUTA,132206,128
HACKSTADT,132206,128
HACKWITH,132206,128
HADDLE,132206,128
HAEFKE,132206,128
HAFFKE,132206,128
HAGLAND,132206,128
HAISMAN,132206,128
HAMMET,132206,128
HANNESSON,132206,128
HANWELL,132206,128
HARBO,132206,128
HARGUESS,132206,128
HARIPRASAD,132206,128
HASNAT,132206,128
HAUSLE,132206,128
HAXEL,132206,128
HEAVILAND,132206,128
HEIZMAN,132206,128
HELLAR,132206,128
HENFIELD,132206,128
HERCHENRODER,132206,128
HERMEN,132206,128
HETHCOTE,132206,128
HETTERSCHEIDT,132206,128
HEYBORNE,132206,128
HIMMELHEBER,132206,128
HIRALAL,132206,128
HISATAKE,132206,128
HOAKS,132206,128
HOBBLE,132206,128
HOLBIRD,132206,128
HONEYGHAN,132206,128
HOPPENSTEDT,132206,128
HORNBERG,132206,128
HOUSERIGHT,132206,128
HOVENCAMP,132206,128
HUBING,132206,128
HUGGS,132206,128
HURLY,132206,128
ICKERT,132206,128
IFKOVITS,132206,128
IKEMIRE,132206,128
IMSLAND,132206,128
INAYAT,132206,128
INKPEN,132206,128
IRABOR,132206,128
IRMSCHER,132206,128
IRRER,132206,128
IWANIUK,132206,128
JADEN,132206,128
JAHRLING,132206,128
JAHUEY,132206,128
JANIGIAN,132206,128
JANUSCH,132206,128
JARDEE,132206,128
JARJOURA,132206,128
JAROSZEWICZ,132206,128
JEANIS,132206,128
JERN,132206,128
JESSING,132206,128
JOANS,132206,128
JOEHNK,132206,128
JOK,132206,128
JOZWICK,132206,128
JUFFER,132206,128
JUKICH,132206,128
JURECKA,132206,128
KAEBISCH,132206,128
KAMPAS,132206,128
KANDASWAMY,132206,128
KAPELL,132206,128
KARATAS,132206,128
KARLING,132206,128
KARPOFF,132206,128
KATAKAM,132206,128
KENLINE,132206,128
KHEANG,132206,128
KHELA,132206,128
KIDDIE,132206,128
KINGSMITH,132206,128
KIRKHUFF,132206,128
KISSEBERTH,132206,128
KITRELL,132206,128
KLEMER,132206,128
KNEIS,132206,128
KNOPKE,132206,128
KOETT,132206,128
KOKEL,132206,128
KOLISH,132206,128
KOLOGY,132206,128
KONOPSKI,132206,128
KOOLMAN,132206,128
KOPACZEWSKI,132206,128
KOPLAN,132206,128
KORESKI,132206,128
KOROS,132206,128
KOSTUCK,132206,128
KOTTMEIER,132206,128
KOUAKOU,132206,128
KREFTING,132206,128
KRINN,132206,128
KRUECK,132206,128
KRULA,132206,128
KRUTA,132206,128
KUEGLER,132206,128
KUEMPER,132206,128
KUMASAKA,132206,128
KUPFERSCHMIDT,132206,128
KUPPUSAMY,132206,128
KURISKO,132206,128
KUZNIEWSKI,132206,128
LABECK,132206,128
LACHHMAN,132206,128
LACOURCIERE,132206,128
LADIK,132206,128
LAIRAMORE,132206,128
LAMBER,132206,128
LAMBINO,132206,128
LARRAZOLO,132206,128
LASAM,132206,128
LASHELL,132206,128
LASKOS,132206,128
LASSAHN,132206,128
LASSELLE,132206,128
LASSI,132206,128
LASTON,132206,128
LATHOM,132206,128
LATKOVIC,132206,128
LAULAINEN,132206,128
LAYWELL,132206,128
LAZOFF,132206,128
LEERS,132206,128
LEIBL,132206,128
LEICHMAN,132206,128
LELEA,132206,128
LELLE,132206,128
LENDERINK,132206,128
LEOHR,132206,128
LETTA,132206,128
LEWELLIN,132206,128
LIMONGI,132206,128
LIMPIN,132206,128
LINDAO,132206,128
LINDINGER,132206,128
LINETT,132206,128
LISTI,132206,128
LIVE,132206,128
LOEHMANN,132206,128
LOGGIE,132206,128
LOHDEN,132206,128
LOLOS,132206,128
LONT,132206,128
LOPEZCORTEZ,132206,128
LOSORDO,132206,128
LOSTER,132206,128
LOUEY,132206,128
LOUKA,132206,128
LUKKES,132206,128
LUMBREZER,132206,128
LUMUMBA,132206,128
LURK,132206,128
LUSSOW,132206,128
MABBUTT,132206,128
MABLEY,132206,128
MACUIL,132206,128
MADDA,132206,128
MADDURI,132206,128
MADERAZO,132206,128
MADIEDO,132206,128
MAGED,132206,128
MAGOLAN,132206,128
MAHOLICK,132206,128
MAJSTOROVIC,132206,128
MAKISHIMA,132206,128
MALENDA,132206,128
MALLING,132206,128
MANCHAK,132206,128
MANDLI,132206,128
MANESIS,132206,128
MARAJH,132206,128
MARFELL,132206,128
MARKOSE,132206,128
MASENHEIMER,132206,128
MASLACH,132206,128
MASLAND,132206,128
MASSARELLA,132206,128
MASSONE,132206,128
MATHIEWS,132206,128
MAURYA,132206,128
MAZEPA,132206,128
MCCELLAN,132206,128
MCCRAITH,132206,128
MCGARVIN,132206,128
MCGLAUGHN,132206,128
MCGOULDRICK,132206,128
MCHATTEN,132206,128
MCMEEKEN,132206,128
MCVAN,132206,128
MEJIAGONZALEZ,132206,128
MELAMUD,132206,128
MENCARELLI,132206,128
MENGERINK,132206,128
MERCEDE,132206,128
MEROW,132206,128
MERSIOVSKY,132206,128
MERWINE,132206,128
MERZLAK,132206,128
MICHALSEN,132206,128
MIDDEL,132206,128
MIHALOV,132206,128
MILORO,132206,128
MINCEMOYER,132206,128
MININO,132206,128
MITERKO,132206,128
MITTERER,132206,128
MIYAO,132206,128
MOCADLO,132206,128
MOLTA,132206,128
MONSEF,132206,128
MORCILLO,132206,128
MORRAR,132206,128
MOSSES,132206,128
MUGNAINI,132206,128
MUHLENBECK,132206,128
MULREY,132206,128
MURZYNSKI,132206,128
MUSITANO,132206,128
NAKIS,132206,128
NASTALLY,132206,128
NAULLS,132206,128
NEADER,132206,128
NEDELMAN,132206,128
NEDRICK,132206,128
NELMIDA,132206,128
NERONI,132206,128
NESPECA,132206,128
NETZBAND,132206,128
NICOLESCU,132206,128
NISHIZAKI,132206,128
NOPAL,132206,128
NOVIAN,132206,128
NUESSE,132206,128
NWOKOLO,132206,128
NYAGA,132206,128
OBEREMBT,132206,128
OEMIG,132206,128
OGBE,132206,128
OINES,132206,128
OKOROAFOR,132206,128
OLDENBERG,132206,128
OLFERS,132206,128
OLOFF,132206,128
ONAK,132206,128
ONTHANK,132206,128
OOKA,132206,128
ORDE,132206,128
ORDEAN,132206,128
OROZCOGARCIA,132206,128
ORTIZMENDOZA,132206,128
OSAYANDE,132206,128
OSTERBUHR,132206,128
OSUNDE,132206,128
OTENG,132206,128
OTLOWSKI,132206,128
OZENBAUGH,132206,128
PAHLAVAN,132206,128
PAISTE,132206,128
PAJELA,132206,128
PANAIA,132206,128
PAPRANIKU,132206,128
PARHM,132206,128
PARLE,132206,128
PARVU,132206,128
PEKAS,132206,128
PEKSA,132206,128
PERANIO,132206,128
PEREIRO,132206,128
PERRUSQUIA,132206,128
PERSCHALL,132206,128
PERSOON,132206,128
PETCU,132206,128
PETTIFER,132206,128
PHAGOO,132206,128
PHASAVATH,132206,128
PHONESAVANH,132206,128
PICARDAL,132206,128
PIEKLO,132206,128
PIETANZA,132206,128
PINEDAGARCIA,132206,128
PINNO,132206,128
PIRMAN,132206,128
PODREBARAC,132206,128
POETSCH,132206,128
POLASKO,132206,128
POMILLA,132206,128
POPOLI,132206,128
PORTNOV,132206,128
POTURALSKI,132206,128
PREMINGER,132206,128
PROFENNO,132206,128
PUCHEU,132206,128
PURISIC,132206,128
PUT,132206,128
PYAKUREL,132206,128
QUEMUEL,132206,128
QUENTAL,132206,128
RABBAT,132206,128
RAFEEDIE,132206,128
RANGAL,132206,128
RANGNOW,132206,128
REAGINS,132206,128
REGAR,132206,128
REICHERTER,132206,128
REICHHOFF,132206,128
REIFERS,132206,128
RENKENBERGER,132206,128
REQUENES,132206,128
REVEN,132206,128
RIETHER,132206,128
RIMORIN,132206,128
RISACHER,132206,128
RISOLDI,132206,128
RODBELL,132206,128
RODENHAUSER,132206,128
RODREGUS,132206,128
ROETTING,132206,128
ROGERIO,132206,128
ROKEACH,132206,128
ROSSIELLO,132206,128
ROTHMUND,132206,128
ROUGEMONT,132206,128
ROVA,132206,128
ROWDY,132206,128
ROWENHORST,132206,128
RUBERTONE,132206,128
RUDDUCK,132206,128
RUEVE,132206,128
RUFFLEY,132206,128
RUSCHMEIER,132206,128
RUYAK,132206,128
SABEC,132206,128
SABISCH,132206,128
SAFF,132206,128
SAINEZ,132206,128
SAMARITANO,132206,128
SANCHEC,132206,128
SANDRIK,132206,128
SANKA,132206,128
SANOUVONG,132206,128
SAPPLETON,132206,128
SAUVAIN,132206,128
SAVAL,132206,128
SAVALZA,132206,128
SCALERCIO,132206,128
SCHAA,132206,128
SCHAMBURG,132206,128
SCHEMBRE,132206,128
SCHERLER,132206,128
SCHEUING,132206,128
SCHIAVELLO,132206,128
SCHIFFERT,132206,128
SCHLAEFLI,132206,128
SCHLAFKE,132206,128
SCHLEPPENBACH,132206,128
SCHLORFF,132206,128
SCHMIDTKNECHT,132206,128
SCHUEPBACH,132206,128
SCHUTZE,132206,128
SCHWALLIER,132206,128
SCOGNA,132206,128
SEAGREAVES,132206,128
SEFO,132206,128
SEGRE,132206,128
SELITTO,132206,128
SELKOW,132206,128
SERVERA,132206,128
SETINA,132206,128
SEVIC,132206,128
SHARD,132206,128
SHEARL,132206,128
SHELMON,132206,128
SHINTON,132206,128
SHIPLE,132206,128
SHIYOU,132206,128
SHULAW,132206,128
SHYMANSKY,132206,128
SIDOCK,132206,128
SILFEN,132206,128
SILLIVAN,132206,128
SIMMERLY,132206,128
SISEL,132206,128
SITRIN,132206,128
SKORDAS,132206,128
SKRDLANT,132206,128
SKULLY,132206,128
SLABA,132206,128
SLAVISH,132206,128
SMAL,132206,128
SNOBERGER,132206,128
SOCKRIDER,132206,128
SOLLANO,132206,128
SORATHIA,132206,128
SPERGEL,132206,128
SPINUZZA,132206,128
STANAFORD,132206,128
STARRICK,132206,128
STASHAK,132206,128
STEEVENS,132206,128
STEINHEBEL,132206,128
STEINHEISER,132206,128
STEINKOENIG,132206,128
STEORTS,132206,128
STERE,132206,128
STERNIG,132206,128
STERTZBACH,132206,128
STEVIC,132206,128
STICKELMAN,132206,128
STIEHR,132206,128
STOFLETH,132206,128
STORMANT,132206,128
STOSIC,132206,128
STREK,132206,128
STRITTMATER,132206,128
STROINSKI,132206,128
STRUZINSKI,132206,128
STYSLINGER,132206,128
SUDARIA,132206,128
SUELZLE,132206,128
SUMMERELL,132206,128
SUROVEC,132206,128
SUSTERSIC,132206,128
TABANO,132206,128
TACADENA,132206,128
TADDIE,132206,128
TAHANEY,132206,128
TAKLE,132206,128
TAMME,132206,128
TANAS,132206,128
TANKESLEY,132206,128
TAPHOUSE,132206,128
TATSUNO,132206,128
TCHENG,132206,128
TEHUITZIL,132206,128
TEITZ,132206,128
TEJWANI,132206,128
THANIEL,132206,128
THEOBOLD,132206,128
THERY,132206,128
THIEROFF,132206,128
TIEBEN,132206,128
TIERRAFRIA,132206,128
TIGNO,132206,128
TILLISCH,132206,128
TOOM,132206,128
TORRESRUIZ,132206,128
TRALA,132206,128
TRAUFLER,132206,128
TRAVES,132206,128
TRENN,132206,128
TRESEDER,132206,128
TRIDICO,132206,128
TRONCIN,132206,128
TROUMBLY,132206,128
TRUGILLO,132206,128
TRUTTMANN,132206,128
TSCHACHER,132206,128
TUDHOPE,132206,128
TURETZKY,132206,128
UDINK,132206,128
ULAK,132206,128
UNIACKE,132206,128
URIZA,132206,128
URRIETA,132206,128
USELDING,132206,128
UYSAL,132206,128
VAGNONE,132206,128
VALKENBURG,132206,128
VALPEY,132206,128
VANCOPPENOLLE,132206,128
VANDERKARR,132206,128
VANDEURZEN,132206,128
VANDEWARK,132206,128
VANEMON,132206,128
VANOTTEN,132206,128
VANSTEDUM,132206,128
VASILCHUK,132206,128
VASILKO,132206,128
VAYSBERG,132206,128
VEGARODRIGUEZ,132206,128
VEIN,132206,128
VELLOS,132206,128
VELOSA,132206,128
VELTZ,132206,128
VERDURA,132206,128
VILLABONA,132206,128
VILLADIEGO,132206,128
VINITSKY,132206,128
VINJAMURI,132206,128
VINKEMEIER,132206,128
VIRGES,132206,128
VOEHRINGER,132206,128
VOISELLE,132206,128
VOLKE,132206,128
VONGVILAY,132206,128
VOSKOBOYNIK,132206,128
VRANJES,132206,128
VUKSON,132206,128
VULETIC,132206,128
VUNG,132206,128
WAHNON,132206,128
WANBAUGH,132206,128
WANJOHI,132206,128
WASKI,132206,128
WASMAN,132206,128
WASOWSKI,132206,128
WASSILIE,132206,128
WEHLAND,132206,128
WEIRATHER,132206,128
WELCKER,132206,128
WELDELE,132206,128
WERR,132206,128
WEUVE,132206,128
WHISKER,132206,128
WIENCZKOWSKI,132206,128
WILLIM,132206,128
WINDYBOY,132206,128
WINKING,132206,128
WISLOCKI,132206,128
WOROSZ,132206,128
WROLSON,132206,128
WURZBERGER,132206,128
XANTHOPOULOS,132206,128
YANKURA,132206,128
YANOWITZ,132206,128
YARMUSH,132206,128
YATACO,132206,128
YESKEY,132206,128
YETTAW,132206,128
YOACHUM,132206,128
YURKIN,132206,128
ZANGLA,132206,128
ZAREBA,132206,128
ZARRIELLO,132206,128
ZDANIS,132206,128
ZIMBRICK,132206,128
ZIRNGIBL,132206,128
ZLATKIN,132206,128
ZOHRABIAN,132206,128
ZOLTAK,132206,128
ZORBAUGH,132206,128
ZOSKE,132206,128
ZOTTA,132206,128
ZWAAN,132206,128
ZWERIN,132206,128
ZYCHOWICZ,132206,128
ABELY,133048,127
ADIPIETRO,133048,127
AGRI,133048,127
AGUELAR,133048,127
AHINA,133048,127
AIJAZ,133048,127
AJOKU,133048,127
AKOI,133048,127
ALASPA,133048,127
ALHAYEK,133048,127
ALMANSOOB,133048,127
ALPINE,133048,127
ALPS,133048,127
ALUQDAH,133048,127
ANANTHAKRISHNAN,133048,127
ANDREOPOULOS,133048,127
ANDRIEUX,133048,127
ANNABEL,133048,127
ANTONICELLI,133048,127
ANTONIUS,133048,127
APOSTOLIDES,133048,127
ARABE,133048,127
ARHELGER,133048,127
ARNERICH,133048,127
ARNSDORF,133048,127
ASAO,133048,127
ASENCIOS,133048,127
ASTENGO,133048,127
ASTURI,133048,127
ATTILIO,133048,127
AUCHENBACH,133048,127
AURA,133048,127
AUYONG,133048,127
AVELA,133048,127
AVISE,133048,127
AWADH,133048,127
BAGANZ,133048,127
BAILESS,133048,127
BAKAITIS,133048,127
BAKALARS,133048,127
BAKALIS,133048,127
BAKLE,133048,127
BALISH,133048,127
BALZEN,133048,127
BANDAS,133048,127
BARCINAS,133048,127
BARETTE,133048,127
BARNBY,133048,127
BARTISH,133048,127
BASCONE,133048,127
BAUDANZA,133048,127
BEAHR,133048,127
BEATS,133048,127
BEAZ,133048,127
BEBKO,133048,127
BEEDON,133048,127
BENINI,133048,127
BENNERS,133048,127
BENOLKEN,133048,127
BERENTSON,133048,127
BERNEL,133048,127
BERNHISEL,133048,127
BEROTH,133048,127
BERRELEZ,133048,127
BETTWY,133048,127
BICHEL,133048,127
BIDDISCOMBE,133048,127
BILIMORIA,133048,127
BILLEDO,133048,127
BILLI,133048,127
BIRKMAIER,133048,127
BIRLA,133048,127
BISCIOTTI,133048,127
BLACHFORD,133048,127
BLACKINTON,133048,127
BLENKHORN,133048,127
BLENKUSH,133048,127
BLINZLER,133048,127
BLISSARD,133048,127
BLOCKHUS,133048,127
BLOTKAMP,133048,127
BOLKE,133048,127
BONGARZONE,133048,127
BONICELLI,133048,127
BOOD,133048,127
BOPPRE,133048,127
BORDALLO,133048,127
BORGMEIER,133048,127
BORGONIA,133048,127
BOROTA,133048,127
BOSKA,133048,127
BOSZE,133048,127
BOUDMAN,133048,127
BRABENEC,133048,127
BRAMALL,133048,127
BRAZOBAN,133048,127
BREGLIA,133048,127
BRENNEISEN,133048,127
BRESSEL,133048,127
BRITA,133048,127
BROEHL,133048,127
BROOS,133048,127
BRUHNKE,133048,127
BRUNOTTE,133048,127
BUCHWITZ,133048,127
BUNSE,133048,127
BUQUICCHIO,133048,127
BURNEO,133048,127
BURNUP,133048,127
BUTTERFLY,133048,127
BYLANDER,133048,127
BYXBE,133048,127
CACCHIO,133048,127
CAHIR,133048,127
CANNE,133048,127
CARANGI,133048,127
CARENO,133048,127
CARGIL,133048,127
CASSLE,133048,127
CASTEVENS,133048,127
CASTILLAS,133048,127
CASTRORAMIREZ,133048,127
CATETE,133048,127
CATTERLIN,133048,127
CAYEMITTE,133048,127
CELESTAIN,133048,127
CHADIMA,133048,127
CHAKKA,133048,127
CHARREZ,133048,127
CHELEY,133048,127
CHERBA,133048,127
CHETRIT,133048,127
CHIER,133048,127
CHIGAS,133048,127
CHITTIM,133048,127
CHOK,133048,127
CHORDAS,133048,127
CHOWDRY,133048,127
CHRISNER,133048,127
CIESIOLKA,133048,127
CLAITT,133048,127
CLASING,133048,127
CLATT,133048,127
COCONE,133048,127
COLONNESE,133048,127
CONLOW,133048,127
CORAH,133048,127
CORNICELLI,133048,127
COROLLA,133048,127
CORTELL,133048,127
COSSEBOOM,133048,127
COTTONHAM,133048,127
COUNCILOR,133048,127
COVOS,133048,127
CRAWFIS,133048,127
CRUZROMERO,133048,127
CURRELL,133048,127
CUZZONE,133048,127
CYMAN,133048,127
CYMBAL,133048,127
DABAH,133048,127
DANCZAK,133048,127
DANRIDGE,133048,127
DANTO,133048,127
DATWYLER,133048,127
DAUFELDT,133048,127
DAUSCHER,133048,127
DAVISTON,133048,127
DAWAN,133048,127
DEEREN,133048,127
DEGERSTROM,133048,127
DELACONCHA,133048,127
DELLACORTE,133048,127
DELPHA,133048,127
DEMICH,133048,127
DENOR,133048,127
DEPAIVA,133048,127
DEPASQUA,133048,127
DERMYER,133048,127
DEROUSELLE,133048,127
DESEVE,133048,127
DESSIE,133048,127
DEVASIER,133048,127
DHALL,133048,127
DHULIPALA,133048,127
DIACONESCU,133048,127
DIAZAGUILAR,133048,127
DIBITETTO,133048,127
DICANDIA,133048,127
DIEHLMANN,133048,127
DITLEVSON,133048,127
DOCKUS,133048,127
DOL,133048,127
DOLLYHIGH,133048,127
DONEGHY,133048,127
DOPPALAPUDI,133048,127
DOTLICH,133048,127
DRAGICEVICH,133048,127
DREAD,133048,127
DREBLOW,133048,127
DREMEL,133048,127
DRENTLAW,133048,127
DRISDALE,133048,127
DRONEBURG,133048,127
DRUE,133048,127
DRYNAN,133048,127
DUDUM,133048,127
DUELING,133048,127
DUMADAG,133048,127
DUNIFER,133048,127
DURBORAW,133048,127
DUSHEK,133048,127
EASTERS,133048,127
ECKWOOD,133048,127
EDMAISTON,133048,127
EFE,133048,127
EHNOT,133048,127
EI,133048,127
EKEMA,133048,127
EMENIKE,133048,127
EMHOF,133048,127
EMMERICK,133048,127
ENOW,133048,127
ERFOURTH,133048,127
ERTLEY,133048,127
ERWOOD,133048,127
ESCOGIDO,133048,127
ESKANDARIAN,133048,127
ETTORRE,133048,127
FAGERMAN,133048,127
FANKELL,133048,127
FATJO,133048,127
FAYYAD,133048,127
FEERY,133048,127
FEIA,133048,127
FEKETY,133048,127
FEMMER,133048,127
FENICK,133048,127
FERGUSEN,133048,127
FERONTI,133048,127
FINLEN,133048,127
FLATEBO,133048,127
FLOGEL,133048,127
FLUGGE,133048,127
FOLLOWAY,133048,127
FORTENBURY,133048,127
FRAKLIN,133048,127
FRANZOY,133048,127
FRAZEY,133048,127
FREGIN,133048,127
FULLNER,133048,127
FULNER,133048,127
GAJMER,133048,127
GALLARO,133048,127
GAMBLING,133048,127
GAMBUZZA,133048,127
GANGSTAD,133048,127
GANOTISI,133048,127
GARCIARUBIO,133048,127
GARREPY,133048,127
GASPARRE,133048,127
GAVIC,133048,127
GAZMEN,133048,127
GEDE,133048,127
GEGAN,133048,127
GELE,133048,127
GELFUSO,133048,127
GEMPERLINE,133048,127
GEORGOULIS,133048,127
GESTRICH,133048,127
GEYSER,133048,127
GEZELLA,133048,127
GHERSI,133048,127
GLENNAN,133048,127
GLIDER,133048,127
GLISPY,133048,127
GNAZZO,133048,127
GNIAZDOWSKI,133048,127
GODT,133048,127
GOEDTEL,133048,127
GOLDFELD,133048,127
GOLLOTT,133048,127
GOMEZMENDOZA,133048,127
GONZALEZNUNEZ,133048,127
GOTTLICH,133048,127
GOUGHLER,133048,127
GRABINGER,133048,127
GRANDIS,133048,127
GRATCH,133048,127
GRIPKA,133048,127
GRISHIN,133048,127
GROENINGER,133048,127
GROMADZKI,133048,127
GRUSZEWSKI,133048,127
GUISER,133048,127
GUSTKEY,133048,127
GUZMANGUZMAN,133048,127
HADINGER,133048,127
HAHR,133048,127
HANDSHAW,133048,127
HARLAMERT,133048,127
HARRIELL,133048,127
HARRIGILL,133048,127
HAZLERIG,133048,127
HEDDLESTON,133048,127
HEFFERMAN,133048,127
HELLERMAN,133048,127
HEMEL,133048,127
HERMUS,133048,127
HERRADURA,133048,127
HERSLEY,133048,127
HERTL,133048,127
HIDE,133048,127
HILLIAR,133048,127
HIRAM,133048,127
HOBAICA,133048,127
HOFFMIRE,133048,127
HOFFSES,133048,127
HOIBY,133048,127
HOLTZE,133048,127
HOOMES,133048,127
HOTTENDORF,133048,127
HRUZ,133048,127
HUBL,133048,127
HUMBERSTONE,133048,127
HUMPHRIS,133048,127
HUSKETH,133048,127
IANNACO,133048,127
IDDEEN,133048,127
IDONE,133048,127
IDZIKOWSKI,133048,127
IPPEL,133048,127
ISTAS,133048,127
JANKOVIAK,133048,127
JAU,133048,127
JENEY,133048,127
JERSILD,133048,127
JESSEY,133048,127
JISA,133048,127
JOANNOU,133048,127
JOHNAKIN,133048,127
JOULE,133048,127
JUSTILIEN,133048,127
JUVENAL,133048,127
KACZUR,133048,127
KALBUS,133048,127
KALLIE,133048,127
KANGISER,133048,127
KANKE,133048,127
KANTAMNENI,133048,127
KANURI,133048,127
KAOUD,133048,127
KAPLANIS,133048,127
KASHEF,133048,127
KASSERMAN,133048,127
KATEL,133048,127
KAZMIRSKI,133048,127
KAZY,133048,127
KEEDER,133048,127
KEMAL,133048,127
KEMPERS,133048,127
KHANANI,133048,127
KHEHRA,133048,127
KIELAS,133048,127
KILCHRIST,133048,127
KINDOLL,133048,127
KINTANAR,133048,127
KIRCHHEVEL,133048,127
KITO,133048,127
KLEINHOLZ,133048,127
KLEWICKI,133048,127
KLISZ,133048,127
KLOBAS,133048,127
KNOCKEL,133048,127
KNUTT,133048,127
KOBLINSKI,133048,127
KOCAJ,133048,127
KONDEK,133048,127
KONON,133048,127
KOPPENHAFER,133048,127
KORZON,133048,127
KOTKOWSKI,133048,127
KREILICK,133048,127
KREINBROOK,133048,127
KRISMER,133048,127
KRMPOTICH,133048,127
KRYSTON,133048,127
KUHMAN,133048,127
KURON,133048,127
KWAAK,133048,127
LABARRIE,133048,127
LAEGER,133048,127
LAMORENA,133048,127
LANDMEIER,133048,127
LANGUELL,133048,127
LATOUF,133048,127
LATUCH,133048,127
LAUREY,133048,127
LAWALIN,133048,127
LEADMAN,133048,127
LECIEJEWSKI,133048,127
LEISTICO,133048,127
LENKEY,133048,127
LEONZO,133048,127
LESTINGI,133048,127
LEVREAULT,133048,127
LIBAO,133048,127
LINGA,133048,127
LINGNAU,133048,127
LISIUS,133048,127
LISOJO,133048,127
LITNER,133048,127
LITTERST,133048,127
LIZZO,133048,127
LOCHIRCO,133048,127
LONGLAND,133048,127
LONNER,133048,127
LOTFY,133048,127
LOTTMANN,133048,127
LUBETKIN,133048,127
LUSTBERG,133048,127
LYKEN,133048,127
LYREK,133048,127
MAAFU,133048,127
MACALIK,133048,127
MACCARO,133048,127
MACKSOUD,133048,127
MACURAK,133048,127
MADOFF,133048,127
MAGELSSEN,133048,127
MAGERL,133048,127
MAGISTRADO,133048,127
MAHARAJH,133048,127
MAKOVICKA,133048,127
MALANDRINO,133048,127
MALEPEAI,133048,127
MALHERBE,133048,127
MALLAMO,133048,127
MARBUTT,133048,127
MARCHITELLO,133048,127
MARCURE,133048,127
MARGETIS,133048,127
MAROUDAS,133048,127
MARRIAGE,133048,127
MARTINIELLO,133048,127
MARTZAHL,133048,127
MARVICH,133048,127
MATAI,133048,127
MAUNSELL,133048,127
MAVANI,133048,127
MAXNER,133048,127
MCDYER,133048,127
MCGALL,133048,127
MEDVITZ,133048,127
MERVAR,133048,127
MESIANO,133048,127
MEYE,133048,127
MICELE,133048,127
MICINSKI,133048,127
MICIOTTO,133048,127
MIKHAEIL,133048,127
MILCZARSKI,133048,127
MIMES,133048,127
MINATREA,133048,127
MISCHENKO,133048,127
MISHAK,133048,127
MISTEREK,133048,127
MITRISIN,133048,127
MOATZ,133048,127
MODZEL,133048,127
MOLLEMA,133048,127
MOLONE,133048,127
MONGALO,133048,127
MONNICH,133048,127
MONTIS,133048,127
MONTRI,133048,127
MORARIU,133048,127
MORGEL,133048,127
MOSSLER,133048,127
MROWIEC,133048,127
MUINA,133048,127
MUNASSAR,133048,127
MUNGALL,133048,127
MURANTE,133048,127
MUSILLO,133048,127
NADZAN,133048,127
NAFSO,133048,127
NAKAJI,133048,127
NALLAMOTHU,133048,127
NAUROTH,133048,127
NAUYEN,133048,127
NESVIG,133048,127
NIBLO,133048,127
NICAR,133048,127
NITOWSKI,133048,127
NITU,133048,127
NIZER,133048,127
NOPPE,133048,127
OBENLAND,133048,127
OFSTHUN,133048,127
OLAFSEN,133048,127
OLSAN,133048,127
ORASCO,133048,127
ORTEZA,133048,127
ORTGIES,133048,127
ORTISI,133048,127
ORTO,133048,127
OSGA,133048,127
OSTINE,133048,127
OVERHULSER,133048,127
PABLOPABLO,133048,127
PAGLIUCO,133048,127
PALLISER,133048,127
PALOVICH,133048,127
PANETTIERI,133048,127
PAPIK,133048,127
PARONISH,133048,127
PATTAH,133048,127
PAYSSE,133048,127
PAYTES,133048,127
PEARLEY,133048,127
PECHTEL,133048,127
PEDANO,133048,127
PELLIS,133048,127
PENHALLEGON,133048,127
PENVOSE,133048,127
PERALDO,133048,127
PEVIA,133048,127
PICKREIGN,133048,127
PIEARCY,133048,127
PIRIS,133048,127
PONIEWAZ,133048,127
POPKINS,133048,127
POPPELREITER,133048,127
POSIN,133048,127
POULAKIS,133048,127
POYFAIR,133048,127
PRAVIA,133048,127
PRENOSIL,133048,127
PRICCO,133048,127
PROCESS,133048,127
PTASNIK,133048,127
PULLIA,133048,127
PULLIE,133048,127
PUNIA,133048,127
PUNZI,133048,127
PUTIGNANO,133048,127
PYGOTT,133048,127
QUASIUS,133048,127
QUICKSEY,133048,127
QUILALA,133048,127
RADUECHEL,133048,127
RAHNAMA,133048,127
RAIDEN,133048,127
RAMIREZSALAZAR,133048,127
RANGI,133048,127
RAPKO,133048,127
RAQUENO,133048,127
RATZER,133048,127
RAUCHLE,133048,127
RAZURA,133048,127
REDZEPI,133048,127
REEVERTS,133048,127
REINARZ,133048,127
REINTHALER,133048,127
REPAS,133048,127
REPIK,133048,127
RESIG,133048,127
RETTKOWSKI,133048,127
RICHFORD,133048,127
RICHSON,133048,127
RICOTTILLI,133048,127
RIENECKER,133048,127
RIESCO,133048,127
RIGOULOT,133048,127
RIMSON,133048,127
RINA,133048,127
RIVERAGOMEZ,133048,127
ROBELIA,133048,127
ROBICH,133048,127
RODENBACH,133048,127
ROEDERSHEIMER,133048,127
ROETTO,133048,127
RONEK,133048,127
ROOMSBURG,133048,127
ROPERS,133048,127
ROSAAEN,133048,127
ROSENHAN,133048,127
RULIFFSON,133048,127
RUSHDAN,133048,127
SAADIA,133048,127
SADEH,133048,127
SAITER,133048,127
SALEEMI,133048,127
SALVANO,133048,127
SALVATORIELLO,133048,127
SANCOMB,133048,127
SANTAW,133048,127
SANWICK,133048,127
SARJOO,133048,127
SAYOC,133048,127
SCHAALMA,133048,127
SCHACKOW,133048,127
SCHERCK,133048,127
SCHIRATO,133048,127
SCHLICKMAN,133048,127
SCHNACKEL,133048,127
SCHOELER,133048,127
SCHOENBEIN,133048,127
SCHUDY,133048,127
SCHUK,133048,127
SCHWARZENBERG,133048,127
SCHWETTMANN,133048,127
SCMIDT,133048,127
SCRIBA,133048,127
SCRIMENTI,133048,127
SCRIP,133048,127
SECIC,133048,127
SEDRICK,133048,127
SEEDORFF,133048,127
SERETIS,133048,127
SERVIA,133048,127
SEVA,133048,127
SGOBBO,133048,127
SHAGINAW,133048,127
SHANNO,133048,127
SHARIPOV,133048,127
SHEED,133048,127
SHETKA,133048,127
SHIFLER,133048,127
SHILDT,133048,127
SHKOLNIKOV,133048,127
SHRODES,133048,127
SHUEMAKER,133048,127
SHUYLER,133048,127
SIDERIUS,133048,127
SIECKMANN,133048,127
SIEPMANN,133048,127
SILJKOVIC,133048,127
SIMONIK,133048,127
SINRAM,133048,127
SIRJU,133048,127
SISTLA,133048,127
SKAWSKI,133048,127
SKLUT,133048,127
SKOCZEK,133048,127
SLASOR,133048,127
SLIVKOFF,133048,127
SLOTH,133048,127
SLOTHOUR,133048,127
SNEEN,133048,127
SOHANI,133048,127
SOLACE,133048,127
SOLLID,133048,127
SONICO,133048,127
SPECKIN,133048,127
SPINOS,133048,127
SPLUNGE,133048,127
SPREIER,133048,127
STAAKE,133048,127
STANGLIN,133048,127
STANTS,133048,127
STEBURG,133048,127
STEGINK,133048,127
STEINAU,133048,127
STEINLEY,133048,127
STEPNICK,133048,127
STERIO,133048,127
STERNISHA,133048,127
STERZER,133048,127
STINGO,133048,127
STODGELL,133048,127
STOKMAN,133048,127
STUPER,133048,127
STYPA,133048,127
SUBE,133048,127
SULOFF,133048,127
SUMLING,133048,127
SUMMARELL,133048,127
SURDO,133048,127
SUTIN,133048,127
SWITLICK,133048,127
TADAYON,133048,127
TADDESSE,133048,127
TALANOA,133048,127
TASCI,133048,127
TAUA,133048,127
TAVERNESE,133048,127
TAYYAB,133048,127
TECUMSEH,133048,127
TEMPERLY,133048,127
TESSARI,133048,127
TESTI,133048,127
THEILMAN,133048,127
THEODOSIOU,133048,127
THOMPHSON,133048,127
THORGERSON,133048,127
TIBBELS,133048,127
TIEHEN,133048,127
TIELKE,133048,127
TISTHAMMER,133048,127
TISZA,133048,127
TJON,133048,127
TOKAY,133048,127
TOMNEY,133048,127
TOOTILL,133048,127
TORNAMBE,133048,127
TORRACO,133048,127
TORRESVARGAS,133048,127
TOUR,133048,127
TOVAL,133048,127
TRAIGLE,133048,127
TREBON,133048,127
TREGEMBO,133048,127
TRESSA,133048,127
TRIZZINO,133048,127
TROTZ,133048,127
TRUSSLER,133048,127
TSOMO,133048,127
TURITTO,133048,127
TUYEN,133048,127
TWOEAGLE,133048,127
UCKER,133048,127
UDASCO,133048,127
UESUGI,133048,127
UFFER,133048,127
UFFNER,133048,127
UITZ,133048,127
ULUAVE,133048,127
UNNIKRISHNAN,133048,127
UNTERBERG,133048,127
URGILEZ,133048,127
URMANN,133048,127
URMENETA,133048,127
URRACA,133048,127
URWILLER,133048,127
VALENCOURT,133048,127
VALYO,133048,127
VALYOU,133048,127
VANBENNEKOM,133048,127
VANBOURGONDIEN,133048,127
VANMIDDENDORP,133048,127
VANVUUREN,133048,127
VASANI,133048,127
VAUDO,133048,127
VENDEGNA,133048,127
VENGOECHEA,133048,127
VERHOEFF,133048,127
VERMAAT,133048,127
VERNAM,133048,127
VERONEE,133048,127
VERRI,133048,127
VESPI,133048,127
VILFORT,133048,127
VILINSKY,133048,127
VILLADO,133048,127
VISCOUNT,133048,127
VLECK,133048,127
VOCATURO,133048,127
VOELS,133048,127
VOJVODICH,133048,127
VOLKENS,133048,127
VONDEREMBSE,133048,127
VONDIELINGEN,133048,127
VONKANEL,133048,127
WAAGEN,133048,127
WAGGENSPACK,133048,127
WAIDA,133048,127
WALTJEN,133048,127
WALUK,133048,127
WATHKE,133048,127
WEGELE,133048,127
WEIANT,133048,127
WERTIN,133048,127
WESTERMEIER,133048,127
WETNIGHT,133048,127
WHITEKILLER,133048,127
WIEDENMAN,133048,127
WIEHN,133048,127
WIENERT,133048,127
WILLINK,133048,127
WILSONSMITH,133048,127
WISSENBACH,133048,127
WITHYCOMBE,133048,127
WITTICK,133048,127
WIZNITZER,133048,127
WOELFFER,133048,127
WOJNAROWICZ,133048,127
WOLDEGEBRIEL,133048,127
WOLT,133048,127
WOODZELL,133048,127
WULFING,133048,127
YAGIN,133048,127
YANOW,133048,127
YANUS,133048,127
YAPOR,133048,127
YASINSKI,133048,127
YMKER,133048,127
ZAFFINA,133048,127
ZAJCHOWSKI,133048,127
ZEBERT,133048,127
ZELLINGER,133048,127
ZELNIK,133048,127
ZELTZER,133048,127
ZENSEN,133048,127
ZEPNICK,133048,127
ZERANCE,133048,127
ZIATS,133048,127
ZIDELL,133048,127
ZIMM,133048,127
ZINSKY,133048,127
ZUKANOVIC,133048,127
ZUMARAN,133048,127
ZUMBRUNN,133048,127
ZUPANCICH,133048,127
ABATANGELO,133863,126
ABEDIAN,133863,126
ABREA,133863,126
ACHACOSO,133863,126
ADELSBERG,133863,126
AGHASSI,133863,126
AGLIANO,133863,126
AGRIMSON,133863,126
AGUILLA,133863,126
AKYOL,133863,126
ALATALO,133863,126
ALBARELLI,133863,126
ALBRANDT,133863,126
ALERT,133863,126
ALEXION,133863,126
ALFAFARA,133863,126
ALKHALIL,133863,126
ALMONACI,133863,126
ALOFS,133863,126
ALSBERRY,133863,126
ALVALLE,133863,126
AMWEG,133863,126
ANDRIANOS,133863,126
ANDRINI,133863,126
ANNUZZI,133863,126
AQUININGOC,133863,126
ARCAYA,133863,126
ARDO,133863,126
ARIZZI,133863,126
ARTHOFER,133863,126
ARTUZ,133863,126
ASEFI,133863,126
ASSEF,133863,126
ATIYA,133863,126
ATTI,133863,126
AUNA,133863,126
AZCARRAGA,133863,126
BAGER,133863,126
BAIDA,133863,126
BALACH,133863,126
BALANDA,133863,126
BALENSIEFEN,133863,126
BALER,133863,126
BALINA,133863,126
BALOWSKI,133863,126
BALTRUSCH,133863,126
BANSON,133863,126
BARACCO,133863,126
BARBAGLIA,133863,126
BARKEL,133863,126
BARLEV,133863,126
BARLOON,133863,126
BARNOWSKY,133863,126
BASARICH,133863,126
BASHAN,133863,126
BAUCHAM,133863,126
BAULDRY,133863,126
BAYMILLER,133863,126
BEAUCHANE,133863,126
BEDDO,133863,126
BEDORTHA,133863,126
BEESINGER,133863,126
BEGLER,133863,126
BEILIN,133863,126
BENGAL,133863,126
BENOLIEL,133863,126
BEREZOVSKY,133863,126
BERNARDONI,133863,126
BERTHE,133863,126
BERZIN,133863,126
BESSIE,133863,126
BEUSCHEL,133863,126
BEZEMEK,133863,126
BHARRAT,133863,126
BIELMAN,133863,126
BIGI,133863,126
BILLGER,133863,126
BILNOSKI,133863,126
BINDRUP,133863,126
BIRAM,133863,126
BIUS,133863,126
BOBY,133863,126
BOHATCH,133863,126
BOLLSCHWEILER,133863,126
BOMBACE,133863,126
BORYK,133863,126
BOSSY,133863,126
BOTSON,133863,126
BOUDRIEAU,133863,126
BOUSLAUGH,133863,126
BRAESCH,133863,126
BRAGAW,133863,126
BRAKEALL,133863,126
BRAMBRINK,133863,126
BRASTED,133863,126
BRATTER,133863,126
BRAVENDER,133863,126
BRECHTING,133863,126
BREDELL,133863,126
BREIVIK,133863,126
BRENIZE,133863,126
BRESNEN,133863,126
BRITTSAN,133863,126
BROZE,133863,126
BRUCKLER,133863,126
BRUMAGEN,133863,126
BRUTSKIY,133863,126
BUC,133863,126
BUISMAN,133863,126
BURGERMEISTER,133863,126
BURLE,133863,126
BURTMAN,133863,126
BUSCHOR,133863,126
BUSHAY,133863,126
BUSTAMANTES,133863,126
BUTROS,133863,126
CABANATAN,133863,126
CABANLIT,133863,126
CABREA,133863,126
CAMEZ,133863,126
CANASTRA,133863,126
CANASTUJ,133863,126
CANULL,133863,126
CAPEWELL,133863,126
CARBONETTI,133863,126
CARDENAL,133863,126
CAROLEO,133863,126
CASIDAY,133863,126
CATTIN,133863,126
CAZAN,133863,126
CHALICO,133863,126
CHAPAGAIN,133863,126
CHARLOTTE,133863,126
CHAVEY,133863,126
CHEESEBROUGH,133863,126
CHERNYAVSKY,133863,126
CHERUVU,133863,126
CHILINGARYAN,133863,126
CHINOS,133863,126
CHINTAPALLI,133863,126
CHITALE,133863,126
CHOV,133863,126
CIZAUSKAS,133863,126
CLAPSADLE,133863,126
CLEEVES,133863,126
COCKREL,133863,126
COLAGROSSI,133863,126
COMPASS,133863,126
CONSTANS,133863,126
CONSTAS,133863,126
COOLONG,133863,126
COUDRON,133863,126
CRAIGHTON,133863,126
CRAWSON,133863,126
CRISTINZIO,133863,126
CRUDDEN,133863,126
CRUZCHAVEZ,133863,126
CUBBON,133863,126
CUDO,133863,126
CULBERTH,133863,126
CUNO,133863,126
CURBELLO,133863,126
CURCIE,133863,126
CURNAN,133863,126
DABI,133863,126
DACRE,133863,126
DAMARO,133863,126
DAMAVANDI,133863,126
DAMERA,133863,126
DARPEL,133863,126
DASCOMB,133863,126
DASTOUS,133863,126
DATUS,133863,126
DAVIT,133863,126
DAVOL,133863,126
DAZLEY,133863,126
DCUNHA,133863,126
DEBENPORT,133863,126
DEBURGER,133863,126
DEFINE,133863,126
DEHMEL,133863,126
DEKELAITA,133863,126
DELACRUS,133863,126
DELCOTTO,133863,126
DELYSER,133863,126
DEPROFIO,133863,126
DESILET,133863,126
DEWHITT,133863,126
DIANGELIS,133863,126
DIAZLEAL,133863,126
DIETHORN,133863,126
DIETLE,133863,126
DIGRE,133863,126
DIMARCANTONIO,133863,126
DIPATRI,133863,126
DIRADDO,133863,126
DISTELHORST,133863,126
DODARD,133863,126
DOLSKI,133863,126
DORBOR,133863,126
DORIETY,133863,126
DOVICH,133863,126
DRAGANI,133863,126
DRAKOPOULOS,133863,126
DUBISAR,133863,126
DUBLO,133863,126
DUININCK,133863,126
DUPKE,133863,126
DZIKI,133863,126
DZUBAY,133863,126
EASSON,133863,126
EDL,133863,126
EDY,133863,126
EISAN,133863,126
ELGGREN,133863,126
ELUM,133863,126
ELWER,133863,126
ENGST,133863,126
EPNER,133863,126
ERTELL,133863,126
ESPINOBARROS,133863,126
EULO,133863,126
EWARD,133863,126
FALKENSTERN,133863,126
FAREN,133863,126
FARNIOK,133863,126
FAUSONE,133863,126
FEARNEYHOUGH,133863,126
FEISEL,133863,126
FENCEROY,133863,126
FERNANDEZLOPEZ,133863,126
FIALKOFF,133863,126
FIEGENER,133863,126
FILORAMO,133863,126
FINDELL,133863,126
FINNEL,133863,126
FIORILLA,133863,126
FIRSDON,133863,126
FISCHETTO,133863,126
FLAUTO,133863,126
FLORENO,133863,126
FLORESCASTILLO,133863,126
FOLCARELLI,133863,126
FOLCKEMER,133863,126
FORSLIN,133863,126
FRANKENBACH,133863,126
FRANTTI,133863,126
FRASCHILLA,133863,126
FRASCINO,133863,126
FROBISH,133863,126
FRUSCELLA,133863,126
FUJA,133863,126
FYLE,133863,126
GAIO,133863,126
GAJJALA,133863,126
GALINAT,133863,126
GALLAN,133863,126
GALYARDT,133863,126
GANGADEEN,133863,126
GANSMAN,133863,126
GARCIAM,133863,126
GENOVEZ,133863,126
GERARDINO,133863,126
GERNES,133863,126
GIDDIS,133863,126
GIEBELHAUS,133863,126
GIESEMANN,133863,126
GIMSON,133863,126
GIUSEFFI,133863,126
GLINSMANN,133863,126
GLOGOVSKY,133863,126
GOEZ,133863,126
GOGINS,133863,126
GOLAT,133863,126
GOLSAN,133863,126
GONZALEZROMERO,133863,126
GORBENKO,133863,126
GORMELY,133863,126
GOUGIS,133863,126
GOYANES,133863,126
GRATT,133863,126
GRAZETTE,133863,126
GREEMAN,133863,126
GREINERT,133863,126
GREK,133863,126
GRENVILLE,133863,126
GREZLIK,133863,126
GRISPINO,133863,126
GRUNWALDT,133863,126
GRYWALSKI,133863,126
GRZEBYK,133863,126
GUELDA,133863,126
GUESE,133863,126
GUINS,133863,126
GUKEISEN,133863,126
GUSEYNOV,133863,126
HAESCHE,133863,126
HAGERBAUMER,133863,126
HAGERDON,133863,126
HAGGAS,133863,126
HALLEAD,133863,126
HAMKA,133863,126
HANIFORD,133863,126
HAPPENY,133863,126
HARACZ,133863,126
HARALDSEN,133863,126
HARKONEN,133863,126
HARNETIAUX,133863,126
HARSCHE,133863,126
HASELL,133863,126
HASENBECK,133863,126
HASSELBACHER,133863,126
HATZEL,133863,126
HAWARD,133863,126
HAYA,133863,126
HEERN,133863,126
HEIGHTCHEW,133863,126
HEJMANOWSKI,133863,126
HELDING,133863,126
HEMBREY,133863,126
HEMMIS,133863,126
HENSCHELL,133863,126
HERNANDEZGARCIA,133863,126
HERPST,133863,126
HERSCHLEB,133863,126
HERSTAD,133863,126
HEVERON,133863,126
HIBPSHMAN,133863,126
HILLIMAN,133863,126
HINDMARCH,133863,126
HNATKO,133863,126
HOEFEL,133863,126
HOESLEY,133863,126
HOFFELD,133863,126
HOGIN,133863,126
HOGNER,133863,126
HOGYA,133863,126
HOLDGATE,133863,126
HOLOWAY,133863,126
HOLTREY,133863,126
HONRUD,133863,126
HORSCHEL,133863,126
HUFFNER,133863,126
HULSART,133863,126
HURLSTON,133863,126
HUSICK,133863,126
ICBAN,133863,126
ILK,133863,126
INNS,133863,126
IORILLO,133863,126
ISPAS,133863,126
JACKSONBROWN,133863,126
JACQUARD,133863,126
JACQUINOT,133863,126
JANCEK,133863,126
JANCI,133863,126
JANDRIN,133863,126
JANGA,133863,126
JANOV,133863,126
JANU,133863,126
JAYAWARDENA,133863,126
JENDRUSCH,133863,126
JETSON,133863,126
JIRKOVSKY,133863,126
JOINVILLE,133863,126
JONIAK,133863,126
JOUNI,133863,126
JUNKERSFELD,133863,126
JUNTTI,133863,126
KABANUK,133863,126
KAFANTARIS,133863,126
KAJITA,133863,126
KALANTAR,133863,126
KAMPSCHROEDER,133863,126
KANACH,133863,126
KANOFSKY,133863,126
KARAGOZIAN,133863,126
KEANAAINA,133863,126
KEANINI,133863,126
KEISTLER,133863,126
KELLOCK,133863,126
KERSWILL,133863,126
KESSING,133863,126
KICZEK,133863,126
KIENTZY,133863,126
KIESGEN,133863,126
KILLETT,133863,126
KISSIRE,133863,126
KLAM,133863,126
KLEMPAY,133863,126
KLOBNAK,133863,126
KLOPPE,133863,126
KLOTZER,133863,126
KLUZA,133863,126
KNIPMEYER,133863,126
KNOPER,133863,126
KOMISAREK,133863,126
KOMORA,133863,126
KONEK,133863,126
KORDE,133863,126
KORNBLAU,133863,126
KOSHKARYAN,133863,126
KOTZE,133863,126
KOZLOWSKY,133863,126
KRAUTBAUER,133863,126
KROOP,133863,126
KROOT,133863,126
KUHLERS,133863,126
KUNDTZ,133863,126
KUSAR,133863,126
KWILOS,133863,126
KWITOWSKI,133863,126
LACARTE,133863,126
LACONO,133863,126
LADEROUTE,133863,126
LAES,133863,126
LAIPPLY,133863,126
LAKANEN,133863,126
LALOGGIA,133863,126
LAMZ,133863,126
LANTGEN,133863,126
LARCHER,133863,126
LARISEY,133863,126
LATORA,133863,126
LAYCHAK,133863,126
LEBDA,133863,126
LEBERMAN,133863,126
LELM,133863,126
LEMANCZYK,133863,126
LENSE,133863,126
LEPA,133863,126
LICHY,133863,126
LILIENFELD,133863,126
LIPNICKI,133863,126
LIPSKA,133863,126
LISSER,133863,126
LONNIE,133863,126
LOPEX,133863,126
LOPEZCAMPOS,133863,126
LOZORIA,133863,126
LUEBBEHUSEN,133863,126
LUKMAN,133863,126
LUSSI,133863,126
LUTTINEN,133863,126
LYNGAAS,133863,126
MADDEROM,133863,126
MAHATHA,133863,126
MAIERLE,133863,126
MAIKOWSKI,133863,126
MAINKA,133863,126
MALAVET,133863,126
MALEAR,133863,126
MANEL,133863,126
MANGOL,133863,126
MANICKE,133863,126
MANITTA,133863,126
MANLUTAC,133863,126
MANNETTA,133863,126
MANSELLE,133863,126
MARGHERITA,133863,126
MARKESON,133863,126
MARSICH,133863,126
MASCHE,133863,126
MASSIN,133863,126
MASTROROCCO,133863,126
MATSCH,133863,126
MATTHEES,133863,126
MAVENCAMP,133863,126
MAZEN,133863,126
MCCAULLA,133863,126
MCKEETH,133863,126
MCKESSY,133863,126
MCVERRY,133863,126
MECCHI,133863,126
MECHER,133863,126
MEDIAN,133863,126
MEEH,133863,126
MEERSCHAERT,133863,126
MEETH,133863,126
MEGASON,133863,126
MEILSTRUP,133863,126
MEITL,133863,126
MERANO,133863,126
MERLET,133863,126
MESTEMAKER,133863,126
MEZHER,133863,126
MICAH,133863,126
MICHIELLI,133863,126
MIHAILOVIC,133863,126
MILARCH,133863,126
MINCHACA,133863,126
MIRANOWSKI,133863,126
MIYAJIMA,133863,126
MODLINSKI,133863,126
MODRICH,133863,126
MOED,133863,126
MOLLI,133863,126
MOMBER,133863,126
MOMPEROUSSE,133863,126
MONTOYO,133863,126
MORALESORTIZ,133863,126
MORSETH,133863,126
MOSQUEIRA,133863,126
MOSSET,133863,126
MOTLOW,133863,126
MOURO,133863,126
MOVSESSIAN,133863,126
MOZDEN,133863,126
MUFFLY,133863,126
MULIERI,133863,126
MULINA,133863,126
MULKERRIN,133863,126
MUNDSCHENK,133863,126
MUNOZRODRIGUEZ,133863,126
MUSHINSKY,133863,126
MUSLER,133863,126
MYKYTYN,133863,126
NAGDA,133863,126
NAKATSUKA,133863,126
NASSIMI,133863,126
NAUCK,133863,126
NAZIRI,133863,126
NEBUS,133863,126
NEETZ,133863,126
NEGUSE,133863,126
NENOW,133863,126
NISHIMORI,133863,126
NIVALA,133863,126
NOBS,133863,126
NOHRA,133863,126
NOTKIN,133863,126
NOWICK,133863,126
NUCKOLES,133863,126
OASTER,133863,126
OBERMAIER,133863,126
OBERSHAW,133863,126
OBETZ,133863,126
OBRANOVICH,133863,126
OCHO,133863,126
ODETALLAH,133863,126
ODISHOO,133863,126
ODREN,133863,126
OFIARA,133863,126
OFRIEL,133863,126
OGRIN,133863,126
OLETA,133863,126
OLITSKY,133863,126
OPFAR,133863,126
ORMON,133863,126
OROBIO,133863,126
ORS,133863,126
OSOLLO,133863,126
OUDIN,133863,126
OVIDE,133863,126
OYOUNG,133863,126
PAASCHE,133863,126
PAGUE,133863,126
PAIL,133863,126
PALANISWAMY,133863,126
PALATNIK,133863,126
PALIOTTI,133863,126
PANNUCCI,133863,126
PANOFF,133863,126
PANTEA,133863,126
PANTELIDES,133863,126
PANZNER,133863,126
PAPPS,133863,126
PARAOAN,133863,126
PASAG,133863,126
PASHOS,133863,126
PASKOW,133863,126
PASTELLA,133863,126
PATRAM,133863,126
PECAK,133863,126
PEKLO,133863,126
PERARD,133863,126
PERS,133863,126
PIECHOCINSKI,133863,126
PISTRITTO,133863,126
PITARRESI,133863,126
PIVNICK,133863,126
PLAVSIC,133863,126
PLINSKI,133863,126
PLOCEK,133863,126
PLUES,133863,126
PLUTT,133863,126
PODHAJSKY,133863,126
POPPENHAGEN,133863,126
PORTACIO,133863,126
POTWORA,133863,126
PRANO,133863,126
PREZEAU,133863,126
PROFUMO,133863,126
PROKUPEK,133863,126
PUEPPKE,133863,126
PUGHSLEY,133863,126
PULL,133863,126
PYC,133863,126
QUILANTANG,133863,126
QUILIMACO,133863,126
QUINERLY,133863,126
QUINTEL,133863,126
RABORG,133863,126
RACKER,133863,126
RADICHEL,133863,126
RADOSH,133863,126
RAIANO,133863,126
RAKAS,133863,126
RAKOVIC,133863,126
RALLINGS,133863,126
RAMSETH,133863,126
RANSFER,133863,126
RAPADAS,133863,126
RATHJENS,133863,126
RCOM,133863,126
RECA,133863,126
REICHHART,133863,126
REIFFER,133863,126
REINL,133863,126
REK,133863,126
RESMINI,133863,126
RETAN,133863,126
REUMANN,133863,126
REUTEBUCH,133863,126
RICHARS,133863,126
RICHOTTE,133863,126
RIEFFEL,133863,126
RIESTENBERG,133863,126
RIMOLDI,133863,126
RITTMILLER,133863,126
RIXFORD,133863,126
ROCERO,133863,126
ROCKWEILER,133863,126
ROEMELING,133863,126
ROETHEMEYER,133863,126
ROGOSKI,133863,126
ROJESKI,133863,126
ROMEROFLORES,133863,126
ROOKSBERRY,133863,126
ROSSELAND,133863,126
RUBERA,133863,126
RUCCO,133863,126
RUCKA,133863,126
RUCZYNSKI,133863,126
RUDMANN,133863,126
RUDROFF,133863,126
RUDZITIS,133863,126
RUMBEL,133863,126
RUSSITANO,133863,126
RUSTAMOV,133863,126
RUSTICK,133863,126
SAINTUS,133863,126
SAIR,133863,126
SALAVARRIA,133863,126
SALIMA,133863,126
SALOWITZ,133863,126
SANDFER,133863,126
SANTINELLI,133863,126
SAULPAUGH,133863,126
SAURE,133863,126
SAVIA,133863,126
SCHACHTSCHNEIDE,133863,126
SCHAEPPI,133863,126
SCHALLENBERGER,133863,126
SCHARLOW,133863,126
SCHEFFEY,133863,126
SCHEITER,133863,126
SCHELLHAS,133863,126
SCHILTER,133863,126
SCHIMPFF,133863,126
SCHLEINKOFER,133863,126
SCHRIPSEMA,133863,126
SCHWUCHOW,133863,126
SCIBERRAS,133863,126
SCIUTTO,133863,126
SEABOY,133863,126
SEITHEL,133863,126
SELNICK,133863,126
SEREIKA,133863,126
SHAHZADI,133863,126
SHOKES,133863,126
SIBILIO,133863,126
SICKBERT,133863,126
SIERA,133863,126
SIGNORELLA,133863,126
SINEY,133863,126
SIRABELLA,133863,126
SJURSEN,133863,126
SKILLINGTON,133863,126
SKROVE,133863,126
SLARK,133863,126
SLIMICK,133863,126
SLIPPY,133863,126
SLOW,133863,126
SMOLSKI,133863,126
SNOE,133863,126
SOMORA,133863,126
SOTOSOTO,133863,126
SOUBLET,133863,126
SOUCHEK,133863,126
SPAINE,133863,126
SPASIC,133863,126
SPAUN,133863,126
SPIERER,133863,126
SPIREK,133863,126
SQUIRRELL,133863,126
STAGI,133863,126
STAPOR,133863,126
STARINSKY,133863,126
STATILE,133863,126
STATS,133863,126
STAURING,133863,126
STAUTS,133863,126
STEADING,133863,126
STIEGEL,133863,126
STIETZ,133863,126
STILGER,133863,126
STIPETICH,133863,126
STOLA,133863,126
STOLOWSKI,133863,126
STOUGHTENGER,133863,126
STOUTEN,133863,126
STRABEL,133863,126
SUDNIK,133863,126
SUESCUN,133863,126
SUEY,133863,126
SUSNIK,133863,126
SWEENIE,133863,126
SWITSER,133863,126
SYRIA,133863,126
SZCZECHOWSKI,133863,126
SZEMPRUCH,133863,126
TABAS,133863,126
TALADAY,133863,126
TANLEY,133863,126
TANNIEHILL,133863,126
TARGOSZ,133863,126
TAUNT,133863,126
TCHANG,133863,126
TEBALDI,133863,126
TEBERG,133863,126
TECALERO,133863,126
TEPSIC,133863,126
TETMEYER,133863,126
THARIN,133863,126
THEAGENE,133863,126
THESIER,133863,126
THIRKIELD,133863,126
TIEFENAUER,133863,126
TIMKE,133863,126
TINETTI,133863,126
TITOLO,133863,126
TOJIN,133863,126
TOLIFSON,133863,126
TOPCHYAN,133863,126
TORMALA,133863,126
TOROLA,133863,126
TORRANS,133863,126
TORRESCASTILLO,133863,126
TORTOLANO,133863,126
TRABOSH,133863,126
TRAMUTOLA,133863,126
TREFTZ,133863,126
TREN,133863,126
TRENNEPOHL,133863,126
TRITTSCHUH,133863,126
TROJCAK,133863,126
TSAKOS,133863,126
TUNNING,133863,126
TURZINSKI,133863,126
TUURA,133863,126
TYLMAN,133863,126
UEBBING,133863,126
UGUR,133863,126
UKLEJA,133863,126
UPADHYA,133863,126
UPMAN,133863,126
URANO,133863,126
URBAUER,133863,126
USITALO,133863,126
VADINO,133863,126
VAIA,133863,126
VALANTINE,133863,126
VALZ,133863,126
VANAKIN,133863,126
VANDERCAR,133863,126
VANDERTUIN,133863,126
VANDIVNER,133863,126
VANLUCHENE,133863,126
VANORSDOL,133863,126
VANRIJN,133863,126
VANSTEENBERG,133863,126
VANWETTERING,133863,126
VANWYCHEN,133863,126
VARADA,133863,126
VARRIOS,133863,126
VATLAND,133863,126
VELER,133863,126
VELU,133863,126
VENIEGAS,133863,126
VERE,133863,126
VERNOT,133863,126
VICIAN,133863,126
VIGUERIE,133863,126
VISCOME,133863,126
VISOSKY,133863,126
VIVEK,133863,126
VLIEM,133863,126
VODRASKA,133863,126
VORENKAMP,133863,126
WAKSMUNSKI,133863,126
WALKNER,133863,126
WALTIMYER,133863,126
WARTCHOW,133863,126
WARTHER,133863,126
WASICK,133863,126
WEENER,133863,126
WEESIES,133863,126
WEFER,133863,126
WEINGARTH,133863,126
WELLMEIER,133863,126
WENHOLZ,133863,126
WENTZLOFF,133863,126
WERDEBAUGH,133863,126
WHETTON,133863,126
WIELING,133863,126
WILLIMAN,133863,126
WINESBERRY,133863,126
WISNASKY,133863,126
WOHLT,133863,126
WOHRLE,133863,126
WOLFKIEL,133863,126
WOLLACK,133863,126
WOZNICA,133863,126
YADEGARI,133863,126
YIKE,133863,126
YONEY,133863,126
YUVIENCO,133863,126
ZAISS,133863,126
ZALDUMBIDE,133863,126
ZELINSKE,133863,126
ZIGRANG,133863,126
ZINCKE,133863,126
ZINGERMAN,133863,126
ZITOMER,133863,126
ZOLDOS,133863,126
ZOLLERS,133863,126
ZUTELL,133863,126
ZVONEK,133863,126
ABANG,134712,125
ABDULMAJID,134712,125
ACHANE,134712,125
ADEJUMO,134712,125
AESOPH,134712,125
AGBUNAG,134712,125
AGUIGUI,134712,125
AJDARI,134712,125
AJPOP,134712,125
AKINSOLA,134712,125
ALAMEDDINE,134712,125
ALANDT,134712,125
ALCALAN,134712,125
ALCANTA,134712,125
ALECCI,134712,125
ALIKHANI,134712,125
ALLISTER,134712,125
ALMERICO,134712,125
AMPY,134712,125
AMSALEM,134712,125
AMSELLEM,134712,125
ANAGNOSTIS,134712,125
ANDONOV,134712,125
ANDORF,134712,125
ANEKWE,134712,125
ANGI,134712,125
ARAPOVIC,134712,125
ARBIT,134712,125
AREGA,134712,125
ARGEROS,134712,125
ARINO,134712,125
ARMALY,134712,125
ARTIGUES,134712,125
ASCHETTINO,134712,125
ASIRE,134712,125
ASLESEN,134712,125
ASNES,134712,125
ASTILLERO,134712,125
ASTRACHAN,134712,125
AVITAL,134712,125
AZIZOVA,134712,125
BABBY,134712,125
BABILON,134712,125
BACHTA,134712,125
BADINGER,134712,125
BAGAI,134712,125
BALCK,134712,125
BANDLA,134712,125
BARCHAK,134712,125
BARDGETT,134712,125
BARSAN,134712,125
BARTHOLOMAUS,134712,125
BARTUCH,134712,125
BASALLO,134712,125
BAUHOF,134712,125
BAURICHTER,134712,125
BAZYK,134712,125
BECHAM,134712,125
BECKINGER,134712,125
BEGUIRISTAIN,134712,125
BEHRHORST,134712,125
BELLAM,134712,125
BELLNER,134712,125
BEMONT,134712,125
BENZLER,134712,125
BERIS,134712,125
BERKENBILE,134712,125
BERKNESS,134712,125
BERRELL,134712,125
BESHER,134712,125
BEZET,134712,125
BICKART,134712,125
BIJARRO,134712,125
BILLBE,134712,125
BILLION,134712,125
BILSLAND,134712,125
BILSTEIN,134712,125
BINDUS,134712,125
BIORDI,134712,125
BIRN,134712,125
BISCONER,134712,125
BISNETTE,134712,125
BITTERMANN,134712,125
BLAKELOCK,134712,125
BLEM,134712,125
BLOKZYL,134712,125
BLOTZ,134712,125
BLUTHARDT,134712,125
BOHOT,134712,125
BONACK,134712,125
BONADONA,134712,125
BONEFAS,134712,125
BOOLE,134712,125
BORJE,134712,125
BOUDLE,134712,125
BOUKER,134712,125
BOUVY,134712,125
BOWINS,134712,125
BRAITH,134712,125
BRATCHETT,134712,125
BRATRUD,134712,125
BREEMS,134712,125
BRESLAW,134712,125
BRETTMANN,134712,125
BRITON,134712,125
BRIZAN,134712,125
BRODEEN,134712,125
BROFFMAN,134712,125
BROMWICH,134712,125
BRUECKER,134712,125
BRUMGARD,134712,125
BRUNDIN,134712,125
BRUZA,134712,125
BRZEZNIAK,134712,125
BUCSIT,134712,125
BUDRO,134712,125
BUDWAY,134712,125
BURRA,134712,125
BURTLOW,134712,125
BUSENLEHNER,134712,125
CABUHAT,134712,125
CAD,134712,125
CAES,134712,125
CAINION,134712,125
CALDARON,134712,125
CAMUTI,134712,125
CANDELO,134712,125
CANTIELLO,134712,125
CAPRANICA,134712,125
CAPUZZO,134712,125
CARISTI,134712,125
CARLSRUD,134712,125
CAUSA,134712,125
CAWEIN,134712,125
CEDERLUND,134712,125
CER,134712,125
CHANDAN,134712,125
CHARPIA,134712,125
CHASSIN,134712,125
CHELEDNIK,134712,125
CHESNES,134712,125
CHIACCHIA,134712,125
CHIAVACCI,134712,125
CHOPE,134712,125
CHRISOS,134712,125
CHUNDURI,134712,125
CHUPIK,134712,125
CIGAN,134712,125
CINTI,134712,125
COANE,134712,125
COLECCHIA,134712,125
COLUMBER,134712,125
CONTENTE,134712,125
COTTREL,134712,125
COUDRET,134712,125
CRAMOND,134712,125
CRANTON,134712,125
CREAVEN,134712,125
CULLOR,134712,125
DAEHNKE,134712,125
DAGHLIAN,134712,125
DALMASI,134712,125
DALTERIO,134712,125
DANINO,134712,125
DARABAN,134712,125
DASO,134712,125
DATER,134712,125
DAVIDOVIC,134712,125
DAVIED,134712,125
DEAMARAL,134712,125
DEARSTINE,134712,125
DECANO,134712,125
DEFEVERS,134712,125
DEINERT,134712,125
DEISING,134712,125
DELJANIN,134712,125
DELLOBUONO,134712,125
DEMOTTS,134712,125
DERUBERTIS,134712,125
DESHNER,134712,125
DEWRELL,134712,125
DEYA,134712,125
DIAKHATE,134712,125
DIEPENHORST,134712,125
DIEYE,134712,125
DILAG,134712,125
DIMAGIBA,134712,125
DINDIA,134712,125
DISKO,134712,125
DOILEY,134712,125
DOMINELLI,134712,125
DONABAUER,134712,125
DONJON,134712,125
DOSSANI,134712,125
DREER,134712,125
DREFKE,134712,125
DREITLEIN,134712,125
DUCCINI,134712,125
DUCSAY,134712,125
DUENWALD,134712,125
DURAISAMY,134712,125
EASTERN,134712,125
EDOM,134712,125
EGBO,134712,125
EGURE,134712,125
EHLEY,134712,125
EHRGOOD,134712,125
EIKLOR,134712,125
EKHATOR,134712,125
ELBOGEN,134712,125
ELICEA,134712,125
ELIXSON,134712,125
ELKHOURI,134712,125
ELOY,134712,125
ELWORTH,134712,125
ENDERLEIN,134712,125
ENGAN,134712,125
EVARTT,134712,125
EWASKO,134712,125
FABYAN,134712,125
FALCETTA,134712,125
FALETTO,134712,125
FAMULARI,134712,125
FARRERA,134712,125
FASENMYER,134712,125
FAYA,134712,125
FEDICK,134712,125
FEEZLE,134712,125
FENA,134712,125
FIBER,134712,125
FIELDERS,134712,125
FIENGO,134712,125
FIESS,134712,125
FILIAGGI,134712,125
FINKELSON,134712,125
FITZSIMONDS,134712,125
FJELLMAN,134712,125
FLORESMENDOZA,134712,125
FOLLER,134712,125
FOULON,134712,125
FOURTE,134712,125
FRAMENT,134712,125
FRESOLONE,134712,125
FUSSNECKER,134712,125
FUZY,134712,125
GADSEN,134712,125
GAFFER,134712,125
GALEONE,134712,125
GALLINDO,134712,125
GALLONE,134712,125
GALMISH,134712,125
GANIO,134712,125
GANITANO,134712,125
GANSHORN,134712,125
GARVENS,134712,125
GAZDECKI,134712,125
GEARITY,134712,125
GEASLAND,134712,125
GEBREGIORGIS,134712,125
GERGITS,134712,125
GHALAYINI,134712,125
GHERNA,134712,125
GIGUIERE,134712,125
GINGRASS,134712,125
GITTHENS,134712,125
GJATA,134712,125
GLASSMYER,134712,125
GLOCKZIN,134712,125
GMACH,134712,125
GOLPE,134712,125
GOLUBCHIK,134712,125
GONZALEZVEGA,134712,125
GOTCHALL,134712,125
GRABOWY,134712,125
GRASSINI,134712,125
GREBENC,134712,125
GREDLER,134712,125
GREIL,134712,125
GRESKA,134712,125
GRIBLER,134712,125
GRINNEN,134712,125
GRISELL,134712,125
GROTA,134712,125
GRZYWNA,134712,125
GUNAYDIN,134712,125
GUSSO,134712,125
HABERSTICH,134712,125
HADLOW,134712,125
HAGARMAN,134712,125
HAISS,134712,125
HAKANSSON,134712,125
HALADAY,134712,125
HALGAS,134712,125
HALGRIMSON,134712,125
HAMEDANI,134712,125
HANDLEN,134712,125
HANVILLE,134712,125
HANZLICEK,134712,125
HARDACKER,134712,125
HARHARA,134712,125
HARRENSTEIN,134712,125
HARTNAGLE,134712,125
HARTWEG,134712,125
HASANAJ,134712,125
HAYDUKE,134712,125
HEMMY,134712,125
HENSGENS,134712,125
HERCIK,134712,125
HERNANDEZCORTE,134712,125
HERNANDEZPENA,134712,125
HERNY,134712,125
HEYERLY,134712,125
HILLEBERT,134712,125
HILLJE,134712,125
HOCKENSON,134712,125
HOEYE,134712,125
HOGU,134712,125
HOGUET,134712,125
HOLEM,134712,125
HOLIWAY,134712,125
HOLUBEK,134712,125
HOLZE,134712,125
HOMERE,134712,125
HONGSERMEIER,134712,125
HOPPIS,134712,125
HOWA,134712,125
HUEBBE,134712,125
HULCY,134712,125
HUSARY,134712,125
HUTKOWSKI,134712,125
HYVARINEN,134712,125
ILVENTO,134712,125
INAM,134712,125
INGLIN,134712,125
JABALERA,134712,125
JACOPS,134712,125
JAGADEESAN,134712,125
JAGLAL,134712,125
JAQUE,134712,125
JILK,134712,125
JOHSTON,134712,125
JOLIAT,134712,125
JORDI,134712,125
JUKER,134712,125
JUMANI,134712,125
KADNER,134712,125
KAFFKA,134712,125
KALLISH,134712,125
KALLOS,134712,125
KALSKI,134712,125
KALUHIOKALANI,134712,125
KAMAHELE,134712,125
KAMANA,134712,125
KATTERHEINRICH,134712,125
KEET,134712,125
KEIPERT,134712,125
KEKONA,134712,125
KEKUEWA,134712,125
KEMNETZ,134712,125
KENDREW,134712,125
KENMORE,134712,125
KENOW,134712,125
KEROACK,134712,125
KETCHELL,134712,125
KHAZAN,134712,125
KIEBACH,134712,125
KINLIN,134712,125
KIRCHHEIMER,134712,125
KIRIHARA,134712,125
KISWANI,134712,125
KLAKAMP,134712,125
KLESH,134712,125
KLIESCH,134712,125
KLISS,134712,125
KLOVSTAD,134712,125
KNAPIC,134712,125
KNOCHENMUS,134712,125
KNOTEN,134712,125
KNOUF,134712,125
KOBRICK,134712,125
KOELLN,134712,125
KOLLBAUM,134712,125
KOMIVES,134712,125
KONSHAK,134712,125
KOPACKI,134712,125
KOPIETZ,134712,125
KOPPING,134712,125
KORNELE,134712,125
KOSMERL,134712,125
KOSZELA,134712,125
KOWARSCH,134712,125
KRAWIETZ,134712,125
KREAIS,134712,125
KRIPPENDORF,134712,125
KROYER,134712,125
KSOBIECH,134712,125
KUDEJ,134712,125
KUHLMEY,134712,125
KURZENBERGER,134712,125
LACASCIA,134712,125
LACHEY,134712,125
LACOME,134712,125
LACORAZZA,134712,125
LADENHEIM,134712,125
LAFF,134712,125
LAGERBERG,134712,125
LAGERSTEDT,134712,125
LAMACK,134712,125
LAMPH,134712,125
LATEK,134712,125
LATORRES,134712,125
LAVARREDA,134712,125
LEATHERBARROW,134712,125
LEAYM,134712,125
LEBEDEVA,134712,125
LEIBSON,134712,125
LEPIEN,134712,125
LEVITSKI,134712,125
LIBEN,134712,125
LICCARDO,134712,125
LIMBER,134712,125
LINDEROTH,134712,125
LISCHKE,134712,125
LIVELLI,134712,125
LOIDA,134712,125
LOIODICE,134712,125
LOPANE,134712,125
LOSIE,134712,125
LOTER,134712,125
LOUTFI,134712,125
LOVERICH,134712,125
LUANGRAJ,134712,125
LUBRIN,134712,125
LUMP,134712,125
LUNEMANN,134712,125
LUTMER,134712,125
LUTTERMOSER,134712,125
MACHOWICZ,134712,125
MAGENHEIM,134712,125
MAGNARELLI,134712,125
MAIOLA,134712,125
MAJAK,134712,125
MAKSYMOWICZ,134712,125
MALEE,134712,125
MALETT,134712,125
MANANTAN,134712,125
MANCERO,134712,125
MANGIARELLI,134712,125
MANNIELLO,134712,125
MANOUGIAN,134712,125
MANSBRIDGE,134712,125
MANZINI,134712,125
MAPPIN,134712,125
MARCHILDON,134712,125
MARGARIT,134712,125
MARGRAVES,134712,125
MARILLO,134712,125
MARJAMAA,134712,125
MARKULIS,134712,125
MARRETTA,134712,125
MASCARELLI,134712,125
MASCHAL,134712,125
MASSELL,134712,125
MASTERJOHN,134712,125
MASUI,134712,125
MATHEN,134712,125
MATLOFF,134712,125
MATSUKI,134712,125
MCCLIMENT,134712,125
MCELHANON,134712,125
MCELHENIE,134712,125
MCGAUGHRAN,134712,125
MCGILBRA,134712,125
MCKENIZE,134712,125
MCMELLEN,134712,125
MCQUALITY,134712,125
MCQUEENY,134712,125
MCVANE,134712,125
MEAKIM,134712,125
MECHELL,134712,125
MEIDLINGER,134712,125
MELAS,134712,125
MELISSA,134712,125
MEMMELAAR,134712,125
MEMS,134712,125
MENEGHIN,134712,125
MENKO,134712,125
MENOZZI,134712,125
MERKISON,134712,125
METT,134712,125
MEXICAN,134712,125
MEZYDLO,134712,125
MIDA,134712,125
MIKKONEN,134712,125
MIKLAVCIC,134712,125
MILOVIC,134712,125
MIRZAYAN,134712,125
MITIKU,134712,125
MIZIKAR,134712,125
MOELLENDORF,134712,125
MOLIGA,134712,125
MOMA,134712,125
MOMBRUN,134712,125
MONARD,134712,125
MONCHAMP,134712,125
MONCIBAIS,134712,125
MONDRO,134712,125
MONTANILE,134712,125
MONTELARO,134712,125
MONTPELIER,134712,125
MORAT,134712,125
MOSCHITTA,134712,125
MOUZAKITIS,134712,125
MOZINA,134712,125
MUIRBROOK,134712,125
MUNKERS,134712,125
MUNOZTORRES,134712,125
MURAKAWA,134712,125
MURALT,134712,125
MURISON,134712,125
MURKS,134712,125
MUSSATTI,134712,125
MUTTILLO,134712,125
NADIM,134712,125
NAFARRATE,134712,125
NAGO,134712,125
NAGURNEY,134712,125
NARBUT,134712,125
NAREA,134712,125
NATOLE,134712,125
NAVAJO,134712,125
NAVI,134712,125
NEADING,134712,125
NEGUSSE,134712,125
NEVADA,134712,125
NGIGI,134712,125
NIEBES,134712,125
NIGAGLIONI,134712,125
NIMKE,134712,125
NIOUS,134712,125
NITZKE,134712,125
NOLTER,134712,125
NORDBECK,134712,125
NORDWICK,134712,125
NORTRUP,134712,125
NOSTROM,134712,125
NOVOBILSKI,134712,125
OBEIDAT,134712,125
OBITZ,134712,125
OHRTMAN,134712,125
OJITO,134712,125
OKERT,134712,125
OLLERO,134712,125
OLUSANYA,134712,125
ORTAGA,134712,125
ORVILLE,134712,125
ORZA,134712,125
OSINOWO,134712,125
OTSTOT,134712,125
PACHMAN,134712,125
PALMES,134712,125
PALTZER,134712,125
PAROLINE,134712,125
PARSCAL,134712,125
PARTIDO,134712,125
PASNIK,134712,125
PASON,134712,125
PASSAUER,134712,125
PASTENA,134712,125
PATRISSI,134712,125
PATULSKI,134712,125
PAULETT,134712,125
PAYEA,134712,125
PAZAR,134712,125
PECAR,134712,125
PELAS,134712,125
PENWRIGHT,134712,125
PERCEFULL,134712,125
PERLSON,134712,125
PEROW,134712,125
PETHE,134712,125
PETKER,134712,125
PETRUSKY,134712,125
PEZZE,134712,125
PHANCO,134712,125
PIEH,134712,125
PIERREJEAN,134712,125
PINKHASOVA,134712,125
PIVIK,134712,125
PIZZOLO,134712,125
PLAEHN,134712,125
PLAUGER,134712,125
PLUAS,134712,125
PODOBINSKI,134712,125
POELLINGER,134712,125
POETKER,134712,125
POLEWSKI,134712,125
POLLUM,134712,125
POMARE,134712,125
POMFREY,134712,125
PORPIGLIA,134712,125
POSUSTA,134712,125
POUGET,134712,125
POVOLNY,134712,125
PRAJZNER,134712,125
PROKOPIAK,134712,125
PRONTO,134712,125
PROOS,134712,125
PSZENNY,134712,125
PULIZZANO,134712,125
PULTS,134712,125
PURSCHE,134712,125
PUTORTI,134712,125
PYREK,134712,125
PYRYT,134712,125
QUAAL,134712,125
QUADRINO,134712,125
QUEARY,134712,125
QUECK,134712,125
QUEZADAS,134712,125
QUILON,134712,125
QUINALTY,134712,125
QUINZI,134712,125
RACCO,134712,125
RADANDT,134712,125
RAHAT,134712,125
RAIMI,134712,125
RALBOVSKY,134712,125
RAMAZANI,134712,125
RAMESSAR,134712,125
RAMONT,134712,125
RANSTEAD,134712,125
RAVEENDRAN,134712,125
RAWAY,134712,125
REIFENBERG,134712,125
REISTROFFER,134712,125
REMINE,134712,125
REMS,134712,125
RENIGAR,134712,125
RENTEL,134712,125
RESTAURO,134712,125
RESZEL,134712,125
RETANO,134712,125
RETTIE,134712,125
RIVERARUIZ,134712,125
RODEGHIER,134712,125
RODRIDUEZ,134712,125
RODTS,134712,125
ROELING,134712,125
RONALDS,134712,125
RONY,134712,125
ROSANSKY,134712,125
ROSCIGNO,134712,125
ROUGEOU,134712,125
ROUSCULP,134712,125
ROWL,134712,125
RUBACHA,134712,125
RUCKRIEGEL,134712,125
RUDLAFF,134712,125
RUMANS,134712,125
RUSHIA,134712,125
RYDZYNSKI,134712,125
RYTERSKI,134712,125
SABETTI,134712,125
SABHA,134712,125
SABILLO,134712,125
SABUS,134712,125
SAGOO,134712,125
SAHANI,134712,125
SAHEB,134712,125
SAIFULLAH,134712,125
SAIKALI,134712,125
SAINTAMAND,134712,125
SAINTZ,134712,125
SALAYA,134712,125
SALLIER,134712,125
SALPETER,134712,125
SALTKILL,134712,125
SALTSGIVER,134712,125
SANDONE,134712,125
SATLER,134712,125
SCANDIFFIO,134712,125
SCARMARDO,134712,125
SCHACKART,134712,125
SCHIEB,134712,125
SCHLAPPICH,134712,125
SCHMOEKEL,134712,125
SCHMOOCK,134712,125
SCHNEEWEISS,134712,125
SCHOOS,134712,125
SCHRENKER,134712,125
SCHUBE,134712,125
SCHUBERG,134712,125
SCHUNCK,134712,125
SCOUT,134712,125
SCRAPE,134712,125
SELLWOOD,134712,125
SELLY,134712,125
SELVIA,134712,125
SENDEN,134712,125
SERAFICA,134712,125
SETAREH,134712,125
SHABOT,134712,125
SHAFNER,134712,125
SHAKARIAN,134712,125
SHAVOR,134712,125
SHIAH,134712,125
SHIBLER,134712,125
SHIMANSKI,134712,125
SHIMURA,134712,125
SHIROTA,134712,125
SHOLEY,134712,125
SIAZON,134712,125
SICAN,134712,125
SIDERIO,134712,125
SIGWALT,134712,125
SILIPO,134712,125
SILLETTO,134712,125
SIMANJUNTAK,134712,125
SINGMASTER,134712,125
SINNES,134712,125
SIUFANUA,134712,125
SKARKA,134712,125
SKILLETT,134712,125
SLACHTER,134712,125
SLIPHER,134712,125
SMAZAL,134712,125
SMINKEY,134712,125
SMIRES,134712,125
SMYCZYNSKI,134712,125
SNYMAN,134712,125
SOCRATES,134712,125
SODOMA,134712,125
SONIS,134712,125
SPAMAN,134712,125
SPAMER,134712,125
SPELLICY,134712,125
SPERANZO,134712,125
SPLIETHOF,134712,125
SPYKE,134712,125
STABEL,134712,125
STACKLIN,134712,125
STADELMAIER,134712,125
STAEGER,134712,125
STALA,134712,125
STASEL,134712,125
STASKOWSKI,134712,125
STAWECKI,134712,125
STEBEL,134712,125
STEENECK,134712,125
STENT,134712,125
STICHLER,134712,125
STINEBISER,134712,125
STRAHIN,134712,125
STRATING,134712,125
STROSAHL,134712,125
STUBENVOLL,134712,125
STUCCHI,134712,125
STUDDS,134712,125
STWALLEY,134712,125
SUAPAIA,134712,125
SUBIK,134712,125
SUCHSLAND,134712,125
SUCIC,134712,125
SURUY,134712,125
SWANT,134712,125
SWEATTE,134712,125
SZWAST,134712,125
TAGTMEYER,134712,125
TAITZ,134712,125
TALLEN,134712,125
TALLEUR,134712,125
TAMULEVICH,134712,125
TANGALIN,134712,125
TANGI,134712,125
TARABORRELLI,134712,125
TASIC,134712,125
TEETZ,134712,125
TEGLER,134712,125
TELENKO,134712,125
TELEZ,134712,125
TEMPONE,134712,125
TERLISNER,134712,125
THUENTE,134712,125
THUMMALA,134712,125
THYGERSON,134712,125
TORNBLOM,134712,125
TOUB,134712,125
TRABING,134712,125
TRAMBLEY,134712,125
TRAUTHWEIN,134712,125
TREWEEK,134712,125
TRINKL,134712,125
TRUNKO,134712,125
TSCHAKERT,134712,125
TSCHOSIK,134712,125
TUMMEL,134712,125
TUYLS,134712,125
TWEIT,134712,125
TYAS,134712,125
UCLARAY,134712,125
UECKE,134712,125
UHLENBRAUCK,134712,125
ULOTH,134712,125
UNERTL,134712,125
USS,134712,125
UTSMAN,134712,125
VAGNOZZI,134712,125
VALLOW,134712,125
VANDI,134712,125
VANDORAN,134712,125
VARRON,134712,125
VEGASANCHEZ,134712,125
VELAGA,134712,125
VENEROS,134712,125
VERFURTH,134712,125
VERNAZA,134712,125
VIERSTRA,134712,125
VIGARIO,134712,125
VILLARICA,134712,125
VLADIC,134712,125
VOJTEK,134712,125
VONEYE,134712,125
VONHOLDT,134712,125
VONVILLE,134712,125
VOSSELLER,134712,125
VROEGINDEWEY,134712,125
WALHOOD,134712,125
WALTERMEYER,134712,125
WARDIAN,134712,125
WARME,134712,125
WASSO,134712,125
WATARI,134712,125
WATJEN,134712,125
WEATHERSON,134712,125
WEDERSKI,134712,125
WEIHING,134712,125
WEINANDY,134712,125
WEIZMAN,134712,125
WELPER,134712,125
WELSCHMEYER,134712,125
WERBLOW,134712,125
WERNETT,134712,125
WERREN,134712,125
WESTERMAYER,134712,125
WHIMPEY,134712,125
WHITTENBARGER,134712,125
WIESKE,134712,125
WILKOFF,134712,125
WILLHAM,134712,125
WILMSMEYER,134712,125
WIRTALA,134712,125
WISCHNEWSKY,134712,125
WISTRAND,134712,125
WIUFF,134712,125
WLAZLO,134712,125
WLECZYK,134712,125
WOHLHUETER,134712,125
WOODLY,134712,125
WOOP,134712,125
WRIEDEN,134712,125
WRIGLESWORTH,134712,125
WYRZYKOWSKI,134712,125
YANACEK,134712,125
YENGLIN,134712,125
YEUN,134712,125
YOUNKMAN,134712,125
YUKON,134712,125
ZAENGLEIN,134712,125
ZAIDE,134712,125
ZAKIN,134712,125
ZAMZAMI,134712,125
ZAVER,134712,125
ZAVERL,134712,125
ZEIGENBEIN,134712,125
ZEIMER,134712,125
ZELANO,134712,125
ZEMSKY,134712,125
ZIMRING,134712,125
ZIVNEY,134712,125
ZWEYGARDT,134712,125
ABANDO,135593,124
ABDULRAZAK,135593,124
ABIMBOLA,135593,124
ABITUA,135593,124
ABREV,135593,124
ACATITLAN,135593,124
ACKELSON,135593,124
ACOSTALOPEZ,135593,124
ADATO,135593,124
ADERMANN,135593,124
AGPALO,135593,124
AHLEFELD,135593,124
AKUTAGAWA,135593,124
ALAMMARI,135593,124
ALCOS,135593,124
ALEC,135593,124
ALEWEL,135593,124
ALEXAKOS,135593,124
ALISE,135593,124
ALLARA,135593,124
ALMACK,135593,124
ALSABBAGH,135593,124
ALTUS,135593,124
ALVIRDE,135593,124
AMALFI,135593,124
AMATORE,135593,124
ANANIAS,135593,124
ANDOR,135593,124
ANDRIOPOULOS,135593,124
ANTENEH,135593,124
ANTKIEWICZ,135593,124
APON,135593,124
APPICE,135593,124
ARETAKIS,135593,124
ARGUILEZ,135593,124
ARLE,135593,124
ARRAZCAETA,135593,124
ARRIETTA,135593,124
ARRYO,135593,124
ARTY,135593,124
ARUL,135593,124
ASRES,135593,124
ASSOULINE,135593,124
ATHANASIADIS,135593,124
ATOUI,135593,124
AUFFERT,135593,124
AUSTERMILLER,135593,124
AYONA,135593,124
BABAKHANOV,135593,124
BACKFISCH,135593,124
BAGDASAROV,135593,124
BAIGORRIA,135593,124
BALASUNDARAM,135593,124
BALAZY,135593,124
BALLAND,135593,124
BAMBICO,135593,124
BANGSUND,135593,124
BANIGAN,135593,124
BARANIK,135593,124
BARNSWELL,135593,124
BARRUETO,135593,124
BARTIROMO,135593,124
BATULA,135593,124
BAZZOLI,135593,124
BEGAM,135593,124
BEHAM,135593,124
BELLEY,135593,124
BELLINGAR,135593,124
BELONEY,135593,124
BELONG,135593,124
BEMBURY,135593,124
BENDIT,135593,124
BERNATCHEZ,135593,124
BERR,135593,124
BERTUCCELLI,135593,124
BERTY,135593,124
BETRAND,135593,124
BICKNASE,135593,124
BIERRIA,135593,124
BILITER,135593,124
BINCKLEY,135593,124
BINDLEY,135593,124
BLIESENER,135593,124
BLOEMERS,135593,124
BOCAN,135593,124
BOERI,135593,124
BOGEDAIN,135593,124
BOGORAD,135593,124
BOOKHAMMER,135593,124
BORZICK,135593,124
BOUCHEE,135593,124
BRAGMAN,135593,124
BRAIL,135593,124
BRAMON,135593,124
BREFKA,135593,124
BRENAMAN,135593,124
BRENOT,135593,124
BREZNAK,135593,124
BRICKNELL,135593,124
BRIENEN,135593,124
BRITES,135593,124
BROSHOUS,135593,124
BROWNYARD,135593,124
BROYDE,135593,124
BUNDOCK,135593,124
BURRESON,135593,124
BURSACK,135593,124
BUSGITH,135593,124
BUSHING,135593,124
BUTKEVICH,135593,124
BUTOW,135593,124
BUTZLER,135593,124
CABRERALOPEZ,135593,124
CABUSAO,135593,124
CAFISO,135593,124
CAHANIN,135593,124
CAJIC,135593,124
CALVANICO,135593,124
CAMARANO,135593,124
CAMBALIZA,135593,124
CANNESTRA,135593,124
CARABINE,135593,124
CARCIOPPOLO,135593,124
CARRAFIELLO,135593,124
CAVALLUCCI,135593,124
CAVELLI,135593,124
CENTILLI,135593,124
CERDENA,135593,124
CERECEREZ,135593,124
CERENO,135593,124
CESTRA,135593,124
CHAET,135593,124
CHAIX,135593,124
CHAMPER,135593,124
CHANAY,135593,124
CHAPPIE,135593,124
CHAPPIUS,135593,124
CHIAN,135593,124
CHOISSER,135593,124
CHOITZ,135593,124
CHORZEMPA,135593,124
CIAVATTONE,135593,124
CIHON,135593,124
CINTOLO,135593,124
CIOCAN,135593,124
CIRCELLO,135593,124
CLOUDE,135593,124
CODEY,135593,124
COFELL,135593,124
COLLERA,135593,124
COLOTL,135593,124
CONSUELOS,135593,124
CORBEN,135593,124
CORBLEY,135593,124
CORCIO,135593,124
CORIATY,135593,124
CORZATT,135593,124
COSTACHE,135593,124
COVELESKI,135593,124
CRISTALLO,135593,124
CUSTOVIC,135593,124
CZUBEK,135593,124
DANNEMANN,135593,124
DANTA,135593,124
DARCUS,135593,124
DARFLER,135593,124
DARSCH,135593,124
DAUDA,135593,124
DAVEL,135593,124
DAVINE,135593,124
DAVIRRO,135593,124
DECHER,135593,124
DEGG,135593,124
DEJNO,135593,124
DELESKI,135593,124
DELIMONT,135593,124
DELKE,135593,124
DEMELL,135593,124
DENOMIE,135593,124
DEPERNO,135593,124
DESBIEN,135593,124
DESJEAN,135593,124
DESSLER,135593,124
DEVARAPALLI,135593,124
DHEEL,135593,124
DIBBA,135593,124
DIDONA,135593,124
DIETCH,135593,124
DIMELER,135593,124
DININNY,135593,124
DITSON,135593,124
DIULIO,135593,124
DODGIN,135593,124
DOEDTMAN,135593,124
DOHME,135593,124
DOMANSKY,135593,124
DOVAN,135593,124
DOZLER,135593,124
DRAGHICI,135593,124
DRAIS,135593,124
DREIFUERST,135593,124
DUBACK,135593,124
DUBENDORF,135593,124
DUBOURG,135593,124
DUCKRO,135593,124
DUGLE,135593,124
DUGOSH,135593,124
DUNEMAN,135593,124
DUNSKY,135593,124
DYOUS,135593,124
DZIADKOWIEC,135593,124
DZURICK,135593,124
EAYRS,135593,124
ECO,135593,124
EDDOWES,135593,124
EDEEN,135593,124
EFRAIMSON,135593,124
EGAR,135593,124
EIDLE,135593,124
EISENBATH,135593,124
EISMONT,135593,124
ELACQUA,135593,124
ELIZARES,135593,124
EMBERTSON,135593,124
EMREY,135593,124
ENDERTON,135593,124
EON,135593,124
EPKE,135593,124
ERMOLD,135593,124
ESSERMAN,135593,124
EU,135593,124
EVERET,135593,124
EYERMANN,135593,124
FAASS,135593,124
FABULA,135593,124
FACCIANI,135593,124
FAHLBUSCH,135593,124
FAIGEN,135593,124
FALKENRATH,135593,124
FALKMAN,135593,124
FALLGREN,135593,124
FARAHI,135593,124
FAREY,135593,124
FATHIMA,135593,124
FEEKEN,135593,124
FEINE,135593,124
FEITL,135593,124
FELLRATH,135593,124
FETKO,135593,124
FEUGE,135593,124
FILETTI,135593,124
FLADD,135593,124
FLENOID,135593,124
FLINTROP,135593,124
FLOCCHINI,135593,124
FLORACK,135593,124
FLORESAGUILAR,135593,124
FOLKE,135593,124
FORNEAR,135593,124
FORSMARK,135593,124
FORSSTROM,135593,124
FOSLIEN,135593,124
FOUDY,135593,124
FOURTNER,135593,124
FRONTCZAK,135593,124
FRYDENDALL,135593,124
FUEHRING,135593,124
FUJAN,135593,124
FUJISAWA,135593,124
GADDIPATI,135593,124
GAMAYO,135593,124
GAMERDINGER,135593,124
GAROT,135593,124
GARRAFA,135593,124
GARREY,135593,124
GARTMANN,135593,124
GAVRILIS,135593,124
GAZCON,135593,124
GEAKE,135593,124
GELTMAN,135593,124
GENSAMER,135593,124
GEREAUX,135593,124
GERVIS,135593,124
GIANDONATO,135593,124
GIANINI,135593,124
GIANUNZIO,135593,124
GIERL,135593,124
GILLMEISTER,135593,124
GLUSKIN,135593,124
GNOZA,135593,124
GOERIG,135593,124
GOMAS,135593,124
GOMULA,135593,124
GOODMEN,135593,124
GRANDITS,135593,124
GREATENS,135593,124
GROMOWSKI,135593,124
GRONEFELD,135593,124
GRONEWALD,135593,124
GROSKO,135593,124
GROSSAINT,135593,124
GROTJAHN,135593,124
GROUS,135593,124
GRYN,135593,124
GUAGLIANONE,135593,124
GUARNA,135593,124
GUSTOVICH,135593,124
HABE,135593,124
HALCOTT,135593,124
HAMALA,135593,124
HAMPSEY,135593,124
HARDNICK,135593,124
HASEY,135593,124
HAUGHEE,135593,124
HAVENHILL,135593,124
HAXHIU,135593,124
HAYRAPETIAN,135593,124
HERSCHELMAN,135593,124
HERWEG,135593,124
HETHERTON,135593,124
HEVERLING,135593,124
HIGINIO,135593,124
HILLAND,135593,124
HIRSCHBERGER,135593,124
HNIN,135593,124
HOBROCK,135593,124
HOEBEL,135593,124
HOEDEBECK,135593,124
HOELZEMAN,135593,124
HOHMEIER,135593,124
HOITINK,135593,124
HOLLINGSEAD,135593,124
HOLPP,135593,124
HOMBERGER,135593,124
HONDL,135593,124
HORLBECK,135593,124
HORRES,135593,124
HOSGOOD,135593,124
HUERGO,135593,124
HULVER,135593,124
HUMBERD,135593,124
HURLEBAUS,135593,124
HYDES,135593,124
IANNACE,135593,124
IBOLD,135593,124
IDNANI,135593,124
IORGA,135593,124
ISHIYAMA,135593,124
IVANOVSKI,135593,124
JABALI,135593,124
JAGNANDAN,135593,124
JAINDL,135593,124
JAMMES,135593,124
JANDREY,135593,124
JEKA,135593,124
JENEI,135593,124
JEROR,135593,124
JESENSKY,135593,124
JEUN,135593,124
JORDIN,135593,124
JOVANOV,135593,124
KAAUAMO,135593,124
KADUCE,135593,124
KAJANI,135593,124
KALUPA,135593,124
KAMBERI,135593,124
KAMPERMAN,135593,124
KANDARIAN,135593,124
KANUMURI,135593,124
KANZIG,135593,124
KAONOHI,135593,124
KAPINUS,135593,124
KARAC,135593,124
KARNANI,135593,124
KATTULA,135593,124
KAZEEM,135593,124
KEAFFABER,135593,124
KEELOR,135593,124
KELCHER,135593,124
KELLMER,135593,124
KENSICKI,135593,124
KENTOPP,135593,124
KEPIC,135593,124
KHALEGHI,135593,124
KHAWAR,135593,124
KHUP,135593,124
KINDERVATER,135593,124
KLENTZ,135593,124
KNAFLA,135593,124
KNOPES,135593,124
KOBLENTZ,135593,124
KOEMPEL,135593,124
KOESTEL,135593,124
KOLLHOFF,135593,124
KORDIS,135593,124
KORTOKRAX,135593,124
KOSHKO,135593,124
KOWALYK,135593,124
KREFFT,135593,124
KREUTZIGER,135593,124
KRISER,135593,124
KULAKEVICH,135593,124
KULASA,135593,124
KULCHAR,135593,124
KWEDER,135593,124
KYTTA,135593,124
LAGESTEE,135593,124
LAMANSKY,135593,124
LAMURA,135593,124
LANCASHIRE,135593,124
LANDRIAN,135593,124
LANDSEM,135593,124
LARDIN,135593,124
LATTERI,135593,124
LAUGHARD,135593,124
LAVENIA,135593,124
LAYPORT,135593,124
LAZAUSKAS,135593,124
LEANDRI,135593,124
LECHENE,135593,124
LECORNU,135593,124
LEGAKIS,135593,124
LEGGIN,135593,124
LEHI,135593,124
LEHMBECK,135593,124
LENTINO,135593,124
LEYK,135593,124
LIBSACK,135593,124
LIEBERSON,135593,124
LINDOP,135593,124
LIVICK,135593,124
LLENAS,135593,124
LOBL,135593,124
LONABAUGH,135593,124
LORAAS,135593,124
LOSACK,135593,124
LOUISPIERRE,135593,124
LUANGKHOT,135593,124
LUTRARIO,135593,124
LUVAAS,135593,124
LUYK,135593,124
MABIS,135593,124
MACEACHEN,135593,124
MAJARIAN,135593,124
MAJEAU,135593,124
MALAGARIE,135593,124
MALANE,135593,124
MALARNEY,135593,124
MALINICH,135593,124
MANANQUIL,135593,124
MANGONON,135593,124
MANINGER,135593,124
MANNARA,135593,124
MANNARELLI,135593,124
MANNLEIN,135593,124
MARBREY,135593,124
MARCAIDA,135593,124
MARCOCCIO,135593,124
MARCONTELL,135593,124
MARCUCCILLI,135593,124
MARIONEAUX,135593,124
MARITT,135593,124
MARKUN,135593,124
MARTINUS,135593,124
MASCHIO,135593,124
MASKEW,135593,124
MASSANELLI,135593,124
MASTA,135593,124
MATOSICH,135593,124
MATOVU,135593,124
MATSCHKE,135593,124
MAURELLO,135593,124
MAYWEATHERS,135593,124
MBAGWU,135593,124
MCATAMNEY,135593,124
MCILHANEY,135593,124
MCKINNISH,135593,124
MCKNABB,135593,124
MCLAWRENCE,135593,124
MEHMET,135593,124
MEICHTRY,135593,124
MEJER,135593,124
MEJIAMEJIA,135593,124
MENEGUS,135593,124
MERANCIO,135593,124
MERWARTH,135593,124
MES,135593,124
METZMEIER,135593,124
MIARECKI,135593,124
MIKOLICH,135593,124
MILBRETT,135593,124
MILHON,135593,124
MILIK,135593,124
MILITAR,135593,124
MILOSCIA,135593,124
MITTERMEIER,135593,124
MLYNAR,135593,124
MODL,135593,124
MOGAKA,135593,124
MONAR,135593,124
MONDINE,135593,124
MONTEMAGNO,135593,124
MOOSO,135593,124
MORACZEWSKI,135593,124
MORGAL,135593,124
MORPHET,135593,124
MOSSETT,135593,124
MUCIA,135593,124
MUCKEL,135593,124
MULIA,135593,124
MUNKVOLD,135593,124
MUNTNER,135593,124
MURNEY,135593,124
MUSTEDANAGIC,135593,124
MUTUKU,135593,124
MYLAVARAPU,135593,124
NABAR,135593,124
NAGARKAR,135593,124
NAIN,135593,124
NAJDA,135593,124
NANDYALA,135593,124
NARAYANASAMY,135593,124
NASALROAD,135593,124
NEELIS,135593,124
NEERINGS,135593,124
NEHLIG,135593,124
NEIGUM,135593,124
NEITO,135593,124
NELDNER,135593,124
NERDAHL,135593,124
NERDIN,135593,124
NEWCITY,135593,124
NICKLER,135593,124
NIEDERMIER,135593,124
NIKOLAYEV,135593,124
NIKSA,135593,124
NIMLEY,135593,124
NISWANGER,135593,124
NOFFZ,135593,124
NORTHRIDGE,135593,124
NUSSEY,135593,124
NYSTRAND,135593,124
OBERDIER,135593,124
OBINA,135593,124
OGUNLANA,135593,124
OHLMS,135593,124
OKUMOTO,135593,124
OLACIO,135593,124
ONN,135593,124
ONTIVEROZ,135593,124
ORETA,135593,124
OSHEROFF,135593,124
OSIPOVA,135593,124
OTY,135593,124
OURIQUE,135593,124
OVENSHIRE,135593,124
OVERMIRE,135593,124
OWAIS,135593,124
PALMACCI,135593,124
PALMOWSKI,135593,124
PANIZZI,135593,124
PANTELL,135593,124
PAPIC,135593,124
PARALES,135593,124
PARISEK,135593,124
PARKO,135593,124
PASTIAN,135593,124
PAULUCCI,135593,124
PAVLISKA,135593,124
PECCHIO,135593,124
PEDA,135593,124
PEHR,135593,124
PEICK,135593,124
PELISHEK,135593,124
PENAFORT,135593,124
PEPEN,135593,124
PEREZROJAS,135593,124
PERSICH,135593,124
PERUGINO,135593,124
PFLEIDER,135593,124
PHELTS,135593,124
PICHEY,135593,124
PICOLO,135593,124
PIENAAR,135593,124
PIGAO,135593,124
PILETTE,135593,124
PINARDI,135593,124
PINTARELLI,135593,124
PITRA,135593,124
PLEUSS,135593,124
PLUMLY,135593,124
POINTDEXTER,135593,124
POLLYDORE,135593,124
POROPAT,135593,124
POSTLEY,135593,124
POTAK,135593,124
POTRZEBA,135593,124
POXON,135593,124
PRANSKY,135593,124
PREISEL,135593,124
PRENOVOST,135593,124
PRIEL,135593,124
PROCAK,135593,124
PROTIVA,135593,124
PRUSAKOWSKI,135593,124
PULCE,135593,124
PUNNETT,135593,124
QUALKINBUSH,135593,124
RACANO,135593,124
RADFAR,135593,124
RADOM,135593,124
RAMMAL,135593,124
RAMOSFLORES,135593,124
RANGLIN,135593,124
RAPOSAS,135593,124
RASSLER,135593,124
RECHIN,135593,124
REDSTAR,135593,124
REDZEPAGIC,135593,124
REGULUS,135593,124
REIMONDO,135593,124
RENECKER,135593,124
RENGERT,135593,124
REPOLLO,135593,124
RESE,135593,124
REVETTA,135593,124
REVOLT,135593,124
REYESVARGAS,135593,124
RHUBART,135593,124
RIBET,135593,124
RIDENOURE,135593,124
RIETEMA,135593,124
RIMLER,135593,124
RIMLINGER,135593,124
RINCHIUSO,135593,124
RIPPA,135593,124
RIPPEN,135593,124
RITCHART,135593,124
RITSICK,135593,124
RIVELAND,135593,124
RIVERASANTIAGO,135593,124
RIZZITELLO,135593,124
ROBLESGARCIA,135593,124
ROGNON,135593,124
RONSONET,135593,124
ROOFNER,135593,124
ROOHI,135593,124
ROPPELT,135593,124
ROSARO,135593,124
ROSEBAUGH,135593,124
ROTTIERS,135593,124
ROUZE,135593,124
RUEBEN,135593,124
RUNNEBAUM,135593,124
RUSCHELL,135593,124
RUSNACK,135593,124
RUSYN,135593,124
SAJUAN,135593,124
SALACAR,135593,124
SALZBRENNER,135593,124
SAVI,135593,124
SAXION,135593,124
SAYYAH,135593,124
SCHAEKEL,135593,124
SCHAMENS,135593,124
SCHESKE,135593,124
SCHLAPFER,135593,124
SCHMIEDEKNECHT,135593,124
SCHOLMA,135593,124
SCHONEBAUM,135593,124
SCHONECK,135593,124
SCHORY,135593,124
SCHUB,135593,124
SCHULSTAD,135593,124
SCHWINDENHAMMER,135593,124
SCHWULST,135593,124
SCHWYHART,135593,124
SCOTTSMITH,135593,124
SCREVEN,135593,124
SECONDI,135593,124
SEIDELMANN,135593,124
SEITSINGER,135593,124
SELOCK,135593,124
SENSIBA,135593,124
SERAILE,135593,124
SETTA,135593,124
SHADLER,135593,124
SHAFIEE,135593,124
SHAHABUDDIN,135593,124
SHAHJAHAN,135593,124
SHAYLER,135593,124
SHEARROW,135593,124
SHERBAHN,135593,124
SHERBO,135593,124
SHEWBERT,135593,124
SHIDE,135593,124
SHRAGO,135593,124
SHULSE,135593,124
SIEVERTSEN,135593,124
SILO,135593,124
SINDE,135593,124
SINKOVIC,135593,124
SISODIA,135593,124
SITKIEWICZ,135593,124
SIXBEY,135593,124
SKOR,135593,124
SKUBIS,135593,124
SKULA,135593,124
SMITHBURG,135593,124
SOLANDER,135593,124
SOLOMOS,135593,124
SOMODI,135593,124
SOMOHANO,135593,124
SONDER,135593,124
SONOQUI,135593,124
SOPHY,135593,124
SOUCIA,135593,124
SOWUL,135593,124
SPANSKI,135593,124
SPECKHARD,135593,124
SPILLARS,135593,124
SPINN,135593,124
STAKELIN,135593,124
STANTOINE,135593,124
STASCHKE,135593,124
STERRENBERG,135593,124
STEVIE,135593,124
STIGLETS,135593,124
STINEHOUR,135593,124
STOCKMAL,135593,124
STOEBERL,135593,124
STOER,135593,124
STRAUBHAAR,135593,124
STROE,135593,124
STROFFOLINO,135593,124
STRUP,135593,124
STUDD,135593,124
STUPI,135593,124
SUMBERA,135593,124
SURVANT,135593,124
SURVE,135593,124
SUTH,135593,124
SWEASY,135593,124
SWEEK,135593,124
SWIADER,135593,124
SYLVERS,135593,124
TACIA,135593,124
TACQUARD,135593,124
TAEZA,135593,124
TAGALICUD,135593,124
TALEVSKI,135593,124
TANNY,135593,124
TAPPS,135593,124
TAYLO,135593,124
TECHERA,135593,124
TEICHNER,135593,124
TENBROEKE,135593,124
TERNER,135593,124
TETLAK,135593,124
TETON,135593,124
THOVSON,135593,124
THYRION,135593,124
TILBURG,135593,124
TIME,135593,124
TIRRO,135593,124
TIV,135593,124
TOCKEY,135593,124
TOKARCIK,135593,124
TOLNAI,135593,124
TOMPOROWSKI,135593,124
TORNGREN,135593,124
TRAVLOS,135593,124
TREVER,135593,124
TREVILLYAN,135593,124
TRUCIOS,135593,124
TSOODLE,135593,124
TUTTOBENE,135593,124
UHLAR,135593,124
ULEWICZ,135593,124
ULISHNEY,135593,124
UPKINS,135593,124
URANGO,135593,124
VADELL,135593,124
VALENTICH,135593,124
VALETINE,135593,124
VALMYR,135593,124
VANADIA,135593,124
VANBEVER,135593,124
VANDERSANDEN,135593,124
VANDORSTEN,135593,124
VANLOENEN,135593,124
VANMAELE,135593,124
VANOORDT,135593,124
VANSISTINE,135593,124
VANSKY,135593,124
VANSTAVEREN,135593,124
VANVORCE,135593,124
VARBEL,135593,124
VASINA,135593,124
VASTI,135593,124
VEERA,135593,124
VENJOHN,135593,124
VENTURE,135593,124
VERDEL,135593,124
VERST,135593,124
VEVEA,135593,124
VIALIZ,135593,124
VIRGILLO,135593,124
VIRTUOSO,135593,124
VITTA,135593,124
VOAS,135593,124
VOCELKA,135593,124
VONDOLLEN,135593,124
VORRATH,135593,124
VOXLAND,135593,124
VYBIRAL,135593,124
WALLENDAL,135593,124
WASCHAK,135593,124
WASEL,135593,124
WASINSKI,135593,124
WEBBERT,135593,124
WEIGELE,135593,124
WELAGE,135593,124
WELHAM,135593,124
WELSBY,135593,124
WENDERSKI,135593,124
WETTERSTROM,135593,124
WHEAR,135593,124
WICKESBERG,135593,124
WIETHOLTER,135593,124
WIKTOROWSKI,135593,124
WINDY,135593,124
WODKE,135593,124
WRASE,135593,124
WRASPIR,135593,124
WURSTNER,135593,124
WYDRO,135593,124
WYSK,135593,124
XELO,135593,124
YAKSIC,135593,124
YALLUP,135593,124
YAMANI,135593,124
YEAHQUO,135593,124
YETKA,135593,124
YORSTON,135593,124
ZAIC,135593,124
ZARLEY,135593,124
ZAZZERA,135593,124
ZELIG,135593,124
ZELLEFROW,135593,124
ZENDT,135593,124
ZILLIGEN,135593,124
ZINSZER,135593,124
ZITNEY,135593,124
ZUKAITIS,135593,124
ZUNG,135593,124
AALAND,136449,123
ABAYOMI,136449,123
ABDULMAJEED,136449,123
ABERTS,136449,123
ABLING,136449,123
ACHMAN,136449,123
ADDAMO,136449,123
AHLO,136449,123
AID,136449,123
AILI,136449,123
AIRO,136449,123
ALBION,136449,123
ALDENDERFER,136449,123
ALGAZE,136449,123
ALGOO,136449,123
ALKAN,136449,123
ALLEGRE,136449,123
ALMOUSA,136449,123
ALSHAER,136449,123
ALTENBERN,136449,123
ALTOP,136449,123
AMDAL,136449,123
AMOEDO,136449,123
AND,136449,123
ANDONI,136449,123
ANDRIX,136449,123
ANDROES,136449,123
ANGERON,136449,123
ANKIEWICZ,136449,123
ANTONELLO,136449,123
ANTONETTE,136449,123
ANTONIETTI,136449,123
ANTWAN,136449,123
ANZANO,136449,123
APGOOD,136449,123
ARCENA,136449,123
ARIAL,136449,123
ARIANA,136449,123
ARJOMAND,136449,123
ARKUS,136449,123
ARZENO,136449,123
ATAGI,136449,123
ATHMER,136449,123
AVRIT,136449,123
AZARYAN,136449,123
BACHETTI,136449,123
BAHDE,136449,123
BAJGAI,136449,123
BAKERINK,136449,123
BALOUSEK,136449,123
BANNOW,136449,123
BARSKE,136449,123
BASKFIELD,136449,123
BASTARDI,136449,123
BAZARTE,136449,123
BEAUCEJOUR,136449,123
BECCIA,136449,123
BEGBIE,136449,123
BEGUHN,136449,123
BEILSMITH,136449,123
BEIMER,136449,123
BELANDRES,136449,123
BELDO,136449,123
BELILL,136449,123
BELLORA,136449,123
BELOHLAVEK,136449,123
BELTRANI,136449,123
BENDEWALD,136449,123
BENEVIDEZ,136449,123
BENZAKEN,136449,123
BERGENHOLTZ,136449,123
BERGLING,136449,123
BERLET,136449,123
BERTULFO,136449,123
BEUERLE,136449,123
BHANDARY,136449,123
BIAGETTI,136449,123
BIANCUZZO,136449,123
BIASETTI,136449,123
BICALHO,136449,123
BIEGGER,136449,123
BIELSTEIN,136449,123
BISKING,136449,123
BITO,136449,123
BLACKOWL,136449,123
BLANDY,136449,123
BLANZY,136449,123
BLATTI,136449,123
BLATZHEIM,136449,123
BLAUNER,136449,123
BLIEMEISTER,136449,123
BLOGG,136449,123
BLUMREICH,136449,123
BOBENRIETH,136449,123
BOCHER,136449,123
BOFENKAMP,136449,123
BOGDANOVA,136449,123
BOILLOT,136449,123
BOLLACK,136449,123
BONDURA,136449,123
BORISHKEVICH,136449,123
BORTREE,136449,123
BOSSETT,136449,123
BRAGLIN,136449,123
BRAZEN,136449,123
BRDA,136449,123
BRETANA,136449,123
BRETSCHER,136449,123
BRINO,136449,123
BROEKEMA,136449,123
BROOKLYN,136449,123
BROSCHE,136449,123
BROVELLI,136449,123
BRUENNING,136449,123
BRUMBLES,136449,123
BUCKHOLTS,136449,123
BULANADI,136449,123
BULIC,136449,123
BUONPANE,136449,123
BURGS,136449,123
BURING,136449,123
BURQUE,136449,123
BUTTERWICK,136449,123
BYBERG,136449,123
CABAGE,136449,123
CAFONE,136449,123
CAIRNCROSS,136449,123
CALBI,136449,123
CALLHAN,136449,123
CALLICO,136449,123
CAMASTA,136449,123
CAMODECA,136449,123
CAMPOSGARCIA,136449,123
CAOLA,136449,123
CARBREY,136449,123
CARICATO,136449,123
CARINGER,136449,123
CARKEEK,136449,123
CARRABINO,136449,123
CASERIO,136449,123
CASSELLIUS,136449,123
CASTANAZA,136449,123
CASTILHO,136449,123
CASTOIRE,136449,123
CASTORA,136449,123
CAYAS,136449,123
CERNANSKY,136449,123
CERVETTI,136449,123
CHAMAGUA,136449,123
CHANSLOR,136449,123
CHEESEBREW,136449,123
CHELLMAN,136449,123
CHINITZ,136449,123
CHRONIC,136449,123
CHUTA,136449,123
CIOCCI,136449,123
CLAYTER,136449,123
CLERVEAU,136449,123
CLEVES,136449,123
CLINEFELTER,136449,123
CODR,136449,123
COLHOUN,136449,123
COMBASS,136449,123
CONSTINE,136449,123
COPPERTHITE,136449,123
CORONELL,136449,123
CORRISTON,136449,123
CORTADA,136449,123
CORTESGARCIA,136449,123
COTI,136449,123
COWELS,136449,123
CRIDDELL,136449,123
CRISCITIELLO,136449,123
CRISOSTO,136449,123
CRITTENTON,136449,123
CROWFOOT,136449,123
CRUMBACK,136449,123
CUBINE,136449,123
CULLINA,136449,123
CUPIL,136449,123
CUSMA,136449,123
CUTCHEMBER,136449,123
CUTTLE,136449,123
CUZ,136449,123
CZERWIEN,136449,123
DABBAS,136449,123
DADDATO,136449,123
DANICO,136449,123
DANNE,136449,123
DASOVICH,136449,123
DASSIE,136449,123
DAUGHTER,136449,123
DEBORAH,136449,123
DECCIO,136449,123
DECHIRICO,136449,123
DEGIGLIO,136449,123
DEGRO,136449,123
DELANDRO,136449,123
DELLEY,136449,123
DELLOMO,136449,123
DELOIA,136449,123
DEMILL,136449,123
DENHOFF,136449,123
DENINA,136449,123
DENTICI,136449,123
DEPIERRE,136449,123
DERUNGS,136449,123
DESERT,136449,123
DESIANO,136449,123
DIAZCASTRO,136449,123
DIEMEL,136449,123
DIGIGLIO,136449,123
DILLO,136449,123
DIMPFL,136449,123
DIONIS,136449,123
DIPONZIO,136449,123
DIRAMIO,136449,123
DISHNEAU,136449,123
DLABAJ,136449,123
DMITRIYEV,136449,123
DOBROSKI,136449,123
DODDAPANENI,136449,123
DOEHNE,136449,123
DOUBLET,136449,123
DOWSEY,136449,123
DRENZEK,136449,123
DRITSAS,136449,123
DROPPA,136449,123
DUBUS,136449,123
DUHARTE,136449,123
DZIADUL,136449,123
EAKLES,136449,123
EDMERSON,136449,123
EGENLAUF,136449,123
EGWU,136449,123
EHRAT,136449,123
EINBERGER,136449,123
ELDIN,136449,123
ELHART,136449,123
ELSETH,136449,123
EMRANI,136449,123
EOVALDI,136449,123
EPERJESI,136449,123
ERDELT,136449,123
ESANCY,136449,123
ESMURRIA,136449,123
ESPLING,136449,123
ESPOSTI,136449,123
ETLER,136449,123
EVORS,136449,123
FADEYI,136449,123
FARIVAR,136449,123
FATUR,136449,123
FEIBUSCH,136449,123
FEINBLATT,136449,123
FEN,136449,123
FENHAUS,136449,123
FERRUZZI,136449,123
FIDELL,136449,123
FIRNSTAHL,136449,123
FITCHNER,136449,123
FLACKS,136449,123
FLEIS,136449,123
FLEISCHFRESSER,136449,123
FLENTJE,136449,123
FLIEDER,136449,123
FLORESCHAVEZ,136449,123
FOERSTNER,136449,123
FORESTIERE,136449,123
FRANCOMANO,136449,123
FRANDO,136449,123
FRANKFORTER,136449,123
FREMLING,136449,123
FRIOU,136449,123
FRUEND,136449,123
FUNDINGSLAND,136449,123
FUNNEMAN,136449,123
FURCHNER,136449,123
GAFFIELD,136449,123
GALIVAN,136449,123
GALVAS,136449,123
GANANCIAL,136449,123
GANSBERG,136449,123
GARCIAGUERRERO,136449,123
GARCIAGUIRRE,136449,123
GARCIAMARQUEZ,136449,123
GAREIA,136449,123
GARREFFA,136449,123
GATEAU,136449,123
GEBALA,136449,123
GEHANT,136449,123
GELET,136449,123
GELFO,136449,123
GELHAUSEN,136449,123
GELLINEAU,136449,123
GHIA,136449,123
GHOSAL,136449,123
GHOUSE,136449,123
GIAMBONA,136449,123
GIANELLONI,136449,123
GILESPIE,136449,123
GILGAN,136449,123
GIRAU,136449,123
GLANDEN,136449,123
GLIGOR,136449,123
GLISSENDORF,136449,123
GOEPFRICH,136449,123
GOLDHAGEN,136449,123
GOMEZRAMOS,136449,123
GONZALEZPENA,136449,123
GORAM,136449,123
GORDIYENKO,136449,123
GOSSAR,136449,123
GRADOVILLE,136449,123
GRAVIL,136449,123
GRAZA,136449,123
GRIESMEYER,136449,123
GROENENDAAL,136449,123
GROEPPER,136449,123
GROMELSKI,136449,123
GROUNDWATER,136449,123
GRUHL,136449,123
GRUHOT,136449,123
GRUS,136449,123
GUADIZ,136449,123
GUDKNECHT,136449,123
GUGERTY,136449,123
GURNER,136449,123
GUSEK,136449,123
GYURKO,136449,123
HAFTEL,136449,123
HAGIHARA,136449,123
HAIMA,136449,123
HAMDORF,136449,123
HAMMERLUND,136449,123
HANCY,136449,123
HANSEY,136449,123
HARIPRASHAD,136449,123
HARRISSMITH,136449,123
HARTGERS,136449,123
HASHEIDER,136449,123
HATLEE,136449,123
HAUFFE,136449,123
HAYNSWORTH,136449,123
HEELY,136449,123
HELLMUND,136449,123
HENDI,136449,123
HEREN,136449,123
HERMIS,136449,123
HERNANDEZJIMEN,136449,123
HERNANDEZVEGA,136449,123
HESEMANN,136449,123
HEUSMAN,136449,123
HIGHLEN,136449,123
HINS,136449,123
HLAVENKA,136449,123
HOELZ,136449,123
HOGNESS,136449,123
HOLLMON,136449,123
HONORS,136449,123
HORE,136449,123
HOSENFELD,136449,123
HOVAKIMYAN,136449,123
HUBBER,136449,123
HURNER,136449,123
HYBNER,136449,123
ILIADIS,136449,123
INZANO,136449,123
IRONHAWK,136449,123
JACCARINO,136449,123
JADACH,136449,123
JAFRY,136449,123
JAHANI,136449,123
JANJIC,136449,123
JAQUILLARD,136449,123
JAUS,136449,123
JAVERI,136449,123
JEMIOLO,136449,123
JENINGS,136449,123
JENTINK,136449,123
JIH,136449,123
JIRJIS,136449,123
JONSTON,136449,123
JORS,136449,123
JOSKI,136449,123
JUAREZCRUZ,136449,123
JULIAR,136449,123
KACHIK,136449,123
KACHURAK,136449,123
KALASHIAN,136449,123
KALICK,136449,123
KALIF,136449,123
KALLWEIT,136449,123
KALWA,136449,123
KAMMEL,136449,123
KAMPETER,136449,123
KARADIMAS,136449,123
KARAMOKO,136449,123
KARGAR,136449,123
KARLOVIC,136449,123
KARNAFEL,136449,123
KASHIN,136449,123
KAULFERS,136449,123
KENDRO,136449,123
KEWALRAMANI,136449,123
KHATON,136449,123
KHEMLANI,136449,123
KIDAMBI,136449,123
KILLY,136449,123
KIRCHOFER,136449,123
KIRKALDIE,136449,123
KJER,136449,123
KJOME,136449,123
KLUTING,136449,123
KMAN,136449,123
KOBLICK,136449,123
KOEBERNICK,136449,123
KOEHLING,136449,123
KOJO,136449,123
KOKERNAK,136449,123
KOLSTE,136449,123
KONCSOL,136449,123
KOPFMAN,136449,123
KORGAN,136449,123
KOTANSKY,136449,123
KOUZA,136449,123
KRASA,136449,123
KRAUKLIS,136449,123
KREIL,136449,123
KREUSEL,136449,123
KRISTYNIK,136449,123
KRUSKAMP,136449,123
KUBUS,136449,123
KUCEL,136449,123
KUKKONEN,136449,123
KUMLIEN,136449,123
KUSNIER,136449,123
KUTSCHERA,136449,123
KWANT,136449,123
LABOUR,136449,123
LACUE,136449,123
LAHANN,136449,123
LAKKIS,136449,123
LAMANNO,136449,123
LANDESBERG,136449,123
LANGEWISCH,136449,123
LANGFELD,136449,123
LANGHURST,136449,123
LATSCHA,136449,123
LAUGER,136449,123
LAUTMAN,136449,123
LAWNICKI,136449,123
LEFT,136449,123
LENDINO,136449,123
LESSLER,136449,123
LETEFF,136449,123
LEVKOVICH,136449,123
LICATO,136449,123
LIEBERTH,136449,123
LIMBERHAND,136449,123
LINDEKE,136449,123
LISOTTA,136449,123
LIVERA,136449,123
LOBOZZO,136449,123
LOKAR,136449,123
LOMANNO,136449,123
LORADITCH,136449,123
LORDO,136449,123
LUKASH,136449,123
LUNDERS,136449,123
MAALIN,136449,123
MACATO,136449,123
MACHEEL,136449,123
MACIEJCZYK,136449,123
MACRO,136449,123
MAGRONE,136449,123
MAGUEYAL,136449,123
MAHNER,136449,123
MAISTROS,136449,123
MAJOCHA,136449,123
MALBRUE,136449,123
MALMER,136449,123
MANCHACA,136449,123
MANDAT,136449,123
MANDIS,136449,123
MANIAN,136449,123
MANIMTIM,136449,123
MANTEIGA,136449,123
MARALLO,136449,123
MARCOVECCHIO,136449,123
MAROHNIC,136449,123
MAROWSKI,136449,123
MARTINEZVASQUE,136449,123
MASINTER,136449,123
MATILLANO,136449,123
MAULA,136449,123
MAYAGOITIA,136449,123
MCCARREY,136449,123
MCDONNOLD,136449,123
MCEVEN,136449,123
MCKEEHEN,136449,123
MCKINNERNEY,136449,123
MCKINON,136449,123
MCWANE,136449,123
MCWARD,136449,123
MEDRAN,136449,123
MEDWAY,136449,123
MEGNIN,136449,123
MEIDAM,136449,123
MEJIARAMIREZ,136449,123
MELCHIONDA,136449,123
MELTESEN,136449,123
MENYHART,136449,123
MERIAM,136449,123
MERLUZZI,136449,123
METRI,136449,123
MIGNEREY,136449,123
MIHULKA,136449,123
MIKHO,136449,123
MIKOLOWSKI,136449,123
MILLOT,136449,123
MISIUK,136449,123
MISTOVICH,136449,123
MOGHE,136449,123
MOHABBAT,136449,123
MOLFESE,136449,123
MONEYHAM,136449,123
MONTAPERTO,136449,123
MOOKERJEE,136449,123
MORATTO,136449,123
MORGANTINI,136449,123
MORTORFF,136449,123
MOVAHED,136449,123
MUEHLENBECK,136449,123
MUSAYEV,136449,123
MUSTACHIO,136449,123
MUTHUSWAMY,136449,123
NAHODIL,136449,123
NARWOLD,136449,123
NEEVEL,136449,123
NEIDERMYER,136449,123
NEJEDLO,136449,123
NELLENBACK,136449,123
NESTEROV,136449,123
NEWBRAUGH,136449,123
NGIM,136449,123
NICOLES,136449,123
NIELDS,136449,123
NIEVAS,136449,123
NOFS,136449,123
NORTHCOTE,136449,123
NOTARGIACOMO,136449,123
NOVAJOSKY,136449,123
NYEIN,136449,123
OBIAS,136449,123
OBIORA,136449,123
OBLEDO,136449,123
OCHINERO,136449,123
OCHSENHIRT,136449,123
OHAYRE,136449,123
OHLANDT,136449,123
OLEKSIK,136449,123
OLNICK,136449,123
OMIECINSKI,136449,123
ONYEMA,136449,123
ORCHOLSKI,136449,123
ORTMEYER,136449,123
OSCHWALD,136449,123
OSELL,136449,123
OSENDORF,136449,123
OSETEK,136449,123
OTTOLINO,136449,123
PAGLIEI,136449,123
PAHAL,136449,123
PAINTIN,136449,123
PAISON,136449,123
PALEKA,136449,123
PALLAZOLA,136449,123
PANCHANA,136449,123
PAPPY,136449,123
PARMET,136449,123
PARONG,136449,123
PATRONIK,136449,123
PATZKOWSKY,136449,123
PELEN,136449,123
PELKOLA,136449,123
PELLAR,136449,123
PENAMON,136449,123
PERELES,136449,123
PERRITANO,136449,123
PETRUNGARO,136449,123
PETRUSEK,136449,123
PICETTI,136449,123
PICKROM,136449,123
PIECIAK,136449,123
PINHAS,136449,123
PINKOSKI,136449,123
PISTEY,136449,123
PITCH,136449,123
PLANTHOLT,136449,123
PLESKAC,136449,123
PLUNGIS,136449,123
POCHERT,136449,123
POCZA,136449,123
POLAT,136449,123
POLOGRUTO,136449,123
PORTON,136449,123
POSTERT,136449,123
POUGE,136449,123
POULL,136449,123
PRABAKARAN,136449,123
PRATTO,136449,123
PRENDEVILLE,136449,123
PRESTLY,136449,123
PREVIDI,136449,123
PRIMACIO,136449,123
PROEBER,136449,123
PRUSSACK,136449,123
PULCIFER,136449,123
PULITI,136449,123
PURDIMAN,136449,123
PUSHKAR,136449,123
QUAGLIETTA,136449,123
QUEIROGA,136449,123
QUEN,136449,123
QUINDLEN,136449,123
QUINTANAL,136449,123
QUINTARD,136449,123
QUITIQUIT,136449,123
QUITUIZACA,136449,123
RABINER,136449,123
RAICHART,136449,123
RAJAKUMAR,136449,123
RAMADOSS,136449,123
RAMGE,136449,123
RANDKLEV,136449,123
RANSICK,136449,123
RASGADO,136449,123
RATKOVIC,136449,123
RAVELLI,136449,123
RAVINDRA,136449,123
RAWLIN,136449,123
REBOL,136449,123
REBOUL,136449,123
REDAR,136449,123
REDKO,136449,123
REDLEAF,136449,123
REDZOVIC,136449,123
REGG,136449,123
REIBLE,136449,123
REINEMAN,136449,123
REKEWEG,136449,123
REMBAO,136449,123
RENGARAJAN,136449,123
REPETA,136449,123
RETTINO,136449,123
RHUM,136449,123
RICA,136449,123
RIEBAU,136449,123
RIFFER,136449,123
RINGSMUTH,136449,123
ROCKYMORE,136449,123
RODAMMER,136449,123
RODILLAS,136449,123
ROLKE,136449,123
RONSMAN,136449,123
ROTZIEN,136449,123
RUBINCHIK,136449,123
RUBINETTI,136449,123
RUEDI,136449,123
RUNOLFSON,136449,123
RYNIEC,136449,123
SABOR,136449,123
SACKREITER,136449,123
SAEIDI,136449,123
SAGEMAN,136449,123
SAIDIAN,136449,123
SAKANOVIC,136449,123
SAKSON,136449,123
SALFI,136449,123
SALSBURG,136449,123
SANTAYANA,136449,123
SARINA,136449,123
SARJU,136449,123
SATANA,136449,123
SATEREN,136449,123
SAUK,136449,123
SAVOYE,136449,123
SCAFFE,136449,123
SCALABRINO,136449,123
SCAMIHORN,136449,123
SCANO,136449,123
SCARINZI,136449,123
SCHEDEL,136449,123
SCHEESE,136449,123
SCHLERF,136449,123
SCHLIENZ,136449,123
SCHNAARE,136449,123
SCHNITTGER,136449,123
SCHRAFFENBERGER,136449,123
SCHULTHESS,136449,123
SCHWELLENBACH,136449,123
SCHWERS,136449,123
SEBES,136449,123
SEENATH,136449,123
SEGISMUNDO,136449,123
SEIDA,136449,123
SENSMEIER,136449,123
SEPULUEDA,136449,123
SEREMETIS,136449,123
SERRAINO,136449,123
SESIN,136449,123
SESTRICH,136449,123
SHAFRON,136449,123
SHAGER,136449,123
SHAMSIAN,136449,123
SHANGLE,136449,123
SHAVALIER,136449,123
SHEHZAD,136449,123
SHELLARD,136449,123
SHERBAN,136449,123
SHERFINSKI,136449,123
SHILOW,136449,123
SHINDORF,136449,123
SHROBA,136449,123
SHURTE,136449,123
SICKO,136449,123
SICORA,136449,123
SIERKS,136449,123
SIGGELKOW,136449,123
SILLMON,136449,123
SIRGO,136449,123
SITARAMAN,136449,123
SKALESKI,136449,123
SOBOLAK,136449,123
SOKOLOVIC,136449,123
SOLDWISCH,136449,123
SOMAL,136449,123
SOMERLOTT,136449,123
SONDRUP,136449,123
SONNEFELD,136449,123
SORONEN,136449,123
SOUKHASEUM,136449,123
SOUTHIVONG,136449,123
SPINNENWEBER,136449,123
SPISHOCK,136449,123
STATTELMAN,136449,123
STEDRY,136449,123
STICCA,136449,123
STIDMON,136449,123
STIKES,136449,123
STIMACH,136449,123
STOCKLI,136449,123
STOLZBERG,136449,123
STORKE,136449,123
STRADE,136449,123
STROHBECK,136449,123
STUDTMANN,136449,123
STURNER,136449,123
SUCKLING,136449,123
SUESUE,136449,123
SULAYMAN,136449,123
SULKOSKY,136449,123
SULTZBAUGH,136449,123
SUPPER,136449,123
SYDLOWSKI,136449,123
TABE,136449,123
TABERNA,136449,123
TADAJEWSKI,136449,123
TAMBERINO,136449,123
TANDESKI,136449,123
TAPIALOPEZ,136449,123
TARASEWICZ,136449,123
TARRAS,136449,123
TARRH,136449,123
TAURIAC,136449,123
TAYLORBROWN,136449,123
TEABOUT,136449,123
TER,136449,123
TESENIAR,136449,123
TEWEY,136449,123
THROPE,136449,123
TIETGE,136449,123
TILANDER,136449,123
TIMBANG,136449,123
TINGSTAD,136449,123
TIXIER,136449,123
TOBERGTE,136449,123
TOMKOWIAK,136449,123
TOSSAS,136449,123
TOUNG,136449,123
TRAMPOSCH,136449,123
TRAMUTOLO,136449,123
TREBES,136449,123
TRIANTIS,136449,123
TRUEHILL,136449,123
TRZASKOS,136449,123
TUMMINARO,136449,123
TUNHEIM,136449,123
UEBELHOER,136449,123
UGALINO,136449,123
UHLMEYER,136449,123
UITHOVEN,136449,123
UTA,136449,123
VALDE,136449,123
VALENTON,136449,123
VALLILLO,136449,123
VALLOTTON,136449,123
VANBERKOM,136449,123
VANCHIERI,136449,123
VANDEWALL,136449,123
VANHOECKE,136449,123
VANMEVEREN,136449,123
VANRITE,136449,123
VANVOAST,136449,123
VECCHIOLLA,136449,123
VEHSLAGE,136449,123
VERING,136449,123
VIDELL,136449,123
VIKRAM,136449,123
VILLEMURE,136449,123
VINSTON,136449,123
VLAUN,136449,123
VOLLERO,136449,123
VOLTURO,136449,123
VONDRUSKA,136449,123
VONMOOS,136449,123
VOSEJPKA,136449,123
VRANIC,136449,123
VRIELING,136449,123
VULCAN,136449,123
WALTEMIRE,136449,123
WARNBERG,136449,123
WARNICKE,136449,123
WASIF,136449,123
WATAHOMIGIE,136449,123
WATIE,136449,123
WAULK,136449,123
WEISPFENNING,136449,123
WENING,136449,123
WENZKE,136449,123
WESSELHOFF,136449,123
WHITESHIELD,136449,123
WIENEN,136449,123
WIGDER,136449,123
WILDHAGEN,136449,123
WILLBRANDT,136449,123
WINANDY,136449,123
WINDOW,136449,123
WINTHERS,136449,123
WISSEMAN,136449,123
YANKSON,136449,123
YANNELLI,136449,123
YEONG,136449,123
YOLLES,136449,123
YOSHIMI,136449,123
YURASITS,136449,123
ZACKEY,136449,123
ZAFIROPOULOS,136449,123
ZAMBA,136449,123
ZAMBADA,136449,123
ZANGANA,136449,123
ZAPIAIN,136449,123
ZAPICO,136449,123
ZARSKY,136449,123
ZDANCEWICZ,136449,123
ZECKSER,136449,123
ZEISSET,136449,123
ZELESKI,136449,123
ZENONE,136449,123
ZETTERLUND,136449,123
ZIMBALIST,136449,123
ZIMMITTI,136449,123
ZONNEVELD,136449,123
ZULPO,136449,123
ZUMMALLEN,136449,123
ZWEMKE,136449,123
ZYLBERBERG,136449,123
AARDSMA,137327,122
ABDELNABI,137327,122
ABDELNABY,137327,122
ABIDE,137327,122
ABIGAIL,137327,122
ABIOYE,137327,122
ABUHASHISH,137327,122
ACANFORA,137327,122
ADDLEY,137327,122
ADEEB,137327,122
ADIS,137327,122
AG,137327,122
AGEY,137327,122
AGUILARRODRIGU,137327,122
AING,137327,122
ALABASTRO,137327,122
ALESSO,137327,122
ALFELD,137327,122
ALGARRA,137327,122
ALIMENA,137327,122
ALLFREY,137327,122
ALLRICH,137327,122
ALPUERTO,137327,122
ALTICK,137327,122
ALTRICHTER,137327,122
ALVIZU,137327,122
AMARANTO,137327,122
AMEELE,137327,122
ANDERSONSMITH,137327,122
ANDREONE,137327,122
ANDRETTI,137327,122
ANTERO,137327,122
ANTOLINE,137327,122
AOUAD,137327,122
AQUINDE,137327,122
ARASIM,137327,122
ARJES,137327,122
ARNICK,137327,122
ARONNE,137327,122
ARVOLD,137327,122
ASHKER,137327,122
ATALA,137327,122
ATALAY,137327,122
ATHREYA,137327,122
BAAK,137327,122
BADDORF,137327,122
BAEHRE,137327,122
BAHNEMAN,137327,122
BAIDWAN,137327,122
BALDIE,137327,122
BALGOS,137327,122
BALSEWICZ,137327,122
BANAT,137327,122
BARANDIARAN,137327,122
BARANYK,137327,122
BARNTS,137327,122
BARUTI,137327,122
BASBAS,137327,122
BASCOPE,137327,122
BASHIOUM,137327,122
BASSIRI,137327,122
BASUALDO,137327,122
BAUDOUX,137327,122
BAUSTISTA,137327,122
BAUX,137327,122
BAXIN,137327,122
BAZZINI,137327,122
BEANES,137327,122
BECKENBAUGH,137327,122
BEECHEM,137327,122
BEISHIR,137327,122
BEKO,137327,122
BEKTESEVIC,137327,122
BELE,137327,122
BENASUTTI,137327,122
BENDOR,137327,122
BENOFF,137327,122
BENOTTI,137327,122
BENSINK,137327,122
BERGANT,137327,122
BERNABO,137327,122
BERROTH,137327,122
BESHERS,137327,122
BESKOW,137327,122
BETTINSON,137327,122
BHUSAL,137327,122
BIAG,137327,122
BILBEE,137327,122
BILLONE,137327,122
BIPPES,137327,122
BLACKORBY,137327,122
BLITCHINGTON,137327,122
BLUNDON,137327,122
BLYMYER,137327,122
BOCO,137327,122
BODEMER,137327,122
BOHUS,137327,122
BOIANO,137327,122
BOJCZUK,137327,122
BOLDRA,137327,122
BOLME,137327,122
BONJEAN,137327,122
BORGNA,137327,122
BORHANI,137327,122
BORILLO,137327,122
BOSSER,137327,122
BOYED,137327,122
BRABAW,137327,122
BRACONE,137327,122
BRAHIER,137327,122
BRENAY,137327,122
BRETHOUWER,137327,122
BREYMEYER,137327,122
BREZINKA,137327,122
BRIANA,137327,122
BRIESACHER,137327,122
BRISCH,137327,122
BRLETIC,137327,122
BRONDO,137327,122
BROOCKS,137327,122
BROSAS,137327,122
BRUZDA,137327,122
BRYCELAND,137327,122
BURAGE,137327,122
BURLAK,137327,122
BURMINGHAM,137327,122
BURQUEZ,137327,122
BURTCHAELL,137327,122
BURTTS,137327,122
BUZZINI,137327,122
BYAL,137327,122
BYONE,137327,122
BYSTEDT,137327,122
CABRARA,137327,122
CAIRY,137327,122
CALVAN,137327,122
CAMAK,137327,122
CAMMETT,137327,122
CAMPESI,137327,122
CANDON,137327,122
CANG,137327,122
CANISALES,137327,122
CANTNER,137327,122
CARACAS,137327,122
CARCO,137327,122
CARDENO,137327,122
CARRETTO,137327,122
CARRYL,137327,122
CASANUEVA,137327,122
CASTONIA,137327,122
CASTRACANE,137327,122
CATONA,137327,122
CATUBIG,137327,122
CAYAN,137327,122
CERENZIA,137327,122
CESANA,137327,122
CHAFINO,137327,122
CHALKE,137327,122
CHEWEY,137327,122
CHHAYA,137327,122
CHIGER,137327,122
CHINDAVONG,137327,122
CHINE,137327,122
CHINIKAYLO,137327,122
CHIOCCHI,137327,122
CHIZER,137327,122
CHOCOJ,137327,122
CHWIALKOWSKI,137327,122
CIARA,137327,122
CIEPLIK,137327,122
CISTONE,137327,122
CITAL,137327,122
CLAVE,137327,122
CLING,137327,122
CLOGG,137327,122
CLUGH,137327,122
CLUNN,137327,122
COCCIOLONE,137327,122
COLBORNE,137327,122
COLBRY,137327,122
COLIMON,137327,122
COLLAKU,137327,122
COLLUPY,137327,122
COLYN,137327,122
COMDEN,137327,122
CONSTON,137327,122
CONTALDI,137327,122
COPPLEY,137327,122
COPRICH,137327,122
CORBERA,137327,122
CORDIE,137327,122
CORNILLE,137327,122
CORSTEN,137327,122
CORTEZPEREZ,137327,122
CORTINO,137327,122
COUGHTRY,137327,122
COYTE,137327,122
CRAGAN,137327,122
CRANCER,137327,122
CREEHAN,137327,122
CUBAN,137327,122
CUCINELLO,137327,122
CURRI,137327,122
CUTBERTH,137327,122
CUTTONE,137327,122
CUVILLIER,137327,122
DABOUB,137327,122
DAMMERS,137327,122
DANEMAN,137327,122
DASSING,137327,122
DAURO,137327,122
DAVISBROWN,137327,122
DEARDORF,137327,122
DEERR,137327,122
DEFFLEY,137327,122
DEGENFELDER,137327,122
DEHORTA,137327,122
DEKETT,137327,122
DELEGGE,137327,122
DELGADOLOPEZ,137327,122
DELPECHE,137327,122
DELZOTTO,137327,122
DENHARTIGH,137327,122
DERENBURGER,137327,122
DETMAR,137327,122
DETREVILLE,137327,122
DETROY,137327,122
DEVEL,137327,122
DEVIEW,137327,122
DEYONKER,137327,122
DIBIANCA,137327,122
DICRISCIO,137327,122
DIDIEGO,137327,122
DIESS,137327,122
DIGESU,137327,122
DIGUISEPPI,137327,122
DILLAHAY,137327,122
DIMELLA,137327,122
DINVERNO,137327,122
DISCLAFANI,137327,122
DOBBERFUHL,137327,122
DOERGER,137327,122
DOERSCH,137327,122
DOES,137327,122
DORAK,137327,122
DOREUS,137327,122
DRABCZYK,137327,122
DREZNER,137327,122
DROBEK,137327,122
DROGIN,137327,122
DRUILHET,137327,122
DUETSCH,137327,122
DUKATE,137327,122
DUMBRIQUE,137327,122
DUR,137327,122
DUSMAN,137327,122
DUSSAN,137327,122
EBSTEIN,137327,122
EDGETTE,137327,122
EGAMI,137327,122
EGERDAHL,137327,122
EGOROV,137327,122
EICHWALD,137327,122
EIDER,137327,122
EIRAS,137327,122
EISHEN,137327,122
EISKANT,137327,122
ELDEMIRE,137327,122
ELORREAGA,137327,122
EMBERG,137327,122
ENYARD,137327,122
ERIVEZ,137327,122
ESSENPREIS,137327,122
ESTIMA,137327,122
ESTIN,137327,122
FABIE,137327,122
FACHA,137327,122
FADHIL,137327,122
FAKER,137327,122
FALAISE,137327,122
FAMOLARO,137327,122
FANKHANEL,137327,122
FANNAN,137327,122
FARNI,137327,122
FASHING,137327,122
FATIGATE,137327,122
FAULKERSON,137327,122
FAWELL,137327,122
FEFERKORN,137327,122
FELKNOR,137327,122
FERLAUTO,137327,122
FICHMAN,137327,122
FICKINGER,137327,122
FIERMONTE,137327,122
FIESELMAN,137327,122
FIFFIE,137327,122
FIGLAR,137327,122
FIGLIUOLO,137327,122
FILGUEIRAS,137327,122
FILLNER,137327,122
FJETLAND,137327,122
FLEURENT,137327,122
FLOOM,137327,122
FLUMAN,137327,122
FRANCOLINO,137327,122
FRATONI,137327,122
FRAUENDORFER,137327,122
FRAZEUR,137327,122
FRODERMAN,137327,122
GAENZLE,137327,122
GAFA,137327,122
GANBOLD,137327,122
GANIC,137327,122
GAPUSAN,137327,122
GARCIAMEZA,137327,122
GARFOOT,137327,122
GEDGE,137327,122
GEORGAKIS,137327,122
GERNANT,137327,122
GETCHIUS,137327,122
GFELL,137327,122
GHEESLING,137327,122
GHOBADI,137327,122
GIAMALVA,137327,122
GILET,137327,122
GILLOM,137327,122
GIONIS,137327,122
GITELSON,137327,122
GIUS,137327,122
GLENTZ,137327,122
GLICKER,137327,122
GODAIRE,137327,122
GOMEZGUTIERREZ,137327,122
GONNIE,137327,122
GONZALEZM,137327,122
GONZALEZRUBIO,137327,122
GOOBY,137327,122
GOODES,137327,122
GOODHOPE,137327,122
GORAB,137327,122
GOUX,137327,122
GRABOYES,137327,122
GRADISHER,137327,122
GRANGRUTH,137327,122
GRANTON,137327,122
GRASKA,137327,122
GRAVELYN,137327,122
GRAVENSTEIN,137327,122
GREENHAM,137327,122
GROSSHUESCH,137327,122
GRUESBECK,137327,122
GRYCH,137327,122
GUNDAYAO,137327,122
GUNDUZ,137327,122
HAGGIE,137327,122
HAHLER,137327,122
HAITHCOAT,137327,122
HALBARDIER,137327,122
HALSTON,137327,122
HAMALIAN,137327,122
HAMAM,137327,122
HAMO,137327,122
HAMOUI,137327,122
HANAU,137327,122
HAPPOLDT,137327,122
HAPPS,137327,122
HARLACKER,137327,122
HARLEAUX,137327,122
HAROIAN,137327,122
HARTSBURG,137327,122
HATHHORN,137327,122
HAUKOOS,137327,122
HAUSENFLUCK,137327,122
HAZ,137327,122
HEDDON,137327,122
HEERMANCE,137327,122
HEFFENTRAGER,137327,122
HEIDENRICH,137327,122
HEIFORT,137327,122
HEIMOS,137327,122
HELMEN,137327,122
HELMINTOLLER,137327,122
HEMBRE,137327,122
HEMMAH,137327,122
HERBEST,137327,122
HERNANDEZMENDE,137327,122
HERRLICH,137327,122
HETHER,137327,122
HIGHTON,137327,122
HILSTON,137327,122
HITHE,137327,122
HOHNBAUM,137327,122
HOINES,137327,122
HOLZBAUR,137327,122
HORM,137327,122
HORRISBERGER,137327,122
HOSHALL,137327,122
HUCKELBERRY,137327,122
HUISMANN,137327,122
HUNDERMAN,137327,122
HUNTTING,137327,122
HYLINSKI,137327,122
IGNELZI,137327,122
ILIEVA,137327,122
ISLAR,137327,122
ITCHON,137327,122
JACKLYN,137327,122
JAKACKI,137327,122
JAKOBOWSKI,137327,122
JAKOWSKI,137327,122
JAOUNI,137327,122
JARDELEZA,137327,122
JARDING,137327,122
JASPAL,137327,122
JAUER,137327,122
JENKEL,137327,122
JERRO,137327,122
JEYS,137327,122
JINGCO,137327,122
JIRELE,137327,122
JIWA,137327,122
JUCKEM,137327,122
JURON,137327,122
KAEMMERLING,137327,122
KAGLER,137327,122
KAHAWAI,137327,122
KAINOA,137327,122
KALAHER,137327,122
KALANTAROV,137327,122
KAMATA,137327,122
KAMPBELL,137327,122
KARIDIS,137327,122
KARPAN,137327,122
KARU,137327,122
KASCHNER,137327,122
KASCSAK,137327,122
KASSAI,137327,122
KATSEL,137327,122
KEDDELL,137327,122
KENDA,137327,122
KHALEK,137327,122
KIBLING,137327,122
KIEBER,137327,122
KILLSINWATER,137327,122
KILPS,137327,122
KINCART,137327,122
KINSETH,137327,122
KIOA,137327,122
KIRCHHOEFER,137327,122
KIRKEIDE,137327,122
KISIAH,137327,122
KLADDER,137327,122
KLAPPROTH,137327,122
KLEPS,137327,122
KLINECT,137327,122
KLYNSTRA,137327,122
KODL,137327,122
KOFROTH,137327,122
KOGOS,137327,122
KOPREK,137327,122
KORKUS,137327,122
KOSIROG,137327,122
KOWALCHYK,137327,122
KREMINSKI,137327,122
KROEN,137327,122
KROUSKOP,137327,122
KRUMPELMAN,137327,122
KUBINEC,137327,122
KUCZKA,137327,122
KUDIA,137327,122
KUDLACZ,137327,122
KULCZAK,137327,122
KULE,137327,122
KURN,137327,122
KWIK,137327,122
LABES,137327,122
LABONVILLE,137327,122
LACINSKI,137327,122
LAFORM,137327,122
LAGAMBINA,137327,122
LAGROTTA,137327,122
LAHOTI,137327,122
LAMCZYK,137327,122
LANDROCHE,137327,122
LANGENBAHN,137327,122
LARACY,137327,122
LARRACUENTE,137327,122
LAUHON,137327,122
LAUTHER,137327,122
LAWFER,137327,122
LEBEUF,137327,122
LECORPS,137327,122
LEIKNESS,137327,122
LELKO,137327,122
LEMENSE,137327,122
LENGKEEK,137327,122
LESKIN,137327,122
LEWON,137327,122
LIBBERTON,137327,122
LICHOTA,137327,122
LIEBEGOTT,137327,122
LIEBENBERG,137327,122
LIEVERS,137327,122
LIGER,137327,122
LILLEDAHL,137327,122
LINDAAS,137327,122
LINEGAR,137327,122
LLANGARI,137327,122
LOATS,137327,122
LOB,137327,122
LOBES,137327,122
LOENDORF,137327,122
LOLAR,137327,122
LOLLA,137327,122
LOMPREY,137327,122
LONGEN,137327,122
LOPEZESCOBAR,137327,122
LOPEZM,137327,122
LOPIN,137327,122
LUYO,137327,122
MAANI,137327,122
MACNUTT,137327,122
MADDINENI,137327,122
MAESTRETTI,137327,122
MAFUA,137327,122
MAGNETT,137327,122
MAHROUS,137327,122
MAHURON,137327,122
MAKRAM,137327,122
MALALUAN,137327,122
MALATT,137327,122
MALCZYNSKI,137327,122
MALFARA,137327,122
MALILAY,137327,122
MALINCONICO,137327,122
MAMMON,137327,122
MAMRAK,137327,122
MANALAYSAY,137327,122
MANGNALL,137327,122
MANSOLILLO,137327,122
MANTECA,137327,122
MANUELES,137327,122
MANZANET,137327,122
MARAMAG,137327,122
MARANGOS,137327,122
MARAVILLO,137327,122
MARDIN,137327,122
MAREKO,137327,122
MARETTE,137327,122
MARGOT,137327,122
MARINCHAK,137327,122
MAROT,137327,122
MAROUS,137327,122
MARSAL,137327,122
MARSTELLAR,137327,122
MARTEENY,137327,122
MARTINEX,137327,122
MASCHKA,137327,122
MASLYK,137327,122
MASSACHI,137327,122
MASTORAKIS,137327,122
MASTROVITO,137327,122
MATCHEY,137327,122
MATHENGE,137327,122
MATILE,137327,122
MATTLY,137327,122
MATUCH,137327,122
MATULEVICH,137327,122
MAXIMOVICH,137327,122
MAYDAK,137327,122
MAZURIK,137327,122
MCCAHEY,137327,122
MCCONNIEL,137327,122
MCLYNN,137327,122
MCNIER,137327,122
MEAZELL,137327,122
MEHLBRECH,137327,122
MELARAGNI,137327,122
MELKE,137327,122
MERLIS,137327,122
MERYHEW,137327,122
MESKELL,137327,122
MICHALOS,137327,122
MIDLAND,137327,122
MIKSIS,137327,122
MILBACH,137327,122
MILBECK,137327,122
MILLINDER,137327,122
MILLONZI,137327,122
MILNAMOW,137327,122
MINKOV,137327,122
MIONI,137327,122
MIRANDAGARCIA,137327,122
MIRIZIO,137327,122
MISHOU,137327,122
MISMASH,137327,122
MISSI,137327,122
MISTAL,137327,122
MONDOCK,137327,122
MOONINGHAM,137327,122
MORFE,137327,122
MORGANSON,137327,122
MORGE,137327,122
MORROS,137327,122
MOYETT,137327,122
MUEHR,137327,122
MUNZING,137327,122
MUSHI,137327,122
MUTA,137327,122
MYSZEWSKI,137327,122
NACHAND,137327,122
NALER,137327,122
NAMOKI,137327,122
NARCISE,137327,122
NARRUHN,137327,122
NAVIGATO,137327,122
NEAFSEY,137327,122
NECCI,137327,122
NENO,137327,122
NESHEM,137327,122
NEUKOMM,137327,122
NEYMEYER,137327,122
NGUESSAN,137327,122
NIEBER,137327,122
NIKIEL,137327,122
NIZOLEK,137327,122
NOORALI,137327,122
NORDONE,137327,122
NORSTAD,137327,122
NOWISKI,137327,122
NUUR,137327,122
OBERSTE,137327,122
OBIEN,137327,122
ODRAIN,137327,122
OHATA,137327,122
OKTAVEC,137327,122
OLEJARCZYK,137327,122
OLIVEREZ,137327,122
OLTJENBRUNS,137327,122
ONEIDA,137327,122
ONIONS,137327,122
OPPEDAL,137327,122
ORDONIA,137327,122
ORWAT,137327,122
OTAMENDI,137327,122
OTAROLA,137327,122
OTU,137327,122
OWER,137327,122
PACIULLI,137327,122
PAIRE,137327,122
PALLERA,137327,122
PALMBOS,137327,122
PANJABI,137327,122
PANKOV,137327,122
PANNEBECKER,137327,122
PANSEGRAU,137327,122
PANSING,137327,122
PARDES,137327,122
PARIAN,137327,122
PARRAGUIRRE,137327,122
PASQUET,137327,122
PAULRAJ,137327,122
PEALO,137327,122
PECERO,137327,122
PELGER,137327,122
PENAFLORIDA,137327,122
PEREZGONZALES,137327,122
PEREZVEGA,137327,122
PERICAK,137327,122
PERLER,137327,122
PEROSI,137327,122
PERRING,137327,122
PESAK,137327,122
PETRAMALE,137327,122
PFEILSTICKER,137327,122
PHILIPPEAUX,137327,122
PICEK,137327,122
PIERACCI,137327,122
PIERGIOVANNI,137327,122
PILLO,137327,122
PINHOLSTER,137327,122
PIROK,137327,122
PIRRERA,137327,122
POEN,137327,122
POGLITSCH,137327,122
POHORENCE,137327,122
POLITSCH,137327,122
POLLNER,137327,122
POLLPETER,137327,122
PORTERIE,137327,122
PORTZEN,137327,122
POSKA,137327,122
POTHOFF,137327,122
POUERIET,137327,122
PRESEAU,137327,122
PRIEFER,137327,122
PROKOTT,137327,122
PRONIO,137327,122
PROSHEK,137327,122
PRUSACZYK,137327,122
PUTCHA,137327,122
PUTZIG,137327,122
PUZZUOLI,137327,122
PYRAM,137327,122
QUAGLINO,137327,122
QUARY,137327,122
QUINER,137327,122
RACKEY,137327,122
RAFFINGTON,137327,122
RAMPENTHAL,137327,122
RANZAU,137327,122
RASING,137327,122
RASULI,137327,122
RATTIE,137327,122
RECHTER,137327,122
REGEV,137327,122
REIGART,137327,122
RELLE,137327,122
RELOVA,137327,122
REMAKLUS,137327,122
REMSTER,137327,122
RENSVOLD,137327,122
REPOLI,137327,122
REQUARTH,137327,122
RESECKER,137327,122
RETIC,137327,122
REYESRAMOS,137327,122
RHINIER,137327,122
RIBE,137327,122
RIBIAT,137327,122
RICON,137327,122
RILLAMAS,137327,122
RINDNER,137327,122
RINGHOLZ,137327,122
RISSANEN,137327,122
RIZIK,137327,122
ROADHOUSE,137327,122
RODREQUEZ,137327,122
ROEGIERS,137327,122
ROEPE,137327,122
ROETHE,137327,122
ROGINSKY,137327,122
ROLLSTON,137327,122
RONSSE,137327,122
ROOSSIEN,137327,122
ROSEMON,137327,122
ROSLIN,137327,122
RUDEBECK,137327,122
RUIVO,137327,122
RUIZMORALES,137327,122
RUMBOLZ,137327,122
RUMI,137327,122
RUTHENBECK,137327,122
RUZZANO,137327,122
RYDZAK,137327,122
RYFF,137327,122
RYPMA,137327,122
SABANAGIC,137327,122
SACCOH,137327,122
SAGHIAN,137327,122
SAKAUYE,137327,122
SAMBOU,137327,122
SANCHEZCASTILL,137327,122
SANTELLANES,137327,122
SAREN,137327,122
SARES,137327,122
SARROS,137327,122
SAVERANCE,137327,122
SAVIERS,137327,122
SAWN,137327,122
SAYAVONGSA,137327,122
SCAPELLATO,137327,122
SCARAMUZZI,137327,122
SCARCHILLI,137327,122
SCHEET,137327,122
SCHEURMAN,137327,122
SCHINDERLE,137327,122
SCHLEBEN,137327,122
SCHMIDTMANN,137327,122
SCHOENEWEIS,137327,122
SCHONHARDT,137327,122
SCHUETTLER,137327,122
SCHUKEI,137327,122
SCHULEIN,137327,122
SCHWARCZ,137327,122
SCHWART,137327,122
SCHWARTZENBURG,137327,122
SCIAME,137327,122
SCILLIERI,137327,122
SCIURBA,137327,122
SEBAUGH,137327,122
SEEBODE,137327,122
SEEKELL,137327,122
SEH,137327,122
SEIGFREID,137327,122
SEMICH,137327,122
SENIFF,137327,122
SERAPHINE,137327,122
SHAFOR,137327,122
SHARHAN,137327,122
SHARIEFF,137327,122
SHEPPHERD,137327,122
SHIRAKAWA,137327,122
SHOTTENKIRK,137327,122
SILVAGONZALEZ,137327,122
SINKOVITZ,137327,122
SINSLEY,137327,122
SIRVENT,137327,122
SISTAD,137327,122
SKARI,137327,122
SLIVERS,137327,122
SMALARZ,137327,122
SMILOW,137327,122
SNEDEGER,137327,122
SNURR,137327,122
SOBTI,137327,122
SOEHNGEN,137327,122
SOISTMAN,137327,122
SONZOGNI,137327,122
SOPCAK,137327,122
SOTAMBA,137327,122
SPENNATO,137327,122
SPINALI,137327,122
SPOONTS,137327,122
SPOTTSVILLE,137327,122
SPOWART,137327,122
SPREI,137327,122
SPRINGSTED,137327,122
SRIPADA,137327,122
STADELI,137327,122
STADTHERR,137327,122
STADUM,137327,122
STALLBAUM,137327,122
STAMFORD,137327,122
STANCHIK,137327,122
STANDFILL,137327,122
STARNAULD,137327,122
STASAK,137327,122
STAUFENBERG,137327,122
STENTIFORD,137327,122
STEPIC,137327,122
STIRLAND,137327,122
STISH,137327,122
STITZINGER,137327,122
STOCKLE,137327,122
STOTERAU,137327,122
STROMSTAD,137327,122
STUMAN,137327,122
SUKIASYAN,137327,122
SULTENFUSS,137327,122
SUMARA,137327,122
SUNSIN,137327,122
SUPLICKI,137327,122
SUWA,137327,122
SWINNEA,137327,122
SWITZENBERG,137327,122
SYPE,137327,122
SZUMINSKI,137327,122
TABAG,137327,122
TABING,137327,122
TACHA,137327,122
TANKING,137327,122
TARK,137327,122
TARRIO,137327,122
TAYAMEN,137327,122
TECHLIN,137327,122
TELI,137327,122
TELO,137327,122
TEMPLO,137327,122
TESSO,137327,122
TEUSINK,137327,122
THAP,137327,122
THEIBERT,137327,122
THEWLIS,137327,122
THIBIDEAU,137327,122
THLANG,137327,122
THROPP,137327,122
TIBON,137327,122
TILESTON,137327,122
TILLITT,137327,122
TINGELSTAD,137327,122
TOERNER,137327,122
TOGNAZZINI,137327,122
TOLLARD,137327,122
TORRETTI,137327,122
TOSE,137327,122
TOTTENHAM,137327,122
TRAFELET,137327,122
TREIER,137327,122
TRIUNFEL,137327,122
TRIVERS,137327,122
TROFF,137327,122
TRUDNAK,137327,122
TRUMPET,137327,122
TRUSHEL,137327,122
TURRIETA,137327,122
TUTERA,137327,122
TUUA,137327,122
TVRDY,137327,122
TWARDUS,137327,122
TYCZKOWSKI,137327,122
ULHAQ,137327,122
ULLERICH,137327,122
UMIPIG,137327,122
UNTERMEYER,137327,122
USE,137327,122
UZEL,137327,122
VAESSEN,137327,122
VALENTINA,137327,122
VALENZONA,137327,122
VANDEGUCHTE,137327,122
VANDERGIESSEN,137327,122
VANGENT,137327,122
VANIMAN,137327,122
VANLANDUYT,137327,122
VARKER,137327,122
VARSHO,137327,122
VAVROSKY,137327,122
VECSEY,137327,122
VERBRIDGE,137327,122
VERICKER,137327,122
VERMETT,137327,122
VERZINO,137327,122
VICENZI,137327,122
VIDETICH,137327,122
VIGILIA,137327,122
VILLARRAGA,137327,122
VILLASECA,137327,122
VIOL,137327,122
VIREN,137327,122
VISINTIN,137327,122
VONDETTE,137327,122
VONGONTEN,137327,122
VONLINTEL,137327,122
VORSTER,137327,122
VULIC,137327,122
WALGRAVE,137327,122
WALLAKER,137327,122
WALNOHA,137327,122
WALTERSDORFF,137327,122
WANCA,137327,122
WARZOCHA,137327,122
WASILUK,137327,122
WATTMAN,137327,122
WEETHEE,137327,122
WEGELIN,137327,122
WEINGARDEN,137327,122
WERBEL,137327,122
WERTANEN,137327,122
WESTLIE,137327,122
WHITEKER,137327,122
WHITNELL,137327,122
WIERNICKI,137327,122
WILCOCKSON,137327,122
WILKENFELD,137327,122
WILLIAMSBEY,137327,122
WILROY,137327,122
WORTEN,137327,122
WORTS,137327,122
WURIE,137327,122
XAYASANE,137327,122
YALAMANCHI,137327,122
YAMATE,137327,122
YANI,137327,122
YANKANICH,137327,122
YANKOV,137327,122
YASA,137327,122
YOQUELET,137327,122
ZAMPELLI,137327,122
ZANNONI,137327,122
ZARITSKY,137327,122
ZECCHIN,137327,122
ZEMCIK,137327,122
ZETTY,137327,122
ZUPA,137327,122
ZVEREV,137327,122
ZYBURA,137327,122
AALFS,138304,121
ABATA,138304,121
ABDELJABBAR,138304,121
ACKLIE,138304,121
AGLIPAY,138304,121
AGRAS,138304,121
AHLVERS,138304,121
ALABADO,138304,121
ALBALA,138304,121
ALBISU,138304,121
ALFSTAD,138304,121
ALLELY,138304,121
ALLOTT,138304,121
ALMADANI,138304,121
ALVAREZSANCHEZ,138304,121
AMBURG,138304,121
AMBUS,138304,121
AMIAL,138304,121
AMSCHLER,138304,121
AMUNRUD,138304,121
ANDRIOT,138304,121
ANGIOLETTI,138304,121
APTHORPE,138304,121
ARANGUA,138304,121
AREBALOS,138304,121
ARZILLO,138304,121
ASMELASH,138304,121
ASNER,138304,121
ATTENBOROUGH,138304,121
ATTLESON,138304,121
AUCHARD,138304,121
AUCHMOODY,138304,121
AUDIRSCH,138304,121
AVENOSO,138304,121
AVERBUCH,138304,121
BACHHOFER,138304,121
BACKERS,138304,121
BADESHA,138304,121
BAFARO,138304,121
BAGGARLEY,138304,121
BAHLINGER,138304,121
BALAJ,138304,121
BALASANYAN,138304,121
BALDESSARI,138304,121
BALMORI,138304,121
BALZAN,138304,121
BAM,138304,121
BAMBACE,138304,121
BANGIYEV,138304,121
BARBARI,138304,121
BARBAROTTA,138304,121
BARBKNECHT,138304,121
BARBORAK,138304,121
BARDLEY,138304,121
BARDONI,138304,121
BARETTA,138304,121
BARNHIZER,138304,121
BARTOCK,138304,121
BASTAIN,138304,121
BATTEAU,138304,121
BATYE,138304,121
BAVIN,138304,121
BAYNTON,138304,121
BAZARIAN,138304,121
BEAUJEAN,138304,121
BECKETTE,138304,121
BEIMLER,138304,121
BELAI,138304,121
BELLOC,138304,121
BELLOFF,138304,121
BEMOWSKI,138304,121
BENDITT,138304,121
BENECHE,138304,121
BENKELMAN,138304,121
BENLINE,138304,121
BERLEW,138304,121
BERNADAS,138304,121
BERTAUD,138304,121
BEUTZ,138304,121
BIALESCHKI,138304,121
BIBILONI,138304,121
BIJEAUX,138304,121
BILALI,138304,121
BINTER,138304,121
BINTRIM,138304,121
BIRKENHAUER,138304,121
BIRRU,138304,121
BISNAR,138304,121
BISORDI,138304,121
BLOCKETT,138304,121
BOBA,138304,121
BOBROWSKY,138304,121
BOCKMANN,138304,121
BODECKER,138304,121
BOLLHOEFER,138304,121
BOMARITO,138304,121
BONETTO,138304,121
BONFOEY,138304,121
BOSECK,138304,121
BOTANA,138304,121
BOUZAN,138304,121
BOVI,138304,121
BOWDERY,138304,121
BOWLDING,138304,121
BOZHKO,138304,121
BOZINOVSKI,138304,121
BRASLOW,138304,121
BRATKOWSKI,138304,121
BREAK,138304,121
BREHL,138304,121
BRENTNALL,138304,121
BREVOORT,138304,121
BRUCHMAN,138304,121
BRUDVIG,138304,121
BRUTTON,138304,121
BRYEANS,138304,121
BRYNILDSEN,138304,121
BRZUCHALSKI,138304,121
BUERSTER,138304,121
BURGHOLZER,138304,121
BURNITT,138304,121
BUSHMIRE,138304,121
BUXO,138304,121
BUYAK,138304,121
CABIL,138304,121
CADRIN,138304,121
CADZOW,138304,121
CAGNA,138304,121
CALFA,138304,121
CALUS,138304,121
CAMMARN,138304,121
CAMMENGA,138304,121
CANABAL,138304,121
CANDELIER,138304,121
CANTINI,138304,121
CARBALLEIRA,138304,121
CARBONEAU,138304,121
CARBOY,138304,121
CARMONEY,138304,121
CARREATHERS,138304,121
CARTRETT,138304,121
CASCIOTTI,138304,121
CASENHISER,138304,121
CASINGER,138304,121
CASOLI,138304,121
CASTERLOW,138304,121
CATTERMOLE,138304,121
CAUVIN,138304,121
CELLAN,138304,121
CERTUCHE,138304,121
CESSPOOCH,138304,121
CHANGE,138304,121
CHAZARRETA,138304,121
CHECHAK,138304,121
CHERKAOUI,138304,121
CHIROY,138304,121
CIMAROLLI,138304,121
CITARELLI,138304,121
CLEOFAS,138304,121
CLOUDMAN,138304,121
COCAGNE,138304,121
COHELEY,138304,121
COLDWATER,138304,121
COMADURAN,138304,121
COMANCHE,138304,121
COMPAGNONI,138304,121
CONRON,138304,121
CONSECO,138304,121
COQUIA,138304,121
CORRICE,138304,121
COSTOLO,138304,121
CRESSALL,138304,121
CRISAMORE,138304,121
CROSLOW,138304,121
CRUZGUTIERREZ,138304,121
CUCULICH,138304,121
CZESAK,138304,121
DADDEZIO,138304,121
DALGETTY,138304,121
DALLAPIAZZA,138304,121
DALLDORF,138304,121
DAMARE,138304,121
DARDAS,138304,121
DEACONS,138304,121
DECHAMPS,138304,121
DELASSALAS,138304,121
DELLAGATTA,138304,121
DELOATCHE,138304,121
DEMIREL,138304,121
DENHOLLANDER,138304,121
DENORA,138304,121
DEPLAZES,138304,121
DERES,138304,121
DERMONT,138304,121
DESAIN,138304,121
DEVRIEZE,138304,121
DEXTRADEUR,138304,121
DIAZGUTIERREZ,138304,121
DIDAWICK,138304,121
DIETMEYER,138304,121
DINENNA,138304,121
DINOLA,138304,121
DISHION,138304,121
DISILVA,138304,121
DOEBEREINER,138304,121
DOKKO,138304,121
DONATIELLO,138304,121
DORBIN,138304,121
DORDAL,138304,121
DORNIER,138304,121
DRABIC,138304,121
DRAGA,138304,121
DRAGUN,138304,121
DROLETTE,138304,121
DRUSHEL,138304,121
DUHS,138304,121
DULLY,138304,121
DUNAJSKI,138304,121
DUNBRACK,138304,121
DUNFEY,138304,121
DUNKLEMAN,138304,121
DURACK,138304,121
DUROJAIYE,138304,121
DURVASULA,138304,121
DWINAL,138304,121
EBLER,138304,121
EGGERTH,138304,121
ELFNER,138304,121
ELICIER,138304,121
ELLIES,138304,121
ELOVITZ,138304,121
ELSTEIN,138304,121
ELTMAN,138304,121
EMBODY,138304,121
ENGEBRECHT,138304,121
ENJADY,138304,121
EPLETT,138304,121
EPPLING,138304,121
ERIK,138304,121
ERTER,138304,121
ESALA,138304,121
ESERA,138304,121
ESTERBY,138304,121
ESTROFF,138304,121
ETHAN,138304,121
ETTENGER,138304,121
FARINOLA,138304,121
FARSI,138304,121
FAVUZZI,138304,121
FELDSHER,138304,121
FENO,138304,121
FERRAEZ,138304,121
FERRANT,138304,121
FIECK,138304,121
FILUT,138304,121
FIROZ,138304,121
FLANDEZ,138304,121
FLECHAS,138304,121
FLORKEY,138304,121
FOLIGNO,138304,121
FOURHMAN,138304,121
FRACISCO,138304,121
FRANGIOSA,138304,121
FRANKFURTH,138304,121
FRASH,138304,121
FRAUNFELDER,138304,121
FRISELL,138304,121
FUJIKI,138304,121
FUJISHIGE,138304,121
FULWILDER,138304,121
FUNDIS,138304,121
GAGGERO,138304,121
GALANDO,138304,121
GAMLEN,138304,121
GANUNG,138304,121
GARCIAACOSTA,138304,121
GARCIANAVARRO,138304,121
GARDIPE,138304,121
GARLIT,138304,121
GAUDE,138304,121
GAUDEN,138304,121
GAVIT,138304,121
GEBREGZIABHER,138304,121
GEHIN,138304,121
GEHRELS,138304,121
GENERALI,138304,121
GENESER,138304,121
GENSLINGER,138304,121
GIBENS,138304,121
GIDEL,138304,121
GINTERT,138304,121
GIRAUDO,138304,121
GIRDY,138304,121
GIRMSCHEID,138304,121
GLANZMANN,138304,121
GLIELMI,138304,121
GODCHAUX,138304,121
GOEBELER,138304,121
GOLDSTROHM,138304,121
GOODVIN,138304,121
GOOLSBEE,138304,121
GRABEK,138304,121
GRACANIN,138304,121
GRAME,138304,121
GREENHALL,138304,121
GREETHAM,138304,121
GRUBENHOFF,138304,121
GRUENES,138304,121
GRZENDA,138304,121
GUARDASCIONE,138304,121
GUGLIELMELLI,138304,121
GUILBAUD,138304,121
GUREVITCH,138304,121
GUZIEWICZ,138304,121
HABLEWITZ,138304,121
HABOWSKI,138304,121
HAFFLY,138304,121
HAILI,138304,121
HALAWANI,138304,121
HARBERTSON,138304,121
HARDERSEN,138304,121
HARRIGFELD,138304,121
HARRITT,138304,121
HARUNA,138304,121
HASKOVEC,138304,121
HAUGLID,138304,121
HAUNG,138304,121
HAUTMAN,138304,121
HEBLE,138304,121
HEIBULT,138304,121
HEITZLER,138304,121
HEJNAL,138304,121
HELEIN,138304,121
HELFEN,138304,121
HEPPELL,138304,121
HERRIS,138304,121
HESSICK,138304,121
HETTMANSPERGER,138304,121
HIKADE,138304,121
HILKO,138304,121
HIOTIS,138304,121
HITZMAN,138304,121
HNEM,138304,121
HOBURG,138304,121
HOCKEL,138304,121
HOERGER,138304,121
HOHENWARTER,138304,121
HOJEM,138304,121
HOKER,138304,121
HOLDSCLAW,138304,121
HOLLUB,138304,121
HOLMBLAD,138304,121
HOLSENBECK,138304,121
HOLSTIEN,138304,121
HOOGHEEM,138304,121
HORCHEM,138304,121
HOSETH,138304,121
HOULBERG,138304,121
HRYB,138304,121
HUGI,138304,121
HUIT,138304,121
HULFACHOR,138304,121
HUPFELD,138304,121
HUSSLEIN,138304,121
HUTFLESS,138304,121
HUTTING,138304,121
HYSTAD,138304,121
IATAROLA,138304,121
IDLAND,138304,121
INGLEY,138304,121
INKEL,138304,121
ITOW,138304,121
ITSCHNER,138304,121
IWAMI,138304,121
IZELL,138304,121
IZZARELLI,138304,121
JAKWAY,138304,121
JANCKILA,138304,121
JANNOTTI,138304,121
JANOWIECKI,138304,121
JAPPE,138304,121
JAVOREK,138304,121
JENNA,138304,121
JERKOVIC,138304,121
JESKI,138304,121
JIMENIZ,138304,121
JIMESON,138304,121
JORRITSMA,138304,121
JUHOLA,138304,121
JUILLET,138304,121
JULIAS,138304,121
JULIUSSEN,138304,121
JUNSAY,138304,121
JUPINA,138304,121
KABAY,138304,121
KAMENSKI,138304,121
KAPNICK,138304,121
KARECKI,138304,121
KARMAZYN,138304,121
KASLE,138304,121
KASON,138304,121
KATOR,138304,121
KAUTSKY,138304,121
KEALA,138304,121
KEALLY,138304,121
KEILSON,138304,121
KEIPPER,138304,121
KELLERSTRASS,138304,121
KELLYMAN,138304,121
KELPIN,138304,121
KEMPKEN,138304,121
KHAKI,138304,121
KHOE,138304,121
KIELICH,138304,121
KIESELBACH,138304,121
KITCHER,138304,121
KLEINWOLTERINK,138304,121
KLEJKA,138304,121
KNETSCH,138304,121
KOB,138304,121
KOBECK,138304,121
KOBELSKI,138304,121
KOENING,138304,121
KOFMEHL,138304,121
KOLEGA,138304,121
KOLENICH,138304,121
KOLENKO,138304,121
KOLWICZ,138304,121
KONYNDYK,138304,121
KORDIAK,138304,121
KORNET,138304,121
KOSCHNICK,138304,121
KOSTECKY,138304,121
KOSTROSKI,138304,121
KOTZIN,138304,121
KOZUMA,138304,121
KOZUSZEK,138304,121
KRAICH,138304,121
KRAJECKI,138304,121
KRAK,138304,121
KROBATH,138304,121
KRUCEK,138304,121
KRUCHOWSKI,138304,121
KRUZE,138304,121
KUCICH,138304,121
KUHLENBECK,138304,121
KUHLENSCHMIDT,138304,121
KULB,138304,121
KUMARASWAMY,138304,121
LABORICO,138304,121
LADENBURG,138304,121
LAIDLOW,138304,121
LAKOSKY,138304,121
LANPHAR,138304,121
LAPREE,138304,121
LARGIE,138304,121
LASSELL,138304,121
LAURENTIUS,138304,121
LECKINGER,138304,121
LEFTENANT,138304,121
LEIDAL,138304,121
LEIDOLF,138304,121
LEIPERT,138304,121
LEMKIN,138304,121
LENDMAN,138304,121
LENOCH,138304,121
LEONRAMIREZ,138304,121
LERCARA,138304,121
LESOINE,138304,121
LHOTE,138304,121
LICHTLE,138304,121
LIFSCHITZ,138304,121
LILIC,138304,121
LINDEE,138304,121
LITZA,138304,121
LJUCOVIC,138304,121
LOBUONO,138304,121
LOBUR,138304,121
LOFTSGARD,138304,121
LOMAGLIO,138304,121
LOOFBORO,138304,121
LOPEC,138304,121
LOUGHBOROUGH,138304,121
LOVENGUTH,138304,121
LOVIE,138304,121
LOWETH,138304,121
LUCHTMAN,138304,121
LUNNEBORG,138304,121
LUSTENBERGER,138304,121
LUTOVSKY,138304,121
LYNDSEY,138304,121
MACEJKA,138304,121
MACFAWN,138304,121
MACVEIGH,138304,121
MAGILTON,138304,121
MAINELLO,138304,121
MALACK,138304,121
MALATE,138304,121
MALMO,138304,121
MAMANE,138304,121
MANATA,138304,121
MANDABACH,138304,121
MANDELKOW,138304,121
MANGLANI,138304,121
MANOSH,138304,121
MANYMULES,138304,121
MARDIGIAN,138304,121
MARGERISON,138304,121
MARILLA,138304,121
MARKETOS,138304,121
MARKILLIE,138304,121
MARTINEZORTEGA,138304,121
MARWICK,138304,121
MASAK,138304,121
MASSOGLIA,138304,121
MASTRORILLI,138304,121
MATARIYEH,138304,121
MATOLA,138304,121
MATSEY,138304,121
MAYFORTH,138304,121
MAYSTER,138304,121
MCBIRNEY,138304,121
MCCADDON,138304,121
MCCAMON,138304,121
MCCARR,138304,121
MCCASHLAND,138304,121
MCCLAREY,138304,121
MCELGUNN,138304,121
MCGOON,138304,121
MCHUGO,138304,121
MCKELDIN,138304,121
MCKIMMIE,138304,121
MCMORDIE,138304,121
MEDINAREYES,138304,121
MEDWIN,138304,121
MEHM,138304,121
MENHENNETT,138304,121
MENNO,138304,121
MENSI,138304,121
MENSONIDES,138304,121
MERITO,138304,121
MESENBURG,138304,121
MESINOVIC,138304,121
MICIK,138304,121
MIHALSKI,138304,121
MIKITYUK,138304,121
MILMINE,138304,121
MINGERINK,138304,121
MINKA,138304,121
MIRAKIAN,138304,121
MIRKA,138304,121
MISENKO,138304,121
MITKO,138304,121
MKHITARIAN,138304,121
MLINARCIK,138304,121
MOBECK,138304,121
MOELKER,138304,121
MOENCK,138304,121
MOGHIMI,138304,121
MOHRLAND,138304,121
MOLINARE,138304,121
MOLINARIO,138304,121
MOLLBERG,138304,121
MOLLENHOUR,138304,121
MONIR,138304,121
MONSALUD,138304,121
MORACO,138304,121
MORRISSEAU,138304,121
MOSZKOWICZ,138304,121
MOTAS,138304,121
MUGNOLO,138304,121
MUKHIN,138304,121
MUSSINGTON,138304,121
MUSTILLO,138304,121
MUTNANSKY,138304,121
NAGASAKO,138304,121
NAPA,138304,121
NAPUE,138304,121
NAVEDA,138304,121
NEATROUR,138304,121
NEBENZAHL,138304,121
NEWHOOK,138304,121
NEWSONE,138304,121
NIGBUR,138304,121
NISCHAN,138304,121
NOONCHESTER,138304,121
NOREIGA,138304,121
NOSBUSH,138304,121
NUESTRO,138304,121
NUNER,138304,121
NWAJEI,138304,121
NYBAKKEN,138304,121
NYO,138304,121
OCLAIRE,138304,121
OCTOBER,138304,121
OGUMA,138304,121
OHNECK,138304,121
OLIVIS,138304,121
ONES,138304,121
ONOCHIE,138304,121
ORBETA,138304,121
ORTERO,138304,121
OSMOLSKI,138304,121
OSSLER,138304,121
PALEOLOGOS,138304,121
PAMATMAT,138304,121
PANDISCIO,138304,121
PANELA,138304,121
PAPANTONIOU,138304,121
PARMIGIANI,138304,121
PASATO,138304,121
PASKES,138304,121
PASSIO,138304,121
PASULA,138304,121
PAULETICH,138304,121
PAYSEN,138304,121
PECHETTE,138304,121
PELLICCIONE,138304,121
PENISTER,138304,121
PENZEL,138304,121
PERATT,138304,121
PERCER,138304,121
PESCATELLO,138304,121
PETCOFF,138304,121
PETKOFF,138304,121
PHILLIPI,138304,121
PIAGENTINI,138304,121
PIAZZOLA,138304,121
PIFKO,138304,121
PIGEE,138304,121
PILARCIK,138304,121
PILATI,138304,121
PIPPER,138304,121
PITALE,138304,121
PLANCE,138304,121
PLOCKI,138304,121
PLUSS,138304,121
PODDER,138304,121
POETZL,138304,121
POLEE,138304,121
POLLASTRO,138304,121
POLLION,138304,121
POLNIAK,138304,121
POLTY,138304,121
POMPOSELLI,138304,121
POPULUS,138304,121
PORROVECCHIO,138304,121
PRAZUCH,138304,121
PRETEROTI,138304,121
PRETSCH,138304,121
PRINGNITZ,138304,121
PROKO,138304,121
PROZINSKI,138304,121
PRPICH,138304,121
PRUSSMAN,138304,121
PUAA,138304,121
PYRZ,138304,121
QUALKENBUSH,138304,121
QUARANTILLO,138304,121
QUASNEY,138304,121
RADAN,138304,121
RADION,138304,121
RADKOWSKI,138304,121
RAFN,138304,121
RAHMANOVIC,138304,121
RAIDA,138304,121
RAJENDRA,138304,121
RAKOWICZ,138304,121
RAMANAUSKAS,138304,121
RAMIREZRIVERA,138304,121
RAMIRZ,138304,121
RAMONDO,138304,121
RAMOSREYES,138304,121
RAMOTOWSKI,138304,121
RAMSEL,138304,121
RANDOLL,138304,121
RASHLEIGH,138304,121
RATTLE,138304,121
RAUCHUT,138304,121
RAVELL,138304,121
RAZZOUK,138304,121
REAVELY,138304,121
REBELE,138304,121
REDSHIRT,138304,121
REHAGE,138304,121
REMENAR,138304,121
RENCHEN,138304,121
RENISH,138304,121
REQUILMAN,138304,121
RETEK,138304,121
RETT,138304,121
RIMPEL,138304,121
RISEDEN,138304,121
RODACK,138304,121
ROELAND,138304,121
ROETHKE,138304,121
ROHLA,138304,121
ROJASROJAS,138304,121
ROMSA,138304,121
ROOZE,138304,121
RORVIG,138304,121
ROSENBURGH,138304,121
ROTHLEUTNER,138304,121
ROUSSELO,138304,121
ROUTION,138304,121
RUDINSKI,138304,121
RUEDEN,138304,121
RUFFLE,138304,121
RUIZCHAVEZ,138304,121
RUMEL,138304,121
RUNCHEY,138304,121
RUPKEY,138304,121
RUPOLO,138304,121
RUSTAGI,138304,121
RYCHEL,138304,121
SAAFI,138304,121
SABOO,138304,121
SACOTO,138304,121
SADANA,138304,121
SADTLER,138304,121
SADZEWICZ,138304,121
SAEMAN,138304,121
SAMELS,138304,121
SANCKEN,138304,121
SANDOVA,138304,121
SANDWISCH,138304,121
SANGEORGE,138304,121
SARDER,138304,121
SARKESIAN,138304,121
SAUAGE,138304,121
SCARINCI,138304,121
SCARMACK,138304,121
SCHABELL,138304,121
SCHAENZER,138304,121
SCHAFMAN,138304,121
SCHANEY,138304,121
SCHANKIN,138304,121
SCHEIRMAN,138304,121
SCHELLPFEFFER,138304,121
SCHLIM,138304,121
SCHLINGMAN,138304,121
SCHMEUSSER,138304,121
SCHMIEDEKE,138304,121
SCHMITTGENS,138304,121
SCHNEDER,138304,121
SCHOETTLIN,138304,121
SCHOHL,138304,121
SCHRULL,138304,121
SCHULKERS,138304,121
SCHWARTZLOW,138304,121
SCONZA,138304,121
SEDIGHI,138304,121
SEEHAWER,138304,121
SEELHORST,138304,121
SEGALINI,138304,121
SELKING,138304,121
SELLIE,138304,121
SEMBLER,138304,121
SENANAYAKE,138304,121
SENUTA,138304,121
SEPELAK,138304,121
SERATTE,138304,121
SHADRIN,138304,121
SHALEK,138304,121
SHANKSTER,138304,121
SHEFTIC,138304,121
SHIMMONS,138304,121
SHOPSHIRE,138304,121
SHORTLAND,138304,121
SHUGA,138304,121
SIETING,138304,121
SILIGA,138304,121
SILLITO,138304,121
SIMANK,138304,121
SINGELYN,138304,121
SINGHANIA,138304,121
SITTERLEY,138304,121
SIVALINGAM,138304,121
SKADSEM,138304,121
SKINNELL,138304,121
SLED,138304,121
SMALEC,138304,121
SMARRA,138304,121
SMYKLA,138304,121
SOIN,138304,121
SOKE,138304,121
SOKIRA,138304,121
SOKO,138304,121
SOMERSTEIN,138304,121
SOREANO,138304,121
SORZANO,138304,121
SOUPIR,138304,121
SOUTHEY,138304,121
SPECKERT,138304,121
SPUCK,138304,121
STAROSCIAK,138304,121
STATHATOS,138304,121
STEAMER,138304,121
STELZEL,138304,121
STERKENBURG,138304,121
STEUDLER,138304,121
STIO,138304,121
STORROW,138304,121
STROPPEL,138304,121
STROUBE,138304,121
STYNES,138304,121
STYVES,138304,121
SUHAN,138304,121
SUKHOO,138304,121
SURIO,138304,121
SURMEIER,138304,121
SWITHENBANK,138304,121
SWOL,138304,121
SYBERG,138304,121
SYTEK,138304,121
SZPUNAR,138304,121
SZYPULA,138304,121
TAFFER,138304,121
TALEGHANI,138304,121
TANIELIAN,138304,121
TAROLI,138304,121
TATAFU,138304,121
TATSEY,138304,121
TAVELLI,138304,121
TAYLORJONES,138304,121
TEDALDI,138304,121
TEMAAT,138304,121
TEMTE,138304,121
THIELKING,138304,121
THRUMAN,138304,121
TOCHTROP,138304,121
TOMICICH,138304,121
TONARELLI,138304,121
TOPOLOSKY,138304,121
TOS,138304,121
TOUNZEN,138304,121
TOURTELOTTE,138304,121
TOVSEN,138304,121
TRAPPER,138304,121
TRATTLES,138304,121
TRAVAGLIA,138304,121
TREVES,138304,121
TREWHITT,138304,121
TRIELOFF,138304,121
TRIMBY,138304,121
TRIMMINGS,138304,121
TROCHA,138304,121
TROJILLO,138304,121
TROULLIER,138304,121
TROWEL,138304,121
TRUTE,138304,121
TUMBERG,138304,121
TUMPKIN,138304,121
TUNCER,138304,121
TUNGSETH,138304,121
TURES,138304,121
TWEEDEL,138304,121
TYCKSEN,138304,121
ULLA,138304,121
UMEK,138304,121
UNGLES,138304,121
UYEMATSU,138304,121
VANDERKELEN,138304,121
VANDEWARKER,138304,121
VANDRESAR,138304,121
VANSTELLE,138304,121
VASUDEV,138304,121
VAWSER,138304,121
VECCIA,138304,121
VEHLEWALD,138304,121
VELTEMA,138304,121
VERJAN,138304,121
VERME,138304,121
VETTLESON,138304,121
VICCARO,138304,121
VILLACAMPA,138304,121
VITTORE,138304,121
VOGIATZIS,138304,121
VOLPP,138304,121
VONHOF,138304,121
VONLEHMDEN,138304,121
VORNBROCK,138304,121
WAELDE,138304,121
WAIPA,138304,121
WALBER,138304,121
WANJIKU,138304,121
WATSCHKE,138304,121
WEARN,138304,121
WEICHE,138304,121
WEINRICK,138304,121
WEIXELMAN,138304,121
WELBIG,138304,121
WELNETZ,138304,121
WHITECAR,138304,121
WHITEHEART,138304,121
WIBERT,138304,121
WILDERS,138304,121
WILFINGER,138304,121
WINESKI,138304,121
WINKHART,138304,121
WODAJO,138304,121
WOITH,138304,121
WOJTALA,138304,121
WOLFS,138304,121
WOLVER,138304,121
YACKEE,138304,121
YAFFA,138304,121
YANAGA,138304,121
YANNY,138304,121
YANQUI,138304,121
YARI,138304,121
YIMAM,138304,121
YONALLY,138304,121
YSQUIERDO,138304,121
ZAKOS,138304,121
ZASTERA,138304,121
ZDYBEL,138304,121
ZEARLEY,138304,121
ZIPPILLI,138304,121
ZVOLENSKY,138304,121
ZWEIBOHMER,138304,121
ZWINGER,138304,121
ZWINK,138304,121
ZWIRNER,138304,121
ABUT,139228,120
ACKERBERG,139228,120
ADEYANJU,139228,120
AFTANAS,139228,120
AGBUYA,139228,120
AGLUGUB,139228,120
AGONEY,139228,120
AGTANG,139228,120
AHMU,139228,120
AKGUN,139228,120
ALBONETTI,139228,120
ALCAYDE,139228,120
ALFARAJ,139228,120
ALGIRE,139228,120
ALLDAFFER,139228,120
ALMSTEAD,139228,120
ALTENBERND,139228,120
ALTMYER,139228,120
AMPLO,139228,120
ANCOG,139228,120
ANGELOSANTO,139228,120
ANKOMAH,139228,120
ANSOLABEHERE,139228,120
APTEKAR,139228,120
ARCHBALD,139228,120
ARCHEVAL,139228,120
ARMINTROUT,139228,120
ASCHWANDEN,139228,120
ASILO,139228,120
ASING,139228,120
ASMEROM,139228,120
ATTILI,139228,120
AVEDON,139228,120
AVELLANA,139228,120
AVIRETT,139228,120
BAADSGAARD,139228,120
BACILE,139228,120
BAGNIEWSKI,139228,120
BAGUE,139228,120
BALSAMA,139228,120
BALTRUSAITIS,139228,120
BAMBARGER,139228,120
BANAN,139228,120
BARATS,139228,120
BAREL,139228,120
BARLEEN,139228,120
BAROSY,139228,120
BARRANTI,139228,120
BARSENAS,139228,120
BARTELLS,139228,120
BASEN,139228,120
BASLOW,139228,120
BATAYEH,139228,120
BATKIEWICZ,139228,120
BAUMGRAS,139228,120
BEALLE,139228,120
BEBBINGTON,139228,120
BEBEL,139228,120
BEKIS,139228,120
BELGE,139228,120
BENDERT,139228,120
BENEWAY,139228,120
BENSO,139228,120
BENZVI,139228,120
BEPLER,139228,120
BERBERET,139228,120
BERGLIND,139228,120
BERKHOLZ,139228,120
BERKIN,139228,120
BERLAN,139228,120
BERRUECOS,139228,120
BESKIN,139228,120
BHULA,139228,120
BICER,139228,120
BICKMEYER,139228,120
BIDIGARE,139228,120
BIERDEMAN,139228,120
BIERKAMP,139228,120
BILADEAU,139228,120
BILLANTE,139228,120
BINNINGER,139228,120
BIROTTE,139228,120
BLACKEAGLE,139228,120
BLANKSTEIN,139228,120
BLENK,139228,120
BODET,139228,120
BOEHRER,139228,120
BOLFING,139228,120
BOLKS,139228,120
BOLLON,139228,120
BONDON,139228,120
BONIKOWSKI,139228,120
BONKER,139228,120
BORSKEY,139228,120
BOUCHAT,139228,120
BOURGE,139228,120
BRACHMAN,139228,120
BRADDICK,139228,120
BRASHARES,139228,120
BREINICH,139228,120
BREITIGAM,139228,120
BREWSAUGH,139228,120
BRIGATI,139228,120
BROFMAN,139228,120
BROMIRSKI,139228,120
BROZO,139228,120
BRUAL,139228,120
BRUECKMANN,139228,120
BRUEWER,139228,120
BUDEK,139228,120
BUDINSKY,139228,120
BUHRLE,139228,120
BULAU,139228,120
BUNCK,139228,120
BUNIS,139228,120
BUNYAK,139228,120
BURFOOT,139228,120
BURLA,139228,120
BURRETT,139228,120
BUSSEL,139228,120
BUTTLEMAN,139228,120
BYCHKOV,139228,120
BYNER,139228,120
BYRKET,139228,120
BYSTREK,139228,120
BZDOK,139228,120
CAEL,139228,120
CAIMANO,139228,120
CAMAIONI,139228,120
CAMIEL,139228,120
CANALEZ,139228,120
CANNAROZZO,139228,120
CARABBA,139228,120
CARERA,139228,120
CARERI,139228,120
CARMENATES,139228,120
CARPENTIERE,139228,120
CARRACEDO,139228,120
CARTLAND,139228,120
CARUBIA,139228,120
CASALEGNO,139228,120
CASARIO,139228,120
CASCARDO,139228,120
CASIELLO,139228,120
CASTATOR,139228,120
CEKADA,139228,120
CENATE,139228,120
CHAPPETTA,139228,120
CHARMANT,139228,120
CHAULKLIN,139228,120
CHAVEZORTIZ,139228,120
CHEAN,139228,120
CHEDIAK,139228,120
CHEER,139228,120
CHEMIN,139228,120
CHERO,139228,120
CHHEAN,139228,120
CHHITH,139228,120
CHIAPPELLI,139228,120
CHICANO,139228,120
CHIOVARI,139228,120
CHMIELESKI,139228,120
CIANCIOSI,139228,120
CLAGON,139228,120
CLAUSMAN,139228,120
CLEES,139228,120
COFIELL,139228,120
COJ,139228,120
COLAFRANCESCO,139228,120
COLATOSTI,139228,120
COLHOFF,139228,120
COLIGAN,139228,120
COMBRINK,139228,120
COMPAORE,139228,120
CONSERVE,139228,120
CONZELMANN,139228,120
COPPINI,139228,120
CORICH,139228,120
CORNEAL,139228,120
CORTADO,139228,120
COWL,139228,120
CRAGUE,139228,120
CRELLY,139228,120
CRISCOLA,139228,120
CRISPENS,139228,120
CRUBEL,139228,120
CUBBIN,139228,120
CUFFMAN,139228,120
CUIFFO,139228,120
CUMER,139228,120
CYMBALUK,139228,120
CZARAPATA,139228,120
CZERNEK,139228,120
DALLAPE,139228,120
DALMASO,139228,120
DAMELE,139228,120
DANILOFF,139228,120
DAOS,139228,120
DAPROZA,139228,120
DASBACH,139228,120
DEARNLEY,139228,120
DECESPEDES,139228,120
DELARBER,139228,120
DELGREGO,139228,120
DELISSIO,139228,120
DEMAO,139228,120
DEMBER,139228,120
DEMBROWSKI,139228,120
DEMESMIN,139228,120
DENADEL,139228,120
DENEN,139228,120
DENOME,139228,120
DEPANO,139228,120
DERIGGS,139228,120
DERMON,139228,120
DESIMAS,139228,120
DESIMON,139228,120
DESKA,139228,120
DESSUS,139228,120
DESTRAMPE,139228,120
DETSCH,139228,120
DIGRAZIO,139228,120
DINASO,139228,120
DINEROS,139228,120
DODGINS,139228,120
DOTTI,139228,120
DREDDEN,139228,120
DROSKI,139228,120
DUCKHAM,139228,120
DUEWEL,139228,120
DUNKLAU,139228,120
DURANGARCIA,139228,120
DURRUM,139228,120
EBORA,139228,120
EGAWA,139228,120
EICHBAUER,139228,120
EISENTROUT,139228,120
ELERBY,139228,120
ELLEBRECHT,139228,120
ELQUIST,139228,120
ELWYN,139228,120
EMON,139228,120
EMRAN,139228,120
ENNIN,139228,120
ENSALDO,139228,120
ENZMANN,139228,120
EPPINGA,139228,120
EROGLU,139228,120
ESCHELBACH,139228,120
ETEMAD,139228,120
EUFEMIA,139228,120
EYCHNER,139228,120
EZRATTY,139228,120
FABIANSKI,139228,120
FABIUS,139228,120
FABRICANTE,139228,120
FACHINI,139228,120
FADIGA,139228,120
FALBY,139228,120
FALTISCO,139228,120
FEHLEN,139228,120
FEIGHAN,139228,120
FELCHLE,139228,120
FELOCK,139228,120
FERNAAYS,139228,120
FERRARACCIO,139228,120
FERSTLER,139228,120
FETCHER,139228,120
FETHERMAN,139228,120
FIRSTENBERG,139228,120
FLEISS,139228,120
FOLCHI,139228,120
FOLSKE,139228,120
FOR,139228,120
FORETICH,139228,120
FORNAH,139228,120
FRATERRIGO,139228,120
FRAUENDIENST,139228,120
FREELEN,139228,120
FRESQUES,139228,120
FRIEDENBERGER,139228,120
FRYHOVER,139228,120
FUE,139228,120
GAFFREY,139228,120
GAFOOR,139228,120
GALLEA,139228,120
GARFIA,139228,120
GARVINE,139228,120
GASSIOTT,139228,120
GAUTHE,139228,120
GAYON,139228,120
GEAGHAN,139228,120
GERKENS,139228,120
GHEBRE,139228,120
GIANNOSA,139228,120
GIANT,139228,120
GILBEY,139228,120
GLEBOCKI,139228,120
GLEESE,139228,120
GLOZMAN,139228,120
GNADINGER,139228,120
GOATEE,139228,120
GOETTEN,139228,120
GOGIA,139228,120
GOLDHAHN,139228,120
GOLLAZ,139228,120
GOLLOGLY,139228,120
GOMBEDA,139228,120
GOMEZROMERO,139228,120
GONCALES,139228,120
GONIWICHA,139228,120
GOODBRAKE,139228,120
GOPALAKRISHNA,139228,120
GOSKA,139228,120
GRAETTINGER,139228,120
GRAJO,139228,120
GRAMELSPACHER,139228,120
GRANCHELLI,139228,120
GRAPHENTEEN,139228,120
GRAVEDONI,139228,120
GRAVIETT,139228,120
GRAYDEN,139228,120
GRECZEK,139228,120
GREENSFELDER,139228,120
GRIFITH,139228,120
GRISTINA,139228,120
GROSSKURTH,139228,120
GROSSNICKLAUS,139228,120
GROT,139228,120
GUADAGNA,139228,120
GUAMBANA,139228,120
GUCKES,139228,120
GUISSE,139228,120
GULIK,139228,120
GUNYAN,139228,120
GURTOWSKI,139228,120
GURUSAMY,139228,120
GUTHALS,139228,120
GUZMEN,139228,120
GWARA,139228,120
GWERDER,139228,120
GYSBERS,139228,120
HABBE,139228,120
HAFELI,139228,120
HAGHANI,139228,120
HAMBOR,139228,120
HAMENDE,139228,120
HAMMOUDA,139228,120
HANAMOTO,139228,120
HANEBUTT,139228,120
HANRATH,139228,120
HANZE,139228,120
HARAYDA,139228,120
HARCARIK,139228,120
HARDISKY,139228,120
HARTLEP,139228,120
HAUERWAS,139228,120
HAVERON,139228,120
HAX,139228,120
HAYTHORNE,139228,120
HEMKE,139228,120
HEPPERLY,139228,120
HERFORTH,139228,120
HERISSE,139228,120
HERSEL,139228,120
HEUVELMAN,139228,120
HIAR,139228,120
HILARY,139228,120
HILBOURN,139228,120
HILLERT,139228,120
HILTERBRAN,139228,120
HINAHON,139228,120
HIRSHON,139228,120
HOCKENBROCK,139228,120
HOEBBEL,139228,120
HOESER,139228,120
HOFFAY,139228,120
HOLLADA,139228,120
HOLLOWHORN,139228,120
HOLTH,139228,120
HOMEISTER,139228,120
HOMMEN,139228,120
HONNEN,139228,120
HORNESS,139228,120
HOULD,139228,120
HUAI,139228,120
HUDACKO,139228,120
HUJAR,139228,120
HUSHOUR,139228,120
HUSSELL,139228,120
INAMINE,139228,120
INKELAAR,139228,120
JABUSCH,139228,120
JAFFKE,139228,120
JAGADEESH,139228,120
JAKL,139228,120
JAMILI,139228,120
JASKI,139228,120
JAYANTHI,139228,120
JOESTING,139228,120
JULL,139228,120
JUNQUEIRA,139228,120
JURENKA,139228,120
KAHANANUI,139228,120
KALATHIL,139228,120
KALIAN,139228,120
KALLAUS,139228,120
KALLFELZ,139228,120
KANDL,139228,120
KANIUK,139228,120
KAPUA,139228,120
KARCHMER,139228,120
KASTENHOLZ,139228,120
KAUKER,139228,120
KAWAMATA,139228,120
KAYFES,139228,120
KAYO,139228,120
KEFER,139228,120
KENARD,139228,120
KENSER,139228,120
KENSKI,139228,120
KEPOO,139228,120
KESTIN,139228,120
KICKLITER,139228,120
KIECKBUSCH,139228,120
KILANI,139228,120
KINKENNON,139228,120
KINZIG,139228,120
KIPPENHAN,139228,120
KITCHEYAN,139228,120
KIVIAT,139228,120
KOAH,139228,120
KOESEL,139228,120
KOLAFA,139228,120
KOLKHORST,139228,120
KOLONICH,139228,120
KOMARNICKI,139228,120
KONETSKI,139228,120
KOSTYO,139228,120
KOTOK,139228,120
KOZEMCHAK,139228,120
KRACZEK,139228,120
KRAKOFF,139228,120
KRANSON,139228,120
KRESH,139228,120
KRUTHOFF,139228,120
KRZECZKOWSKI,139228,120
KSHATRIYA,139228,120
KUBON,139228,120
KUBOYAMA,139228,120
KUCHYNKA,139228,120
KUENTZ,139228,120
KUNEMAN,139228,120
KUNISAKI,139228,120
KUONG,139228,120
KUPAU,139228,120
KUPPUSWAMY,139228,120
KURILKO,139228,120
LADEIRA,139228,120
LADEMANN,139228,120
LALCHANDANI,139228,120
LAMBDEN,139228,120
LAMPITT,139228,120
LANARO,139228,120
LANGSNER,139228,120
LANTO,139228,120
LAPERUTA,139228,120
LASNIER,139228,120
LATHROPE,139228,120
LATTANZE,139228,120
LAVERGHETTA,139228,120
LAVINGTON,139228,120
LAYHUE,139228,120
LAYON,139228,120
LAZERSON,139228,120
LEERHOFF,139228,120
LEGEZA,139228,120
LEHMKUHLE,139228,120
LEIH,139228,120
LEIRAN,139228,120
LEISZ,139228,120
LEIVAN,139228,120
LEIVISKA,139228,120
LEPOIDEVIN,139228,120
LESMANN,139228,120
LEUKHARDT,139228,120
LEWALD,139228,120
LEYA,139228,120
LEYMASTER,139228,120
LIDWELL,139228,120
LIEFFERS,139228,120
LIKER,139228,120
LINZAY,139228,120
LIPTACK,139228,120
LIVAR,139228,120
LIVIAN,139228,120
LIVIDINI,139228,120
LLOYDJONES,139228,120
LORISH,139228,120
LOTTIG,139228,120
LOVERAS,139228,120
LOZENSKY,139228,120
LUBEY,139228,120
LUDECKE,139228,120
LUKASZEK,139228,120
LUKSIK,139228,120
LUSTGRAAF,139228,120
LUTTINGER,139228,120
LUZUNARIS,139228,120
MABASA,139228,120
MACALINAO,139228,120
MACBEAN,139228,120
MACCLELLAN,139228,120
MACIEJKO,139228,120
MACLAGAN,139228,120
MACROBERTS,139228,120
MADLE,139228,120
MAGOUYRK,139228,120
MAGRAW,139228,120
MAHALE,139228,120
MAITNER,139228,120
MAJERCAK,139228,120
MAKARCHUK,139228,120
MAKONI,139228,120
MALATEK,139228,120
MALESZEWSKI,139228,120
MALHIOT,139228,120
MALINOWSKY,139228,120
MALLALIEU,139228,120
MAMAKOS,139228,120
MANDERA,139228,120
MANHARD,139228,120
MARETTI,139228,120
MARISH,139228,120
MARYJO,139228,120
MASCHINOT,139228,120
MASIMORE,139228,120
MASLATON,139228,120
MATROS,139228,120
MATULLO,139228,120
MATY,139228,120
MAYERFELD,139228,120
MBOUP,139228,120
MCCOSTLIN,139228,120
MCGLAMORY,139228,120
MCGOHAN,139228,120
MCKISSEN,139228,120
MCNAIRN,139228,120
MCOY,139228,120
MCWHA,139228,120
MEGOWN,139228,120
MELAMPY,139228,120
MELEEN,139228,120
MELEWSKI,139228,120
MELSER,139228,120
MENDELOWITZ,139228,120
MENDOZADIAZ,139228,120
MEONI,139228,120
MERANI,139228,120
MICKELBERRY,139228,120
MIDDLESWART,139228,120
MIERISCH,139228,120
MIKAIL,139228,120
MILLERING,139228,120
MINDIETA,139228,120
MINETREE,139228,120
MITJANS,139228,120
MITLYNG,139228,120
MITTA,139228,120
MLADENOV,139228,120
MOERSCHEL,139228,120
MOLLINEAUX,139228,120
MONTESCLAROS,139228,120
MOOY,139228,120
MOROSKO,139228,120
MOTTESHEARD,139228,120
MOTTLE,139228,120
MOUNKES,139228,120
MOYNIER,139228,120
MUDROCK,139228,120
MULALIC,139228,120
MULVANIA,139228,120
MUNKS,139228,120
MURELL,139228,120
MUSAL,139228,120
MUTERT,139228,120
NAESSENS,139228,120
NAHASS,139228,120
NAHID,139228,120
NANZ,139228,120
NAOMI,139228,120
NARINESINGH,139228,120
NAROWSKI,139228,120
NATUSCH,139228,120
NAUMU,139228,120
NAVRKAL,139228,120
NEGRE,139228,120
NETTING,139228,120
NEWHOFF,139228,120
NIGATU,139228,120
NIGRI,139228,120
NIKSCH,139228,120
NJERU,139228,120
NOFTSIER,139228,120
NOMOTO,139228,120
NOSEL,139228,120
NOSKY,139228,120
NUOVO,139228,120
NYEN,139228,120
OALMANN,139228,120
OBEZO,139228,120
ODENHEIMER,139228,120
OHAMA,139228,120
OHAR,139228,120
OHEARNE,139228,120
OKEL,139228,120
OKUMU,139228,120
OLADOKUN,139228,120
OLANDESE,139228,120
OLIVI,139228,120
OMELCHENKO,139228,120
OPACIC,139228,120
OPILA,139228,120
ORENA,139228,120
ORLET,139228,120
OSGUTHORPE,139228,120
OTTOBONI,139228,120
OUREN,139228,120
OWUOR,139228,120
PACIULLO,139228,120
PACOS,139228,120
PADHYE,139228,120
PALENCAR,139228,120
PALIZZI,139228,120
PALOZZI,139228,120
PANAK,139228,120
PANERO,139228,120
PANSKE,139228,120
PANTALL,139228,120
PANTOYA,139228,120
PAPARAZZO,139228,120
PAPENBERG,139228,120
PARAISON,139228,120
PARDIEU,139228,120
PARZYNSKI,139228,120
PASQUIN,139228,120
PATRICKS,139228,120
PAVEZ,139228,120
PAZOUR,139228,120
PEASON,139228,120
PENKSA,139228,120
PERCIAVALLE,139228,120
PEREZALVARADO,139228,120
PEREZLUNA,139228,120
PERSCHAU,139228,120
PETCHEL,139228,120
PETERLIN,139228,120
PETROCCHI,139228,120
PETROUS,139228,120
PETROVITCH,139228,120
PETSAS,139228,120
PFINGST,139228,120
PIDO,139228,120
PIECE,139228,120
PIL,139228,120
PIRRUCCELLO,139228,120
PISON,139228,120
PISOR,139228,120
PLANTING,139228,120
PLUMRIDGE,139228,120
POLAREK,139228,120
POLETTE,139228,120
POLINSKE,139228,120
POLISCHUK,139228,120
POLIZZOTTI,139228,120
POLTON,139228,120
POLYCHRONIS,139228,120
PORTUGUES,139228,120
POSEKANY,139228,120
POWERY,139228,120
PRANDY,139228,120
PRUGAR,139228,120
PULLEM,139228,120
PUROLL,139228,120
QUANEY,139228,120
QUASEBARTH,139228,120
RACKOFF,139228,120
RADTKA,139228,120
RAGUSEO,139228,120
RAMOSORTIZ,139228,120
RAMSOOK,139228,120
RANNELS,139228,120
RAUSCHERT,139228,120
RAZLER,139228,120
RECONCO,139228,120
REHMANI,139228,120
REIHING,139228,120
REIVER,139228,120
REPOLA,139228,120
RERA,139228,120
REVZIN,139228,120
RHINERSON,139228,120
RIALL,139228,120
RICHARZ,139228,120
RITARI,139228,120
ROEMKE,139228,120
ROGMAN,139228,120
RORISON,139228,120
RORVIK,139228,120
ROTHBLATT,139228,120
ROUHIER,139228,120
ROUNER,139228,120
ROZENTAL,139228,120
RUBINGER,139228,120
RUDIBAUGH,139228,120
RUPARELIA,139228,120
RUPERTUS,139228,120
SABUGO,139228,120
SACERIO,139228,120
SALHANY,139228,120
SALLMAN,139228,120
SALU,139228,120
SAMOWITZ,139228,120
SANTOVENIA,139228,120
SAVILLA,139228,120
SAVING,139228,120
SCAMPONE,139228,120
SCERRI,139228,120
SCHANILEC,139228,120
SCHARPHORN,139228,120
SCHEUERS,139228,120
SCHILLERSTROM,139228,120
SCHLAFLY,139228,120
SCHLEHR,139228,120
SCHLICH,139228,120
SCHLONEGER,139228,120
SCHNETTGOECKE,139228,120
SCHOGGINS,139228,120
SCHORE,139228,120
SCHORI,139228,120
SCRUBB,139228,120
SCUTCHFIELD,139228,120
SEIMER,139228,120
SEMM,139228,120
SENCHUK,139228,120
SERRALDE,139228,120
SETKA,139228,120
SHABAZ,139228,120
SHADELL,139228,120
SHAMLOO,139228,120
SHORTESS,139228,120
SHUMACK,139228,120
SHYER,139228,120
SIAH,139228,120
SIEMBAB,139228,120
SIERZPUTOWSKI,139228,120
SIEWERS,139228,120
SIGDA,139228,120
SIGNORIELLO,139228,120
SILKER,139228,120
SILLAVAN,139228,120
SILVEOUS,139228,120
SILZER,139228,120
SIMBA,139228,120
SIROCHMAN,139228,120
SIVARD,139228,120
SKOLODA,139228,120
SKRZYCKI,139228,120
SKYES,139228,120
SLEIGHER,139228,120
SMALLIE,139228,120
SMELA,139228,120
SMOLENS,139228,120
SOEBBING,139228,120
SOLACK,139228,120
SORDELLO,139228,120
SORIO,139228,120
SPECA,139228,120
SPEICE,139228,120
SPINAR,139228,120
SPLETTER,139228,120
SPONBERG,139228,120
SPORTEL,139228,120
SPRAGLIN,139228,120
STA,139228,120
STAUPE,139228,120
STEELSMITH,139228,120
STEMPKOWSKI,139228,120
STINNIE,139228,120
STINSKI,139228,120
STOLFO,139228,120
STOS,139228,120
STOX,139228,120
STREACKER,139228,120
STROKE,139228,120
STRONCZEK,139228,120
SULYMA,139228,120
SUPPAN,139228,120
SURH,139228,120
SWARY,139228,120
SWEETENBURG,139228,120
SWENDROWSKI,139228,120
SWIENTEK,139228,120
SWON,139228,120
SYPHAX,139228,120
SYSWERDA,139228,120
SZYMANIAK,139228,120
SZYMULA,139228,120
TABBI,139228,120
TABBUTT,139228,120
TABUENA,139228,120
TAGOAI,139228,120
TALABER,139228,120
TALAFUSE,139228,120
TAMBO,139228,120
TANKOVICH,139228,120
TARBUCK,139228,120
TAUBENFELD,139228,120
TECUATL,139228,120
TEREFENKO,139228,120
TERPIN,139228,120
TERRALL,139228,120
TERTULIEN,139228,120
TERVEN,139228,120
TETTEY,139228,120
THELEMANN,139228,120
THIMMIG,139228,120
THORNBRUE,139228,120
THYGESON,139228,120
TIPAN,139228,120
TJOSSEM,139228,120
TOADER,139228,120
TOGNARELLI,139228,120
TOLOCZKO,139228,120
TOMCZUK,139228,120
TOOVEY,139228,120
TORMOS,139228,120
TRAGLIA,139228,120
TRAVAGLIONE,139228,120
TREITEL,139228,120
TRENTMANN,139228,120
TRES,139228,120
TREWORGY,139228,120
TRIESCHMAN,139228,120
TRIEVEL,139228,120
TROJE,139228,120
TRUILLO,139228,120
TULMAN,139228,120
TUNSIL,139228,120
TZUR,139228,120
UMBENHOWER,139228,120
UNTZ,139228,120
VALLIAN,139228,120
VALOROSO,139228,120
VANCASTER,139228,120
VANDERHILL,139228,120
VANDERZYL,139228,120
VANDETTA,139228,120
VANLEY,139228,120
VANNATTEN,139228,120
VANSTEENBERGEN,139228,120
VANSYCKEL,139228,120
VANVELZER,139228,120
VARDAKIS,139228,120
VARNAU,139228,120
VASILIAUSKAS,139228,120
VATNSDAL,139228,120
VELAND,139228,120
VENIA,139228,120
VERDONI,139228,120
VEROST,139228,120
VICH,139228,120
VIDLAK,139228,120
VIENER,139228,120
VIGNATI,139228,120
VIRCKS,139228,120
VITANTONIO,139228,120
VOCCIO,139228,120
VOMERO,139228,120
VONAHN,139228,120
VORRASI,139228,120
VOTOLATO,139228,120
WANTROBA,139228,120
WARNECK,139228,120
WARSOP,139228,120
WASHCO,139228,120
WATHEY,139228,120
WAYTS,139228,120
WEDO,139228,120
WEHNERT,139228,120
WEINGRAD,139228,120
WELENC,139228,120
WENDEBORN,139228,120
WERNESS,139228,120
WESTERLIND,139228,120
WETTERER,139228,120
WETTERS,139228,120
WHAYNE,139228,120
WIEPERT,139228,120
WILLESS,139228,120
WILZBACH,139228,120
WINESBURG,139228,120
WITTRIG,139228,120
WOGSLAND,139228,120
WOJT,139228,120
WOLFLE,139228,120
WORLUND,139228,120
WOSKA,139228,120
WUSSTIG,139228,120
XICOHTENCATL,139228,120
YAREMCHUK,139228,120
YAZDANPANAH,139228,120
YEANY,139228,120
YEHYA,139228,120
YEIGH,139228,120
YELOVICH,139228,120
YERMAKOV,139228,120
YERRY,139228,120
YUDELL,139228,120
ZADORA,139228,120
ZAH,139228,120
ZAIKOWSKI,139228,120
ZAJDA,139228,120
ZHELEZNYAK,139228,120
ZIEGELHOFER,139228,120
ZIEHMER,139228,120
ZIU,139228,120
ZOLNER,139228,120
ZURLA,139228,120
AARTS,140157,119
ABBI,140157,119
ABDELMAJID,140157,119
ABSTEN,140157,119
ACELLO,140157,119
ACHBERGER,140157,119
ACLAN,140157,119
ACON,140157,119
ADINA,140157,119
AJAY,140157,119
AKAO,140157,119
AKHLAGHI,140157,119
AKKAD,140157,119
AKRA,140157,119
ALANES,140157,119
ALBRYCHT,140157,119
ALCENAT,140157,119
ALEONG,140157,119
ALGERIO,140157,119
ALHASSANI,140157,119
ALLAMI,140157,119
ALLEGAR,140157,119
ALLMANDINGER,140157,119
ALLOTTA,140157,119
ALPI,140157,119
ALUIA,140157,119
AMARTEY,140157,119
AMBRIDGE,140157,119
ANCHIA,140157,119
ANDALORA,140157,119
ANDRASSY,140157,119
ANDREASSON,140157,119
ANDRISANI,140157,119
ANNICHIARICO,140157,119
ANTEBY,140157,119
APERGIS,140157,119
AQUADRO,140157,119
ARBEIT,140157,119
ARGILA,140157,119
ARIK,140157,119
ARKENBERG,140157,119
ARLINT,140157,119
ARRO,140157,119
ARTIBEE,140157,119
ASHANTI,140157,119
ATOYAN,140157,119
AULENBACHER,140157,119
AVEIRO,140157,119
AVIDAN,140157,119
AZMY,140157,119
BACKEY,140157,119
BADIOLA,140157,119
BAGLIETTO,140157,119
BALAWENDER,140157,119
BALCEREK,140157,119
BALCONI,140157,119
BALDIN,140157,119
BALDOZA,140157,119
BANDARA,140157,119
BARBUR,140157,119
BARCHET,140157,119
BARCOS,140157,119
BARILLEAUX,140157,119
BARREE,140157,119
BARTASH,140157,119
BASHOUR,140157,119
BASPED,140157,119
BATHO,140157,119
BAUGHNS,140157,119
BAUSE,140157,119
BAUTISTACRUZ,140157,119
BAYAR,140157,119
BAZIK,140157,119
BEACHELL,140157,119
BECKLOFF,140157,119
BEDAR,140157,119
BEINHAUER,140157,119
BELLASSAI,140157,119
BELLECI,140157,119
BENSKO,140157,119
BENUN,140157,119
BENZANT,140157,119
BEQUEAITH,140157,119
BERGERE,140157,119
BERNUY,140157,119
BETBEZE,140157,119
BETTMAN,140157,119
BHUIYA,140157,119
BICOY,140157,119
BIDNER,140157,119
BIEDER,140157,119
BIERNBAUM,140157,119
BILLSTROM,140157,119
BLANQUET,140157,119
BLASCAK,140157,119
BLOESCH,140157,119
BOBERSKY,140157,119
BODZIONY,140157,119
BOGGES,140157,119
BOGUN,140157,119
BOGUSLAVSKY,140157,119
BOHBOT,140157,119
BOLLWEG,140157,119
BONAFIDE,140157,119
BONAKDAR,140157,119
BONAL,140157,119
BONCI,140157,119
BONONCINI,140157,119
BORDONE,140157,119
BOSSENBROEK,140157,119
BOUDAH,140157,119
BOXRUD,140157,119
BOYSAW,140157,119
BRAMHAM,140157,119
BRANDLY,140157,119
BRANEFF,140157,119
BRAUNGER,140157,119
BRAZZEAL,140157,119
BREEST,140157,119
BREMILLER,140157,119
BRILINSKI,140157,119
BRODAK,140157,119
BRODERIUS,140157,119
BROERE,140157,119
BROGLIE,140157,119
BROKENBOROUGH,140157,119
BRONDEL,140157,119
BRUMBERG,140157,119
BRUNGS,140157,119
BRUSOE,140157,119
BUDNIEWSKI,140157,119
BULLIE,140157,119
BURGUN,140157,119
BURNSIDES,140157,119
BURRUANO,140157,119
BUTGEREIT,140157,119
BUTO,140157,119
BUZIAK,140157,119
BYRES,140157,119
CAALIM,140157,119
CACCIOPPOLI,140157,119
CAKEBREAD,140157,119
CANESTRARI,140157,119
CAPETOLA,140157,119
CAPPADONIA,140157,119
CARIA,140157,119
CASSIUS,140157,119
CASTAGNE,140157,119
CASTERTON,140157,119
CAVICH,140157,119
CAZE,140157,119
CEARNS,140157,119
CHACH,140157,119
CHAFFINCH,140157,119
CHAGARIS,140157,119
CHANTHABOURY,140157,119
CHANTHAVONGSA,140157,119
CHAPPARO,140157,119
CHINLOY,140157,119
CHIVAS,140157,119
CIANCA,140157,119
CIGALA,140157,119
CISKO,140157,119
CITALAN,140157,119
CITY,140157,119
CLAYBERGER,140157,119
CLAYS,140157,119
CLEVERDON,140157,119
CLIPSON,140157,119
CLOCKSIN,140157,119
CLUMPNER,140157,119
CLYNCH,140157,119
COASTER,140157,119
COASTON,140157,119
COGMAN,140157,119
COINE,140157,119
CONICELLI,140157,119
COPITHORNE,140157,119
CORDINER,140157,119
COUNTZ,140157,119
COUTURIAUX,140157,119
COWETTE,140157,119
CRADOCK,140157,119
CRAMSIE,140157,119
CROSCHERE,140157,119
CROZ,140157,119
CRUZRIOS,140157,119
CSISZAR,140157,119
CUBIE,140157,119
CURRAH,140157,119
CVITKOVIC,140157,119
CVITKOVICH,140157,119
CZAHOR,140157,119
DALMER,140157,119
DANDAR,140157,119
DARONE,140157,119
DASTE,140157,119
DAVER,140157,119
DEAY,140157,119
DECAIR,140157,119
DEFRIAS,140157,119
DEGLOW,140157,119
DEHESA,140157,119
DEHUMA,140157,119
DELORENZI,140157,119
DELORIEA,140157,119
DELSO,140157,119
DEMERCADO,140157,119
DEMYER,140157,119
DENKINGER,140157,119
DENSING,140157,119
DEOLLOS,140157,119
DERONDA,140157,119
DESAUGUSTE,140157,119
DEUERLING,140157,119
DEVAUGHAN,140157,119
DEWSBURY,140157,119
DHAENENS,140157,119
DIAMON,140157,119
DIDARIO,140157,119
DIESSO,140157,119
DIESTELKAMP,140157,119
DIMOU,140157,119
DIPRIMO,140157,119
DIVECHA,140157,119
DLUHY,140157,119
DOLBIER,140157,119
DOLINA,140157,119
DOLVEN,140157,119
DOMINGAS,140157,119
DONNACHIE,140157,119
DONNALLEY,140157,119
DORSAINT,140157,119
DORTMAN,140157,119
DRDA,140157,119
DRILLER,140157,119
DRONG,140157,119
DROPPLEMAN,140157,119
DROSSMAN,140157,119
DUCATTE,140157,119
DUGHMAN,140157,119
DUHME,140157,119
DULLARD,140157,119
DUMSTORFF,140157,119
DUPAQUIER,140157,119
DURDLE,140157,119
DURIAS,140157,119
DYSTE,140157,119
ECORD,140157,119
EDIC,140157,119
EHA,140157,119
EIRHART,140157,119
ELDEEB,140157,119
ELECCION,140157,119
ENGHAUSER,140157,119
ENGLARD,140157,119
ENGSTLER,140157,119
ERLICK,140157,119
ERNHART,140157,119
ERTTER,140157,119
ESCHERICH,140157,119
ESPRONCEDA,140157,119
ESTEVIS,140157,119
ETTE,140157,119
EUBER,140157,119
EVANGELISTI,140157,119
FAHRENDORF,140157,119
FARICY,140157,119
FARIDA,140157,119
FEAKER,140157,119
FEEK,140157,119
FENBERT,140157,119
FERCHAUD,140157,119
FERRET,140157,119
FERSCHKE,140157,119
FICORILLI,140157,119
FIDELER,140157,119
FIESSINGER,140157,119
FINGLAND,140157,119
FINTO,140157,119
FIONDELLA,140157,119
FLADHAMMER,140157,119
FLANDREAU,140157,119
FLESKES,140157,119
FLOTTMAN,140157,119
FORTENBERY,140157,119
FRACKOWIAK,140157,119
FRANCICA,140157,119
FREIMANIS,140157,119
FREIREICH,140157,119
FRENN,140157,119
FRIMML,140157,119
FRINT,140157,119
FROMHOLD,140157,119
GAIENNIE,140157,119
GALARSA,140157,119
GALLATI,140157,119
GALLAY,140157,119
GALLESE,140157,119
GALLIFORD,140157,119
GALOTTI,140157,119
GANCEDO,140157,119
GANIRON,140157,119
GANUELAS,140157,119
GARBERDING,140157,119
GARCIAIBARRA,140157,119
GARGANI,140157,119
GARIPPA,140157,119
GARRAHY,140157,119
GASTLER,140157,119
GEARIG,140157,119
GELSO,140157,119
GENATO,140157,119
GETEK,140157,119
GETZLOFF,140157,119
GIBISON,140157,119
GIDENKO,140157,119
GILSETH,140157,119
GILTINAN,140157,119
GITSCHIER,140157,119
GLADING,140157,119
GLESNER,140157,119
GLOVINSKY,140157,119
GLOWE,140157,119
GOLICH,140157,119
GONCHAROVA,140157,119
GONZALEZMENDOZ,140157,119
GORDWIN,140157,119
GOTEL,140157,119
GOTIERREZ,140157,119
GOTTARDO,140157,119
GOUTHIER,140157,119
GOVINDASAMY,140157,119
GRAMAZIO,140157,119
GRANDAL,140157,119
GRIGOR,140157,119
GRINSLADE,140157,119
GRODMAN,140157,119
GROOSE,140157,119
GRUCHALA,140157,119
GRUJIC,140157,119
GUEDEZ,140157,119
GUHDE,140157,119
GUILLOU,140157,119
GUROVICH,140157,119
GYORGY,140157,119
GYSEL,140157,119
HABERSHAW,140157,119
HABETLER,140157,119
HALLATT,140157,119
HAMAL,140157,119
HAMIT,140157,119
HANDSCHKE,140157,119
HANEWINKEL,140157,119
HANNEBAUM,140157,119
HARASIMOWICZ,140157,119
HARDAMAN,140157,119
HARNIK,140157,119
HARRAS,140157,119
HASSENSTAB,140157,119
HAUDE,140157,119
HEKKER,140157,119
HELGENBERGER,140157,119
HELLON,140157,119
HENOCH,140157,119
HERNANDAS,140157,119
HERTHER,140157,119
HETKE,140157,119
HEUVEL,140157,119
HEWLING,140157,119
HIBERT,140157,119
HIGUITA,140157,119
HILDALGO,140157,119
HILLQUIST,140157,119
HILVERT,140157,119
HIMSTEDT,140157,119
HINDERBERGER,140157,119
HIOS,140157,119
HIRATSUKA,140157,119
HOCKSTEIN,140157,119
HODUR,140157,119
HOEME,140157,119
HOEVET,140157,119
HOGEL,140157,119
HOLANDA,140157,119
HOLKE,140157,119
HOLLA,140157,119
HOLLINESS,140157,119
HOLLWEDEL,140157,119
HOMB,140157,119
HONDORP,140157,119
HONJO,140157,119
HOOGEWIND,140157,119
HOPPINS,140157,119
HORENSKY,140157,119
HOTAKI,140157,119
HOTCH,140157,119
HOUGAARD,140157,119
HOVENDEN,140157,119
HOYNG,140157,119
HRYNKO,140157,119
HUBENER,140157,119
HUDGIN,140157,119
HUFTY,140157,119
HUTTMAN,140157,119
HUYS,140157,119
IANELLO,140157,119
IDAHOSA,140157,119
INGRALDI,140157,119
IZON,140157,119
JACOBA,140157,119
JALAN,140157,119
JAREST,140157,119
JASINA,140157,119
JENRICH,140157,119
JERARD,140157,119
KAKALIA,140157,119
KALCICH,140157,119
KARPIEL,140157,119
KARSTAEDT,140157,119
KARTHA,140157,119
KATSANIS,140157,119
KAUPER,140157,119
KAWAZOE,140157,119
KEIME,140157,119
KELIN,140157,119
KHACHATURIAN,140157,119
KIENZLER,140157,119
KIJANKA,140157,119
KILDOO,140157,119
KINNAS,140157,119
KIRTNER,140157,119
KIWAN,140157,119
KLEINERMAN,140157,119
KOECH,140157,119
KOHAKE,140157,119
KOHLBACHER,140157,119
KOLAKOSKI,140157,119
KOLANDA,140157,119
KOLARICH,140157,119
KOLCZ,140157,119
KONNERTH,140157,119
KOPIC,140157,119
KOPPENHEFFER,140157,119
KORSGAARD,140157,119
KOSEC,140157,119
KOSIS,140157,119
KOSOVA,140157,119
KOTTMYER,140157,119
KOWACH,140157,119
KOZ,140157,119
KRAEUTER,140157,119
KREHL,140157,119
KREHMEYER,140157,119
KRIVANEC,140157,119
KROMBACH,140157,119
KRONSTEDT,140157,119
KRYK,140157,119
KUDLER,140157,119
KUISLE,140157,119
KULJANIN,140157,119
KUNZI,140157,119
KURESA,140157,119
KURKER,140157,119
KURNS,140157,119
KUROSAKI,140157,119
KURZDORFER,140157,119
KUZIN,140157,119
KWATRA,140157,119
LAGIOS,140157,119
LAICO,140157,119
LANCIANESE,140157,119
LANDAVERRY,140157,119
LANSINK,140157,119
LANZILOTTI,140157,119
LARINO,140157,119
LARONGE,140157,119
LASSANDRO,140157,119
LAULE,140157,119
LAURETANO,140157,119
LAXER,140157,119
LAYCO,140157,119
LAYNEZ,140157,119
LAZZARONI,140157,119
LEDAN,140157,119
LEFURGE,140157,119
LEIDHOLT,140157,119
LEMANSKY,140157,119
LEMBRICK,140157,119
LENGE,140157,119
LENNIX,140157,119
LEPIK,140157,119
LERILLE,140157,119
LERZ,140157,119
LETE,140157,119
LETKEMAN,140157,119
LETTRE,140157,119
LEVIA,140157,119
LEWANSKI,140157,119
LIBSON,140157,119
LIDSKY,140157,119
LIESEGANG,140157,119
LIGO,140157,119
LINEY,140157,119
LINKHORN,140157,119
LITECKY,140157,119
LITTAUER,140157,119
LIZIK,140157,119
LLARENAS,140157,119
LOHRBACH,140157,119
LOLLING,140157,119
LOMAYAKTEWA,140157,119
LOMISON,140157,119
LONSTEIN,140157,119
LOPEZGONZALES,140157,119
LORICA,140157,119
LOUBET,140157,119
LUBO,140157,119
LUDIKER,140157,119
LUGA,140157,119
LUKASIAK,140157,119
LYKO,140157,119
MACCHIAROLI,140157,119
MACCO,140157,119
MACKLES,140157,119
MADLIN,140157,119
MAFERA,140157,119
MAGGETTE,140157,119
MAGGIE,140157,119
MAKOWKA,140157,119
MALAM,140157,119
MALECH,140157,119
MALESICH,140157,119
MALOFF,140157,119
MALORY,140157,119
MANOLAKOS,140157,119
MANSE,140157,119
MANSMITH,140157,119
MAOR,140157,119
MARBRA,140157,119
MARINIELLO,140157,119
MARYAN,140157,119
MASEN,140157,119
MASENGILL,140157,119
MASTRUD,140157,119
MATALONE,140157,119
MAWAE,140157,119
MAWHIRTER,140157,119
MAXIMOV,140157,119
MCCATHRAN,140157,119
MCCLERREN,140157,119
MCCOLLAUM,140157,119
MCCULLOR,140157,119
MCELREA,140157,119
MCGILLIGAN,140157,119
MCGLIN,140157,119
MCGROARY,140157,119
MCPOLIN,140157,119
MCQUILLING,140157,119
MEBERG,140157,119
MEGOW,140157,119
MEHOLIC,140157,119
MEIGEL,140157,119
MELFA,140157,119
MELINDEZ,140157,119
MERACLE,140157,119
MERIC,140157,119
MEROLLE,140157,119
MEYERHOLZ,140157,119
MEZYNSKI,140157,119
MIANECKI,140157,119
MINARCIN,140157,119
MINLEY,140157,119
MIROSLAW,140157,119
MIRT,140157,119
MISHKO,140157,119
MISLA,140157,119
MISTAK,140157,119
MOEBS,140157,119
MOMAND,140157,119
MONCIBAIZ,140157,119
MONDONEDO,140157,119
MONSER,140157,119
MOONIER,140157,119
MORANZ,140157,119
MORRES,140157,119
MORRISTON,140157,119
MORTERO,140157,119
MOSICH,140157,119
MULI,140157,119
MUNSTERTEIGER,140157,119
MURACK,140157,119
MURIO,140157,119
MURT,140157,119
MUSKIC,140157,119
NACARATO,140157,119
NAEHU,140157,119
NALAN,140157,119
NASSR,140157,119
NATALIO,140157,119
NAZAROVA,140157,119
NEESEN,140157,119
NERCESSIAN,140157,119
NICKLAW,140157,119
NIGGEL,140157,119
NIMPHIUS,140157,119
NIRAULA,140157,119
NOIL,140157,119
NOLLA,140157,119
NOSOV,140157,119
NOWMAN,140157,119
NYEGAARD,140157,119
OBERLENDER,140157,119
OBERLOH,140157,119
OBJIO,140157,119
ODETT,140157,119
OFRIA,140157,119
OGUNDARE,140157,119
OKAN,140157,119
OKSANEN,140157,119
OLASCUAGA,140157,119
OLLANKETO,140157,119
OMLIN,140157,119
OSHAY,140157,119
OSTREGA,140157,119
OVCHINNIKOV,140157,119
PACHER,140157,119
PACHTA,140157,119
PALISANO,140157,119
PANETTIERE,140157,119
PANNILL,140157,119
PANSA,140157,119
PANTALEONE,140157,119
PAPSTEIN,140157,119
PARMANAND,140157,119
PASCERI,140157,119
PATALON,140157,119
PATERNA,140157,119
PATIO,140157,119
PATRICIAN,140157,119
PATSOS,140157,119
PAULIE,140157,119
PAVLOW,140157,119
PAWELA,140157,119
PELAIA,140157,119
PELICANO,140157,119
PELLEGROM,140157,119
PEREZDELGADO,140157,119
PERLOWITZ,140157,119
PERRYMOND,140157,119
PETRONGOLO,140157,119
PEVARNIK,140157,119
PEYKAR,140157,119
PEZZETTI,140157,119
PHILIBIN,140157,119
PHYFER,140157,119
PIGLIA,140157,119
PILIPOVICH,140157,119
PISAURO,140157,119
PITHAN,140157,119
PITOSCIA,140157,119
PITZEL,140157,119
PLAGE,140157,119
PLESSALA,140157,119
PODLAS,140157,119
PODOSEK,140157,119
POGATCHNIK,140157,119
POLACCO,140157,119
POLLREISZ,140157,119
POLOCOSER,140157,119
POMPO,140157,119
POPS,140157,119
POTERE,140157,119
PRASUHN,140157,119
PRESINAL,140157,119
PRESTIFILIPPO,140157,119
PRIAL,140157,119
PRICHER,140157,119
PRINK,140157,119
PRITCHETTE,140157,119
PRYAL,140157,119
PTASZNIK,140157,119
PUTALA,140157,119
PYLATE,140157,119
PYNENBERG,140157,119
PYSH,140157,119
QUADA,140157,119
QUATTRIN,140157,119
QUIAN,140157,119
RAKHMANOV,140157,119
RASCONA,140157,119
RASHTI,140157,119
RASULOV,140157,119
RAVINE,140157,119
REIMLER,140157,119
REINIS,140157,119
REITZER,140157,119
RELUCIO,140157,119
REMARK,140157,119
REMOS,140157,119
RENAULD,140157,119
RENGANATHAN,140157,119
RENGO,140157,119
RENIX,140157,119
RENZA,140157,119
REUSING,140157,119
REVOLUS,140157,119
REYESMENDOZA,140157,119
RINACA,140157,119
RIPALDA,140157,119
RISELING,140157,119
RISHA,140157,119
RISOLA,140157,119
RITTENBURG,140157,119
ROBETS,140157,119
ROBILOTTA,140157,119
ROHBOCK,140157,119
ROSSILLI,140157,119
ROSTAS,140157,119
ROUNKLES,140157,119
ROUSHIA,140157,119
ROUWHORST,140157,119
ROVENOLT,140157,119
RUBINGH,140157,119
RUCOBA,140157,119
RUDENICK,140157,119
RUDO,140157,119
RUIZRIVERA,140157,119
RUTYNA,140157,119
SAEVANG,140157,119
SAGAPOLU,140157,119
SALAR,140157,119
SALCHOW,140157,119
SAMMANN,140157,119
SAMSAL,140157,119
SANCHEZSOTO,140157,119
SANDECKI,140157,119
SANGL,140157,119
SANGREN,140157,119
SANMATEO,140157,119
SANPABLO,140157,119
SAP,140157,119
SARGINSON,140157,119
SARRELL,140157,119
SAXBERG,140157,119
SAYADIAN,140157,119
SCARAFILE,140157,119
SCARPETTI,140157,119
SCHAFFINO,140157,119
SCHALM,140157,119
SCHAPPE,140157,119
SCHAREN,140157,119
SCHATTEN,140157,119
SCHELICH,140157,119
SCHIEDERMAYER,140157,119
SCHILDHAUER,140157,119
SCHLOTFELD,140157,119
SCHOENUNG,140157,119
SCHORLING,140157,119
SCHUCHHARDT,140157,119
SCHULHOFF,140157,119
SCHWALEN,140157,119
SCHWARBER,140157,119
SCHWELLER,140157,119
SCHWIETERT,140157,119
SCRUBY,140157,119
SCRUTCHINS,140157,119
SCURLARK,140157,119
SEAGROVE,140157,119
SEDIA,140157,119
SEGRUE,140157,119
SEROBYAN,140157,119
SESKER,140157,119
SESLEY,140157,119
SEWICK,140157,119
SHADLOW,140157,119
SHALAN,140157,119
SHAMBEAU,140157,119
SHANKEY,140157,119
SHARKUS,140157,119
SHAVEL,140157,119
SHEFIELD,140157,119
SHEMON,140157,119
SHERBET,140157,119
SHERERTZ,140157,119
SHIUE,140157,119
SHUMER,140157,119
SICKENBERGER,140157,119
SIGETY,140157,119
SIKANDAR,140157,119
SILVAHERNANDEZ,140157,119
SILVETTI,140157,119
SIMKOWITZ,140157,119
SINGIREDDY,140157,119
SINIFT,140157,119
SIPRIANO,140157,119
SITER,140157,119
SKALING,140157,119
SKLARSKI,140157,119
SKORNICKA,140157,119
SKULSKY,140157,119
SLADEN,140157,119
SMAR,140157,119
SMIGA,140157,119
SMITHBEY,140157,119
SNIDARICH,140157,119
SOBOTIK,140157,119
SOECHTING,140157,119
SOEFJE,140157,119
SOETE,140157,119
SOINI,140157,119
SOODSMA,140157,119
SOSINSKY,140157,119
SPAGNOLIA,140157,119
SPALLETTA,140157,119
SPANSWICK,140157,119
SPARAGNA,140157,119
SPENDER,140157,119
SPIGELMAN,140157,119
SPLITSTONE,140157,119
STEIGAUF,140157,119
STEINECKE,140157,119
STEINMACHER,140157,119
STEINSIEK,140157,119
STEO,140157,119
STEPHON,140157,119
STEPNOSKI,140157,119
STERGAR,140157,119
STOYKO,140157,119
STRAMER,140157,119
STRAMIELLO,140157,119
STRANIX,140157,119
STREMME,140157,119
STRIGLE,140157,119
STROSHINE,140157,119
STRYSICK,140157,119
STUDIE,140157,119
STUKENHOLTZ,140157,119
STUMBERG,140157,119
STUTHERS,140157,119
SUDEKUM,140157,119
SUMIBCAY,140157,119
SUNICO,140157,119
SUNQUIST,140157,119
SWARMER,140157,119
SWATOSH,140157,119
SWIMLEY,140157,119
SWINCICKI,140157,119
SYNHORST,140157,119
SZABAT,140157,119
TABADA,140157,119
TADIKONDA,140157,119
TAFUNA,140157,119
TAJIBOY,140157,119
TALLBULL,140157,119
TARTSAH,140157,119
TAURISANO,140157,119
TAYEBI,140157,119
TECUANHUEY,140157,119
TERRANELLA,140157,119
TERZULLI,140157,119
TETTE,140157,119
THAMANN,140157,119
THEISMANN,140157,119
THERN,140157,119
THOENI,140157,119
THUOT,140157,119
THYSELL,140157,119
TICONA,140157,119
TIDERMAN,140157,119
TINGER,140157,119
TOBO,140157,119
TOCZYNSKI,140157,119
TOIRAC,140157,119
TOLTZMAN,140157,119
TOMKIEL,140157,119
TORREYSON,140157,119
TOSTANOSKI,140157,119
TOWBIN,140157,119
TRAPANE,140157,119
TRAUSCHT,140157,119
TRAVICK,140157,119
TRAYERS,140157,119
TRESSER,140157,119
TROXTEL,140157,119
TRUNCELLITO,140157,119
TSYMBALYUK,140157,119
TURBI,140157,119
TUUFULI,140157,119
TWISSELMAN,140157,119
UHRIK,140157,119
ULANSKI,140157,119
UMETSU,140157,119
URANKAR,140157,119
VALLUZZI,140157,119
VANDENBOSS,140157,119
VANDENEINDE,140157,119
VANDERLIND,140157,119
VANHOUTE,140157,119
VANVONDEREN,140157,119
VARGASRAMIREZ,140157,119
VASCELLARO,140157,119
VAZQUEZCRUZ,140157,119
VAZQUEZDIAZ,140157,119
VEERAPPAN,140157,119
VELAZUEZ,140157,119
VELIQUETTE,140157,119
VELONIS,140157,119
VENEKLASE,140157,119
VENNEMANN,140157,119
VEREECKEN,140157,119
VIDEAN,140157,119
VIENI,140157,119
VILCHECK,140157,119
VILLERY,140157,119
VILMONT,140157,119
VOLINI,140157,119
VOLLEN,140157,119
VONROHR,140157,119
VOSSOUGHI,140157,119
VRTISKA,140157,119
VUCINIC,140157,119
WALS,140157,119
WAQAS,140157,119
WARS,140157,119
WARSZAWSKI,140157,119
WAVE,140157,119
WEART,140157,119
WEICHSELBAUM,140157,119
WEINELL,140157,119
WEINMASTER,140157,119
WEISBRICH,140157,119
WEISEMAN,140157,119
WEISNICHT,140157,119
WERLIN,140157,119
WERRELL,140157,119
WESSENDORF,140157,119
WESTBURG,140157,119
WESTENBURG,140157,119
WHEELON,140157,119
WHITEOWL,140157,119
WHITESITT,140157,119
WICKINGS,140157,119
WIDSTROM,140157,119
WIETZKE,140157,119
WIIK,140157,119
WILDMON,140157,119
WILKA,140157,119
WILLGER,140157,119
WINNARD,140157,119
WIPPICH,140157,119
WITTENBROOK,140157,119
WITTMIER,140157,119
WOLNIAK,140157,119
WORKLEY,140157,119
WRIGHTMAN,140157,119
WROTH,140157,119
WULKAN,140157,119
YAGUDAEV,140157,119
YASI,140157,119
YAZZOLINO,140157,119
YEPREMIAN,140157,119
YHAP,140157,119
YNZUNZA,140157,119
YURCHO,140157,119
ZABAWSKI,140157,119
ZACATELCO,140157,119
ZACHAU,140157,119
ZAEBST,140157,119
ZAHAR,140157,119
ZAWATSKY,140157,119
ZDRODOWSKI,140157,119
ZELMS,140157,119
ZELTMANN,140157,119
ZESCH,140157,119
ZHAMKOCHYAN,140157,119
ZIENTARSKI,140157,119
ZIPPERIAN,140157,119
ZISSER,140157,119
ZOBECK,140157,119
ZOSCHKE,140157,119
ZUCCATO,140157,119
ZUKIN,140157,119
ABBATTISTA,141140,118
ABDULNOUR,141140,118
ABZUN,141140,118
ACERON,141140,118
AFAGA,141140,118
AFFUSO,141140,118
AGAMAITE,141140,118
AHLUM,141140,118
AHMIC,141140,118
AIMABLE,141140,118
AKDEMIR,141140,118
ALAMARES,141140,118
ALBERTH,141140,118
ALBINA,141140,118
ALCEUS,141140,118
ALDIN,141140,118
ALENDER,141140,118
ALFERINK,141140,118
ALFINI,141140,118
ALMEKINDER,141140,118
ALVAYERO,141140,118
AMANTIA,141140,118
AMANULLAH,141140,118
AMELUNKE,141140,118
AMTMANN,141140,118
ANCA,141140,118
ANCICH,141140,118
ANDELA,141140,118
ANDREWSKI,141140,118
ANDRZEJAK,141140,118
ANGONA,141140,118
ANNISON,141140,118
ANTOINETTE,141140,118
ARANGIO,141140,118
ARCALAS,141140,118
ARECHE,141140,118
ARGONZA,141140,118
ARIANS,141140,118
ARMA,141140,118
ARMAGNO,141140,118
ARUJO,141140,118
ARZAMENDI,141140,118
ASCHIM,141140,118
ASTROM,141140,118
AUFDERHAR,141140,118
AUSSEM,141140,118
AVRAMOV,141140,118
AYYAR,141140,118
AZEMAR,141140,118
AZZARITI,141140,118
BADKER,141140,118
BAGGERMAN,141140,118
BAINEY,141140,118
BALCO,141140,118
BALDACCHINO,141140,118
BARABAN,141140,118
BARBERIE,141140,118
BARDROFF,141140,118
BAREHAM,141140,118
BARFELS,141140,118
BARKEN,141140,118
BARQUERA,141140,118
BARRAGER,141140,118
BASNAW,141140,118
BATHAUER,141140,118
BATTISTON,141140,118
BAVISHI,141140,118
BAYLIE,141140,118
BEACHNAU,141140,118
BEDLION,141140,118
BEKKERMAN,141140,118
BELASQUES,141140,118
BELLEMAN,141140,118
BENETIZ,141140,118
BEREAN,141140,118
BERGERUD,141140,118
BERRIEL,141140,118
BERTADILLO,141140,118
BERTOLINA,141140,118
BERTRON,141140,118
BESL,141140,118
BEXELL,141140,118
BHAIRO,141140,118
BHAM,141140,118
BIALICK,141140,118
BIEGEN,141140,118
BIGPOND,141140,118
BILLETDEAUX,141140,118
BIRCHMAN,141140,118
BIRNHACK,141140,118
BISRAT,141140,118
BITTEN,141140,118
BJORKE,141140,118
BLASHKA,141140,118
BLENNER,141140,118
BOCCUTI,141140,118
BODEA,141140,118
BOKERN,141140,118
BOLDIZSAR,141140,118
BOLLINI,141140,118
BOLLUM,141140,118
BOMBACK,141140,118
BONIECKI,141140,118
BONNEANNEE,141140,118
BONUGLI,141140,118
BOOBER,141140,118
BORRELI,141140,118
BOUGAS,141140,118
BOURGUET,141140,118
BOYCHUCK,141140,118
BRAGLIA,141140,118
BRASKET,141140,118
BRAZAUSKAS,141140,118
BREAKELL,141140,118
BREFELD,141140,118
BREZOVSKY,141140,118
BRIDEGAM,141140,118
BRIEM,141140,118
BRILLINGER,141140,118
BROADDRICK,141140,118
BROCHETTI,141140,118
BROEDEL,141140,118
BROLLY,141140,118
BRUZZO,141140,118
BUCKHOUSE,141140,118
BUCKNUM,141140,118
BUEHLMAN,141140,118
BUKOVEC,141140,118
BULFIN,141140,118
BUMMER,141140,118
BURANICH,141140,118
BURNIDGE,141140,118
BYSE,141140,118
CABANO,141140,118
CACIC,141140,118
CAJAYON,141140,118
CANAMORE,141140,118
CANEPARI,141140,118
CAPADONA,141140,118
CAPOVILLA,141140,118
CARNEFIX,141140,118
CARPANZANO,141140,118
CARRACINO,141140,118
CARWISE,141140,118
CASALINI,141140,118
CASPE,141140,118
CATECHIS,141140,118
CERERO,141140,118
CETINO,141140,118
CEVILLA,141140,118
CHADALAVADA,141140,118
CHEIN,141140,118
CHERIPKA,141140,118
CHERKASOV,141140,118
CHIRO,141140,118
CHRISTOFOROU,141140,118
CIKO,141140,118
CIMOCHOWSKI,141140,118
CINER,141140,118
CIUCA,141140,118
CIULA,141140,118
CLAESSON,141140,118
COCHLIN,141140,118
COGILL,141140,118
COLQUETTE,141140,118
CONNELLAN,141140,118
CORBLY,141140,118
CORIALE,141140,118
CORSETTE,141140,118
CORTEZLOPEZ,141140,118
COVI,141140,118
COYA,141140,118
CRADDOLPH,141140,118
CRANKER,141140,118
CROIX,141140,118
CRUMBIE,141140,118
CUENCAS,141140,118
CUNAT,141140,118
CURATO,141140,118
CURRIVAN,141140,118
CVETKOVICH,141140,118
CZOCHARA,141140,118
DAINE,141140,118
DAMERELL,141140,118
DANOVICH,141140,118
DAPENA,141140,118
DARM,141140,118
DARNEAL,141140,118
DAYO,141140,118
DEGA,141140,118
DEGRE,141140,118
DEJACIMO,141140,118
DELADURANTAYE,141140,118
DELAHAY,141140,118
DELAPLAINE,141140,118
DELCHER,141140,118
DELCRUZ,141140,118
DELING,141140,118
DELLOW,141140,118
DERUNTZ,141140,118
DESGRANGE,141140,118
DESRONVIL,141140,118
DETMAN,141140,118
DEVERTER,141140,118
DHANJI,141140,118
DIARRASSOUBA,141140,118
DIAZSANTOS,141140,118
DICONZA,141140,118
DIEUGENIO,141140,118
DIGESARE,141140,118
DIJKSTRA,141140,118
DILLESHAW,141140,118
DILUCIANO,141140,118
DIOTALEVI,141140,118
DITTERT,141140,118
DJAN,141140,118
DOLIVE,141140,118
DOLLIOLE,141140,118
DOMYAN,141140,118
DONATONE,141140,118
DONIO,141140,118
DOSSOU,141140,118
DRAGAS,141140,118
DRAKULIC,141140,118
DREWNO,141140,118
DRINKER,141140,118
DUBOVIK,141140,118
DULINSKI,141140,118
DURENBERGER,141140,118
EASUM,141140,118
EBELER,141140,118
EBENHOEH,141140,118
EDMONS,141140,118
EDWARS,141140,118
EHRLINGER,141140,118
EKPENYONG,141140,118
ELARTON,141140,118
ELF,141140,118
ELKAIM,141140,118
ELLANSON,141140,118
ENNEY,141140,118
ENNINGA,141140,118
ERDLY,141140,118
ERN,141140,118
ESPINOCA,141140,118
ESQUIUEL,141140,118
EVONIUK,141140,118
EZAKI,141140,118
FABINY,141140,118
FAHNDRICH,141140,118
FALDETTA,141140,118
FANGONILO,141140,118
FANNER,141140,118
FARISON,141140,118
FARYNA,141140,118
FEINDEL,141140,118
FELLI,141140,118
FENNINGER,141140,118
FERBY,141140,118
FIELSTRA,141140,118
FIGLIOMENI,141140,118
FILKIN,141140,118
FILKO,141140,118
FITZWILLIAMS,141140,118
FLEGLE,141140,118
FLUNDER,141140,118
FOELSKE,141140,118
FORRESTALL,141140,118
FOSKET,141140,118
FOTTER,141140,118
FRASCARELLI,141140,118
FREEWALT,141140,118
FRITEL,141140,118
FRITZSCH,141140,118
FROHREICH,141140,118
FROVARP,141140,118
FUEHNE,141140,118
FUKUMITSU,141140,118
FURKIN,141140,118
FYTEN,141140,118
GABBART,141140,118
GABRAIL,141140,118
GALAZIN,141140,118
GALIMA,141140,118
GALLITZ,141140,118
GAMBACCINI,141140,118
GANDERT,141140,118
GAPSKI,141140,118
GARAYUA,141140,118
GARBAN,141140,118
GARCIACERVANTE,141140,118
GARFIN,141140,118
GARGAC,141140,118
GASPARDO,141140,118
GASTROCK,141140,118
GEFELL,141140,118
GESINGER,141140,118
GHARIBI,141140,118
GIACOMAZZA,141140,118
GIANAKOPOULOS,141140,118
GIERSDORF,141140,118
GILBOA,141140,118
GINARTE,141140,118
GIRODAT,141140,118
GIUGNO,141140,118
GLUM,141140,118
GLUTZ,141140,118
GNANDT,141140,118
GOCAL,141140,118
GOESCHEL,141140,118
GOFFNER,141140,118
GOLEMI,141140,118
GONNER,141140,118
GONZALEZALVARE,141140,118
GONZALEZLUNA,141140,118
GONZALEZSANTOS,141140,118
GOODYKOONTZ,141140,118
GORGAN,141140,118
GOSTLIN,141140,118
GOZON,141140,118
GREMO,141140,118
GRENET,141140,118
GRINO,141140,118
GROCHOCKI,141140,118
GRUNTORAD,141140,118
GRUTZIUS,141140,118
GUELCHER,141140,118
GUHLKE,141140,118
GUIRAGOSSIAN,141140,118
GULBRONSON,141140,118
GUTCHER,141140,118
GUTIERREZDIAZ,141140,118
GUTIERREZHERNA,141140,118
GUTNIK,141140,118
HAEBERLIN,141140,118
HAENDEL,141140,118
HAENGGI,141140,118
HAKA,141140,118
HALLEMEIER,141140,118
HAMELE,141140,118
HANDLOSER,141140,118
HANLEN,141140,118
HARVESTER,141140,118
HASA,141140,118
HASETTE,141140,118
HASSELBERG,141140,118
HAWKINGS,141140,118
HAZLET,141140,118
HEDDINS,141140,118
HEDGEMON,141140,118
HEEDER,141140,118
HEERA,141140,118
HEFFELMIRE,141140,118
HEIDERICH,141140,118
HEIDLAGE,141140,118
HEIMERMANN,141140,118
HEISDORFFER,141140,118
HEIZLER,141140,118
HENSZ,141140,118
HENTLEY,141140,118
HERBSTREITH,141140,118
HEROMAN,141140,118
HERRERAFLORES,141140,118
HERTOG,141140,118
HESTILOW,141140,118
HIGHUM,141140,118
HINTERGARDT,141140,118
HLAVSA,141140,118
HODINA,141140,118
HOEKENGA,141140,118
HOEMBERG,141140,118
HOESCHELE,141140,118
HOGGES,141140,118
HOLSKEY,141140,118
HOMOL,141140,118
HORSECHIEF,141140,118
HROMAS,141140,118
HULTING,141140,118
HUNTIMER,141140,118
HYDAR,141140,118
IBASCO,141140,118
IBISEVIC,141140,118
IMBERI,141140,118
ISACCO,141140,118
ISSAH,141140,118
IVANCEVIC,141140,118
JACKELEN,141140,118
JACQUELINE,141140,118
JAFFREY,141140,118
JANARDHANAN,141140,118
JANICZEK,141140,118
JANKY,141140,118
JANNECK,141140,118
JEDINAK,141140,118
JERO,141140,118
JEZIORO,141140,118
JOCHEMS,141140,118
JOG,141140,118
JOLING,141140,118
JORAM,141140,118
JUDT,141140,118
JUNGCLAUS,141140,118
JURDI,141140,118
JURI,141140,118
JURUS,141140,118
KAHUT,141140,118
KAIP,141140,118
KALEO,141140,118
KALINOWSKY,141140,118
KALMON,141140,118
KALTWASSER,141140,118
KALYANASUNDARAM,141140,118
KAMENAR,141140,118
KANDOLL,141140,118
KANGER,141140,118
KANSAS,141140,118
KAPOI,141140,118
KARMALI,141140,118
KASHISHIAN,141140,118
KASSAHN,141140,118
KASSICK,141140,118
KASTON,141140,118
KATNIK,141140,118
KAUPAS,141140,118
KAZEMZADEH,141140,118
KEBA,141140,118
KELPE,141140,118
KETTENHOFEN,141140,118
KETTUNEN,141140,118
KHAT,141140,118
KID,141140,118
KIRILLOV,141140,118
KJELLSEN,141140,118
KLAPPENBACH,141140,118
KLOPMAN,141140,118
KLUZAK,141140,118
KNOTE,141140,118
KODJO,141140,118
KOEHLY,141140,118
KOLESA,141140,118
KOLIOPOULOS,141140,118
KONDE,141140,118
KOPCAK,141140,118
KORBAL,141140,118
KOROTKIN,141140,118
KORR,141140,118
KOTI,141140,118
KOTICK,141140,118
KOTTRE,141140,118
KOVARY,141140,118
KRAINIK,141140,118
KRAKOVSKY,141140,118
KRANYAK,141140,118
KRASUCKI,141140,118
KRECHEL,141140,118
KREIT,141140,118
KREMM,141140,118
KRISLE,141140,118
KROC,141140,118
KRUTY,141140,118
KUEST,141140,118
KULLANDER,141140,118
KUSHION,141140,118
KUTSKO,141140,118
KUTYLA,141140,118
LABBIE,141140,118
LADELFA,141140,118
LADENSACK,141140,118
LADRIDO,141140,118
LAGACY,141140,118
LAMBUTH,141140,118
LANZOT,141140,118
LARRIMER,141140,118
LASELLE,141140,118
LASSEY,141140,118
LASSIC,141140,118
LATOURRETTE,141140,118
LAZZERINI,141140,118
LAZZO,141140,118
LECOURT,141140,118
LEDA,141140,118
LEHE,141140,118
LEIGEBER,141140,118
LEINEKE,141140,118
LENWAY,141140,118
LEONCINI,141140,118
LEPOLD,141140,118
LERVIK,141140,118
LESCOE,141140,118
LESKOVAR,141140,118
LEVAKE,141140,118
LEWES,141140,118
LHOTAK,141140,118
LIADIS,141140,118
LIBRERA,141140,118
LICWINKO,141140,118
LIESMANN,141140,118
LIMKEMANN,141140,118
LISENKO,141140,118
LITCHKO,141140,118
LOEHLE,141140,118
LOPEZFUENTES,141140,118
LORENTSEN,141140,118
LOYNAZ,141140,118
LUBECKE,141140,118
LUEDLOFF,141140,118
LUMBERG,141140,118
LUNDGAARD,141140,118
LUTERMAN,141140,118
MACCALLA,141140,118
MACINO,141140,118
MACKENS,141140,118
MADAIO,141140,118
MADORIN,141140,118
MADRE,141140,118
MADRUENO,141140,118
MAFFETTONE,141140,118
MAGARRO,141140,118
MAGGETT,141140,118
MAGUE,141140,118
MAKRES,141140,118
MALBONE,141140,118
MALGERI,141140,118
MALIGA,141140,118
MANNOS,141140,118
MANTYCH,141140,118
MAQUET,141140,118
MARTINELLO,141140,118
MARTINEZRIOS,141140,118
MARTYKA,141140,118
MARYNIAK,141140,118
MASTROSTEFANO,141140,118
MATLI,141140,118
MATTEL,141140,118
MATTIMOE,141140,118
MAYDEW,141140,118
MAYORCA,141140,118
MAYOTT,141140,118
MCCARVILL,141140,118
MCCLANEY,141140,118
MCCLANTOC,141140,118
MCCORNELL,141140,118
MCCUDDIN,141140,118
MCKIN,141140,118
MCKIRGAN,141140,118
MCLYMONT,141140,118
MCNEACE,141140,118
MCNIELL,141140,118
MEATTE,141140,118
MEKSAVANH,141140,118
MELDON,141140,118
MELLENBRUCH,141140,118
MELLONS,141140,118
MELOW,141140,118
MEMIS,141140,118
MENDOZACHAVEZ,141140,118
MENGERS,141140,118
MERBACH,141140,118
MERINAR,141140,118
MEWBOURNE,141140,118
MICHALICEK,141140,118
MICHELUCCI,141140,118
MICKLICH,141140,118
MIHLBAUER,141140,118
MIKASA,141140,118
MILLERJONES,141140,118
MILSTEN,141140,118
MINDHAM,141140,118
MINKOWSKI,141140,118
MINUTELLA,141140,118
MIRABEL,141140,118
MIRACOLA,141140,118
MISCIOSCIA,141140,118
MITSON,141140,118
MIZUKI,141140,118
MLNARIK,141140,118
MOBIN,141140,118
MOHANRAJ,141140,118
MOHNEN,141140,118
MONFARED,141140,118
MONTOR,141140,118
MOORBY,141140,118
MORBER,141140,118
MORKIN,141140,118
MOSNESS,141140,118
MOSSI,141140,118
MOSTOWY,141140,118
MOUX,141140,118
MUCHO,141140,118
MUHAR,141140,118
MUMY,141140,118
MUNOZFLORES,141140,118
MUSTAINE,141140,118
MUTASCIO,141140,118
MYLAND,141140,118
MYONG,141140,118
NACIPUCHA,141140,118
NAJDOWSKI,141140,118
NAMIAS,141140,118
NAPLE,141140,118
NAYDEN,141140,118
NECKERS,141140,118
NEEDOM,141140,118
NEGIN,141140,118
NET,141140,118
NEUGIN,141140,118
NGE,141140,118
NIGUSSIE,141140,118
NITCHIE,141140,118
NJUS,141140,118
NORDBYE,141140,118
NORDLOF,141140,118
NOUCHI,141140,118
NUSKE,141140,118
OBLEY,141140,118
ODAME,141140,118
OETTLE,141140,118
OHAN,141140,118
OHEIR,141140,118
OHNHEISER,141140,118
OLGREN,141140,118
OLLHOFF,141140,118
OLYMPIA,141140,118
OOSTVEEN,141140,118
OPELL,141140,118
ORCASITAS,141140,118
OSOBA,141140,118
OSSANNA,141140,118
OSTERHUES,141140,118
OTTENI,141140,118
OULETTE,141140,118
OXENTINE,141140,118
PAGOULATOS,141140,118
PAHIA,141140,118
PALUCCI,141140,118
PAMMER,141140,118
PANCZAK,141140,118
PANESSA,141140,118
PANTALENA,141140,118
PARACUELLES,141140,118
PARAGON,141140,118
PARLATORE,141140,118
PARSH,141140,118
PASQUALICCHIO,141140,118
PASTORELLA,141140,118
PATROLIA,141140,118
PEAVIE,141140,118
PECUNIA,141140,118
PEGODA,141140,118
PELMORE,141140,118
PENARRIETA,141140,118
PENCA,141140,118
PENULIAR,141140,118
PEREZLEON,141140,118
PEREZSALAZAR,141140,118
PETRICEK,141140,118
PETROSSI,141140,118
PEWO,141140,118
PEZZELLO,141140,118
PHANH,141140,118
PHYU,141140,118
PIANOWSKI,141140,118
PIERIK,141140,118
PINTAL,141140,118
PIPERATA,141140,118
PIRKOLA,141140,118
PLEUNE,141140,118
PLUMBTREE,141140,118
PLYMATE,141140,118
PODPORA,141140,118
PODSIADLIK,141140,118
POLICHT,141140,118
PONCET,141140,118
POREMBSKI,141140,118
PREJEANT,141140,118
PREUSCH,141140,118
PRIMITIVO,141140,118
PRINSLOO,141140,118
PRITTIE,141140,118
PUGHE,141140,118
PURIN,141140,118
QUARCOO,141140,118
QUIBA,141140,118
QUIBAN,141140,118
QUILO,141140,118
QUINOES,141140,118
QUIRCH,141140,118
RACKEL,141140,118
RAFFELSON,141140,118
RAGOO,141140,118
RAMIREZMEDINA,141140,118
RAMIREZMEJIA,141140,118
RAMLO,141140,118
RAMOTH,141140,118
RAMSAUER,141140,118
RANDIS,141140,118
RATANA,141140,118
RAWASHDEH,141140,118
RAYMONDI,141140,118
REBB,141140,118
REDEN,141140,118
REHFIELD,141140,118
REIHS,141140,118
REINDOLLAR,141140,118
REMINGA,141140,118
REMMY,141140,118
RESPETO,141140,118
REYESCASTILLO,141140,118
RICKENBRODE,141140,118
RIDSDALE,141140,118
RIECKERS,141140,118
RILLON,141140,118
RINELL,141140,118
RITCEY,141140,118
RITUCCI,141140,118
RIVASHERNANDEZ,141140,118
RIVOTA,141140,118
ROCAP,141140,118
RODENCAL,141140,118
RODENHIZER,141140,118
ROETTGEN,141140,118
ROLANDELLI,141140,118
ROMAGNANO,141140,118
ROMBAOA,141140,118
ROMME,141140,118
ROSANIO,141140,118
ROSBRUGH,141140,118
ROTHAN,141140,118
RUDOFF,141140,118
RUETTIGER,141140,118
RUFFIER,141140,118
RUIZJIMENEZ,141140,118
RUNCIMAN,141140,118
RYDZ,141140,118
RYMES,141140,118
SAADIQ,141140,118
SABOTA,141140,118
SACKENHEIM,141140,118
SAINTPHARD,141140,118
SAJJADI,141140,118
SALATIN,141140,118
SALAVEA,141140,118
SALLMEN,141140,118
SALWEN,141140,118
SAMLALL,141140,118
SAMMATARO,141140,118
SAMPEL,141140,118
SANTOLLA,141140,118
SANTOSREYES,141140,118
SATALA,141140,118
SAVOPOULOS,141140,118
SAYBE,141140,118
SCAMPINI,141140,118
SCESNY,141140,118
SCHARIO,141140,118
SCHERE,141140,118
SCHOENBACH,141140,118
SCHOENEWALD,141140,118
SCHOLIN,141140,118
SCHUEMAN,141140,118
SCHULIEN,141140,118
SCHWABENLAND,141140,118
SCHWIMER,141140,118
SCIESZKA,141140,118
SEALUND,141140,118
SEBAG,141140,118
SEKOL,141140,118
SEKYERE,141140,118
SELLARI,141140,118
SEMENKO,141140,118
SENTS,141140,118
SERDY,141140,118
SERITT,141140,118
SEUNARINE,141140,118
SHADIS,141140,118
SHAMALY,141140,118
SHAMILY,141140,118
SHANTY,141140,118
SHASHO,141140,118
SHEAHEN,141140,118
SHEININ,141140,118
SHEKER,141140,118
SHENODA,141140,118
SHERVA,141140,118
SHEWBART,141140,118
SHINSKI,141140,118
SHIVJI,141140,118
SHOLANDER,141140,118
SHOPPELL,141140,118
SHUAI,141140,118
SIADOR,141140,118
SICCARDI,141140,118
SIEGWALD,141140,118
SIERGIEJ,141140,118
SIKDAR,141140,118
SIMMANG,141140,118
SIMOVIC,141140,118
SINFIELD,141140,118
SIRENO,141140,118
SISUL,141140,118
SKARIE,141140,118
SKOMRA,141140,118
SLACKS,141140,118
SLYFIELD,141140,118
SOAPER,141140,118
SOCHAN,141140,118
SONESON,141140,118
SPANNUTH,141140,118
SPEECHLEY,141140,118
SPORL,141140,118
SPYRKA,141140,118
STABNOW,141140,118
STAHLMANN,141140,118
STAP,141140,118
STARRITT,141140,118
STEHLI,141140,118
STRABLEY,141140,118
STRAINING,141140,118
STRANC,141140,118
STRASEN,141140,118
STRASSLER,141140,118
STRATI,141140,118
STREATY,141140,118
STRINI,141140,118
STRODEL,141140,118
STROMLEY,141140,118
SUCHYTA,141140,118
SULEJMANOVIC,141140,118
SVIR,141140,118
SWEGAN,141140,118
SWENNING,141140,118
SWITCH,141140,118
SYPHRIT,141140,118
SZARKOWSKI,141140,118
SZEMAN,141140,118
TABITA,141140,118
TAFFEL,141140,118
TALIANI,141140,118
TALUSAN,141140,118
TASSEW,141140,118
TATALOVICH,141140,118
TEATERS,141140,118
TEHRANCHI,141140,118
TEI,141140,118
TENKATE,141140,118
TEPPERMAN,141140,118
TESAREK,141140,118
TESTOLIN,141140,118
THAMER,141140,118
THAVONE,141140,118
THIERMAN,141140,118
THIFAULT,141140,118
THOENSEN,141140,118
TIBBET,141140,118
TICEY,141140,118
TINK,141140,118
TITERA,141140,118
TOBABEN,141140,118
TOBERT,141140,118
TOBERY,141140,118
TOLKSDORF,141140,118
TOMASELLA,141140,118
TOMOLONIS,141140,118
TOOKEY,141140,118
TORPHY,141140,118
TOSIE,141140,118
TOTTA,141140,118
TRANCHITELLA,141140,118
TREGLE,141140,118
TREI,141140,118
TRIEBER,141140,118
TRIEMERT,141140,118
TROGSTAD,141140,118
TRUJILO,141140,118
TSURKAN,141140,118
TUBO,141140,118
TULLGREN,141140,118
UNDERLY,141140,118
UNICE,141140,118
UPHOUSE,141140,118
UQUILLAS,141140,118
USHRY,141140,118
VADAPALLI,141140,118
VAKULCHIK,141140,118
VALDEZLOPEZ,141140,118
VALENZIA,141140,118
VALESANO,141140,118
VANBURKLEO,141140,118
VANDERSLIK,141140,118
VANDERVEUR,141140,118
VANDERWERKER,141140,118
VANDEWETTERING,141140,118
VANOVEN,141140,118
VARIA,141140,118
VARICHAK,141140,118
VENTE,141140,118
VESELINOVIC,141140,118
VICHICH,141140,118
VICINANZA,141140,118
VIELBIG,141140,118
VIENTOS,141140,118
VIGNERY,141140,118
VIJARRO,141140,118
VIRGONA,141140,118
VOLLMERHAUSEN,141140,118
VOLMERT,141140,118
VONTHUN,141140,118
VOORS,141140,118
VRASPIR,141140,118
WABNITZ,141140,118
WADSACK,141140,118
WAITER,141140,118
WALLBANK,141140,118
WALLESER,141140,118
WAMBSGANSS,141140,118
WASSALL,141140,118
WAVERLY,141140,118
WAWRZASZEK,141140,118
WAYTON,141140,118
WENDELBOE,141140,118
WESTBROOKE,141140,118
WESTERBACK,141140,118
WETZBARGER,141140,118
WHITTLER,141140,118
WIBLIN,141140,118
WIDDERS,141140,118
WIPER,141140,118
WITRY,141140,118
WITTRUP,141140,118
WITTUM,141140,118
WITWICKI,141140,118
WOCHNICK,141140,118
WOHLEVER,141140,118
WOHNOUTKA,141140,118
WOLOWITZ,141140,118
WOODDY,141140,118
WOOLGAR,141140,118
WORWOOD,141140,118
WRIGGLESWORTH,141140,118
WYTASKE,141140,118
YACINTHE,141140,118
YAGHNAM,141140,118
YAKOVLEVA,141140,118
YANCHAK,141140,118
YANNETTI,141140,118
YEOW,141140,118
YERUVA,141140,118
YORRO,141140,118
YOSHIZAKI,141140,118
YOUHAS,141140,118
YOUNGBLOM,141140,118
ZABROSKY,141140,118
ZAMAYOA,141140,118
ZAMBORY,141140,118
ZANCANELLA,141140,118
ZANJANI,141140,118
ZANZIG,141140,118
ZAPINSKI,141140,118
ZARNSTORFF,141140,118
ZAVALAGARCIA,141140,118
ZEDEK,141140,118
ZERDA,141140,118
ZHUMI,141140,118
ZIDOR,141140,118
ZIEMKIEWICZ,141140,118
ZUBKOV,141140,118
ZUNIE,141140,118
ZUTSHI,141140,118
AARO,142108,117
ABELON,142108,117
ABNET,142108,117
ADAWI,142108,117
ADELI,142108,117
AELING,142108,117
AFANASYEV,142108,117
AGLIO,142108,117
AGUINADA,142108,117
AGUIRRELOPEZ,142108,117
AGUSTA,142108,117
AILON,142108,117
AJIATAZ,142108,117
AKINGBADE,142108,117
ALAWAR,142108,117
ALDULAIMI,142108,117
ALEKNA,142108,117
ALENA,142108,117
ALESIO,142108,117
ALEXAKIS,142108,117
ALFI,142108,117
ALSPAW,142108,117
ALVAREZALVAREZ,142108,117
AMEMIYA,142108,117
AMET,142108,117
AMINZADEH,142108,117
AMPOMAH,142108,117
ANDREJACK,142108,117
ANDUZE,142108,117
ANGRICK,142108,117
ANILE,142108,117
ANUNDSON,142108,117
APPIAHKUBI,142108,117
ARDARY,142108,117
ARELLANEZ,142108,117
ARENSMEYER,142108,117
ARII,142108,117
ARNAOUT,142108,117
ARNAULT,142108,117
ARQUINES,142108,117
ARSENEAUX,142108,117
ASPEY,142108,117
ATTOH,142108,117
AVALONE,142108,117
AWAYA,142108,117
AWENDER,142108,117
AZZANO,142108,117
BAAD,142108,117
BABIGIAN,142108,117
BAJADA,142108,117
BALTERA,142108,117
BANIYA,142108,117
BARDENHAGEN,142108,117
BARDHAN,142108,117
BARENDREGT,142108,117
BARILL,142108,117
BARNYAK,142108,117
BARONET,142108,117
BARTOLOTTO,142108,117
BARZANO,142108,117
BASSAM,142108,117
BATSEL,142108,117
BEASEY,142108,117
BEGHTEL,142108,117
BEHLIN,142108,117
BELLITTI,142108,117
BELTRAMINI,142108,117
BENDAYAN,142108,117
BENEDIKT,142108,117
BENTIL,142108,117
BERIDON,142108,117
BEROTTE,142108,117
BESSIX,142108,117
BEUTTEL,142108,117
BEYAN,142108,117
BILBEY,142108,117
BILLANUEVA,142108,117
BILLIGMEIER,142108,117
BINIENDA,142108,117
BITTERLY,142108,117
BLACKTON,142108,117
BLADA,142108,117
BLEDSON,142108,117
BLESKE,142108,117
BLICKENDERFER,142108,117
BLINKA,142108,117
BOCKHOP,142108,117
BOGETTI,142108,117
BOHENSKY,142108,117
BOHY,142108,117
BOLOGNINI,142108,117
BONLENDER,142108,117
BONOGOFSKY,142108,117
BONTEKOE,142108,117
BOORN,142108,117
BORIK,142108,117
BORSCHEL,142108,117
BOTCH,142108,117
BOUDROW,142108,117
BOYANOWSKI,142108,117
BRADBURRY,142108,117
BRANAGH,142108,117
BRANES,142108,117
BRIDGWOOD,142108,117
BRINDEL,142108,117
BRUNCKHORST,142108,117
BRUSKO,142108,117
BRYFOGLE,142108,117
BUDZAK,142108,117
BUESSING,142108,117
BUFFEY,142108,117
BUHRING,142108,117
BUKATA,142108,117
BULCHER,142108,117
BUNDANG,142108,117
BUNDRIDGE,142108,117
BUNNEL,142108,117
BUONINCONTRI,142108,117
BURELISON,142108,117
BURFIEND,142108,117
BURJA,142108,117
CALDEN,142108,117
CALIMAG,142108,117
CARDINA,142108,117
CARRANSA,142108,117
CARRASCAL,142108,117
CASTORIA,142108,117
CASTROVILLARI,142108,117
CEDRE,142108,117
CEFALI,142108,117
CEFOLA,142108,117
CEKANDER,142108,117
CESARSKI,142108,117
CHAKLOS,142108,117
CHALEFF,142108,117
CHALONER,142108,117
CHAMPACO,142108,117
CHAPLER,142108,117
CHAVEZGOMEZ,142108,117
CHAVKIN,142108,117
CHAYET,142108,117
CHEHEBAR,142108,117
CHIAPETTA,142108,117
CHIRCOP,142108,117
CHITTAPHONG,142108,117
CHMIELOWSKI,142108,117
CHOWANEC,142108,117
CHRIETZBERG,142108,117
CHROMIAK,142108,117
CIARKOWSKI,142108,117
CICHOS,142108,117
CIRIKOVIC,142108,117
CIVETTA,142108,117
CIVITA,142108,117
CLEMENZA,142108,117
CLENDENNIN,142108,117
CLOSEN,142108,117
CLUTS,142108,117
CODUTO,142108,117
COONFARE,142108,117
CORAZON,142108,117
CORB,142108,117
CORBOSIERO,142108,117
CORMENY,142108,117
CORSMEIER,142108,117
COVACI,142108,117
COYMAN,142108,117
CRAYTOR,142108,117
CREVECOEUR,142108,117
CRUSO,142108,117
CRUTTENDEN,142108,117
CRUZMEDINA,142108,117
CUBELO,142108,117
CUILTY,142108,117
CUPPERNELL,142108,117
CURIC,142108,117
CURRAS,142108,117
CUSHEY,142108,117
CVITANOVICH,142108,117
CYDRUS,142108,117
DAGNON,142108,117
DALLAND,142108,117
DALMIDA,142108,117
DAMATA,142108,117
DAMMON,142108,117
DARNIELLE,142108,117
DAUGUSTINE,142108,117
DAUNOY,142108,117
DEANGELES,142108,117
DEARE,142108,117
DEATSCH,142108,117
DEFOY,142108,117
DEFRANZA,142108,117
DEFREHN,142108,117
DEGARD,142108,117
DEGRUTTOLA,142108,117
DEIBELE,142108,117
DEJOLIE,142108,117
DELCOURE,142108,117
DELEBREAU,142108,117
DELVES,142108,117
DELVICARIO,142108,117
DEMASKE,142108,117
DEMENGE,142108,117
DEMSKO,142108,117
DENHARD,142108,117
DENWALT,142108,117
DEPEE,142108,117
DEQUASIE,142108,117
DERGHAM,142108,117
DERITTER,142108,117
DERRO,142108,117
DERVAN,142108,117
DESIMINI,142108,117
DESWOOD,142108,117
DETOUR,142108,117
DEVOLD,142108,117
DICORCIA,142108,117
DINCA,142108,117
DIRAFFAELE,142108,117
DIRNFELD,142108,117
DIZINNO,142108,117
DJURDJEVIC,142108,117
DOCKEY,142108,117
DOERRE,142108,117
DOJAQUEZ,142108,117
DOLIMPIO,142108,117
DOLLAWAY,142108,117
DOMBI,142108,117
DOPPKE,142108,117
DORCIUS,142108,117
DORNIN,142108,117
DORSHEIMER,142108,117
DORTENZIO,142108,117
DOVALA,142108,117
DRANGE,142108,117
DROHMAN,142108,117
DUCLO,142108,117
DUFEL,142108,117
DUKAJ,142108,117
DURRY,142108,117
DYALL,142108,117
DYRENG,142108,117
ECHLER,142108,117
ECHOHAWK,142108,117
ECKBURG,142108,117
EDAAKIE,142108,117
EDENSHAW,142108,117
EGHAREVBA,142108,117
EINARSSON,142108,117
ELRIDGE,142108,117
ENCKE,142108,117
ENGRAV,142108,117
ENMON,142108,117
EPPER,142108,117
ERAM,142108,117
ERFMAN,142108,117
ESKELI,142108,117
ESPELIEN,142108,117
ESQUIVEZ,142108,117
ESTRIPLET,142108,117
FACON,142108,117
FAFARA,142108,117
FAHRLANDER,142108,117
FARACO,142108,117
FARKUS,142108,117
FARRAG,142108,117
FASHBAUGH,142108,117
FEIGERT,142108,117
FERENTZ,142108,117
FESTIN,142108,117
FETE,142108,117
FEURT,142108,117
FILALI,142108,117
FIREHAMMER,142108,117
FIUZA,142108,117
FLIBOTTE,142108,117
FOEGEN,142108,117
FOLLMANN,142108,117
FOSSELLA,142108,117
FOURRE,142108,117
FRANKENFELD,142108,117
FRATTURA,142108,117
FREBURG,142108,117
FRETTER,142108,117
FREUDE,142108,117
FRUMENTO,142108,117
FUCILLO,142108,117
FULAYTER,142108,117
FUSTOS,142108,117
GAAS,142108,117
GABRYSCH,142108,117
GACEVIC,142108,117
GAIBOR,142108,117
GAJAN,142108,117
GALEENER,142108,117
GALLMANN,142108,117
GALOPE,142108,117
GANINO,142108,117
GANNER,142108,117
GARCIACARRILLO,142108,117
GARCIAOROZCO,142108,117
GARCIAVALDEZ,142108,117
GEHRKING,142108,117
GELS,142108,117
GENIUS,142108,117
GERNANDT,142108,117
GESSELMAN,142108,117
GETTENS,142108,117
GHAZANFARI,142108,117
GIACOMAN,142108,117
GIACOMI,142108,117
GIAMMARIA,142108,117
GIANNASCOLI,142108,117
GILBAUGH,142108,117
GINEVAN,142108,117
GINNANE,142108,117
GINOS,142108,117
GITCH,142108,117
GITTLESON,142108,117
GLAIZE,142108,117
GLAPA,142108,117
GLESENER,142108,117
GLOBERMAN,142108,117
GLOWCZEWSKI,142108,117
GNERRE,142108,117
GOMILLA,142108,117
GORGON,142108,117
GORNOWICZ,142108,117
GORSICH,142108,117
GOSIEWSKI,142108,117
GRA,142108,117
GRABKO,142108,117
GRAVISS,142108,117
GRENAT,142108,117
GRESCO,142108,117
GRICH,142108,117
GRIGORIEV,142108,117
GRIVNA,142108,117
GROBSTEIN,142108,117
GRONHOLM,142108,117
GRUSPE,142108,117
GRZESKIEWICZ,142108,117
GUIDUCCI,142108,117
GUINUP,142108,117
GUIZADO,142108,117
GUNASEKARA,142108,117
GUNDOGDU,142108,117
GURALNIK,142108,117
GURDON,142108,117
GURICH,142108,117
GURK,142108,117
GURVITZ,142108,117
GWATHMEY,142108,117
HAARS,142108,117
HACKENSON,142108,117
HADASH,142108,117
HAFIZI,142108,117
HAGHVERDIAN,142108,117
HAILER,142108,117
HAKEMAN,142108,117
HALABURDA,142108,117
HALIN,142108,117
HALLYBURTON,142108,117
HAMET,142108,117
HAMMERSTAD,142108,117
HANASHIRO,142108,117
HANCUFF,142108,117
HANDEGARD,142108,117
HANSROTE,142108,117
HARRISWILLIAMS,142108,117
HARTANTO,142108,117
HARTHORNE,142108,117
HASHIZUME,142108,117
HATLELI,142108,117
HATTIE,142108,117
HAUGHAWOUT,142108,117
HAUSSERMANN,142108,117
HAVERKORN,142108,117
HAYNOS,142108,117
HEBROCK,142108,117
HEESEN,142108,117
HEGERLE,142108,117
HEIDENFELDER,142108,117
HEINING,142108,117
HEINSON,142108,117
HELLEY,142108,117
HEMEN,142108,117
HENERSON,142108,117
HERNANDEZS,142108,117
HEYDENBURG,142108,117
HEYSTEK,142108,117
HIDLE,142108,117
HILK,142108,117
HIMMELRIGHT,142108,117
HINTHORN,142108,117
HIPPELY,142108,117
HOCKRIDGE,142108,117
HOEHLE,142108,117
HOERTZ,142108,117
HOFHINE,142108,117
HOJARA,142108,117
HOLDEFER,142108,117
HOLECHEK,142108,117
HOLLIDGE,142108,117
HOMEL,142108,117
HOOLSEMA,142108,117
HORTING,142108,117
HOSSE,142108,117
HRAB,142108,117
HRENCHIR,142108,117
HRONEC,142108,117
HUERD,142108,117
HUEWE,142108,117
HUGABOOM,142108,117
HUGEBACK,142108,117
HUIET,142108,117
HULAK,142108,117
HUMRICHOUSER,142108,117
HUNEMULLER,142108,117
HURLER,142108,117
HUTTENGA,142108,117
HUVANE,142108,117
HYSOM,142108,117
IACIOFANO,142108,117
IBRIC,142108,117
ILIOVITS,142108,117
ILLMAN,142108,117
IMME,142108,117
INAMPUDI,142108,117
INNABI,142108,117
IORDANOV,142108,117
JACHETTA,142108,117
JACKMON,142108,117
JAHELKA,142108,117
JAISINGH,142108,117
JAJOO,142108,117
JAKOVICH,142108,117
JANOE,142108,117
JAS,142108,117
JASPAN,142108,117
JAWOREK,142108,117
JAWOROWICZ,142108,117
JESSA,142108,117
JETHANI,142108,117
JONSE,142108,117
JULMICE,142108,117
JURBALA,142108,117
KAAA,142108,117
KACZMARK,142108,117
KADIAN,142108,117
KAHABKA,142108,117
KAHLES,142108,117
KALLENBORN,142108,117
KALLOK,142108,117
KALUSH,142108,117
KANAMORI,142108,117
KANUCK,142108,117
KAREDIA,142108,117
KARPATI,142108,117
KASHMIRI,142108,117
KASTENDIECK,142108,117
KATKA,142108,117
KAUCIC,142108,117
KAYNER,142108,117
KEATEN,142108,117
KEIF,142108,117
KELIIHOOMALU,142108,117
KELVER,142108,117
KELZ,142108,117
KERKEMEYER,142108,117
KERNDT,142108,117
KHALECK,142108,117
KILCHENSTEIN,142108,117
KILIANY,142108,117
KILTHAU,142108,117
KIMLEE,142108,117
KINDELSPIRE,142108,117
KIRCUS,142108,117
KIRMER,142108,117
KIRSTE,142108,117
KLAFT,142108,117
KLEGSTAD,142108,117
KLEINBECK,142108,117
KLIMISCH,142108,117
KNAFO,142108,117
KNIPPLING,142108,117
KNOSTMAN,142108,117
KNYSH,142108,117
KOBUSSEN,142108,117
KOCHERGIN,142108,117
KOCIENSKI,142108,117
KOHLE,142108,117
KOKKELER,142108,117
KOLACINSKI,142108,117
KOLLU,142108,117
KOLTISKA,142108,117
KONICHEK,142108,117
KONKO,142108,117
KOSHENINA,142108,117
KRANZUSCH,142108,117
KRATCHMAN,142108,117
KREINHEDER,142108,117
KREMSKI,142108,117
KRENISKY,142108,117
KRETZING,142108,117
KRIENERT,142108,117
KROSKE,142108,117
KRYSTAL,142108,117
KUHLWEIN,142108,117
KUKLENSKI,142108,117
KULASZEWSKI,142108,117
KUMAI,142108,117
KUNIYUKI,142108,117
KURKOV,142108,117
KURLINSKI,142108,117
KUSPA,142108,117
KUTAY,142108,117
KUWAYE,142108,117
KWASNICKI,142108,117
KYONG,142108,117
LABANT,142108,117
LAETSCH,142108,117
LAGUATAN,142108,117
LAHAV,142108,117
LAHIJANI,142108,117
LAHNA,142108,117
LAKODUK,142108,117
LAMEBULL,142108,117
LAMPOS,142108,117
LAPOUR,142108,117
LAPUS,142108,117
LARANCUENT,142108,117
LARRIBAS,142108,117
LASALANDRA,142108,117
LASCELLE,142108,117
LASKIE,142108,117
LAURENCELLE,142108,117
LAURENCIN,142108,117
LEDENT,142108,117
LEEFLANG,142108,117
LEHRKAMP,142108,117
LEICESTER,142108,117
LEJARDE,142108,117
LENCKI,142108,117
LENGA,142108,117
LENLING,142108,117
LERMOND,142108,117
LESNETT,142108,117
LETTIE,142108,117
LEUTHE,142108,117
LEWALSKI,142108,117
LIETHEN,142108,117
LIGORI,142108,117
LILJE,142108,117
LINUS,142108,117
LIPOMI,142108,117
LITTER,142108,117
LITTO,142108,117
LITWINSKI,142108,117
LLAGAS,142108,117
LOBENSTEIN,142108,117
LOBODZINSKI,142108,117
LOCHOTZKI,142108,117
LOHSEN,142108,117
LOKKE,142108,117
LONETTI,142108,117
LONSKY,142108,117
LOREZ,142108,117
LOTARSKI,142108,117
LOWNSBERY,142108,117
LOZAN,142108,117
LUEBS,142108,117
LUNARODRIGUEZ,142108,117
MABBETT,142108,117
MACALA,142108,117
MACKEPRANG,142108,117
MACKESEY,142108,117
MADISE,142108,117
MAEKER,142108,117
MAGBOO,142108,117
MAGERKURTH,142108,117
MAGGITTI,142108,117
MAGLIOLA,142108,117
MAKAAFI,142108,117
MAKINGS,142108,117
MALLAMS,142108,117
MALVASIO,142108,117
MANDZIARA,142108,117
MANESE,142108,117
MANIACE,142108,117
MANIRAM,142108,117
MANNAVA,142108,117
MAPLETHORPE,142108,117
MARANIAN,142108,117
MARDIKIAN,142108,117
MARENGER,142108,117
MARFLAK,142108,117
MARKOFSKI,142108,117
MARTINEZMEJIA,142108,117
MARYON,142108,117
MASLINE,142108,117
MASSALINE,142108,117
MATOSKY,142108,117
MATRICARDI,142108,117
MAYBUSH,142108,117
MAYHLE,142108,117
MAZURAK,142108,117
MCAUSLAN,142108,117
MCCLUSKIE,142108,117
MCDOUGALE,142108,117
MCKALIP,142108,117
MCKEARN,142108,117
MCKEOGH,142108,117
MCNERNY,142108,117
MCNURE,142108,117
MEDEZ,142108,117
MEDUGNO,142108,117
MEILS,142108,117
MEIWES,142108,117
MEJEAN,142108,117
MEJIAMORALES,142108,117
MENTUS,142108,117
MERCKER,142108,117
MERDINGER,142108,117
MERENA,142108,117
MERNICK,142108,117
MESSERLE,142108,117
MESSIAS,142108,117
METTNER,142108,117
MEYERAAN,142108,117
MIDDLESTADT,142108,117
MIEREK,142108,117
MIGET,142108,117
MIKAELYAN,142108,117
MIKETA,142108,117
MILBANK,142108,117
MINNOCK,142108,117
MISCIA,142108,117
MISKEY,142108,117
MISSELHORN,142108,117
MITORAJ,142108,117
MOAYEDI,142108,117
MODIE,142108,117
MOGE,142108,117
MOGRIDGE,142108,117
MOHAMMEDALI,142108,117
MOLDT,142108,117
MOLLAND,142108,117
MOLOKWU,142108,117
MOOSER,142108,117
MOSCHKAU,142108,117
MROCK,142108,117
MUCCIA,142108,117
MUEHLSTEIN,142108,117
MUJAJ,142108,117
MUJOVIC,142108,117
MULLAY,142108,117
MUSCARO,142108,117
MUSTAC,142108,117
MUTNICK,142108,117
MYLOD,142108,117
MYRUP,142108,117
MYRVIK,142108,117
NADERMANN,142108,117
NASSIFF,142108,117
NATHER,142108,117
NDAYISHIMIYE,142108,117
NEDA,142108,117
NEGRET,142108,117
NEGREY,142108,117
NEIMANN,142108,117
NESTMAN,142108,117
NESTO,142108,117
NEWS,142108,117
NIEDRICH,142108,117
NIOLET,142108,117
NISCO,142108,117
NODOLF,142108,117
NOFER,142108,117
NOJIRI,142108,117
NOUJAIM,142108,117
NOWROOZI,142108,117
NUSRAT,142108,117
NUSSEAR,142108,117
NUZMAN,142108,117
NYEHOLT,142108,117
OBLENES,142108,117
ODOOM,142108,117
OGSTON,142108,117
OLICK,142108,117
ONTIS,142108,117
OOMEN,142108,117
OPHOFF,142108,117
ORBEGOZO,142108,117
ORDOGNE,142108,117
ORLOPP,142108,117
OROCCO,142108,117
OSAK,142108,117
OSMENA,142108,117
OTINGER,142108,117
OTSUBO,142108,117
OUSMAN,142108,117
PACZYNSKI,142108,117
PAIEMENT,142108,117
PAKRAVAN,142108,117
PALIY,142108,117
PALUCKI,142108,117
PARTAKA,142108,117
PARZANESE,142108,117
PASALIC,142108,117
PASQUERELLA,142108,117
PASSENO,142108,117
PATCHEL,142108,117
PAVESICH,142108,117
PAVILLA,142108,117
PAWUL,142108,117
PAZZAGLIA,142108,117
PECJAK,142108,117
PELISH,142108,117
PENAPEREZ,142108,117
PENEYRA,142108,117
PENNYBAKER,142108,117
PETAWAY,142108,117
PETERY,142108,117
PETRAN,142108,117
PHAROAH,142108,117
PHILLIPO,142108,117
PIASTA,142108,117
PIETERICK,142108,117
PINGUE,142108,117
PIRELLO,142108,117
PISCH,142108,117
PISTOIA,142108,117
PITTALA,142108,117
PIZOR,142108,117
PLATZKE,142108,117
PODEMSKI,142108,117
POLEO,142108,117
POLTA,142108,117
POMPI,142108,117
POTGIETER,142108,117
POTRZEBOWSKI,142108,117
POZIN,142108,117
PRASAI,142108,117
PRASSER,142108,117
PREZZY,142108,117
PRODIGALIDAD,142108,117
PRUENTE,142108,117
PSZCZOLKOWSKI,142108,117
PUFFINBARGER,142108,117
PUKA,142108,117
PUTTEET,142108,117
QUALLE,142108,117
QUARTANA,142108,117
QUICKBEAR,142108,117
QUITER,142108,117
RAEDEKE,142108,117
RAESE,142108,117
RAFALA,142108,117
RAMGOOLAM,142108,117
RANTISI,142108,117
RAPH,142108,117
RASKEY,142108,117
RATHMANNER,142108,117
RAUERT,142108,117
REBERRY,142108,117
REDDAWAY,142108,117
REEVIS,142108,117
REHRAUER,142108,117
REHS,142108,117
REIG,142108,117
REMCHUK,142108,117
REMENTERIA,142108,117
REPACI,142108,117
RETTELE,142108,117
REYDA,142108,117
RIBAO,142108,117
RINCKEY,142108,117
RIPKOWSKI,142108,117
RISSELL,142108,117
RISUCCI,142108,117
ROADIFER,142108,117
ROBACZEWSKI,142108,117
ROMBA,142108,117
ROSSLEY,142108,117
ROUM,142108,117
ROUPAS,142108,117
ROUSS,142108,117
ROVEY,142108,117
ROZENBAUM,142108,117
RUAS,142108,117
RUID,142108,117
RYCHTARCZYK,142108,117
RYKERT,142108,117
RZENTKOWSKI,142108,117
SAALWAECHTER,142108,117
SACCARDI,142108,117
SACHELI,142108,117
SADOVAL,142108,117
SAFONOV,142108,117
SAGARDIA,142108,117
SAIK,142108,117
SAIT,142108,117
SALANITRO,142108,117
SALAZARGONZALE,142108,117
SALAZARMARTINE,142108,117
SALICE,142108,117
SAMADANI,142108,117
SAMPAY,142108,117
SANCHEZGUZMAN,142108,117
SANDOVAR,142108,117
SANDRICK,142108,117
SANDUL,142108,117
SANGCO,142108,117
SANSCHAGRIN,142108,117
SARAJLIC,142108,117
SARCHETT,142108,117
SAROL,142108,117
SARYAN,142108,117
SASAHARA,142108,117
SAUSAMAN,142108,117
SCANZILLO,142108,117
SCHAFFELD,142108,117
SCHALCK,142108,117
SCHARDAN,142108,117
SCHECHER,142108,117
SCHERDIN,142108,117
SCHIAPPACASSE,142108,117
SCHILMOELLER,142108,117
SCHIPKE,142108,117
SCHLANG,142108,117
SCHLEPPY,142108,117
SCHLIENTZ,142108,117
SCHMERLER,142108,117
SCHMIEDEBERG,142108,117
SCHMIGEL,142108,117
SCHNAUBELT,142108,117
SCHNEIDAU,142108,117
SCHNOKE,142108,117
SCHORNSTEIN,142108,117
SCHUBLE,142108,117
SCHUNN,142108,117
SCHWORER,142108,117
SCIARETTA,142108,117
SCOPINO,142108,117
SEBERA,142108,117
SEEHORN,142108,117
SEEN,142108,117
SEFER,142108,117
SEHRING,142108,117
SEHRT,142108,117
SEIMEARS,142108,117
SELISKAR,142108,117
SELWA,142108,117
SENNO,142108,117
SENSIBAUGH,142108,117
SERABIAN,142108,117
SERDYNSKI,142108,117
SHABTAI,142108,117
SHANKEN,142108,117
SHEAF,142108,117
SHELMADINE,142108,117
SHEVTSOV,142108,117
SHIEK,142108,117
SHIGA,142108,117
SHNIDER,142108,117
SHOJAEI,142108,117
SHOTZBERGER,142108,117
SHRAUNER,142108,117
SHUTA,142108,117
SILVERSON,142108,117
SILVIERA,142108,117
SIMBRO,142108,117
SIMMEL,142108,117
SIPICH,142108,117
SISKE,142108,117
SKEENE,142108,117
SKOLE,142108,117
SLETTA,142108,117
SLUYS,142108,117
SLYDELL,142108,117
SLYH,142108,117
SMEIGH,142108,117
SNEEZE,142108,117
SOBHAN,142108,117
SOLIVA,142108,117
SOODEEN,142108,117
SOSTER,142108,117
SPARACELLO,142108,117
SPEEKS,142108,117
SPERZEL,142108,117
SPIOTTO,142108,117
SREEDHAR,142108,117
SREERAM,142108,117
SRIVATSA,142108,117
STEINBECKER,142108,117
STEMME,142108,117
STIGGINS,142108,117
STLUCE,142108,117
STOEPKER,142108,117
STOFA,142108,117
STOMA,142108,117
STRANDT,142108,117
STRAVINSKY,142108,117
STRAWHUN,142108,117
STREHLER,142108,117
STRUXNESS,142108,117
STUDHOLME,142108,117
SUPANCIC,142108,117
SURMACZ,142108,117
SUSOR,142108,117
SWEEDLER,142108,117
SWIANTEK,142108,117
SWIGONSKI,142108,117
SYNN,142108,117
SYNOVEC,142108,117
SYSOL,142108,117
SZUDY,142108,117
TABEEK,142108,117
TAHMASEBI,142108,117
TAKAHATA,142108,117
TALOS,142108,117
TANGRI,142108,117
TAQI,142108,117
TARASOVA,142108,117
TAUAI,142108,117
TAWASHA,142108,117
TAYLORSON,142108,117
TEMM,142108,117
TENNISWOOD,142108,117
TESLA,142108,117
THEILACKER,142108,117
THEROFF,142108,117
THIBO,142108,117
THINGELSTAD,142108,117
THROESCH,142108,117
TIEZZI,142108,117
TILLINGER,142108,117
TITKO,142108,117
TITLA,142108,117
TIZOC,142108,117
TOALSTON,142108,117
TOLLINGER,142108,117
TOMOV,142108,117
TOMSA,142108,117
TONSOR,142108,117
TORMASCHY,142108,117
TRANCE,142108,117
TROSKO,142108,117
TUANO,142108,117
TUSCANY,142108,117
ULSETH,142108,117
UNDERCOFFER,142108,117
USHAKOV,142108,117
USKO,142108,117
UST,142108,117
VALLEM,142108,117
VANBILLIARD,142108,117
VANDENENG,142108,117
VANHOOZIER,142108,117
VANOSTER,142108,117
VANRUITEN,142108,117
VANSLOUN,142108,117
VANTATENHOVE,142108,117
VANVELKINBURGH,142108,117
VARJU,142108,117
VARSHAVSKY,142108,117
VASILATOS,142108,117
VASILEVICH,142108,117
VAVRICK,142108,117
VEGAGONZALEZ,142108,117
VELOCCI,142108,117
VENDEMIA,142108,117
VENETUCCI,142108,117
VENETZ,142108,117
VENGLAR,142108,117
VENIT,142108,117
VERGNE,142108,117
VERLY,142108,117
VERSCH,142108,117
VEXLER,142108,117
VIARENGO,142108,117
VILCEK,142108,117
VILLARRIAL,142108,117
VILLASUSO,142108,117
VIRUETE,142108,117
VOLANTI,142108,117
VOLLICK,142108,117
VORUGANTI,142108,117
VUKONICH,142108,117
VUKOV,142108,117
WAGGEH,142108,117
WALCHLE,142108,117
WALLENDORF,142108,117
WALLERIUS,142108,117
WEERHEIM,142108,117
WEIBLEN,142108,117
WEINHAUS,142108,117
WELIVER,142108,117
WERBIN,142108,117
WESENER,142108,117
WETHERWAX,142108,117
WIELANDT,142108,117
WILCKE,142108,117
WINSTONE,142108,117
WITSOE,142108,117
WITTMUS,142108,117
WIZE,142108,117
WOLGAMOT,142108,117
WOLLMER,142108,117
WOODFAULK,142108,117
WOOLPERT,142108,117
WORKCUFF,142108,117
WRAPE,142108,117
WYNALDA,142108,117
WYNJA,142108,117
WYSOCKY,142108,117
WYTCHERLEY,142108,117
XERRI,142108,117
YORKMAN,142108,117
YURKIEWICZ,142108,117
ZACCARELLI,142108,117
ZAFRAN,142108,117
ZAHIRI,142108,117
ZAHNE,142108,117
ZAINEA,142108,117
ZAMBRZYCKI,142108,117
ZARGAR,142108,117
ZASLAVSKAYA,142108,117
ZIMBLER,142108,117
ZINCONE,142108,117
ZINDELL,142108,117
ZINZ,142108,117
ZORE,142108,117
ZOZ,142108,117
ZSCHOKKE,142108,117
ZUCCALA,142108,117
ZUHL,142108,117
ZUKERAN,142108,117
ZWOLSKI,142108,117
AASAND,143149,116
ABATECOLA,143149,116
ABATI,143149,116
ABDULSALAAM,143149,116
ABRIEL,143149,116
ACQUILANO,143149,116
AGURKIS,143149,116
AHLHEIM,143149,116
AILL,143149,116
AJETI,143149,116
ALABBAS,143149,116
ALBILLAR,143149,116
ALDOSSARY,143149,116
ALEXANDRIS,143149,116
ALGOE,143149,116
ALICK,143149,116
ALIMENTI,143149,116
ALINEA,143149,116
ALISSA,143149,116
ALKHALIDI,143149,116
ALLIGER,143149,116
ALMANSA,143149,116
ALP,143149,116
ALTAWIL,143149,116
ALYOUSEF,143149,116
AMSBARY,143149,116
ANAZCO,143149,116
ANGIE,143149,116
ANIC,143149,116
ANICO,143149,116
AQUARO,143149,116
ARAGHI,143149,116
ARAPI,143149,116
ARBEGAST,143149,116
ARCHIELD,143149,116
ARIZALA,143149,116
AUDISHO,143149,116
AYMAMI,143149,116
BADIN,143149,116
BADJI,143149,116
BAGLINI,143149,116
BAILO,143149,116
BALAND,143149,116
BALDRIGE,143149,116
BALKAM,143149,116
BALONEY,143149,116
BALSA,143149,116
BALTAS,143149,116
BANDILLA,143149,116
BANKESTER,143149,116
BARANGAN,143149,116
BARBUS,143149,116
BARCHUK,143149,116
BARJON,143149,116
BAROUD,143149,116
BARRICELLA,143149,116
BASELER,143149,116
BASTERRECHEA,143149,116
BATOVSKY,143149,116
BAULE,143149,116
BAYOH,143149,116
BAYSMORE,143149,116
BAZYLEWICZ,143149,116
BEARDS,143149,116
BEBAWY,143149,116
BECHO,143149,116
BEDROS,143149,116
BELLARDINI,143149,116
BELLFY,143149,116
BELLINDER,143149,116
BENARROCH,143149,116
BENEJAN,143149,116
BENTACOURT,143149,116
BENTCH,143149,116
BENTIVENGA,143149,116
BENZINE,143149,116
BERCHIN,143149,116
BERGFALK,143149,116
BERKBUEGLER,143149,116
BEVIN,143149,116
BICIC,143149,116
BIDEGAIN,143149,116
BIDOT,143149,116
BIELSER,143149,116
BIGGANE,143149,116
BILARDO,143149,116
BLACKPORT,143149,116
BLANDINA,143149,116
BLECHNER,143149,116
BLOCHLINGER,143149,116
BODFIELD,143149,116
BOGENHAGEN,143149,116
BOINSKI,143149,116
BOLEYJACK,143149,116
BONAMASSA,143149,116
BONAMICO,143149,116
BONIER,143149,116
BONZANI,143149,116
BOOQUA,143149,116
BORGEMENKE,143149,116
BOWANNIE,143149,116
BRAIDO,143149,116
BRAMSEN,143149,116
BRASSE,143149,116
BREISINGER,143149,116
BREITFELDER,143149,116
BRETTINGEN,143149,116
BREZNAI,143149,116
BRKICH,143149,116
BRONES,143149,116
BROSTOFF,143149,116
BRUCKE,143149,116
BULTINCK,143149,116
BULTMANN,143149,116
BUNDRA,143149,116
BUNYI,143149,116
BURDMAN,143149,116
BURSICK,143149,116
BUSHFIELD,143149,116
BUSKILL,143149,116
CABER,143149,116
CABREY,143149,116
CAFFALL,143149,116
CAHA,143149,116
CALATO,143149,116
CALAUNAN,143149,116
CALDERBANK,143149,116
CALLIGARO,143149,116
CAMPOSMARTINEZ,143149,116
CAPATINA,143149,116
CAPITULO,143149,116
CAPLICE,143149,116
CAPRIC,143149,116
CARDEY,143149,116
CARHEE,143149,116
CARLA,143149,116
CARTES,143149,116
CARTHEW,143149,116
CASARUBIAS,143149,116
CASTELLUZZO,143149,116
CASTENDA,143149,116
CATANEO,143149,116
CATINA,143149,116
CELSOR,143149,116
CERKA,143149,116
CERRITELLI,143149,116
CHALOUPEK,143149,116
CHARK,143149,116
CHAROS,143149,116
CHARRIA,143149,116
CHATELIER,143149,116
CHAVIN,143149,116
CHELLBERG,143149,116
CHICKAWAY,143149,116
CHIOFOLO,143149,116
CHIOLA,143149,116
CHIRPICH,143149,116
CHOINA,143149,116
CHOPPER,143149,116
CHOSTNER,143149,116
CHOUCAIR,143149,116
CHOUP,143149,116
CHURLEY,143149,116
CIOLA,143149,116
CITAK,143149,116
CITRINO,143149,116
COCHRON,143149,116
CODIGA,143149,116
COITE,143149,116
COLANDO,143149,116
COLENBURG,143149,116
COLMENAREZ,143149,116
COLODNY,143149,116
COLYOTT,143149,116
COMAYAGUA,143149,116
CONDARCO,143149,116
CONVERS,143149,116
CORROTHERS,143149,116
CORVELLI,143149,116
COSKER,143149,116
COUFFER,143149,116
COZY,143149,116
CRAVINS,143149,116
CRINION,143149,116
CRINNION,143149,116
CUANETL,143149,116
CUCINELLI,143149,116
CURIS,143149,116
CYTRYN,143149,116
CZACH,143149,116
CZORA,143149,116
DAERR,143149,116
DAUGS,143149,116
DAVIDYAN,143149,116
DAVISWILLIAMS,143149,116
DEAH,143149,116
DEFEHR,143149,116
DEISSLER,143149,116
DEKAT,143149,116
DEKNIKKER,143149,116
DELAVICTORIA,143149,116
DELISCA,143149,116
DEMROW,143149,116
DEMRY,143149,116
DEMUSZ,143149,116
DENISH,143149,116
DENNA,143149,116
DEPPISCH,143149,116
DERRETT,143149,116
DERUSHIA,143149,116
DESROULEAUX,143149,116
DEVIC,143149,116
DEWEEVER,143149,116
DEZELAN,143149,116
DEZENZO,143149,116
DIAZMENDOZA,143149,116
DICKO,143149,116
DIDERRICH,143149,116
DIEHLMAN,143149,116
DIELMANN,143149,116
DIMECO,143149,116
DITRICH,143149,116
DLUGOSH,143149,116
DOINO,143149,116
DOLISON,143149,116
DOLWICK,143149,116
DONATELL,143149,116
DONGILLI,143149,116
DORNBERGER,143149,116
DORONIO,143149,116
DOUMANI,143149,116
DRLIK,143149,116
DROSKE,143149,116
DUDENHEFER,143149,116
DUERFELDT,143149,116
DUEVEL,143149,116
DUFFALA,143149,116
DUPIRE,143149,116
DVERGSTEN,143149,116
DZIWULSKI,143149,116
EBBELER,143149,116
EBBOLE,143149,116
ECHAVARIA,143149,116
ECKWRIGHT,143149,116
EDEKER,143149,116
EDET,143149,116
EDGETON,143149,116
EGGAN,143149,116
EHRENTHAL,143149,116
EIBLING,143149,116
EICHENSEER,143149,116
EICKSTAEDT,143149,116
EIKNER,143149,116
ELASSAL,143149,116
ELFARRA,143149,116
ELREDA,143149,116
ELSLAGER,143149,116
EMERMAN,143149,116
ERL,143149,116
ERZ,143149,116
ESCANUELAS,143149,116
ESHUIS,143149,116
ESTRADAHERNAND,143149,116
EUMANA,143149,116
EVRAETS,143149,116
FALLICO,143149,116
FANTRY,143149,116
FARAZ,143149,116
FAUNDEZ,143149,116
FAVROT,143149,116
FEDOROVICH,143149,116
FEIGELSON,143149,116
FEIGH,143149,116
FELSCH,143149,116
FERMINO,143149,116
FEWSTER,143149,116
FIGHTS,143149,116
FILIPCZAK,143149,116
FINALDI,143149,116
FINGADO,143149,116
FINKLESTEIN,143149,116
FLESH,143149,116
FLIEHS,143149,116
FLORKIEWICZ,143149,116
FOMBONA,143149,116
FONTICIELLA,143149,116
FOSHER,143149,116
FOSSITT,143149,116
FOUND,143149,116
FRANCOS,143149,116
FRANGENBERG,143149,116
FREILEY,143149,116
FRODL,143149,116
FRONIUS,143149,116
FUGINA,143149,116
FULFS,143149,116
FULINARA,143149,116
FULLE,143149,116
GABET,143149,116
GALLARZA,143149,116
GANAPATHI,143149,116
GANGES,143149,116
GARABET,143149,116
GARASCIA,143149,116
GARDENHOUR,143149,116
GARNATZ,143149,116
GATTINELLA,143149,116
GAZZOLO,143149,116
GEAREN,143149,116
GEECK,143149,116
GEMELLARO,143149,116
GERAGOSIAN,143149,116
GERBUS,143149,116
GEYE,143149,116
GHADIRI,143149,116
GHASTIN,143149,116
GHEGAN,143149,116
GIACOMANTONIO,143149,116
GILLEON,143149,116
GINNERY,143149,116
GLENNEN,143149,116
GLUSZEK,143149,116
GNEHM,143149,116
GODIER,143149,116
GODUTO,143149,116
GOEDDEKE,143149,116
GOMEZVASQUEZ,143149,116
GONSETH,143149,116
GOOLCHARAN,143149,116
GOOMBI,143149,116
GOOSMANN,143149,116
GOSLER,143149,116
GRAGNANO,143149,116
GRAISE,143149,116
GRALAK,143149,116
GRAPEVINE,143149,116
GRATIAS,143149,116
GREYERBIEHL,143149,116
GRIPE,143149,116
GROMIS,143149,116
GRUSHKIN,143149,116
GUARNIERE,143149,116
GUERS,143149,116
GUIVAS,143149,116
GUMMERSHEIMER,143149,116
GUTERRES,143149,116
GUTTADAURO,143149,116
GUTTIKONDA,143149,116
HAENN,143149,116
HAENNI,143149,116
HALDA,143149,116
HAMAS,143149,116
HAMATI,143149,116
HAMBEK,143149,116
HAMUD,143149,116
HANKWITZ,143149,116
HARBART,143149,116
HARINGS,143149,116
HARRS,143149,116
HARSEN,143149,116
HATHCOTE,143149,116
HAUNSCHILD,143149,116
HAUPTLY,143149,116
HAZENSTAB,143149,116
HEERING,143149,116
HEIMILLER,143149,116
HEISTERMAN,143149,116
HELIKER,143149,116
HELMINEN,143149,116
HEMMANS,143149,116
HENRICI,143149,116
HERNANDEZAYALA,143149,116
HERNANDEZMUNOZ,143149,116
HERNANDEZNUNEZ,143149,116
HERNANDEZVARGA,143149,116
HESSELBROCK,143149,116
HIGHTER,143149,116
HIKEL,143149,116
HIMMELMANN,143149,116
HISGEN,143149,116
HOBBA,143149,116
HOHLSTEIN,143149,116
HOLDMEYER,143149,116
HOLZUM,143149,116
HOPFNER,143149,116
HORELICK,143149,116
HORIMOTO,143149,116
HOSTAK,143149,116
HOWLES,143149,116
HOXHAJ,143149,116
HOYETT,143149,116
HOYUM,143149,116
HUEMANN,143149,116
HULLIBERGER,143149,116
HUMBERS,143149,116
HUSARIK,143149,116
HUSONG,143149,116
HUSSION,143149,116
IANELLI,143149,116
IDO,143149,116
IHASZ,143149,116
IMAIZUMI,143149,116
INAN,143149,116
IOSIA,143149,116
ISERMANN,143149,116
IWAKI,143149,116
IZAK,143149,116
JACKE,143149,116
JAKSHA,143149,116
JARMUZ,143149,116
JAYDEN,143149,116
JEILANI,143149,116
JEREW,143149,116
JERNAGAN,143149,116
JHONS,143149,116
JIO,143149,116
JODRY,143149,116
JOSCELYN,143149,116
JOSENHANS,143149,116
JOZA,143149,116
JUDNICK,143149,116
JUSU,143149,116
KADAMBI,143149,116
KAHKONEN,143149,116
KAHLSTORF,143149,116
KALAKAY,143149,116
KALLAN,143149,116
KARABULUT,143149,116
KATHE,143149,116
KATZE,143149,116
KAZANCHYAN,143149,116
KAZANECKI,143149,116
KEESTER,143149,116
KELEHAN,143149,116
KERENSKY,143149,116
KICKERT,143149,116
KIFFIN,143149,116
KINAN,143149,116
KINDSFATER,143149,116
KINIMAKA,143149,116
KIRCHENWITZ,143149,116
KIRCHHARR,143149,116
KIRILA,143149,116
KIRKNESS,143149,116
KLETZIEN,143149,116
KLEWENO,143149,116
KNEISL,143149,116
KOBILKA,143149,116
KOCHENOWER,143149,116
KOCHUBEY,143149,116
KOEHRING,143149,116
KOESHALL,143149,116
KOGELMAN,143149,116
KONKOLY,143149,116
KONSDORF,143149,116
KOPYDLOWSKI,143149,116
KOSOLA,143149,116
KOSOWICZ,143149,116
KOVAS,143149,116
KOWALCHICK,143149,116
KOZELEK,143149,116
KRABACHER,143149,116
KRALEY,143149,116
KRALOVEC,143149,116
KRAMS,143149,116
KRANIS,143149,116
KRATKA,143149,116
KRAUSHAR,143149,116
KRCMAR,143149,116
KREINBERG,143149,116
KROECKEL,143149,116
KROETCH,143149,116
KRUMSIEK,143149,116
KUHA,143149,116
KUMBERA,143149,116
KUPITZ,143149,116
KURANDA,143149,116
KURISH,143149,116
KURNICK,143149,116
KURTZE,143149,116
KVITEK,143149,116
LABEACH,143149,116
LACOMMARE,143149,116
LADAK,143149,116
LADRILLONO,143149,116
LAMANO,143149,116
LANAGER,143149,116
LANDRES,143149,116
LANDWERLEN,143149,116
LANGHEIM,143149,116
LANGUIRAND,143149,116
LANGUREN,143149,116
LANIS,143149,116
LANUTO,143149,116
LAUSTERER,143149,116
LAYBURN,143149,116
LEGGOTT,143149,116
LEGUTKO,143149,116
LEIBRANDT,143149,116
LEIDHOLM,143149,116
LEINHEISER,143149,116
LENEGAR,143149,116
LEPES,143149,116
LEPIANKA,143149,116
LESEUR,143149,116
LETEXIER,143149,116
LETSOS,143149,116
LEVEEN,143149,116
LEVIERE,143149,116
LICKO,143149,116
LIGHTHOUSE,143149,116
LIKEN,143149,116
LIMAN,143149,116
LINARDI,143149,116
LITO,143149,116
LOFTMAN,143149,116
LOKENSGARD,143149,116
LOMONT,143149,116
LOPEZOCHOA,143149,116
LOPEZSILVA,143149,116
LOPRINZI,143149,116
LOSAK,143149,116
LOSHAW,143149,116
LOSSIE,143149,116
LOTHRINGER,143149,116
LOTSHAW,143149,116
LOUISJUSTE,143149,116
LOVRE,143149,116
LUCO,143149,116
LUNIN,143149,116
LUPINEK,143149,116
LUTZI,143149,116
LUVIAN,143149,116
MACCUE,143149,116
MACELLARO,143149,116
MADDLE,143149,116
MAFFIOLI,143149,116
MAFFIT,143149,116
MAHAFFIE,143149,116
MAHENDRAN,143149,116
MAIB,143149,116
MAKHMUDOV,143149,116
MALAWY,143149,116
MALDONATO,143149,116
MALETSKY,143149,116
MANAVI,143149,116
MANDROS,143149,116
MANELIS,143149,116
MANEMANN,143149,116
MANEVICH,143149,116
MANSINGH,143149,116
MARSEILLES,143149,116
MARTINEZC,143149,116
MARTINEZGUZMAN,143149,116
MARTLING,143149,116
MARTZKE,143149,116
MARUSZAK,143149,116
MASHALL,143149,116
MASZK,143149,116
MATOZZO,143149,116
MAYZEL,143149,116
MAZURA,143149,116
MCANLIS,143149,116
MCCLEAR,143149,116
MCDOWN,143149,116
MCGARRAUGH,143149,116
MCINVILLE,143149,116
MCNEILY,143149,116
MECHAN,143149,116
MEDHIN,143149,116
MEGIVERN,143149,116
MEHBOOB,143149,116
MEIFERT,143149,116
MEILY,143149,116
MEMOLO,143149,116
MENACHER,143149,116
MENDINA,143149,116
MENKEL,143149,116
MERCATANTE,143149,116
MERING,143149,116
MESHKE,143149,116
MILAKOVIC,143149,116
MILOSER,143149,116
MIOSI,143149,116
MIREAU,143149,116
MIROCHNIK,143149,116
MIRONYUK,143149,116
MITCHESON,143149,116
MIXEN,143149,116
MLO,143149,116
MODAHL,143149,116
MODOCK,143149,116
MOEZZI,143149,116
MOHAM,143149,116
MOJADO,143149,116
MOLEDOR,143149,116
MONIQUE,143149,116
MONTAMBO,143149,116
MONTANYA,143149,116
MORAITES,143149,116
MORLOK,143149,116
MORRELLO,143149,116
MORTH,143149,116
MOSCOL,143149,116
MUENNINK,143149,116
MUIGAI,143149,116
MUKADAM,143149,116
MULKIN,143149,116
MUNARI,143149,116
MURFEE,143149,116
MURGADO,143149,116
MUSANI,143149,116
MUSCELLA,143149,116
MUSTACHE,143149,116
NACOL,143149,116
NALLEN,143149,116
NARIN,143149,116
NASERS,143149,116
NAUT,143149,116
NAZIM,143149,116
NEASHAM,143149,116
NESIMI,143149,116
NETTELL,143149,116
NEWBON,143149,116
NICLAS,143149,116
NIEBERLEIN,143149,116
NIVAL,143149,116
NOLTNER,143149,116
NOSBUSCH,143149,116
NOUHAN,143149,116
NOWER,143149,116
NUESE,143149,116
OCK,143149,116
ODEHNAL,143149,116
ODENWELDER,143149,116
OELER,143149,116
OFFRET,143149,116
OITKER,143149,116
OKAYAMA,143149,116
OLBRANTZ,143149,116
OLIVELLA,143149,116
OLOW,143149,116
OOSTHUIZEN,143149,116
OOTON,143149,116
OREHEK,143149,116
OREILLEY,143149,116
ORINA,143149,116
ORTLEY,143149,116
OSADCHUK,143149,116
OSTAPCHUK,143149,116
OVERA,143149,116
OZERUGA,143149,116
PACKEY,143149,116
PAGLINO,143149,116
PAGOTTO,143149,116
PALASCHAK,143149,116
PALEFSKY,143149,116
PALIVODA,143149,116
PARMELEY,143149,116
PASALA,143149,116
PASLAWSKI,143149,116
PATERAS,143149,116
PATKAR,143149,116
PATZLAFF,143149,116
PAULZINE,143149,116
PAVELOCK,143149,116
PAVIN,143149,116
PAVLACKA,143149,116
PAZSOLDAN,143149,116
PECHIE,143149,116
PEKARIK,143149,116
PELLITIER,143149,116
PELLIZZI,143149,116
PENAGONZALEZ,143149,116
PENDEL,143149,116
PENDRED,143149,116
PENSKY,143149,116
PENZES,143149,116
PERNEY,143149,116
PFADT,143149,116
PFITZINGER,143149,116
PFIZENMAYER,143149,116
PHILBEE,143149,116
PHOMMATHEP,143149,116
PICCARRETO,143149,116
PICCININO,143149,116
PICKERIGN,143149,116
PIKO,143149,116
PITCOX,143149,116
PITINO,143149,116
PITTSFORD,143149,116
PITULA,143149,116
PLESKA,143149,116
POKOJ,143149,116
POLEC,143149,116
PONTSLER,143149,116
PONZETTI,143149,116
PORTLAND,143149,116
POSTLES,143149,116
POTMESIL,143149,116
POTNIS,143149,116
POURNARAS,143149,116
POWDER,143149,116
POZEN,143149,116
POZSGAI,143149,116
PREBIL,143149,116
PREBULA,143149,116
PRECOUR,143149,116
PRETEL,143149,116
PROCELLA,143149,116
PRODANOVIC,143149,116
PROODIAN,143149,116
PRUISMANN,143149,116
PUDLINER,143149,116
PUIH,143149,116
PULFREY,143149,116
PYRITZ,143149,116
QUATTROMANI,143149,116
QUINTILIANO,143149,116
RADZICKI,143149,116
RAHO,143149,116
RAICA,143149,116
RAIMONDE,143149,116
RAMAUTAR,143149,116
RAMEE,143149,116
RAMERES,143149,116
RATSAMY,143149,116
REBISCHKE,143149,116
REBOK,143149,116
REGETS,143149,116
REGIAN,143149,116
REIBOLDT,143149,116
REIGHTER,143149,116
REININGA,143149,116
REKAS,143149,116
RELKIN,143149,116
RERECICH,143149,116
RESCALVO,143149,116
REWOLDT,143149,116
RHINEBOLT,143149,116
RIBIS,143149,116
RICKLIN,143149,116
RIEDEN,143149,116
RIEHS,143149,116
RIEKHOF,143149,116
RINEMAN,143149,116
RINGBERG,143149,116
RIOU,143149,116
RISKUS,143149,116
RISTEVSKI,143149,116
RISTY,143149,116
ROATE,143149,116
ROBERTIELLO,143149,116
ROCKLEIN,143149,116
RODRIGUEC,143149,116
ROEDEMA,143149,116
ROKOSKY,143149,116
ROLLESTON,143149,116
ROODHOUSE,143149,116
ROSENHAUS,143149,116
ROSETTO,143149,116
ROTHLEIN,143149,116
ROUGELY,143149,116
ROUTHIEAUX,143149,116
ROUTMAN,143149,116
RUBISH,143149,116
RUDERT,143149,116
RUFKAHR,143149,116
RUMALDO,143149,116
RUMMELHART,143149,116
RUSIGNUOLO,143149,116
RUSKE,143149,116
RUTZLER,143149,116
RYMUT,143149,116
SAGLIMBENE,143149,116
SAKIN,143149,116
SALABA,143149,116
SAMIT,143149,116
SANDERA,143149,116
SANDES,143149,116
SANDIFUR,143149,116
SANFILLIPPO,143149,116
SAQUI,143149,116
SARNIE,143149,116
SASKOWSKI,143149,116
SASTRI,143149,116
SATCHWILL,143149,116
SATERN,143149,116
SATIZABAL,143149,116
SATYANARAYANA,143149,116
SAURINI,143149,116
SAVIGNAC,143149,116
SCHARFSTEIN,143149,116
SCHLEMAN,143149,116
SCHLINKERT,143149,116
SCHMERBECK,143149,116
SCHNITGER,143149,116
SCHOENGARTH,143149,116
SCHOPIERAY,143149,116
SCHOTTLAND,143149,116
SCHUON,143149,116
SCHWENGLER,143149,116
SCHWINGHAMER,143149,116
SEBADE,143149,116
SELENGUT,143149,116
SELISSEN,143149,116
SENNINGER,143149,116
SERBANTEZ,143149,116
SERGEEV,143149,116
SEVEK,143149,116
SEYB,143149,116
SHARIK,143149,116
SHEEGOG,143149,116
SHEFLER,143149,116
SHEGA,143149,116
SHEINBAUM,143149,116
SHELITE,143149,116
SHIGEMOTO,143149,116
SHIRAZ,143149,116
SHISHKIN,143149,116
SHLOMO,143149,116
SHUGARMAN,143149,116
SIEL,143149,116
SIGALL,143149,116
SIGGIA,143149,116
SIMARI,143149,116
SIMONAR,143149,116
SIVEC,143149,116
SKERO,143149,116
SKUCE,143149,116
SLATCHER,143149,116
SLESSER,143149,116
SLIE,143149,116
SLYWKA,143149,116
SMALLY,143149,116
SMITHJACKSON,143149,116
SNEADE,143149,116
SNELLENBERGER,143149,116
SOCKNESS,143149,116
SOSNICK,143149,116
SOUDAH,143149,116
SPANER,143149,116
SPANGENBERGER,143149,116
SPECCHIO,143149,116
SPECKHALS,143149,116
SPINGARN,143149,116
SPREMULLI,143149,116
STAMBACK,143149,116
STAMPFER,143149,116
STEIGLEMAN,143149,116
STOCKLER,143149,116
STOLICKER,143149,116
STONEBRIDGE,143149,116
STOULIL,143149,116
STOUTMIRE,143149,116
STRIEDER,143149,116
STRIZICH,143149,116
STROPKO,143149,116
STUBBENDICK,143149,116
STURZL,143149,116
SULTZE,143149,116
SUMMERER,143149,116
SUTRO,143149,116
SWAGGERT,143149,116
SWAIDNER,143149,116
SWEDEN,143149,116
SYRELL,143149,116
SZALANKIEWICZ,143149,116
SZEMBORSKI,143149,116
SZWAJKOWSKI,143149,116
SZYMANSKA,143149,116
SZYPER,143149,116
TABANICO,143149,116
TACCHI,143149,116
TALEN,143149,116
TAMARIT,143149,116
TANGEL,143149,116
TARZI,143149,116
TATASCIORE,143149,116
TAVA,143149,116
TEIBEL,143149,116
TEIJEIRO,143149,116
THAKRAL,143149,116
THEODOSOPOULOS,143149,116
THOMASJONES,143149,116
TIDROW,143149,116
TIEPELMAN,143149,116
TILLBERRY,143149,116
TIMEK,143149,116
TIMLEY,143149,116
TINJUM,143149,116
TITHERINGTON,143149,116
TIZCARENO,143149,116
TOCCHIO,143149,116
TOGLIA,143149,116
TONEL,143149,116
TONKERY,143149,116
TOPOROWSKI,143149,116
TORRELLA,143149,116
TREFFERT,143149,116
TRETYAK,143149,116
TRIESTE,143149,116
TROESSER,143149,116
TRONSTAD,143149,116
TROSCH,143149,116
TSHIMANGA,143149,116
TURULL,143149,116
TUSHA,143149,116
TWILLING,143149,116
UERLING,143149,116
ULIZIO,143149,116
ULSCHMID,143149,116
UNKLESBAY,143149,116
UNSDORFER,143149,116
UPPINGHOUSE,143149,116
VACKAR,143149,116
VALCICH,143149,116
VALCOUR,143149,116
VALETIN,143149,116
VALLABH,143149,116
VALLAIRE,143149,116
VANAELST,143149,116
VANBEUSEKOM,143149,116
VANBREE,143149,116
VANHOUDT,143149,116
VANNAMAN,143149,116
VANOOSTENDORP,143149,116
VANREMMEN,143149,116
VANRULER,143149,116
VANSCOOTER,143149,116
VANSLYCK,143149,116
VAUGHNER,143149,116
VAZQUEZGOMEZ,143149,116
VEGATORRES,143149,116
VEKARIA,143149,116
VELK,143149,116
VENCEL,143149,116
VERMES,143149,116
VIDONI,143149,116
VIGLIANO,143149,116
VILLALOPEZ,143149,116
VILLANUEUA,143149,116
VITENSE,143149,116
VLASICH,143149,116
VOELTNER,143149,116
VOLOVIK,143149,116
VORTHMANN,143149,116
WALDFOGEL,143149,116
WALHEIM,143149,116
WAMBACK,143149,116
WANHALA,143149,116
WASIEWICZ,143149,116
WATASE,143149,116
WEDEWER,143149,116
WEEDN,143149,116
WEIERKE,143149,116
WEINHANDL,143149,116
WEISSENBERG,143149,116
WENDLICK,143149,116
WERDIN,143149,116
WERE,143149,116
WIEHOFF,143149,116
WIENSTROER,143149,116
WILEBSKI,143149,116
WINDFELDER,143149,116
WITALIS,143149,116
WITHALL,143149,116
WOLEBEN,143149,116
WOLOSKI,143149,116
WOMBOLT,143149,116
WOMBOUGH,143149,116
WONDRASH,143149,116
WORZEL,143149,116
WRONOWSKI,143149,116
WUERZ,143149,116
XOLO,143149,116
YARGEAU,143149,116
YEDNAK,143149,116
ZABELL,143149,116
ZAKIS,143149,116
ZARAT,143149,116
ZAVALLA,143149,116
ZAVODA,143149,116
ZELKOWITZ,143149,116
ZEMER,143149,116
ZETRENNE,143149,116
ZIAUDDIN,143149,116
ZICAFOOSE,143149,116
ZIELINSKY,143149,116
ZIRANDA,143149,116
ZLOTEK,143149,116
ZUBEL,143149,116
ABBASZADEH,144141,115
ABBUD,144141,115
ABDELAL,144141,115
ABERASTURI,144141,115
ABOWITZ,144141,115
ACHTZIGER,144141,115
ADELEKAN,144141,115
ADERA,144141,115
AFFELD,144141,115
AGLIETTI,144141,115
AGRAVANTE,144141,115
AGSALUD,144141,115
AKASHI,144141,115
AKIU,144141,115
AKYUZ,144141,115
ALAYEV,144141,115
ALCINI,144141,115
ALIDINA,144141,115
ALLSBURY,144141,115
ALMLI,144141,115
ALTPETER,144141,115
ALVAREZCRUZ,144141,115
ALVSTAD,144141,115
AMAH,144141,115
AMISANO,144141,115
AMSDILL,144141,115
ANCKER,144141,115
ANDRIEU,144141,115
ANETSBERGER,144141,115
ANKENBRAND,144141,115
ANTONENKO,144141,115
ANUNSON,144141,115
ARBEL,144141,115
ARCHUT,144141,115
AREIZA,144141,115
ARIENS,144141,115
ARIENT,144141,115
ARMAJO,144141,115
ARQUIZA,144141,115
ARRAND,144141,115
ARRENDO,144141,115
ARTATES,144141,115
ASHERMAN,144141,115
ASKAM,144141,115
ASLAKSEN,144141,115
ASONYE,144141,115
ASTRY,144141,115
ATTAI,144141,115
AUFLICK,144141,115
AVONCE,144141,115
BACHSTEIN,144141,115
BADRUDDIN,144141,115
BAETE,144141,115
BAGRAMYAN,144141,115
BAKUS,144141,115
BALCI,144141,115
BALUSU,144141,115
BANAGAN,144141,115
BARENDT,144141,115
BARGHOUT,144141,115
BAUMGARN,144141,115
BEACHMAN,144141,115
BEADY,144141,115
BECHET,144141,115
BECKEMEIER,144141,115
BECO,144141,115
BEENEN,144141,115
BEFUMO,144141,115
BEHANAN,144141,115
BEKEMEYER,144141,115
BELIZARIO,144141,115
BELLESFIELD,144141,115
BENCKER,144141,115
BEPKO,144141,115
BERCASIO,144141,115
BERKELAND,144141,115
BERNIK,144141,115
BESH,144141,115
BETLEJEWSKI,144141,115
BIEGE,144141,115
BIMBER,144141,115
BIRKEN,144141,115
BIRUK,144141,115
BISBIKIS,144141,115
BISHARD,144141,115
BISHMAN,144141,115
BISSEGGER,144141,115
BLAETTLER,144141,115
BLASZYK,144141,115
BLOOMGARDEN,144141,115
BOBALIK,144141,115
BOCCO,144141,115
BODREY,144141,115
BOGNANNO,144141,115
BOIAN,144141,115
BOJRAB,144141,115
BOKUNIEWICZ,144141,115
BOLEA,144141,115
BOLINGBROKE,144141,115
BONVOULOIR,144141,115
BORGSCHATZ,144141,115
BORKAN,144141,115
BORNFLETH,144141,115
BORRETT,144141,115
BOTES,144141,115
BOUCICAUT,144141,115
BOVIS,144141,115
BRABANDT,144141,115
BRANDAN,144141,115
BRAUDIS,144141,115
BRAZAN,144141,115
BREHEIM,144141,115
BREMBY,144141,115
BRETEY,144141,115
BRICCA,144141,115
BRIESCHKE,144141,115
BRORBY,144141,115
BRUICK,144141,115
BRUNNETT,144141,115
BRYINGTON,144141,115
BUDELL,144141,115
BUDHIRAJA,144141,115
BUHER,144141,115
BUHLMANN,144141,115
BULLEIT,144141,115
BURNIGHT,144141,115
BUTCHINO,144141,115
BUTEN,144141,115
BUTRIM,144141,115
BUZZERIO,144141,115
BYCZKOWSKI,144141,115
CACKA,144141,115
CALANTONI,144141,115
CALENZO,144141,115
CAMPANIELLO,144141,115
CANDEIAS,144141,115
CANDILORO,144141,115
CARDEA,144141,115
CARMINES,144141,115
CASTLEBERG,144141,115
CATONI,144141,115
CAULKER,144141,115
CAVADINI,144141,115
CEDIEL,144141,115
CELASCHI,144141,115
CERNI,144141,115
CERVERO,144141,115
CHAPLIK,144141,115
CHAUDRON,144141,115
CHAVER,144141,115
CHECCO,144141,115
CHERF,144141,115
CHERNIKOFF,144141,115
CHERRYHOMES,144141,115
CHIKE,144141,115
CHIMINO,144141,115
CHINCHILLAS,144141,115
CHIRUMBOLO,144141,115
CHRISJOHN,144141,115
CHRIVIA,144141,115
CHRUPCALA,144141,115
CHUYA,144141,115
CIGICH,144141,115
CILLA,144141,115
CIRBUS,144141,115
CIVIC,144141,115
CLAPROOD,144141,115
CLARINO,144141,115
CLARRIDGE,144141,115
CLOFER,144141,115
CODJOE,144141,115
COLLEA,144141,115
CORENA,144141,115
COSSICK,144141,115
COUCEIRO,144141,115
COULEHAN,144141,115
COUNSEL,144141,115
CRALLEY,144141,115
CREASAP,144141,115
CROISSETTE,144141,115
CROMEENS,144141,115
CRONINGER,144141,115
CROSNOE,144141,115
CRYTS,144141,115
CUDAK,144141,115
CULLINGFORD,144141,115
CURCIONE,144141,115
CUSTEAU,144141,115
CUTUGNO,144141,115
CZEREPAK,144141,115
DABREU,144141,115
DACRI,144141,115
DADABO,144141,115
DALA,144141,115
DALLACOSTA,144141,115
DAMBAUGH,144141,115
DANNENBAUM,144141,115
DANTER,144141,115
DARGENTO,144141,115
DARGITZ,144141,115
DAURELIO,144141,115
DAVANT,144141,115
DAZET,144141,115
DEAGAN,144141,115
DEARRUDA,144141,115
DEBBINK,144141,115
DEBRABANDER,144141,115
DECIMUS,144141,115
DEFANTI,144141,115
DEFLUMERI,144141,115
DEH,144141,115
DEITS,144141,115
DEKONINCK,144141,115
DELBO,144141,115
DELI,144141,115
DELOMBA,144141,115
DEMNY,144141,115
DENETCLAW,144141,115
DENOUX,144141,115
DEPENNING,144141,115
DEPOLITO,144141,115
DERAKHSHAN,144141,115
DESCHENY,144141,115
DESCOMBES,144141,115
DESOMER,144141,115
DETLAFF,144141,115
DEVEN,144141,115
DEYLING,144141,115
DIEBLER,144141,115
DIETEMAN,144141,115
DIETS,144141,115
DIEW,144141,115
DIMMETTE,144141,115
DIPESA,144141,115
DIPINO,144141,115
DIPP,144141,115
DISHNO,144141,115
DIZER,144141,115
DIZIO,144141,115
DMUCHOWSKI,144141,115
DOERS,144141,115
DOMAGAS,144141,115
DONIHUE,144141,115
DOVICO,144141,115
DRANCHAK,144141,115
DREFS,144141,115
DRORI,144141,115
DUBKE,144141,115
DUBLINSKI,144141,115
DUERINGER,144141,115
DUESTERHOEFT,144141,115
DUFER,144141,115
DULCICH,144141,115
DUODU,144141,115
DWANE,144141,115
EAHEART,144141,115
ECKLIN,144141,115
EDDER,144141,115
EGERTER,144141,115
EHRENS,144141,115
EIBL,144141,115
EITNIER,144141,115
ELEZAJ,144141,115
ENZENAUER,144141,115
ERLIKH,144141,115
ESCHENBERG,144141,115
ESTRADAPEREZ,144141,115
ETCHESON,144141,115
FABINA,144141,115
FAGERQUIST,144141,115
FAHLAND,144141,115
FARDA,144141,115
FARYNIARZ,144141,115
FAULLS,144141,115
FEFER,144141,115
FEHLINGER,144141,115
FEHOKO,144141,115
FELDBUSCH,144141,115
FENCIK,144141,115
FENSTERER,144141,115
FERNBERG,144141,115
FERNUNG,144141,115
FERRANS,144141,115
FESSEHA,144141,115
FILLIUS,144141,115
FINELL,144141,115
FINEWOOD,144141,115
FINNEYFROCK,144141,115
FIRETTO,144141,115
FLEEGAL,144141,115
FLENNORY,144141,115
FLORESHERRERA,144141,115
FOLDY,144141,115
FONASH,144141,115
FOON,144141,115
FORVOUR,144141,115
FOUNDAS,144141,115
FREDY,144141,115
FREND,144141,115
FREYLER,144141,115
FRIERMOOD,144141,115
FROUNFELTER,144141,115
FROYLAN,144141,115
FUENTS,144141,115
GABALLA,144141,115
GABBAI,144141,115
GACETA,144141,115
GACKI,144141,115
GAETKE,144141,115
GAGICH,144141,115
GAITLEY,144141,115
GALANOPOULOS,144141,115
GALBA,144141,115
GALDONES,144141,115
GALGAN,144141,115
GANDI,144141,115
GANSSLE,144141,115
GARGAGLIANO,144141,115
GARLETS,144141,115
GARZARELLI,144141,115
GASPARIK,144141,115
GAUF,144141,115
GAUGHF,144141,115
GAUVEY,144141,115
GAZDAG,144141,115
GAZELLE,144141,115
GENKE,144141,115
GERLE,144141,115
GERUS,144141,115
GHIAS,144141,115
GIAMMICHELE,144141,115
GILKS,144141,115
GILLHOUSE,144141,115
GILZENE,144141,115
GINEX,144141,115
GLENTZER,144141,115
GOEDICKE,144141,115
GOLDESBERRY,144141,115
GONZALEZMENDEZ,144141,115
GOODHALL,144141,115
GOODYKE,144141,115
GOOSEBERRY,144141,115
GORKE,144141,115
GOUNDAR,144141,115
GOURAS,144141,115
GOUVIN,144141,115
GRAFER,144141,115
GRAIFF,144141,115
GRAMKOW,144141,115
GRASHA,144141,115
GRASZ,144141,115
GRAUF,144141,115
GRECIA,144141,115
GRIMSEY,144141,115
GRISHAW,144141,115
GRITSCH,144141,115
GROSKY,144141,115
GRUDIER,144141,115
GUETHLE,144141,115
GUIJON,144141,115
GULASH,144141,115
GULDI,144141,115
GULLAND,144141,115
GUNDACKER,144141,115
GURI,144141,115
GUTTERSON,144141,115
GUYDEN,144141,115
GYORFI,144141,115
HAFFAR,144141,115
HAFTL,144141,115
HAGERUP,144141,115
HALDY,144141,115
HALITI,144141,115
HALKETT,144141,115
HAMELINE,144141,115
HAMERMAN,144141,115
HAMMATT,144141,115
HAMOCK,144141,115
HANSOM,144141,115
HANULA,144141,115
HANZY,144141,115
HARRISSON,144141,115
HATHERLEY,144141,115
HEARTMAN,144141,115
HECKSHER,144141,115
HEDGCOTH,144141,115
HEDGEBETH,144141,115
HEERALALL,144141,115
HEERMANS,144141,115
HEILLE,144141,115
HELEM,144141,115
HELENEK,144141,115
HELLEIN,144141,115
HELLINGA,144141,115
HELLWARTH,144141,115
HEMPFIELD,144141,115
HERLICH,144141,115
HERNICK,144141,115
HERSCHLAG,144141,115
HESLINGA,144141,115
HIGHELK,144141,115
HILMO,144141,115
HILOW,144141,115
HILSEN,144141,115
HODKIN,144141,115
HOFFROGGE,144141,115
HOLDAHL,144141,115
HOLLAMAN,144141,115
HOLLUMS,144141,115
HOLLYDAY,144141,115
HOLMGREEN,144141,115
HOLOVACH,144141,115
HOPPENS,144141,115
HOPTA,144141,115
HORNBLOWER,144141,115
HOSPELHORN,144141,115
HOUGHTALEN,144141,115
HOWANIEC,144141,115
HOWBERT,144141,115
HRABAR,144141,115
HUACUJA,144141,115
HUAPILLA,144141,115
HUP,144141,115
HUTCHING,144141,115
HUTCHINGSON,144141,115
HYDO,144141,115
IACOVETTI,144141,115
IAMURRI,144141,115
IBBS,144141,115
IBRAHIN,144141,115
IBRHIM,144141,115
IEZZA,144141,115
IMESON,144141,115
INCANTALUPO,144141,115
INWARDS,144141,115
IVONE,144141,115
JANISZESKI,144141,115
JARDOT,144141,115
JAROSEK,144141,115
JASTRZEMSKI,144141,115
JAYASWAL,144141,115
JEIDE,144141,115
JELSEMA,144141,115
JIMENEZMORALES,144141,115
JOHNLEWIS,144141,115
JOUSTRA,144141,115
KACMARYNSKI,144141,115
KACZINSKI,144141,115
KAESEMEYER,144141,115
KAILER,144141,115
KAKAVAS,144141,115
KALEMBER,144141,115
KANTHAK,144141,115
KANYO,144141,115
KARAKO,144141,115
KASPRICK,144141,115
KATTAR,144141,115
KAWAUCHI,144141,115
KECHEJIAN,144141,115
KEINTZ,144141,115
KELAHER,144141,115
KELONE,144141,115
KENARY,144141,115
KERMEEN,144141,115
KESARI,144141,115
KIELBLOCK,144141,115
KIELE,144141,115
KIEWIT,144141,115
KINART,144141,115
KISALA,144141,115
KITSIS,144141,115
KLAER,144141,115
KLAPAK,144141,115
KLEMENTOWSKI,144141,115
KLOB,144141,115
KLUCKER,144141,115
KNAPSTEIN,144141,115
KNEISS,144141,115
KNIZEK,144141,115
KOCISKO,144141,115
KOEPL,144141,115
KOHLMYER,144141,115
KOLC,144141,115
KOMIN,144141,115
KONIECKI,144141,115
KOOLSTRA,144141,115
KORNEY,144141,115
KORSMEYER,144141,115
KOSTAN,144141,115
KOUGIAS,144141,115
KOWELL,144141,115
KOZICK,144141,115
KOZLOWICZ,144141,115
KRASKY,144141,115
KRAUSERT,144141,115
KRECKMAN,144141,115
KREIZENBECK,144141,115
KREPELA,144141,115
KROCHTA,144141,115
KROWL,144141,115
KRUMHOLTZ,144141,115
KRUPIN,144141,115
KRUZ,144141,115
KRYSKA,144141,115
KRYZA,144141,115
KUCIREK,144141,115
KUEHNI,144141,115
KUENZLE,144141,115
KUERSCHNER,144141,115
KUHLKE,144141,115
KULESZ,144141,115
KULHAVY,144141,115
KULLEN,144141,115
KULSHRESTHA,144141,115
KUNICH,144141,115
KUVER,144141,115
KWACK,144141,115
LAAK,144141,115
LACARRA,144141,115
LAGREW,144141,115
LAJOYE,144141,115
LAKAS,144141,115
LAMPELA,144141,115
LANKE,144141,115
LARMAY,144141,115
LASPRILLA,144141,115
LATAPIE,144141,115
LAUAKI,144141,115
LAUNI,144141,115
LAUTERMILCH,144141,115
LAVACK,144141,115
LAWSTON,144141,115
LAZAROS,144141,115
LEBRE,144141,115
LEBRECK,144141,115
LEGUILLOW,144141,115
LEICHTFUSS,144141,115
LEIFFER,144141,115
LEINBAUGH,144141,115
LEITTEN,144141,115
LELI,144141,115
LELONG,144141,115
LEPREVOST,144141,115
LEPRO,144141,115
LERAAS,144141,115
LEVISTE,144141,115
LICHENSTEIN,144141,115
LICHTEFELD,144141,115
LIEBHARDT,144141,115
LIEBHAUSER,144141,115
LILJEBERG,144141,115
LIMPACH,144141,115
LINKERT,144141,115
LINSTEDT,144141,115
LIVERSEDGE,144141,115
LOBBERECHT,144141,115
LOERWALD,144141,115
LOFURNO,144141,115
LOGIN,144141,115
LONESKY,144141,115
LOPINSKI,144141,115
LOPOPOLO,144141,115
LOSTRITTO,144141,115
LOUM,144141,115
LOVINE,144141,115
LUBARSKI,144141,115
LUCHENBILL,144141,115
LUTUI,144141,115
MACHUT,144141,115
MADDOUX,144141,115
MAGANO,144141,115
MAGLIATO,144141,115
MAGROGAN,144141,115
MAHAD,144141,115
MAHFOUD,144141,115
MAJITHIA,144141,115
MAKARYAN,144141,115
MAKOWIEC,144141,115
MAKSOUD,144141,115
MALIZIO,144141,115
MALOW,144141,115
MANBY,144141,115
MANCEAUX,144141,115
MANEEN,144141,115
MANEKE,144141,115
MANGELLI,144141,115
MANIECE,144141,115
MANNIKKO,144141,115
MANSPILE,144141,115
MANTUA,144141,115
MARAVELIAS,144141,115
MARCEE,144141,115
MARCERON,144141,115
MAROM,144141,115
MAROZAS,144141,115
MARTYNOVA,144141,115
MARVILLE,144141,115
MASCARENA,144141,115
MASCHERI,144141,115
MASCIS,144141,115
MASSAGEE,144141,115
MASSAT,144141,115
MASTROPIERI,144141,115
MATEAS,144141,115
MATLAGA,144141,115
MATRONI,144141,115
MATTHESON,144141,115
MAYKUT,144141,115
MBOOB,144141,115
MCELMAN,144141,115
MCERLAIN,144141,115
MCKIDDIE,144141,115
MCKINE,144141,115
MCMANMON,144141,115
MEATTEY,144141,115
MEDALEN,144141,115
MEED,144141,115
MEGENHARDT,144141,115
MEHRABAN,144141,115
MELISH,144141,115
MENDAROS,144141,115
MENLEY,144141,115
MENTEN,144141,115
MERIMON,144141,115
MERMELLA,144141,115
MERONK,144141,115
MERRIEL,144141,115
MESIROW,144141,115
MESSERICH,144141,115
METTLE,144141,115
MEULER,144141,115
MEURS,144141,115
MIHAIL,144141,115
MIHILL,144141,115
MIKALONIS,144141,115
MILHAUPT,144141,115
MILLERMON,144141,115
MILLEVOI,144141,115
MINAMYER,144141,115
MINNINGER,144141,115
MIRZAKHANYAN,144141,115
MISAWA,144141,115
MISSAGHI,144141,115
MITE,144141,115
MITICH,144141,115
MOLINAGARCIA,144141,115
MOLOUGHNEY,144141,115
MONDALA,144141,115
MONFORE,144141,115
MONTISANO,144141,115
MOUGH,144141,115
MOZUCH,144141,115
MROUE,144141,115
MUELLENBERG,144141,115
MULCOCK,144141,115
MULERT,144141,115
MULHARE,144141,115
MUMEY,144141,115
MUNACO,144141,115
MUSO,144141,115
NADIN,144141,115
NAIHE,144141,115
NAMOU,144141,115
NAMOWICZ,144141,115
NATALIA,144141,115
NAVEA,144141,115
NAYDENOV,144141,115
NAZARE,144141,115
NEALEN,144141,115
NEAVIN,144141,115
NEITCH,144141,115
NELLOR,144141,115
NETA,144141,115
NEVER,144141,115
NEWKIRT,144141,115
NIMETZ,144141,115
NISENSON,144141,115
NKOSI,144141,115
NOJ,144141,115
NOVICIO,144141,115
NTUYEN,144141,115
NUCIFORA,144141,115
NUNOO,144141,115
NUS,144141,115
OBASEKI,144141,115
OBSTFELD,144141,115
OCHSENDORF,144141,115
OEFFLING,144141,115
OGBOGU,144141,115
OGUNBIYI,144141,115
OHENE,144141,115
OJALVO,144141,115
OJINAGA,144141,115
OMMERT,144141,115
OPALACH,144141,115
OPARAH,144141,115
OPLIGER,144141,115
OPPEDAHL,144141,115
ORAVSKY,144141,115
ORGANO,144141,115
ORIOLO,144141,115
OROCHENA,144141,115
ORTEGAMARTINEZ,144141,115
OSAILE,144141,115
OSATO,144141,115
OSIEK,144141,115
OSINA,144141,115
OUSTERHOUT,144141,115
OVASKA,144141,115
PACHAY,144141,115
PADDLEFORD,144141,115
PALATINO,144141,115
PALMEIRO,144141,115
PANIGHETTI,144141,115
PAOLILLI,144141,115
PAPIERSKI,144141,115
PARACHINI,144141,115
PARCUS,144141,115
PARIANI,144141,115
PARRAM,144141,115
PARWANI,144141,115
PATRINOS,144141,115
PAWELK,144141,115
PECHON,144141,115
PEERA,144141,115
PENALES,144141,115
PENICHET,144141,115
PENNYFEATHER,144141,115
PERTIERRA,144141,115
PESHEL,144141,115
PETRISOR,144141,115
PETTE,144141,115
PETTRONE,144141,115
PFANNEBECKER,144141,115
PFAUTH,144141,115
PFLEUGER,144141,115
PFLUGFELDER,144141,115
PIAN,144141,115
PICCHIONE,144141,115
PIECYK,144141,115
PIEKUTOWSKI,144141,115
PLANTON,144141,115
PLESSEL,144141,115
PLUIMER,144141,115
PLUTCHOK,144141,115
POATES,144141,115
POHAR,144141,115
POLASIK,144141,115
POLINER,144141,115
POLNOW,144141,115
POMAINVILLE,144141,115
PONZIANI,144141,115
POSHARD,144141,115
POSTERARO,144141,115
POTTIER,144141,115
PRAMANN,144141,115
PROKASH,144141,115
PROTHMAN,144141,115
PUFFINBERGER,144141,115
PUNTEL,144141,115
PURVINES,144141,115
PUZYCKI,144141,115
PYETT,144141,115
PYRA,144141,115
PYTLARZ,144141,115
QANDIL,144141,115
QUEVILLON,144141,115
QUINTY,144141,115
QUIOGUE,144141,115
RABIDUE,144141,115
RADECKE,144141,115
RAFKIN,144141,115
RAINWATERS,144141,115
RAMSTROM,144141,115
RANAWEERA,144141,115
RANNEBARGER,144141,115
RASKO,144141,115
RATHNAM,144141,115
RAUCKHORST,144141,115
RAVET,144141,115
RAVOTTI,144141,115
RAWDIN,144141,115
RAYGADA,144141,115
RAZIN,144141,115
REBELLON,144141,115
REDHAGE,144141,115
REDLAND,144141,115
REGALO,144141,115
REGELBRUGGE,144141,115
REIHNER,144141,115
RESMAN,144141,115
RIBAIL,144141,115
RIDLEHUBER,144141,115
ROACHELL,144141,115
ROBERTAZZI,144141,115
RODIONOV,144141,115
RODRIGUEZCASTR,144141,115
RODRIQUE,144141,115
ROHA,144141,115
ROLFSMEYER,144141,115
ROMSTAD,144141,115
RONNER,144141,115
RONSPIES,144141,115
ROSALDO,144141,115
ROSENQUEST,144141,115
ROSEWARNE,144141,115
ROTHEY,144141,115
ROTOLA,144141,115
ROUSOS,144141,115
ROWDON,144141,115
RUBAS,144141,115
RUBO,144141,115
RUEHLOW,144141,115
RURA,144141,115
RUSCHEL,144141,115
RUSTICUS,144141,115
RUTTINGER,144141,115
SACCARDO,144141,115
SACKRISON,144141,115
SAIER,144141,115
SAIGE,144141,115
SAIIA,144141,115
SAKAHARA,144141,115
SALDIN,144141,115
SALEMBIER,144141,115
SALLI,144141,115
SAMBORSKY,144141,115
SAMSTAG,144141,115
SANCHEZMENDEZ,144141,115
SANGES,144141,115
SANSAVER,144141,115
SANTALIZ,144141,115
SANTOLUCITO,144141,115
SANYA,144141,115
SARAGA,144141,115
SARAGO,144141,115
SARGENTO,144141,115
SARIDAKIS,144141,115
SAVAT,144141,115
SAVINE,144141,115
SCADLOCK,144141,115
SCHAFLER,144141,115
SCHALCH,144141,115
SCHANKWEILER,144141,115
SCHARETT,144141,115
SCHAY,144141,115
SCHEIDELL,144141,115
SCHIERL,144141,115
SCHIERMEIER,144141,115
SCHLAMAN,144141,115
SCHLAPIA,144141,115
SCHLER,144141,115
SCHLIEBE,144141,115
SCHMUS,144141,115
SCHOUT,144141,115
SCHROETTER,144141,115
SCHUERCH,144141,115
SCHUERING,144141,115
SCHURGER,144141,115
SCHWANITZ,144141,115
SCHWINT,144141,115
SCHWITZ,144141,115
SCIANO,144141,115
SCREETON,144141,115
SECCIA,144141,115
SEDIQI,144141,115
SEGNERI,144141,115
SEKAS,144141,115
SELVOG,144141,115
SENTEL,144141,115
SERLING,144141,115
SERSHEN,144141,115
SESKIN,144141,115
SETT,144141,115
SEUFERLING,144141,115
SHALKOWSKI,144141,115
SHANEY,144141,115
SHARABY,144141,115
SHAUN,144141,115
SHEPPICK,144141,115
SHOKER,144141,115
SIBBING,144141,115
SIBUG,144141,115
SILKETT,144141,115
SIMNICK,144141,115
SINANYAN,144141,115
SKERIK,144141,115
SKLYAR,144141,115
SKOKOS,144141,115
SLATZER,144141,115
SLIVER,144141,115
SLIWOWSKI,144141,115
SLON,144141,115
SLOVES,144141,115
SMERDEL,144141,115
SMETTERS,144141,115
SODT,144141,115
SOLBRIG,144141,115
SOLEE,144141,115
SOLFEST,144141,115
SOLIMENE,144141,115
SOPON,144141,115
SORE,144141,115
SOTHERDEN,144141,115
SPANITZ,144141,115
SPEEG,144141,115
SPETHMAN,144141,115
SPRUCK,144141,115
SREDNICKI,144141,115
STACKLE,144141,115
STAHLIN,144141,115
STALANS,144141,115
STAMATO,144141,115
STAMMEL,144141,115
STANCE,144141,115
STAUFFENECKER,144141,115
STAUTZ,144141,115
STAVISKY,144141,115
STEAVENS,144141,115
STECKERT,144141,115
STEFANS,144141,115
STELZL,144141,115
STENSGAR,144141,115
STICKFORD,144141,115
STIENBARGER,144141,115
STOCKEMER,144141,115
STOECK,144141,115
STORME,144141,115
STORNELLI,144141,115
STOTS,144141,115
STRENO,144141,115
STROESSNER,144141,115
STRUGAR,144141,115
STUBLESKI,144141,115
STUEHLER,144141,115
STUTELBERG,144141,115
STYBORSKI,144141,115
SUDUL,144141,115
SUPERSAD,144141,115
SWAGART,144141,115
SWARTZMAN,144141,115
SWEIG,144141,115
SWERSKY,144141,115
SZYCHOWSKI,144141,115
TABLIT,144141,115
TADINA,144141,115
TAGATA,144141,115
TAKAYESU,144141,115
TALASEK,144141,115
TALEFF,144141,115
TANNERT,144141,115
TARBUSH,144141,115
TARICA,144141,115
TARIS,144141,115
TATEOSIAN,144141,115
TEAPE,144141,115
TEBALAN,144141,115
TECUANHUEHUE,144141,115
TEICHELMAN,144141,115
TEIFKE,144141,115
TERBRACK,144141,115
TERMINELLO,144141,115
THIRTYACRE,144141,115
THISSE,144141,115
THORBOURNE,144141,115
THURBY,144141,115
TICCONI,144141,115
TIEGEN,144141,115
TIGNEY,144141,115
TIRONI,144141,115
TLUCZEK,144141,115
TOENGES,144141,115
TOGLIATTI,144141,115
TOICH,144141,115
TOMSOVIC,144141,115
TORFIN,144141,115
TOTANES,144141,115
TOUNTAS,144141,115
TRAPPS,144141,115
TREJOHERNANDEZ,144141,115
TRKULJA,144141,115
TROBOUGH,144141,115
TROLAND,144141,115
TROOK,144141,115
TSUKERMAN,144141,115
TURESON,144141,115
TUTEIN,144141,115
TUUK,144141,115
TYRANSKI,144141,115
ULICH,144141,115
UNGASHICK,144141,115
UNLU,144141,115
UPCRAFT,144141,115
URBANUS,144141,115
URIONA,144141,115
URSENBACH,144141,115
VAENUKU,144141,115
VALLESKEY,144141,115
VALSAINT,144141,115
VALTIN,144141,115
VANAMBERG,144141,115
VANASPEREN,144141,115
VANAUSDOLL,144141,115
VANCELETTE,144141,115
VANDRIMMELEN,144141,115
VANVOSSEN,144141,115
VAQUER,144141,115
VARANESE,144141,115
VARRASSO,144141,115
VASISHT,144141,115
VEERAPANENI,144141,115
VEGO,144141,115
VENHAM,144141,115
VERSOLA,144141,115
VESSIO,144141,115
VETTERKIND,144141,115
VIGNOLI,144141,115
VINAGRE,144141,115
VINCIL,144141,115
VIND,144141,115
VINTI,144141,115
VITOLAS,144141,115
VIZZARD,144141,115
VOGELI,144141,115
VOIRIN,144141,115
VONGSAVANH,144141,115
VONN,144141,115
VROTSOS,144141,115
WAKINS,144141,115
WALEED,144141,115
WALSMAN,144141,115
WANYO,144141,115
WARHEIT,144141,115
WASIELESKI,144141,115
WEERSING,144141,115
WEINLE,144141,115
WEISHOFF,144141,115
WELLINS,144141,115
WENTLER,144141,115
WENZLOFF,144141,115
WERSCHING,144141,115
WESSELIUS,144141,115
WHITTHORNE,144141,115
WICHTENDAHL,144141,115
WIETHOFF,144141,115
WINKELHAKE,144141,115
WINKOWITSCH,144141,115
WINSER,144141,115
WISEGARVER,144141,115
WITZIGMAN,144141,115
WOHLSCHLAEGER,144141,115
WOLFSOHN,144141,115
WOLLSCHLEGER,144141,115
WOLSON,144141,115
WOOLER,144141,115
WOOLLS,144141,115
WORLTON,144141,115
WORNELL,144141,115
WOSICK,144141,115
WRINKLES,144141,115
WUENSTEL,144141,115
WYGAND,144141,115
XUNCAX,144141,115
YRIARTE,144141,115
ZABARSKY,144141,115
ZADOR,144141,115
ZAGORSKY,144141,115
ZAGRODNIK,144141,115
ZANKICH,144141,115
ZANNETTI,144141,115
ZAPANTIS,144141,115
ZAYATS,144141,115
ZECCARDI,144141,115
ZELTINGER,144141,115
ZELUFF,144141,115
ZIBERT,144141,115
ZIEMKOWSKI,144141,115
ZINKIEWICZ,144141,115
ZOLTON,144141,115
ABARBANEL,145220,114
ABARIENTOS,145220,114
ABDELFATAH,145220,114
ABLONDI,145220,114
ACCINELLI,145220,114
ADZEMA,145220,114
AFKHAMI,145220,114
AINGER,145220,114
AKERLY,145220,114
AKKAWI,145220,114
AKUI,145220,114
ALCH,145220,114
ALER,145220,114
ALFREE,145220,114
ALFSEN,145220,114
ALGAHMI,145220,114
ALHARTHI,145220,114
ALJABER,145220,114
ALLOUCHE,145220,114
ALLWORTH,145220,114
ALVANOS,145220,114
ALVARRACIN,145220,114
ALVERANGA,145220,114
AMBRON,145220,114
AMEDEN,145220,114
AMLUNG,145220,114
ANDREIS,145220,114
ANDRZEJCZYK,145220,114
ANGOMAS,145220,114
ANGUELOV,145220,114
ANSANI,145220,114
ANTILA,145220,114
ANTOGNOLI,145220,114
ARAU,145220,114
ARBABI,145220,114
ARCAY,145220,114
ARCELLA,145220,114
ARCHIBONG,145220,114
AREFORD,145220,114
ARGOTSINGER,145220,114
ARRILLAGA,145220,114
ARUTUNIAN,145220,114
ASCENZO,145220,114
ASKEA,145220,114
AUCONE,145220,114
AUSBROOK,145220,114
BACKOFF,145220,114
BADDAM,145220,114
BADYAL,145220,114
BAHI,145220,114
BALANTA,145220,114
BALBONA,145220,114
BALDEH,145220,114
BALLADAREZ,145220,114
BALUN,145220,114
BANUSHI,145220,114
BARBAGELATA,145220,114
BARBRICK,145220,114
BARDINI,145220,114
BARELLO,145220,114
BAROI,145220,114
BARRIGAN,145220,114
BARRUTIA,145220,114
BARTOLOVICH,145220,114
BASCELLI,145220,114
BASSANT,145220,114
BATLA,145220,114
BAUDEAN,145220,114
BAWIEC,145220,114
BAZAL,145220,114
BEAUBOEUF,145220,114
BECHMAN,145220,114
BECKFIELD,145220,114
BEIMBORN,145220,114
BELLEGANTE,145220,114
BELLEQUE,145220,114
BELWOOD,145220,114
BELZNER,145220,114
BENGOECHEA,145220,114
BERNAICHE,145220,114
BERROSPI,145220,114
BERTACCHI,145220,114
BERTELSMAN,145220,114
BERTUS,145220,114
BESETT,145220,114
BESSENBACHER,145220,114
BEVIRT,145220,114
BICHER,145220,114
BIECHY,145220,114
BIGGI,145220,114
BILLODEAU,145220,114
BINAM,145220,114
BIRKHOFF,145220,114
BIUNNO,145220,114
BLACKCROW,145220,114
BLADY,145220,114
BLAHUTA,145220,114
BLEDSOLE,145220,114
BLEWS,145220,114
BLUMKIN,145220,114
BOAEN,145220,114
BOBROWICZ,145220,114
BOELTE,145220,114
BOGATAY,145220,114
BOGO,145220,114
BOHMFALK,145220,114
BONATI,145220,114
BONIKOWSKE,145220,114
BONNESEN,145220,114
BOTCHER,145220,114
BOURGOIS,145220,114
BOUSCHOR,145220,114
BOVICH,145220,114
BOWDY,145220,114
BRANDEBURG,145220,114
BRANSTITER,145220,114
BRANSTNER,145220,114
BRAVEMAN,145220,114
BRAZEEL,145220,114
BRETHORST,145220,114
BRETTING,145220,114
BRIGMOND,145220,114
BRINKLY,145220,114
BROESAMLE,145220,114
BROXMEYER,145220,114
BROZOSKI,145220,114
BRUNEEL,145220,114
BRUNOZZI,145220,114
BRYCH,145220,114
BUCARDO,145220,114
BUEHRE,145220,114
BURALL,145220,114
BURGUESS,145220,114
CABARDO,145220,114
CADORNA,145220,114
CALIGARIS,145220,114
CAPICCHIONI,145220,114
CARIK,145220,114
CARLASCIO,145220,114
CARRER,145220,114
CATIGNANI,145220,114
CERULO,145220,114
CHARA,145220,114
CHARM,145220,114
CHAYREZ,145220,114
CHEBLI,145220,114
CHERISMA,145220,114
CHERNACK,145220,114
CHERNYSHEV,145220,114
CHIARADONNA,145220,114
CHITTAM,145220,114
CHLEBECK,145220,114
CHRISPELL,145220,114
CICCHESE,145220,114
CIELAK,145220,114
CIKOWSKI,145220,114
CINNAMOND,145220,114
CLAVELLI,145220,114
CLESS,145220,114
CLOTWORTHY,145220,114
COBORN,145220,114
COCKREAM,145220,114
CODUTI,145220,114
COLCLAZIER,145220,114
COLTEY,145220,114
COMYNS,145220,114
CONFORME,145220,114
COPLIEN,145220,114
CORFEE,145220,114
CORPMAN,145220,114
COSTILL,145220,114
COUSLEY,145220,114
CRESWICK,145220,114
CROWNINSHIELD,145220,114
CUFFLEY,145220,114
CULEBRO,145220,114
CUYPERS,145220,114
CWICK,145220,114
CYNKAR,145220,114
DABYDEEN,145220,114
DADMUN,145220,114
DAGASTINO,145220,114
DALCE,145220,114
DAMOTH,145220,114
DANGAR,145220,114
DARGAY,145220,114
DARMINIO,145220,114
DARNEILLE,145220,114
DAVIDOVA,145220,114
DEABENDERFER,145220,114
DEBIASSE,145220,114
DECALUWE,145220,114
DEFRANCIA,145220,114
DEFRANGE,145220,114
DEGRAFFENREIDT,145220,114
DELALLANA,145220,114
DELCASALE,145220,114
DELLAMAGGIORE,145220,114
DELLASANTINA,145220,114
DEMALLIE,145220,114
DENORMANDIE,145220,114
DEPIRRO,145220,114
DEPOTO,145220,114
DERENONCOURT,145220,114
DESCARTES,145220,114
DESCHENEAUX,145220,114
DESILUS,145220,114
DESOURDY,145220,114
DETTERMAN,145220,114
DETWILLER,145220,114
DEWESTER,145220,114
DEZIO,145220,114
DIFRUSCIO,145220,114
DILLENBACK,145220,114
DIVIAK,145220,114
DOLENC,145220,114
DOMNITZ,145220,114
DONAHE,145220,114
DONOHOUE,145220,114
DOSKEY,145220,114
DOSSO,145220,114
DOSTALER,145220,114
DOUK,145220,114
DOWGIALLO,145220,114
DRAYNA,145220,114
DRESKIN,145220,114
DRINGENBERG,145220,114
DRUCTOR,145220,114
DUBBIN,145220,114
DUBNICKA,145220,114
DUDREY,145220,114
DUGGANS,145220,114
DUQUESNE,145220,114
DURKE,145220,114
DVOSKIN,145220,114
DYBDAL,145220,114
DYMERSKI,145220,114
DYON,145220,114
EAGLESTAR,145220,114
EFFLANDT,145220,114
EHLEBRACHT,145220,114
ELANDT,145220,114
ELARDE,145220,114
ELATTAR,145220,114
ELKER,145220,114
ELLOIE,145220,114
ENAYATI,145220,114
ENCHAUTEGUI,145220,114
ERCAN,145220,114
ERDAL,145220,114
ERNENWEIN,145220,114
ERNEWEIN,145220,114
ESAKI,145220,114
ESHAQ,145220,114
ESHEL,145220,114
ESSELSTROM,145220,114
ESTADES,145220,114
ESTARIS,145220,114
ESTEBANE,145220,114
ETHER,145220,114
EUSANIO,145220,114
EVANSKI,145220,114
EXCEUS,145220,114
FABA,145220,114
FAHLING,145220,114
FALANIKO,145220,114
FALBERG,145220,114
FALCONBURG,145220,114
FALETOGO,145220,114
FAMILO,145220,114
FANTACONE,145220,114
FANTETTI,145220,114
FARMS,145220,114
FAULTERSACK,145220,114
FEDELL,145220,114
FELDBUSH,145220,114
FERRETTE,145220,114
FICARELLA,145220,114
FIEFIA,145220,114
FIELHAUER,145220,114
FIERECK,145220,114
FIGUEROLA,145220,114
FINDEIS,145220,114
FINSTON,145220,114
FLANINGAM,145220,114
FLEX,145220,114
FLORESLUNA,145220,114
FLUSS,145220,114
FONTANELLI,145220,114
FOSDYCK,145220,114
FOURNERAT,145220,114
FOWLDS,145220,114
FRATIS,145220,114
FRATTI,145220,114
FRAVERT,145220,114
FREDRIKSSON,145220,114
FREEBURY,145220,114
FREMER,145220,114
FRESSE,145220,114
FROMEL,145220,114
FROULA,145220,114
FULCER,145220,114
FULLICK,145220,114
FURCO,145220,114
FURNIVAL,145220,114
FURTAH,145220,114
FUSNER,145220,114
FUTCHKO,145220,114
GAGNI,145220,114
GAHART,145220,114
GALLINGTON,145220,114
GALLT,145220,114
GANSHIRT,145220,114
GARCIAROSALES,145220,114
GARELL,145220,114
GENORD,145220,114
GENTILUOMO,145220,114
GERMEK,145220,114
GERTMAN,145220,114
GERWING,145220,114
GESSLING,145220,114
GHEBREMICHAEL,145220,114
GHOSTLAW,145220,114
GIANNOS,145220,114
GIARLA,145220,114
GIEST,145220,114
GILBERTIE,145220,114
GILLIUM,145220,114
GIOKAS,145220,114
GIUGGIO,145220,114
GLOTH,145220,114
GNACINSKI,145220,114
GOEKLER,145220,114
GOESCH,145220,114
GOLIC,145220,114
GONDRON,145220,114
GOODJOINT,145220,114
GOODPASTOR,145220,114
GOORHOUSE,145220,114
GOSCHKE,145220,114
GOSHEA,145220,114
GOURE,145220,114
GRACIK,145220,114
GRAGGS,145220,114
GRAMMEL,145220,114
GRANERA,145220,114
GRANIELA,145220,114
GRASSMUCK,145220,114
GREBB,145220,114
GREENBUSH,145220,114
GREENHAUS,145220,114
GREENPLATE,145220,114
GREIFE,145220,114
GRETSINGER,145220,114
GRIESEDIECK,145220,114
GRILLE,145220,114
GRILLONE,145220,114
GRINDAL,145220,114
GROHN,145220,114
GROMMESH,145220,114
GRUENING,145220,114
GRUMMAN,145220,114
GRUNDBERG,145220,114
GRYCZEWSKI,145220,114
GUERRI,145220,114
GUETZKOW,145220,114
GUISAO,145220,114
GULSTON,145220,114
GUNTURU,145220,114
GURDEN,145220,114
GUSICH,145220,114
GUSSERT,145220,114
GUSTINA,145220,114
GUZMANRODRIGUE,145220,114
GWOSDZ,145220,114
HAAGER,145220,114
HAAKONSON,145220,114
HACHA,145220,114
HADWIGER,145220,114
HALECKI,145220,114
HALEMANO,145220,114
HAMMEREN,145220,114
HAMULA,145220,114
HANELY,145220,114
HANFF,145220,114
HANSAN,145220,114
HARBORD,145220,114
HASIK,145220,114
HATTERMANN,145220,114
HAULOTTE,145220,114
HAVA,145220,114
HAVERLAH,145220,114
HAWASH,145220,114
HAZARI,145220,114
HEDDLE,145220,114
HEFTA,145220,114
HEGGENSTALLER,145220,114
HEIDENTHAL,145220,114
HEIGHES,145220,114
HEINZINGER,145220,114
HEITHOLD,145220,114
HEITZINGER,145220,114
HENSAL,145220,114
HENSLY,145220,114
HERLAND,145220,114
HERNANDEZSANTO,145220,114
HERTZER,145220,114
HIMLEY,145220,114
HINDAL,145220,114
HIRALALL,145220,114
HOCHENDONER,145220,114
HOGDEN,145220,114
HOIBERG,145220,114
HOLBA,145220,114
HOQ,145220,114
HOSEMANN,145220,114
HOYDA,145220,114
HOZE,145220,114
HRDY,145220,114
HROBOWSKI,145220,114
HUBERTS,145220,114
HUFENDICK,145220,114
HUISINGH,145220,114
HUMBYRD,145220,114
HURO,145220,114
HYBERGER,145220,114
IACHETTA,145220,114
IDDINS,145220,114
ILLY,145220,114
INAY,145220,114
INCOGNITO,145220,114
INONG,145220,114
INZINGA,145220,114
ISHIKI,145220,114
IVANOSKI,145220,114
JAKOUBEK,145220,114
JAMGOTCHIAN,145220,114
JANKUS,145220,114
JASTRAB,145220,114
JASTRZAB,145220,114
JAVILLONAR,145220,114
JENISTA,145220,114
JERMANY,145220,114
JOBGEN,145220,114
JOGLAR,145220,114
JOVERO,145220,114
JUAREZSANCHEZ,145220,114
JUDYCKI,145220,114
JUGOVIC,145220,114
JUNGMEYER,145220,114
JURCIK,145220,114
JURSS,145220,114
KAHIL,145220,114
KAHIN,145220,114
KALOSKY,145220,114
KAMANN,145220,114
KAMO,145220,114
KANELL,145220,114
KANOS,145220,114
KAOUGH,145220,114
KARKOWSKI,145220,114
KARMA,145220,114
KARNEZIS,145220,114
KAROLCZAK,145220,114
KARVELIS,145220,114
KASIEWICZ,145220,114
KATSUDA,145220,114
KATTI,145220,114
KATZEL,145220,114
KAUSE,145220,114
KAVI,145220,114
KAZMERSKI,145220,114
KEBLISH,145220,114
KEETO,145220,114
KERK,145220,114
KERKSIEK,145220,114
KERPERIEN,145220,114
KEYMER,145220,114
KHEDR,145220,114
KIHLE,145220,114
KILCHER,145220,114
KINCEL,145220,114
KIRCHDORFER,145220,114
KIRKLING,145220,114
KLAMFOTH,145220,114
KLANK,145220,114
KLAPMAN,145220,114
KLOKOW,145220,114
KNASIAK,145220,114
KNEFELKAMP,145220,114
KNIELING,145220,114
KOBZAR,145220,114
KOCHENASH,145220,114
KOINZAN,145220,114
KOJETIN,145220,114
KONIAK,145220,114
KOPAN,145220,114
KORKOSZ,145220,114
KOROUS,145220,114
KOTAJARVI,145220,114
KOTO,145220,114
KOTTEMANN,145220,114
KOUCHI,145220,114
KOUDELA,145220,114
KOUNKEL,145220,114
KOVACHEVICH,145220,114
KOZELUH,145220,114
KOZO,145220,114
KRAYESKI,145220,114
KRIGSMAN,145220,114
KRIVOSHEIN,145220,114
KRUCKMAN,145220,114
KRUETH,145220,114
KRUID,145220,114
KUENEMAN,145220,114
KULIC,145220,114
KUNNEMANN,145220,114
KUPCZAK,145220,114
KURDY,145220,114
KURUVILA,145220,114
KURVERS,145220,114
KUSHLAN,145220,114
KUSNIR,145220,114
KUTSCHE,145220,114
KWARCIANY,145220,114
LAFFER,145220,114
LAMBOS,145220,114
LAMEMAN,145220,114
LANXON,145220,114
LARIZZA,145220,114
LASHA,145220,114
LAUBNER,145220,114
LEAHU,145220,114
LEAVESLEY,145220,114
LECKRON,145220,114
LEDOGAR,145220,114
LEFORE,145220,114
LEGERTON,145220,114
LEROHL,145220,114
LESCHINSKI,145220,114
LESJAK,145220,114
LESKANIC,145220,114
LEURCK,145220,114
LEVAULT,145220,114
LEVENSAILOR,145220,114
LEVOIR,145220,114
LIBERTORE,145220,114
LIGHTON,145220,114
LINDABURY,145220,114
LINDORFER,145220,114
LINNENBRINK,145220,114
LITRAS,145220,114
LOEFFELBEIN,145220,114
LONGUS,145220,114
LORMIL,145220,114
LOSSMAN,145220,114
LOTHE,145220,114
LOUDD,145220,114
LOUGHRIE,145220,114
LUBELSKI,145220,114
LUCARZ,145220,114
LUECKENOTTE,145220,114
LUNARAMIREZ,145220,114
LUS,145220,114
LUSA,145220,114
LYNINGER,145220,114
MABANTA,145220,114
MADIREDDY,145220,114
MADOSH,145220,114
MADRAMOOTOO,145220,114
MAFFIE,145220,114
MAGOVERN,145220,114
MAGRANN,145220,114
MAILES,145220,114
MALTEZOS,145220,114
MANAUSA,145220,114
MANGIARDI,145220,114
MANGOGNA,145220,114
MANNHEIM,145220,114
MARGOLIUS,145220,114
MARGRITZ,145220,114
MARKCUM,145220,114
MARKETTE,145220,114
MARTYAK,145220,114
MARZETTA,145220,114
MASCIOVECCHIO,145220,114
MASTALIR,145220,114
MATCH,145220,114
MATOR,145220,114
MATZKO,145220,114
MAYWORM,145220,114
MAZALEWSKI,145220,114
MCASEY,145220,114
MCCHARGUE,145220,114
MCCLENITHAN,145220,114
MCDEARMAN,145220,114
MCGRANOR,145220,114
MCGUCKEN,145220,114
MCKAN,145220,114
MCQUILKEN,145220,114
MEASURES,145220,114
MEDES,145220,114
MEHLIN,145220,114
MELIM,145220,114
MENADUE,145220,114
MENAHEM,145220,114
MERCEDEZ,145220,114
MERELLO,145220,114
MERICK,145220,114
MICKLOW,145220,114
MIDDLEDITCH,145220,114
MIESZALA,145220,114
MIGNECO,145220,114
MIHALYI,145220,114
MISGEN,145220,114
MOLFETTO,145220,114
MOLLENDOR,145220,114
MORENOFLORES,145220,114
MORGNER,145220,114
MORICO,145220,114
MORISCO,145220,114
MORLETT,145220,114
MUDGET,145220,114
MUKKA,145220,114
MUNDEL,145220,114
MUNNA,145220,114
MURAL,145220,114
MUSHERO,145220,114
MUSKET,145220,114
MUTARELLI,145220,114
MYNEAR,145220,114
NABIZADA,145220,114
NAHOUM,145220,114
NANDALALL,145220,114
NASSERY,145220,114
NAWMAN,145220,114
NEDBAL,145220,114
NEFFENDORF,145220,114
NEIFER,145220,114
NEISWINGER,145220,114
NEKUDA,145220,114
NESTEGARD,145220,114
NETTEY,145220,114
NIDEVER,145220,114
NIERGARTH,145220,114
NIETLING,145220,114
NIVICELA,145220,114
NOLON,145220,114
NOMBRANO,145220,114
NOORUDDIN,145220,114
NORDLANDER,145220,114
NORLEY,145220,114
NOTHAFT,145220,114
NOUEL,145220,114
NUMEZ,145220,114
NWAKANMA,145220,114
NWOKEDI,145220,114
NYAME,145220,114
OBENDORFER,145220,114
OHANNESIAN,145220,114
OJILE,145220,114
OMOTOSO,145220,114
OPELLA,145220,114
ORLINA,145220,114
ORRIN,145220,114
OSSENKOP,145220,114
OSUGI,145220,114
OVSAK,145220,114
OYEDELE,145220,114
OYENUGA,145220,114
PACHECOGARCIA,145220,114
PAFFHAUSEN,145220,114
PAGNUCCO,145220,114
PAILET,145220,114
PANAGGIO,145220,114
PAPAMICHAEL,145220,114
PAREE,145220,114
PARKKONEN,145220,114
PATIAG,145220,114
PATLOLLA,145220,114
PATNETT,145220,114
PATTANAIK,145220,114
PATZELT,145220,114
PAVLACK,145220,114
PAXINOS,145220,114
PAZDERA,145220,114
PEDROLI,145220,114
PENCZAK,145220,114
PENDREY,145220,114
PEREZVELAZQUEZ,145220,114
PERFITT,145220,114
PERIO,145220,114
PESSA,145220,114
PETRASSI,145220,114
PFAEFFLE,145220,114
PHAISON,145220,114
PIERLUISSI,145220,114
PIGGUE,145220,114
PIGORS,145220,114
PIRIGYI,145220,114
PLESCHER,145220,114
PLESKACH,145220,114
PLUCHINSKY,145220,114
POAD,145220,114
PODA,145220,114
POHLY,145220,114
POKUSA,145220,114
POLIUS,145220,114
POLLESCH,145220,114
POLZIEN,145220,114
PONGETTI,145220,114
PORRECO,145220,114
POSVAR,145220,114
PRESBREY,145220,114
PREVITERA,145220,114
PRIEGEL,145220,114
PRIEHS,145220,114
PRINCIPIO,145220,114
PRONIN,145220,114
PROVENCIAL,145220,114
PRUSHINSKI,145220,114
PRYS,145220,114
PURKEYPILE,145220,114
QUICKE,145220,114
QUINET,145220,114
RABINS,145220,114
RACKAUSKAS,145220,114
RADICKE,145220,114
RAJAMANICKAM,145220,114
RANSLEM,145220,114
RANSLEY,145220,114
RASLAN,145220,114
RAVSTEN,145220,114
RECKORD,145220,114
REDMILL,145220,114
REGI,145220,114
REHORN,145220,114
REHWALD,145220,114
REITENAUER,145220,114
REJI,145220,114
REMEN,145220,114
RENOVALES,145220,114
RESK,145220,114
RESTUM,145220,114
RHYME,145220,114
RIDHA,145220,114
RIMLAND,145220,114
RIPANI,145220,114
RISHMAWI,145220,114
RISPO,145220,114
RITMAN,145220,114
ROCCIO,145220,114
ROCKA,145220,114
ROCKOWITZ,145220,114
RODEGHIERO,145220,114
RODRIGUIEZ,145220,114
ROEDIG,145220,114
ROHLK,145220,114
ROLINSKI,145220,114
ROMBALSKI,145220,114
ROSENGREEN,145220,114
ROSONE,145220,114
ROTHEN,145220,114
ROTROFF,145220,114
RUCKDASCHEL,145220,114
RUDNITSKI,145220,114
RUILOBA,145220,114
RUSCIN,145220,114
RUYTER,145220,114
RYZA,145220,114
SABAPATHY,145220,114
SABELLICO,145220,114
SABOTTA,145220,114
SAIEVA,145220,114
SAINTONGE,145220,114
SALEMA,145220,114
SALIAN,145220,114
SAMARIO,145220,114
SAMILTON,145220,114
SAMLUK,145220,114
SAMPLAWSKI,145220,114
SANAN,145220,114
SANCHEZVASQUEZ,145220,114
SANIUK,145220,114
SAPPERSTEIN,145220,114
SARENANA,145220,114
SASANO,145220,114
SASHER,145220,114
SATKO,145220,114
SBARRO,145220,114
SCALETTI,145220,114
SCANNELLI,145220,114
SCHAFERS,145220,114
SCHALAU,145220,114
SCHEIBAL,145220,114
SCHERSCHLIGT,145220,114
SCHICHTL,145220,114
SCHIEDER,145220,114
SCHIFFMANN,145220,114
SCHLEPPI,145220,114
SCHOLDER,145220,114
SCHRAW,145220,114
SCHWEIHS,145220,114
SCISSONS,145220,114
SCOTTING,145220,114
SEACE,145220,114
SEGEDI,145220,114
SELCA,145220,114
SELEWSKI,145220,114
SEMADENI,145220,114
SEMERAU,145220,114
SERRAT,145220,114
SETIEN,145220,114
SEUELL,145220,114
SEVIDAL,145220,114
SEWARDS,145220,114
SEYL,145220,114
SHAEVITZ,145220,114
SHARIAT,145220,114
SHASKE,145220,114
SHELOW,145220,114
SHEMER,145220,114
SHIEVER,145220,114
SHILLIDAY,145220,114
SHIRIN,145220,114
SHRAMKO,145220,114
SHUGERT,145220,114
SHURELDS,145220,114
SICRE,145220,114
SIDIE,145220,114
SIEBURG,145220,114
SIEGWORTH,145220,114
SILIN,145220,114
SIMPLE,145220,114
SLAGG,145220,114
SLAVSKY,145220,114
SMAWLEY,145220,114
SMOKEY,145220,114
SOCKEL,145220,114
SOLEMAN,145220,114
SOMAI,145220,114
SOPEL,145220,114
SOTOTORRES,145220,114
SOUD,145220,114
SPARBEL,145220,114
SPATIG,145220,114
SPILIOS,145220,114
STAPISH,145220,114
STARAL,145220,114
STARKEBAUM,145220,114
STASKY,145220,114
STEINFURTH,145220,114
STELTON,145220,114
STEPHANIAN,145220,114
STEPHANSON,145220,114
STEWARTSON,145220,114
STIMATZE,145220,114
STROPKI,145220,114
SUMAR,145220,114
SUNIO,145220,114
SUPLER,145220,114
SUSTARSIC,145220,114
SWANNACK,145220,114
SWARTZER,145220,114
SWATLING,145220,114
SWENNES,145220,114
SWIRCZYNSKI,145220,114
SYLVES,145220,114
SYRSTAD,145220,114
SZALWINSKI,145220,114
SZULEWSKI,145220,114
TACAM,145220,114
TACKIE,145220,114
TAKU,145220,114
TALANIAN,145220,114
TALISMAN,145220,114
TAVER,145220,114
TEBON,145220,114
TENEN,145220,114
TENWALDE,145220,114
TERASAKI,145220,114
TEREPKA,145220,114
TERIBURY,145220,114
TERRACIANO,145220,114
TERREAULT,145220,114
TESTUT,145220,114
TEVALAN,145220,114
THEILIG,145220,114
THEODORIDIS,145220,114
THEVENET,145220,114
TJAHJADI,145220,114
TOEDT,145220,114
TOMPOS,145220,114
TONDEE,145220,114
TOPJIAN,145220,114
TORRICER,145220,114
TOUREK,145220,114
TRAVAILLE,145220,114
TREUTING,145220,114
TREVORAH,145220,114
TRIMNELL,145220,114
TUDYK,145220,114
TUERCK,145220,114
TULGETSKE,145220,114
TUMINSKI,145220,114
TUNBERG,145220,114
TURKEN,145220,114
TURKIEWICZ,145220,114
TURZAK,145220,114
UFRET,145220,114
UGARTECHEA,145220,114
UHLINGER,145220,114
ULICHNEY,145220,114
UMPIERREZ,145220,114
UNGUREAN,145220,114
UNNISA,145220,114
UPPOLE,145220,114
UTNE,145220,114
VALBERT,145220,114
VALEGA,145220,114
VANARMAN,145220,114
VANATA,145220,114
VANBEEKUM,145220,114
VANDERVEGT,145220,114
VANLANDEGHEM,145220,114
VARIANO,145220,114
VELASQUEZPEREZ,145220,114
VERMILYER,145220,114
VIGIER,145220,114
VITALICH,145220,114
VOCAL,145220,114
VOGELMANN,145220,114
VOLPATO,145220,114
WAHLBRINK,145220,114
WALKERSMITH,145220,114
WAMBUA,145220,114
WANDZILAK,145220,114
WARMBROD,145220,114
WARSH,145220,114
WASHUTA,145220,114
WASNICK,145220,114
WASSINGER,145220,114
WASYLENKO,145220,114
WEINKAM,145220,114
WELBON,145220,114
WERTEL,145220,114
WIEDERRICH,145220,114
WILDERSON,145220,114
WILKEWITZ,145220,114
WILLKE,145220,114
WINDHORN,145220,114
WINEBURG,145220,114
WITFIELD,145220,114
WITTLIEFF,145220,114
WOERMAN,145220,114
WORFORD,145220,114
WURSTEN,145220,114
WUU,145220,114
WYCKLENDT,145220,114
WYNS,145220,114
WYPER,145220,114
YANASE,145220,114
YANNIELLO,145220,114
YAWGER,145220,114
YEALY,145220,114
YES,145220,114
YONN,145220,114
YUP,145220,114
ZAHLLER,145220,114
ZANIS,145220,114
ZAPEDA,145220,114
ZAPOT,145220,114
ZEFFER,145220,114
ZELAZO,145220,114
ZERGA,145220,114
ZIADIE,145220,114
ZIMPLEMAN,145220,114
ZIROLI,145220,114
ZORETICH,145220,114
ZORZA,145220,114
ZUEHLSDORF,145220,114
ABDURAKHMANOV,146201,113
ABFALL,146201,113
ABSI,146201,113
ABSOLU,146201,113
ABUDAYEH,146201,113
ACAYAN,146201,113
ADELFIO,146201,113
AGNI,146201,113
AGPALZA,146201,113
AGUIRREGARCIA,146201,113
AHLRICH,146201,113
AILA,146201,113
AKBULUT,146201,113
ALBERINI,146201,113
ALBIZO,146201,113
ALELLO,146201,113
ALHALMI,146201,113
ALLBERY,146201,113
ALLEGA,146201,113
ALLEMEIER,146201,113
ALRIFAI,146201,113
AMIGABLE,146201,113
AMOTT,146201,113
ANABTAWI,146201,113
ANCARROW,146201,113
ANCHO,146201,113
ANDOW,146201,113
ANDREDE,146201,113
ANDREEVA,146201,113
ANDRONACO,146201,113
ANDRUSIER,146201,113
ANNALORO,146201,113
APAP,146201,113
ARCENAS,146201,113
ARENDSE,146201,113
ARENTH,146201,113
ARONA,146201,113
ARROGANTE,146201,113
ARSENIO,146201,113
ARSENIS,146201,113
ARTE,146201,113
ARVESON,146201,113
ARZON,146201,113
ASKLAND,146201,113
ASTILL,146201,113
AVENIDO,146201,113
AVERSO,146201,113
AWALD,146201,113
AZZALINA,146201,113
BAAKLINI,146201,113
BAARDA,146201,113
BACCEI,146201,113
BACHOFNER,146201,113
BADGE,146201,113
BAFFI,146201,113
BAFNA,146201,113
BAGENSTOSE,146201,113
BALBA,146201,113
BALKWILL,146201,113
BALMIR,146201,113
BALTIER,146201,113
BAMBAO,146201,113
BANDAK,146201,113
BARAKI,146201,113
BARELLI,146201,113
BARILA,146201,113
BARRACKS,146201,113
BARTHMAN,146201,113
BARTYZEL,146201,113
BASILICATO,146201,113
BATKINS,146201,113
BAUMLE,146201,113
BAYERLE,146201,113
BAYOU,146201,113
BAZZO,146201,113
BEASTROM,146201,113
BEATMAN,146201,113
BEAUDROT,146201,113
BECKAM,146201,113
BEDWAY,146201,113
BEHLMAN,146201,113
BELICE,146201,113
BELLWOAR,146201,113
BELSKIS,146201,113
BELSTERLING,146201,113
BENAIM,146201,113
BERAUN,146201,113
BERENBERG,146201,113
BERNSHAUSEN,146201,113
BERNU,146201,113
BERRADA,146201,113
BERRIOCHOA,146201,113
BERSCHE,146201,113
BERSHADSKY,146201,113
BESENDORFER,146201,113
BETOURNE,146201,113
BEVENUE,146201,113
BHIM,146201,113
BHUTIA,146201,113
BIBERSTINE,146201,113
BICHARD,146201,113
BIDUS,146201,113
BIEBERLE,146201,113
BIKEL,146201,113
BILHARZ,146201,113
BILLEAUDEAU,146201,113
BILLETTER,146201,113
BINSCHUS,146201,113
BINT,146201,113
BISHUN,146201,113
BJERGA,146201,113
BJORNDAL,146201,113
BLUEL,146201,113
BLUMING,146201,113
BOBBERT,146201,113
BODDA,146201,113
BODZIN,146201,113
BOISSONEAU,146201,113
BOLDRICK,146201,113
BOLS,146201,113
BOLSEN,146201,113
BONSTEIN,146201,113
BOOKTER,146201,113
BORDESSA,146201,113
BORDIN,146201,113
BORIBOUN,146201,113
BORM,146201,113
BORTLES,146201,113
BORTSCHELLER,146201,113
BOSACKER,146201,113
BOULCH,146201,113
BOXTON,146201,113
BOYO,146201,113
BOZICEVICH,146201,113
BRACCIALE,146201,113
BRACISZEWSKI,146201,113
BRAENDLE,146201,113
BRASKETT,146201,113
BRATENG,146201,113
BRATMAN,146201,113
BREITSTEIN,146201,113
BRENEISEN,146201,113
BRESSE,146201,113
BRIENZO,146201,113
BRIMACOMB,146201,113
BROADBRIDGE,146201,113
BRONCANO,146201,113
BRUDI,146201,113
BRUSZEWSKI,146201,113
BUBON,146201,113
BUCHENAU,146201,113
BUCKNALL,146201,113
BUGBY,146201,113
BUKOSKEY,146201,113
BULIS,146201,113
BUOB,146201,113
BURDISS,146201,113
BURDSAL,146201,113
BURMANIA,146201,113
BURNAUGH,146201,113
BUSHATZ,146201,113
CAHALIN,146201,113
CALDEMEYER,146201,113
CAPRARI,146201,113
CARACCIOLA,146201,113
CARDEC,146201,113
CARIRE,146201,113
CARLBLOM,146201,113
CARRILLOGARCIA,146201,113
CASILE,146201,113
CASMER,146201,113
CASSUTO,146201,113
CASTILLOHERNAN,146201,113
CAZIN,146201,113
CEELY,146201,113
CELADO,146201,113
CELANDER,146201,113
CELEBRADO,146201,113
CELEY,146201,113
CERECER,146201,113
CERETTO,146201,113
CHAKERIAN,146201,113
CHALUS,146201,113
CHAMPEAUX,146201,113
CHANEYFIELD,146201,113
CHAVEL,146201,113
CHIEPPA,146201,113
CHOEUN,146201,113
CHOWHAN,146201,113
CHUEH,146201,113
CICO,146201,113
CIEZA,146201,113
CISLAK,146201,113
CLACKLER,146201,113
CLARIDAY,146201,113
CLOETER,146201,113
COARSEY,146201,113
COCKREN,146201,113
COLABELLI,146201,113
COLLES,146201,113
COLLICHIO,146201,113
COLOZZO,146201,113
CORANADO,146201,113
CORBER,146201,113
CORDIN,146201,113
CORVESE,146201,113
CORWINE,146201,113
COURANT,146201,113
COVOLO,146201,113
CRIBEIRO,146201,113
CRINGAN,146201,113
CRITCHELOW,146201,113
CROMIS,146201,113
CRUICKSHANKS,146201,113
DAGUILAR,146201,113
DAHLSTEN,146201,113
DALUM,146201,113
DANBOM,146201,113
DANOWITZ,146201,113
DAVION,146201,113
DEASCENTIS,146201,113
DEBELA,146201,113
DECHAMPLAIN,146201,113
DEGRUCHY,146201,113
DELAMO,146201,113
DELAREA,146201,113
DELLASANTA,146201,113
DELSAVIO,146201,113
DELTORTO,146201,113
DEMBA,146201,113
DEMIC,146201,113
DEMOSKI,146201,113
DENEY,146201,113
DERAMIREZ,146201,113
DESCALZI,146201,113
DESSAU,146201,113
DETOMASI,146201,113
DEWEIN,146201,113
DIAH,146201,113
DIAKOS,146201,113
DIETERLY,146201,113
DIGERNESS,146201,113
DIGIANNI,146201,113
DIKER,146201,113
DIMURA,146201,113
DINCAU,146201,113
DOBIESZ,146201,113
DOERSCHUK,146201,113
DOLEGA,146201,113
DOMBROCK,146201,113
DONOHER,146201,113
DORNEMAN,146201,113
DOSSIN,146201,113
DOTSEY,146201,113
DRAPCHO,146201,113
DRUSSEL,146201,113
DUCHAM,146201,113
DULIAN,146201,113
DULTZ,146201,113
DUNNAN,146201,113
DUNSHIE,146201,113
DUO,146201,113
DUPRAW,146201,113
DURCH,146201,113
DURLACHER,146201,113
DZWONCZYK,146201,113
EARSING,146201,113
EASTBERG,146201,113
ECKHOUSE,146201,113
EDARA,146201,113
EFIGENIO,146201,113
EGET,146201,113
EGTS,146201,113
EIGENBRODE,146201,113
EITEMILLER,146201,113
EIZIKOVITS,146201,113
EKECHUKWU,146201,113
ENGBERSON,146201,113
ENGELGAU,146201,113
EPPLETT,146201,113
ERMIAS,146201,113
EROSA,146201,113
ERSERY,146201,113
ESCOT,146201,113
ESTRADE,146201,113
EVANCHIK,146201,113
EVARISTE,146201,113
EYLANDER,146201,113
FABRA,146201,113
FACIANA,146201,113
FAILES,146201,113
FALLSTROM,146201,113
FATATO,146201,113
FEIBELMAN,146201,113
FEINOUR,146201,113
FENGEL,146201,113
FERCHAU,146201,113
FERDINANDSEN,146201,113
FILICKY,146201,113
FILIMONOV,146201,113
FITTJE,146201,113
FLANGAN,146201,113
FLOUNORY,146201,113
FONVIELLE,146201,113
FOSHAG,146201,113
FRAYMAN,146201,113
FREARSON,146201,113
FREINER,146201,113
FRIEDEMAN,146201,113
FRISSE,146201,113
FRIZELLE,146201,113
FROEHLKE,146201,113
FROTTEN,146201,113
FUNCH,146201,113
FURAN,146201,113
FUSSMAN,146201,113
GAETJENS,146201,113
GAGEBY,146201,113
GALDA,146201,113
GAMBINA,146201,113
GARCIACONTRERA,146201,113
GARSA,146201,113
GASPERINO,146201,113
GASU,146201,113
GASWAY,146201,113
GAZELEY,146201,113
GEASE,146201,113
GELARDEN,146201,113
GELINO,146201,113
GELTER,146201,113
GERARDEN,146201,113
GERBING,146201,113
GERBRANDT,146201,113
GERLICK,146201,113
GERMICK,146201,113
GERSTENECKER,146201,113
GESSAY,146201,113
GESTL,146201,113
GEY,146201,113
GHIASSI,146201,113
GICKER,146201,113
GIELEN,146201,113
GIGOWSKI,146201,113
GILLAHAN,146201,113
GILLECE,146201,113
GINIS,146201,113
GINOLFI,146201,113
GINZBERG,146201,113
GITS,146201,113
GLAND,146201,113
GLOER,146201,113
GLUMM,146201,113
GOLLE,146201,113
GOLUBIC,146201,113
GOMEZORTIZ,146201,113
GONZALEZMEDINA,146201,113
GORTHY,146201,113
GORTSEMA,146201,113
GOSAR,146201,113
GOULDSMITH,146201,113
GRACH,146201,113
GRADIAS,146201,113
GRALTON,146201,113
GRDINA,146201,113
GREDVIG,146201,113
GREETAN,146201,113
GREIBER,146201,113
GRIESSE,146201,113
GRINDBERG,146201,113
GRINSTEINNER,146201,113
GROSENHEIDER,146201,113
GROSFIELD,146201,113
GRUBISIC,146201,113
GRUNSETH,146201,113
GUBERNAT,146201,113
GUELDE,146201,113
GUERBER,146201,113
GUETZLAFF,146201,113
GULCHUK,146201,113
GULYA,146201,113
GUOBADIA,146201,113
GUTTENTAG,146201,113
GUYANT,146201,113
GWIRTZ,146201,113
GYARMATI,146201,113
HAARMEYER,146201,113
HABERKERN,146201,113
HABERLEIN,146201,113
HABERLI,146201,113
HADUCH,146201,113
HAFLING,146201,113
HAIMERL,146201,113
HAJDINI,146201,113
HANGSLEBEN,146201,113
HANNEKE,146201,113
HANNOUN,146201,113
HARDNEY,146201,113
HARKESS,146201,113
HARRAKA,146201,113
HARSANY,146201,113
HARTLERODE,146201,113
HARUBIN,146201,113
HARUTUNYAN,146201,113
HARVLEY,146201,113
HASEBE,146201,113
HASLACH,146201,113
HAVERCAMP,146201,113
HEGERFELD,146201,113
HELMERICH,146201,113
HELSEY,146201,113
HELTZER,146201,113
HENCHEL,146201,113
HENRICHON,146201,113
HENTY,146201,113
HERNANDEZB,146201,113
HERNANDEZJUARE,146201,113
HERRERACRUZ,146201,113
HERRS,146201,113
HERSHOCK,146201,113
HERVE,146201,113
HETHERMAN,146201,113
HEUSTED,146201,113
HIBER,146201,113
HIGHTS,146201,113
HINDALL,146201,113
HINESLY,146201,113
HIPPENSTIEL,146201,113
HOGSHOOTER,146201,113
HOHNEKE,146201,113
HOLWAGER,146201,113
HONEYCHURCH,146201,113
HONIOUS,146201,113
HONRINE,146201,113
HORIST,146201,113
HOSHAUER,146201,113
HOSSEN,146201,113
HOTMER,146201,113
HOUKE,146201,113
HRANEK,146201,113
HUBMAN,146201,113
HUCHKO,146201,113
HUNING,146201,113
HUSKO,146201,113
HUTKA,146201,113
IANIERI,146201,113
IANNINI,146201,113
IAPALUCCI,146201,113
IBERA,146201,113
IBERT,146201,113
IDROBO,146201,113
ILLI,146201,113
IMMOOS,146201,113
INDOVINO,146201,113
INFANTES,146201,113
INGEL,146201,113
INTORCIA,146201,113
IORFIDA,146201,113
IRAGGI,146201,113
IRONWING,146201,113
IWASKO,146201,113
JAFFARIAN,146201,113
JAHNG,146201,113
JAMER,146201,113
JAMMU,146201,113
JAMROZIK,146201,113
JANTSCH,146201,113
JARCIA,146201,113
JARROTT,146201,113
JASEY,146201,113
JEAKINS,146201,113
JEAKLE,146201,113
JEDRZEJEK,146201,113
JEETER,146201,113
JESSIMAN,146201,113
JESSWEIN,146201,113
JONUZI,146201,113
KABACK,146201,113
KABAN,146201,113
KADOR,146201,113
KAHAPEA,146201,113
KAHAWAII,146201,113
KALETTA,146201,113
KAMKAR,146201,113
KAMPSTRA,146201,113
KAMRAD,146201,113
KAPANOWSKI,146201,113
KARDARAS,146201,113
KARKOSKI,146201,113
KARNEHM,146201,113
KASED,146201,113
KASZOWSKI,146201,113
KATWAROO,146201,113
KAULLEN,146201,113
KAURIN,146201,113
KAWASE,146201,113
KEFFLER,146201,113
KEGELMAN,146201,113
KENDERES,146201,113
KERLE,146201,113
KESHISHI,146201,113
KICKERY,146201,113
KINGREE,146201,113
KIRIAZIS,146201,113
KLANDERMAN,146201,113
KLAP,146201,113
KLAPATCH,146201,113
KLAU,146201,113
KLAUKA,146201,113
KLEGIN,146201,113
KMOCH,146201,113
KNEAFSEY,146201,113
KOESSLER,146201,113
KOKOCINSKI,146201,113
KOKRINE,146201,113
KOLOWSKI,146201,113
KOMNINOS,146201,113
KOPIS,146201,113
KOPIT,146201,113
KOPPENAAL,146201,113
KORKOW,146201,113
KOROBKIN,146201,113
KOROLCHUK,146201,113
KORSCH,146201,113
KOTHEIMER,146201,113
KOVES,146201,113
KOZER,146201,113
KREISSLER,146201,113
KRESNAK,146201,113
KRESSLY,146201,113
KRIECHBAUM,146201,113
KRIKAVA,146201,113
KROKOWSKI,146201,113
KROMA,146201,113
KRONYAK,146201,113
KRUMPHOLZ,146201,113
KRYPEL,146201,113
KUCZERA,146201,113
KUHTA,146201,113
KURFESS,146201,113
KURKIEWICZ,146201,113
LABAFF,146201,113
LADRIGAN,146201,113
LAMBIRIS,146201,113
LANDAAL,146201,113
LANGTEAU,146201,113
LAP,146201,113
LAPOLLO,146201,113
LASCHINGER,146201,113
LASSNER,146201,113
LAUBENHEIMER,146201,113
LAURIO,146201,113
LAVANDIER,146201,113
LAVDAS,146201,113
LEATHLEY,146201,113
LECAVALIER,146201,113
LECKMAN,146201,113
LEDE,146201,113
LEDIG,146201,113
LEIBFORTH,146201,113
LEINFELDER,146201,113
LEKER,146201,113
LEMKA,146201,113
LENARDO,146201,113
LENTHE,146201,113
LENZENDORF,146201,113
LEOMITI,146201,113
LESCURE,146201,113
LICKLY,146201,113
LIPCZYNSKI,146201,113
LIVINGHOUSE,146201,113
LOECK,146201,113
LOESCHKE,146201,113
LOESCHNER,146201,113
LOHANI,146201,113
LONESOME,146201,113
LONGSOLDIER,146201,113
LONS,146201,113
LOPEZBELTRAN,146201,113
LOPEZCARDENAS,146201,113
LOPEZCARRILLO,146201,113
LORIAUX,146201,113
LOTTRIDGE,146201,113
LOUGHRIGE,146201,113
LOUGHRIN,146201,113
LOVIS,146201,113
LUCKART,146201,113
LUCKEROTH,146201,113
LUEDDE,146201,113
LUEDDERS,146201,113
LUMBANG,146201,113
LUMBATIS,146201,113
LUNCH,146201,113
LUNGWITZ,146201,113
LUTSKO,146201,113
LYNGSTAD,146201,113
LYRA,146201,113
LYSAKER,146201,113
MAALA,146201,113
MACHLAN,146201,113
MACIOCI,146201,113
MACKAMAN,146201,113
MADEUS,146201,113
MAENPAA,146201,113
MAGGIANO,146201,113
MAGNUM,146201,113
MAILLETTE,146201,113
MAILLIS,146201,113
MAKAREM,146201,113
MALARIK,146201,113
MALEKAN,146201,113
MALINCHAK,146201,113
MALISON,146201,113
MANCANO,146201,113
MANCHEN,146201,113
MANESSIS,146201,113
MANGLES,146201,113
MANKAD,146201,113
MANOLOV,146201,113
MANOUCHEHRI,146201,113
MARBAKER,146201,113
MARCONDES,146201,113
MARGETICH,146201,113
MARKOSKY,146201,113
MARKOWICH,146201,113
MARNOCHA,146201,113
MAROWITZ,146201,113
MARRACINO,146201,113
MARVIL,146201,113
MASICK,146201,113
MASONIS,146201,113
MASTRIPPOLITO,146201,113
MATILDE,146201,113
MATOSIAN,146201,113
MAUR,146201,113
MCCADE,146201,113
MCCAMMAN,146201,113
MCCARRIER,146201,113
MCDUNNAH,146201,113
MCELORY,146201,113
MCKELLEY,146201,113
MCKELPHIN,146201,113
MCNEIVE,146201,113
MCROREY,146201,113
MEISENHOLDER,146201,113
MEIXELSPERGER,146201,113
MELCHERS,146201,113
MERENO,146201,113
MERGENDAHL,146201,113
MERTIN,146201,113
MERTL,146201,113
METTETAL,146201,113
MEYYAPPAN,146201,113
MEZALOPEZ,146201,113
MICHALISZYN,146201,113
MIDDLEMIST,146201,113
MIHAILOVICH,146201,113
MIKLA,146201,113
MINDORO,146201,113
MINIKEL,146201,113
MIRKES,146201,113
MITTICA,146201,113
MOALLEM,146201,113
MOCHON,146201,113
MOISON,146201,113
MOMOHARA,146201,113
MONTEILH,146201,113
MOOSMANN,146201,113
MORATTI,146201,113
MORDICK,146201,113
MORENORODRIGUE,146201,113
MORETTINI,146201,113
MORISAKI,146201,113
MOSKOP,146201,113
MOUGHON,146201,113
MOZAL,146201,113
MUHLER,146201,113
MUJEEB,146201,113
MUKHA,146201,113
MUON,146201,113
MUSED,146201,113
MUSQUEZ,146201,113
MYERLY,146201,113
MYKYTIUK,146201,113
NAAL,146201,113
NAHAPETIAN,146201,113
NALUAI,146201,113
NARDACCI,146201,113
NARDY,146201,113
NARVARTE,146201,113
NEBELSICK,146201,113
NEEVES,146201,113
NEGREA,146201,113
NEIMARK,146201,113
NESTINGEN,146201,113
NETTA,146201,113
NEVENHOVEN,146201,113
NEWER,146201,113
NIDY,146201,113
NOCHTA,146201,113
NOLDON,146201,113
NOLLETTI,146201,113
NORERO,146201,113
NOWARK,146201,113
OAKIE,146201,113
OBUSEK,146201,113
OCHOALOPEZ,146201,113
ODAFFER,146201,113
ODONAL,146201,113
OGRODNY,146201,113
OIUM,146201,113
OKINS,146201,113
OKUM,146201,113
OLIJNYK,146201,113
OLINEY,146201,113
OLIWA,146201,113
OLNHAUSEN,146201,113
OLOZAGASTE,146201,113
ONTJES,146201,113
OODY,146201,113
ORELLI,146201,113
ORYALL,146201,113
OSSEGE,146201,113
OSSIAN,146201,113
OSTAFIN,146201,113
OTJEN,146201,113
PADAVICH,146201,113
PADYKULA,146201,113
PALASZEWSKI,146201,113
PALMERINI,146201,113
PALTZ,146201,113
PANCHYSHYN,146201,113
PANKAKE,146201,113
PANUI,146201,113
PAPILLO,146201,113
PARAMASIVAM,146201,113
PARISOTTO,146201,113
PARTIS,146201,113
PASSAFARO,146201,113
PAUFF,146201,113
PAUQUETTE,146201,113
PEGUE,146201,113
PENSKI,146201,113
PEREGRIM,146201,113
PEREZNUNEZ,146201,113
PESIK,146201,113
PETKE,146201,113
PETRZELKA,146201,113
PETTIGO,146201,113
PEZDEK,146201,113
PIAMPIANO,146201,113
PIAZZI,146201,113
PIEPGRAS,146201,113
PILLIS,146201,113
PITTIGLIO,146201,113
PIZON,146201,113
PLEAK,146201,113
PLECKI,146201,113
PLOCHOCKI,146201,113
PLYM,146201,113
POBLADOR,146201,113
POLICARE,146201,113
PONICHTERA,146201,113
POPIELA,146201,113
POSO,146201,113
POSTELWAIT,146201,113
POTOKA,146201,113
PRASIL,146201,113
PREMJI,146201,113
PRETKO,146201,113
PRISINZANO,146201,113
PROTZMANN,146201,113
PRULL,146201,113
PRUSE,146201,113
PRZEKURAT,146201,113
PUNN,146201,113
QUALMANN,146201,113
QUANTRILLE,146201,113
RACKOWSKI,146201,113
RADDON,146201,113
RAFFANTI,146201,113
RAFFLER,146201,113
RAHMINGS,146201,113
RAIF,146201,113
RAMANAND,146201,113
RANDALE,146201,113
RASPANTE,146201,113
RASSAT,146201,113
RAT,146201,113
RATAJSKI,146201,113
RAYAM,146201,113
RAYCHAUDHURI,146201,113
RAYWOOD,146201,113
REASINGER,146201,113
RECAR,146201,113
RECARD,146201,113
RELITZ,146201,113
RELLERGERT,146201,113
RENAUDIN,146201,113
RENZULLO,146201,113
REYNAERT,146201,113
RICCHINI,146201,113
RINECK,146201,113
RISLOV,146201,113
RISSINGER,146201,113
RIVERSO,146201,113
ROCKLEY,146201,113
RODRIGUEZROJAS,146201,113
ROETTELE,146201,113
ROLWING,146201,113
ROMANIC,146201,113
ROMANOWSKY,146201,113
ROMEIS,146201,113
RONNAU,146201,113
ROOKUS,146201,113
ROSENBARKER,146201,113
ROSOW,146201,113
ROSSETER,146201,113
ROSSHIRT,146201,113
ROTIMI,146201,113
ROTNER,146201,113
ROTTY,146201,113
ROYTER,146201,113
RUBIRA,146201,113
RUCKH,146201,113
RUIVIVAR,146201,113
RULONG,146201,113
RUPAREL,146201,113
RUSZ,146201,113
RYDIN,146201,113
SAAKIAN,146201,113
SABARESE,146201,113
SAGAHON,146201,113
SAGUE,146201,113
SALLINGS,146201,113
SAMLAND,146201,113
SAMPILO,146201,113
SAMUAL,146201,113
SANDSMARK,146201,113
SANNEY,146201,113
SANTMAN,146201,113
SANZARO,146201,113
SAPANARO,146201,113
SARDINIA,146201,113
SARRACCO,146201,113
SASAN,146201,113
SAVINSKI,146201,113
SAVIOLA,146201,113
SAWAL,146201,113
SCHAETZEL,146201,113
SCHAFFRATH,146201,113
SCHAIBLEY,146201,113
SCHAIBLY,146201,113
SCHAUMLEFFEL,146201,113
SCHEPPERS,146201,113
SCHEXNYDER,146201,113
SCHIEFFELIN,146201,113
SCHINELLER,146201,113
SCHLANSER,146201,113
SCHMADERER,146201,113
SCHMIEDLIN,146201,113
SCHNECKENBERGER,146201,113
SCHNITKEY,146201,113
SCHNUG,146201,113
SCHONROCK,146201,113
SCHOTTENFELD,146201,113
SCHWAUSCH,146201,113
SCHWIERKING,146201,113
SCOPPETTUOLO,146201,113
SCRAGGS,146201,113
SEAMANN,146201,113
SEBION,146201,113
SEGRO,146201,113
SEMBRAT,146201,113
SEMRO,146201,113
SENDAYDIEGO,146201,113
SENDZIK,146201,113
SENSER,146201,113
SERWAA,146201,113
SESSING,146201,113
SHEPRO,146201,113
SHERTZ,146201,113
SHIBU,146201,113
SHYTI,146201,113
SILAGO,146201,113
SIMILE,146201,113
SIMKOVICH,146201,113
SIXEL,146201,113
SKADBERG,146201,113
SKENADORE,146201,113
SKIMEHORN,146201,113
SKLAROFF,146201,113
SKORHEIM,146201,113
SMEDRA,146201,113
SMRCINA,146201,113
SMUSZ,146201,113
SODERBECK,146201,113
SOGOMONYAN,146201,113
SOKOLNICKI,146201,113
SOLBACH,146201,113
SOLLMANN,146201,113
SOLTWEDEL,146201,113
SONNENBLICK,146201,113
SOURI,146201,113
SPARKLIN,146201,113
SPERANDO,146201,113
SPITZA,146201,113
SPOORS,146201,113
SPULLER,146201,113
STATAM,146201,113
STATUTO,146201,113
STAYDUHAR,146201,113
STENSBERG,146201,113
STICKFORT,146201,113
STIEBS,146201,113
STIMA,146201,113
STOJEK,146201,113
STOLTENBURG,146201,113
STOLYAROV,146201,113
STOTHARD,146201,113
STOUMBAUGH,146201,113
STREISEL,146201,113
STUECKLE,146201,113
SUBBOTIN,146201,113
SUCHEY,146201,113
SUJO,146201,113
SUKHADIA,146201,113
SUKHRAJ,146201,113
SUMMERILL,146201,113
SUMMEROW,146201,113
SUNDOWN,146201,113
SUPECK,146201,113
SURYAN,146201,113
SVATORA,146201,113
SZCZECINSKI,146201,113
TACON,146201,113
TACTAY,146201,113
TAGALOG,146201,113
TAIBL,146201,113
TALHA,146201,113
TAMARES,146201,113
TANGHAL,146201,113
TAPPENDEN,146201,113
TATULLI,146201,113
TAURMAN,146201,113
TAUSEND,146201,113
TEICHROEW,146201,113
TELLAS,146201,113
TENNESEN,146201,113
TERESHCHENKO,146201,113
TESLAA,146201,113
TETEAK,146201,113
TETZNER,146201,113
THEIGE,146201,113
THONGDY,146201,113
THONGVANH,146201,113
TOMASIELLO,146201,113
TOMMARELLO,146201,113
TOMORY,146201,113
TOMSHACK,146201,113
TOPI,146201,113
TOWSEY,146201,113
TRANIELLO,146201,113
TRAPPETT,146201,113
TRAUD,146201,113
TREISCH,146201,113
TRICAMO,146201,113
TRIPPLER,146201,113
TROCANO,146201,113
TROWERY,146201,113
TRUSZ,146201,113
TRYBAN,146201,113
TSONIS,146201,113
TUCKNER,146201,113
TULAK,146201,113
TUMULAK,146201,113
TURRUBIARTEZ,146201,113
TYDLACKA,146201,113
UELTSCHI,146201,113
ULDRICK,146201,113
UNDERHILE,146201,113
URBATSCH,146201,113
URHAHN,146201,113
USYK,146201,113
UVAYDOV,146201,113
UZAN,146201,113
VADENAIS,146201,113
VALLAIR,146201,113
VANARSDELL,146201,113
VANBAALE,146201,113
VANDENBUSCH,146201,113
VANFLETEREN,146201,113
VANHEUKELOM,146201,113
VANNERSON,146201,113
VANSAMBEEK,146201,113
VANVELZEN,146201,113
VARVARA,146201,113
VASQUEZRODRIGU,146201,113
VASUT,146201,113
VAVASSEUR,146201,113
VELAZQUEZLOPEZ,146201,113
VENNUM,146201,113
VERDERY,146201,113
VERNIERI,146201,113
VERSTUYFT,146201,113
VERVYNCK,146201,113
VESTERBY,146201,113
VICHI,146201,113
VILAIN,146201,113
VOLKING,146201,113
VUJNOVICH,146201,113
WAATTI,146201,113
WAEGHE,146201,113
WAGOR,146201,113
WAHOME,146201,113
WALTO,146201,113
WARAKOMSKI,146201,113
WARPULA,146201,113
WASCAVAGE,146201,113
WEIFFENBACH,146201,113
WHEALE,146201,113
WHREN,146201,113
WIEKAMP,146201,113
WIETFELDT,146201,113
WINDSTEIN,146201,113
WINGSTER,146201,113
WINIKOFF,146201,113
WIRTEL,146201,113
WOLHART,146201,113
WOLLBERG,146201,113
WOLSTENHOLM,146201,113
WOLVINGTON,146201,113
WOODFALL,146201,113
WRESTLER,146201,113
WURTZLER,146201,113
YACUB,146201,113
YANSEN,146201,113
YARMER,146201,113
YARZA,146201,113
YATSENKO,146201,113
YEGA,146201,113
YERDEN,146201,113
YORDE,146201,113
YOSHIYAMA,146201,113
YUSTEN,146201,113
ZARGER,146201,113
ZEANAH,146201,113
ZEINSTRA,146201,113
ZELCH,146201,113
ZIGROSSI,146201,113
ZILKO,146201,113
ZIRNHELT,146201,113
ZOCHER,146201,113
AALDERS,147253,112
ABDELGADIR,147253,112
ABEYTIA,147253,112
ABRAO,147253,112
ABUSAAD,147253,112
ABUSALAH,147253,112
ACHTERMANN,147253,112
ACITELLI,147253,112
ACOSTAPEREZ,147253,112
ACURIO,147253,112
ADDEPALLI,147253,112
ADEA,147253,112
ADETULA,147253,112
ADEWUSI,147253,112
AEH,147253,112
AHCHING,147253,112
AHOLELEI,147253,112
AINZA,147253,112
AJIFU,147253,112
ALABA,147253,112
ALABRAN,147253,112
ALACAR,147253,112
ALACON,147253,112
ALESE,147253,112
ALIBRANDO,147253,112
ALIFFI,147253,112
ALKADI,147253,112
ALLU,147253,112
ALMUINA,147253,112
ALOYO,147253,112
ALSAEED,147253,112
ALSAIGH,147253,112
ALSHAHRANI,147253,112
AMARNATH,147253,112
AMERAULT,147253,112
AMORI,147253,112
ANASCO,147253,112
ANDRONIC,147253,112
ANNELLO,147253,112
ANTONGIOVANNI,147253,112
ANTONICK,147253,112
APLANALP,147253,112
APOTHEKER,147253,112
APUAN,147253,112
ARAR,147253,112
ARDELJAN,147253,112
ARGAST,147253,112
ARGUELLEZ,147253,112
ARKLE,147253,112
ARMATAS,147253,112
ARRONTE,147253,112
ASKIA,147253,112
ASSE,147253,112
ASUQUO,147253,112
ATMAR,147253,112
ATRISCO,147253,112
AYALAGONZALEZ,147253,112
AZELTON,147253,112
AZMAN,147253,112
BADLANI,147253,112
BAELLO,147253,112
BAETIONG,147253,112
BAGNUOLO,147253,112
BAKOVIC,147253,112
BALAKUMAR,147253,112
BALANDRANO,147253,112
BALASSI,147253,112
BALVERDE,147253,112
BANDES,147253,112
BAREISS,147253,112
BARTIN,147253,112
BARWISE,147253,112
BASHISTA,147253,112
BASSICK,147253,112
BASTIS,147253,112
BATSHON,147253,112
BAUERSACHS,147253,112
BAUMBARGER,147253,112
BAVOSA,147253,112
BAYDA,147253,112
BAYLEN,147253,112
BEDERMAN,147253,112
BEGELMAN,147253,112
BEGUHL,147253,112
BELLOMA,147253,112
BENCI,147253,112
BENNIEFIELD,147253,112
BERGSBAKEN,147253,112
BERLANT,147253,112
BERNICE,147253,112
BERRET,147253,112
BETKOWSKI,147253,112
BEZANIS,147253,112
BIANCONE,147253,112
BIEDERWOLF,147253,112
BIGLANE,147253,112
BILLEK,147253,112
BINKIEWICZ,147253,112
BINNEBOSE,147253,112
BIPES,147253,112
BIRBAL,147253,112
BIZEAU,147253,112
BJORGUM,147253,112
BLACKWILL,147253,112
BLAKSLEE,147253,112
BLAZICK,147253,112
BLOCKINGER,147253,112
BOBBINS,147253,112
BOBET,147253,112
BODURTHA,147253,112
BOEKHOFF,147253,112
BOERTJE,147253,112
BOGG,147253,112
BOHS,147253,112
BOKAR,147253,112
BONAFE,147253,112
BONDOR,147253,112
BONSANGUE,147253,112
BOOBAR,147253,112
BORAL,147253,112
BORGESI,147253,112
BOSNICH,147253,112
BOURE,147253,112
BOVIER,147253,112
BRAATHEN,147253,112
BRAHO,147253,112
BRANIM,147253,112
BRANSTON,147253,112
BRAUGHLER,147253,112
BREESER,147253,112
BRIANTE,147253,112
BROKA,147253,112
BROSIER,147253,112
BROZENA,147253,112
BRUNINK,147253,112
BUBNA,147253,112
BUGTONG,147253,112
BUHLINGER,147253,112
BUHSE,147253,112
BUKHMAN,147253,112
BULAONG,147253,112
BUNS,147253,112
BURBERRY,147253,112
BURDEAUX,147253,112
BURLACU,147253,112
BUSCHO,147253,112
BYRTUS,147253,112
CABIGON,147253,112
CALLION,147253,112
CALLSEN,147253,112
CALZONCIT,147253,112
CANGA,147253,112
CANIS,147253,112
CANTIE,147253,112
CANZIANI,147253,112
CAPEHEART,147253,112
CAPPITELLI,147253,112
CARDELLE,147253,112
CARLESON,147253,112
CARNDUFF,147253,112
CARROUTH,147253,112
CASIPIT,147253,112
CASTAGLIOLA,147253,112
CATROW,147253,112
CAZER,147253,112
CELLER,147253,112
CENEVIVA,147253,112
CERIA,147253,112
CERWINSKE,147253,112
CHABER,147253,112
CHALECKI,147253,112
CHAMBLE,147253,112
CHARRE,147253,112
CHAVERRA,147253,112
CHAVEZMENDOZA,147253,112
CHEFFEN,147253,112
CHEIKH,147253,112
CHIBBARO,147253,112
CHICON,147253,112
CHIGHIZOLA,147253,112
CHIKEZIE,147253,112
CHIMILIO,147253,112
CIERPIAL,147253,112
CIURLEO,147253,112
CLARITY,147253,112
CLEMOW,147253,112
CLOWDIS,147253,112
COLCOL,147253,112
COLZIE,147253,112
COMAGE,147253,112
CONSAUL,147253,112
COSPELICH,147253,112
COSTOSO,147253,112
COULES,147253,112
COURTIN,147253,112
CREEKPAUM,147253,112
CRETARO,147253,112
CROUTER,147253,112
CRUZHERRERA,147253,112
CUAMANI,147253,112
CUCINA,147253,112
CUILLA,147253,112
CULEY,147253,112
CUNIC,147253,112
CUNILL,147253,112
CYBUL,147253,112
DADAS,147253,112
DADICH,147253,112
DALEXANDER,147253,112
DALFREY,147253,112
DALIEGE,147253,112
DAMBRAUSKAS,147253,112
DAPSON,147253,112
DARCONTE,147253,112
DARDICK,147253,112
DARISSE,147253,112
DAROUSE,147253,112
DAUGEREAU,147253,112
DAUWALTER,147253,112
DEBERNARD,147253,112
DEBRAUX,147253,112
DECAN,147253,112
DECATALDO,147253,112
DECOTIIS,147253,112
DEFURIO,147253,112
DEIMEKE,147253,112
DEJESSE,147253,112
DELAERE,147253,112
DELASHMITT,147253,112
DELDOTTO,147253,112
DELLARIO,147253,112
DELLERA,147253,112
DELLI,147253,112
DELPORTE,147253,112
DELZEITH,147253,112
DEMARET,147253,112
DEMATTO,147253,112
DEMELFI,147253,112
DEMKOVICH,147253,112
DEMOLLE,147253,112
DENKENBERGER,147253,112
DEODATO,147253,112
DERVISHIAN,147253,112
DESCISCIO,147253,112
DESILVEY,147253,112
DEULING,147253,112
DIACK,147253,112
DIGIAMMARINO,147253,112
DILAPI,147253,112
DILOSA,147253,112
DILUCIA,147253,112
DIMARANAN,147253,112
DIMARCELLO,147253,112
DIMARSICO,147253,112
DISNER,147253,112
DITHOMAS,147253,112
DIVINCENTI,147253,112
DOEPP,147253,112
DOERLE,147253,112
DONLY,147253,112
DOSLAND,147253,112
DREGNE,147253,112
DROEGEMUELLER,147253,112
DRULINER,147253,112
DUFIELD,147253,112
DUFRAINE,147253,112
DUNNOM,147253,112
DUPEA,147253,112
DURAIN,147253,112
DURMUS,147253,112
DUTCHIN,147253,112
DYBEVIK,147253,112
DYERS,147253,112
EALA,147253,112
EBARE,147253,112
EBERBACH,147253,112
EBROM,147253,112
EDUARTE,147253,112
EIDENIER,147253,112
EIK,147253,112
EITTREIM,147253,112
EKERT,147253,112
EKIERT,147253,112
ELINBURG,147253,112
ELIYAHU,147253,112
ELLINGHAUS,147253,112
ELMALEH,147253,112
EMMING,147253,112
ENDERT,147253,112
EPPENSTEIN,147253,112
ERNSPERGER,147253,112
ERTHAL,147253,112
ESCOCHEA,147253,112
ESCOLANO,147253,112
ESHENOUR,147253,112
ESPELAGE,147253,112
ETCHBERGER,147253,112
EVERSMANN,147253,112
FABEC,147253,112
FAHLEN,147253,112
FAINO,147253,112
FAIRHOLM,147253,112
FANDAL,147253,112
FARRARA,147253,112
FARRAY,147253,112
FASCHINGBAUER,147253,112
FASTEN,147253,112
FATEH,147253,112
FAWTHROP,147253,112
FEARNS,147253,112
FECHTEL,147253,112
FEDUS,147253,112
FEGETT,147253,112
FEGURGUR,147253,112
FEINSOD,147253,112
FELDBRUEGGE,147253,112
FELDEWERTH,147253,112
FERRARELLI,147253,112
FICOCIELLO,147253,112
FILPI,147253,112
FINET,147253,112
FINNILA,147253,112
FIRNHABER,147253,112
FLECKNER,147253,112
FLENTROY,147253,112
FLOREANI,147253,112
FLORESMORENO,147253,112
FLUGSTAD,147253,112
FONTANAROSA,147253,112
FONTOURA,147253,112
FOPIANO,147253,112
FOTINO,147253,112
FOZO,147253,112
FRAUENHOFER,147253,112
FREDSON,147253,112
FROEHNER,147253,112
FRONTELA,147253,112
FUCHSER,147253,112
FUITEN,147253,112
FUKUTOMI,147253,112
FURQAN,147253,112
FUTERMAN,147253,112
GABIOLA,147253,112
GABREL,147253,112
GAJRAJ,147253,112
GALANES,147253,112
GALLENBERG,147253,112
GALLIGANI,147253,112
GALLINAT,147253,112
GANSLER,147253,112
GARAI,147253,112
GARCIAHERNANDEZ,147253,112
GARTHRIGHT,147253,112
GAVRILOVA,147253,112
GAZALI,147253,112
GEDRICH,147253,112
GEHANI,147253,112
GEISNER,147253,112
GEMPELER,147253,112
GENERO,147253,112
GERWICK,147253,112
GETZIN,147253,112
GHAG,147253,112
GIONTI,147253,112
GLADFELDER,147253,112
GLAMANN,147253,112
GLAZIK,147253,112
GLIKMAN,147253,112
GLISSEN,147253,112
GMEINDER,147253,112
GOCHMAN,147253,112
GOLDRUP,147253,112
GOLDZWEIG,147253,112
GOMBOSI,147253,112
GOODBEAR,147253,112
GOODDING,147253,112
GOODHAND,147253,112
GOROKHOVSKY,147253,112
GORTI,147253,112
GRAFIUS,147253,112
GRAVDAHL,147253,112
GREENLOW,147253,112
GRIEPENSTROH,147253,112
GRIS,147253,112
GRISS,147253,112
GROBY,147253,112
GROZAV,147253,112
GRUER,147253,112
GRYBOSKI,147253,112
GRZEJKA,147253,112
GUAGLIANO,147253,112
GUCE,147253,112
GURSSLIN,147253,112
GUSHI,147253,112
GUSTON,147253,112
GUVARA,147253,112
HACKFELD,147253,112
HAHLBECK,147253,112
HALLIMAN,147253,112
HANDREN,147253,112
HANELT,147253,112
HANSMA,147253,112
HANYOK,147253,112
HAPES,147253,112
HARAHAN,147253,112
HATZFELD,147253,112
HAUDER,147253,112
HAVIV,147253,112
HEARNES,147253,112
HEARTWELL,147253,112
HEATHCO,147253,112
HEGUY,147253,112
HEIERMAN,147253,112
HEINEMEIER,147253,112
HEITSCH,147253,112
HELU,147253,112
HENNEKES,147253,112
HERAK,147253,112
HERRANZ,147253,112
HERTE,147253,112
HESSLINK,147253,112
HEUBNER,147253,112
HILSTAD,147253,112
HILTGEN,147253,112
HOFSETH,147253,112
HOHSTADT,147253,112
HOLESINGER,147253,112
HOLSTEEN,147253,112
HOMRAN,147253,112
HONEYSUCKLE,147253,112
HONZELL,147253,112
HOROSCHAK,147253,112
HOWLING,147253,112
HUBNIK,147253,112
HUINIL,147253,112
HUKARI,147253,112
HULES,147253,112
HULLET,147253,112
HUNINGHAKE,147253,112
HUREMOVIC,147253,112
HYTRY,147253,112
IANNACCI,147253,112
ILARIO,147253,112
IMBO,147253,112
INFANTAS,147253,112
INGRANDE,147253,112
ISAKOVA,147253,112
ISHMAIL,147253,112
ISOTALO,147253,112
IVRY,147253,112
IWAMASA,147253,112
JABLECKI,147253,112
JACSON,147253,112
JAGAN,147253,112
JAGARLAMUDI,147253,112
JAKOBE,147253,112
JANINI,147253,112
JARRELS,147253,112
JEFFCOATS,147253,112
JENZEN,147253,112
JONATHAS,147253,112
JONOVICH,147253,112
JUBACK,147253,112
JUSTINIANI,147253,112
KADET,147253,112
KADRY,147253,112
KAGLEY,147253,112
KALLUNKI,147253,112
KALOKOH,147253,112
KANEASTER,147253,112
KANSAGRA,147253,112
KAPCSOS,147253,112
KASEE,147253,112
KASULA,147253,112
KATHRENS,147253,112
KAUFFOLD,147253,112
KAZIYEV,147253,112
KEEHL,147253,112
KEITZER,147253,112
KELK,147253,112
KELSICK,147253,112
KEMMERLE,147253,112
KERKAU,147253,112
KERVER,147253,112
KERVICK,147253,112
KESHMIRI,147253,112
KHANT,147253,112
KIEFFABER,147253,112
KINDELAY,147253,112
KIOKO,147253,112
KIOLBASA,147253,112
KIRISITS,147253,112
KIRKELIE,147253,112
KLEBENOW,147253,112
KLEINBAUM,147253,112
KLEMIN,147253,112
KLEVELAND,147253,112
KLIMMEK,147253,112
KLOEFKORN,147253,112
KNUEVE,147253,112
KNUTTER,147253,112
KOAY,147253,112
KOBETITSCH,147253,112
KOENIGER,147253,112
KOGELSCHATZ,147253,112
KOKALY,147253,112
KOLEFF,147253,112
KONICKE,147253,112
KONIKOFF,147253,112
KORNELSEN,147253,112
KOSANOVIC,147253,112
KOTLA,147253,112
KOTLARCZYK,147253,112
KOTSAKIS,147253,112
KOVALASKE,147253,112
KOXLIEN,147253,112
KOZUP,147253,112
KRAGENBRINK,147253,112
KRAINSKI,147253,112
KRAML,147253,112
KRAUSCH,147253,112
KROKER,147253,112
KRUSCH,147253,112
KRZYWDA,147253,112
KUBISH,147253,112
KUBU,147253,112
KUCZA,147253,112
KUDLAC,147253,112
KUDUZOVIC,147253,112
KUKUCHKA,147253,112
KULLGREN,147253,112
KUSCHE,147253,112
KUYRKENDALL,147253,112
LABROUSSE,147253,112
LABRYER,147253,112
LACHAPELL,147253,112
LACKING,147253,112
LAHMERS,147253,112
LALANCETTE,147253,112
LAMBRO,147253,112
LAMLEY,147253,112
LANDOLF,147253,112
LANGDEAU,147253,112
LANGIEWICZ,147253,112
LANGSCHWAGER,147253,112
LANHART,147253,112
LARRAMENDI,147253,112
LASARGE,147253,112
LASMAN,147253,112
LATTIME,147253,112
LAURINE,147253,112
LAUSTSEN,147253,112
LAVANDER,147253,112
LAYES,147253,112
LEAD,147253,112
LEBELL,147253,112
LEEDAHL,147253,112
LEFANTE,147253,112
LEGAY,147253,112
LEHTI,147253,112
LEITL,147253,112
LEVETON,147253,112
LEVINSTEIN,147253,112
LIEBSACK,147253,112
LIFLAND,147253,112
LIGHTS,147253,112
LILJENBERG,147253,112
LIMUEL,147253,112
LIPOVETSKY,147253,112
LISAMA,147253,112
LISSE,147253,112
LITTLEDAVE,147253,112
LOFLEY,147253,112
LOGULLO,147253,112
LOHRENTZ,147253,112
LOPACKI,147253,112
LOPEZZAVALA,147253,112
LORTSCHER,147253,112
LOUSBERG,147253,112
LOVERCHECK,147253,112
LOYNACHAN,147253,112
LUBONSKI,147253,112
LUCHKA,147253,112
LUCIW,147253,112
LUKYANOV,147253,112
LUTJE,147253,112
LYNADY,147253,112
MAAKE,147253,112
MABARDY,147253,112
MACDERMAID,147253,112
MACFALL,147253,112
MADGWICK,147253,112
MADRO,147253,112
MAGORIAN,147253,112
MAHLSTADT,147253,112
MAKARSKI,147253,112
MAKEEVER,147253,112
MAKIELSKI,147253,112
MALYSZ,147253,112
MANASAN,147253,112
MANTEROLA,147253,112
MANYEN,147253,112
MANZANA,147253,112
MARAR,147253,112
MARCANTONI,147253,112
MARCOUILLIER,147253,112
MARDEUSZ,147253,112
MARENDA,147253,112
MARNACH,147253,112
MARTINCHEK,147253,112
MARTINEZHERRER,147253,112
MARZETTI,147253,112
MASELLO,147253,112
MASHRAH,147253,112
MASLOWSKY,147253,112
MASROOR,147253,112
MASRY,147253,112
MASSICK,147253,112
MATHWICH,147253,112
MATOY,147253,112
MATTHYSSE,147253,112
MATTIONI,147253,112
MAYRONNE,147253,112
MAZI,147253,112
MAZIER,147253,112
MCCULLION,147253,112
MCFETERS,147253,112
MCGOY,147253,112
MCKELLY,147253,112
MEAHAN,147253,112
MEASOM,147253,112
MEITLER,147253,112
MEJIASANCHEZ,147253,112
MENET,147253,112
MERECKI,147253,112
MERHOFF,147253,112
MEROLD,147253,112
MERRON,147253,112
METTENBRINK,147253,112
MICHLIK,147253,112
MIHALAKIS,147253,112
MIKOLA,147253,112
MILLINES,147253,112
MILSTER,147253,112
MILTIER,147253,112
MILUTIN,147253,112
MIMOSO,147253,112
MINIEL,147253,112
MINKINS,147253,112
MIOT,147253,112
MIRZAYEV,147253,112
MISKOWICZ,147253,112
MISTICH,147253,112
MIXA,147253,112
MOCKER,147253,112
MOECKLY,147253,112
MOHNING,147253,112
MOLAY,147253,112
MOLICK,147253,112
MOLINEROS,147253,112
MOLTHAN,147253,112
MONER,147253,112
MONGUE,147253,112
MONSISVAIS,147253,112
MONTELLI,147253,112
MOOAR,147253,112
MORALDE,147253,112
MORALLES,147253,112
MORISSE,147253,112
MORTAN,147253,112
MORTZ,147253,112
MOSKOVICH,147253,112
MOTHERSILL,147253,112
MOURTON,147253,112
MOUSSIGNAC,147253,112
MOYNA,147253,112
MULIG,147253,112
MUNKO,147253,112
MURKEY,147253,112
MUSLIC,147253,112
NAGANUMA,147253,112
NATELSON,147253,112
NATTIER,147253,112
NAVASARTIAN,147253,112
NAVIDI,147253,112
NEA,147253,112
NEACSU,147253,112
NEIR,147253,112
NEITZELT,147253,112
NESET,147253,112
NHU,147253,112
NICHOLOFF,147253,112
NIETTE,147253,112
NIKSIC,147253,112
NITURA,147253,112
NOAL,147253,112
NOGAY,147253,112
NOGRADY,147253,112
NORGART,147253,112
NORGROVE,147253,112
NORTIER,147253,112
NUNEZGOMEZ,147253,112
OBAKER,147253,112
OCKULY,147253,112
ODERKIRK,147253,112
ODUNLAMI,147253,112
OESTMAN,147253,112
OGUENDO,147253,112
OHLEN,147253,112
OKAL,147253,112
OLADIPUPO,147253,112
OLENSLAGER,147253,112
OMERA,147253,112
ONDARZA,147253,112
ONUSKO,147253,112
ORPHE,147253,112
ORTIZGOMEZ,147253,112
OSHEI,147253,112
OTILLIO,147253,112
OTSUJI,147253,112
OVASAPYAN,147253,112
OVERN,147253,112
OWNER,147253,112
OWYOUNG,147253,112
OZDEN,147253,112
PAARMANN,147253,112
PACILLI,147253,112
PADELLA,147253,112
PADIERNOS,147253,112
PAGAY,147253,112
PAGITT,147253,112
PALLAI,147253,112
PALODICHUK,147253,112
PAMPELL,147253,112
PAPULA,147253,112
PARLI,147253,112
PARRES,147253,112
PARSAD,147253,112
PATEREAU,147253,112
PATINELLA,147253,112
PATWELL,147253,112
PAULAS,147253,112
PAURUS,147253,112
PEATMAN,147253,112
PEDRA,147253,112
PENDO,147253,112
PENDOWSKI,147253,112
PENSIS,147253,112
PEREZAVILA,147253,112
PEREZGUERRERO,147253,112
PESARESI,147253,112
PETELIN,147253,112
PETERSHAGEN,147253,112
PEVERLEY,147253,112
PFLEGHAAR,147253,112
PHAMNGUYEN,147253,112
PHIMISTER,147253,112
PIERRARD,147253,112
PIETRAK,147253,112
PIFF,147253,112
PINYERD,147253,112
PIPENGER,147253,112
PITTO,147253,112
PLECAS,147253,112
PLETAN,147253,112
PLEVYAK,147253,112
PLOESSER,147253,112
PLUARD,147253,112
POCRNICH,147253,112
PODURGIEL,147253,112
POROSKY,147253,112
POTOCHNEY,147253,112
POTTSCHMIDT,147253,112
POUK,147253,112
PRESTANO,147253,112
PREVE,147253,112
PRISCIANDARO,147253,112
PROVENZO,147253,112
PUHAK,147253,112
PULST,147253,112
PUNONGBAYAN,147253,112
PUTKA,147253,112
QUEDNAU,147253,112
QUEIROS,147253,112
RADENBAUGH,147253,112
RAFFAELI,147253,112
RAINIS,147253,112
RAKHMAN,147253,112
RAME,147253,112
RAMIREZHERRERA,147253,112
RAMIREZROMERO,147253,112
RAMOO,147253,112
RANDLER,147253,112
RAPO,147253,112
RASPER,147253,112
RATACZAK,147253,112
RAUCK,147253,112
REALPE,147253,112
REBIK,147253,112
REBORI,147253,112
RECHTIEN,147253,112
REGGIANI,147253,112
REINALDO,147253,112
RELOS,147253,112
RENFORD,147253,112
RHIEL,147253,112
RHOOMS,147253,112
RICHAN,147253,112
RIEBLI,147253,112
RIEKENBERG,147253,112
RIENSCHE,147253,112
RIGAU,147253,112
RIGGER,147253,112
RIGHTLEY,147253,112
RIKLON,147253,112
RINGMAN,147253,112
RITCHERSON,147253,112
RIVIN,147253,112
ROBBA,147253,112
ROBITZSCH,147253,112
ROCKROHR,147253,112
RODENHOUSE,147253,112
ROEBEN,147253,112
ROESSING,147253,112
ROGET,147253,112
ROMANIA,147253,112
RONCAGLIONE,147253,112
RONCONI,147253,112
RONKAINEN,147253,112
ROODMAN,147253,112
ROSAZZA,147253,112
ROSKELLY,147253,112
ROTHLEY,147253,112
ROTTSCHAFER,147253,112
RUNESTAD,147253,112
RUSIEWICZ,147253,112
RUZANSKI,147253,112
SACKSTEIN,147253,112
SADASIVAM,147253,112
SADIN,147253,112
SAGGAR,147253,112
SAHLMAN,147253,112
SAKELLARIS,147253,112
SAKRAN,147253,112
SALANG,147253,112
SALAZARPEREZ,147253,112
SALDIVA,147253,112
SALDIVIA,147253,112
SALUMBIDES,147253,112
SALZA,147253,112
SAMEER,147253,112
SAMOSKY,147253,112
SAMPE,147253,112
SAMSONOV,147253,112
SANEHOLTZ,147253,112
SANNITO,147253,112
SANTIMAW,147253,112
SANTOSRODRIGUE,147253,112
SAPUTRA,147253,112
SARVAS,147253,112
SASI,147253,112
SASIKUMAR,147253,112
SASMAN,147253,112
SATCHFIELD,147253,112
SAVENKO,147253,112
SBRACCIA,147253,112
SCALET,147253,112
SCALLEN,147253,112
SCHANAMAN,147253,112
SCHANTZEN,147253,112
SCHAUERMANN,147253,112
SCHERING,147253,112
SCHIERING,147253,112
SCHLANDER,147253,112
SCHONLAU,147253,112
SCHULKEN,147253,112
SCHWALJE,147253,112
SEACHRIS,147253,112
SEALIE,147253,112
SEBERO,147253,112
SECRET,147253,112
SEGALA,147253,112
SEGELKEN,147253,112
SEGEV,147253,112
SELB,147253,112
SELCK,147253,112
SELLBERG,147253,112
SEMBLY,147253,112
SEMENTA,147253,112
SEMIAN,147253,112
SENISE,147253,112
SENIW,147253,112
SENSLEY,147253,112
SERAMUR,147253,112
SERDYUK,147253,112
SERENKO,147253,112
SERLE,147253,112
SERNETT,147253,112
SGOUROS,147253,112
SHACTER,147253,112
SHANDA,147253,112
SHANTIE,147253,112
SHAYESTEH,147253,112
SHEAK,147253,112
SHEIMAN,147253,112
SHENDO,147253,112
SHEPPECK,147253,112
SHIOTANI,147253,112
SHOULTA,147253,112
SIAD,147253,112
SICHENEDER,147253,112
SILVAPEREZ,147253,112
SIMACEK,147253,112
SIMONOV,147253,112
SINDA,147253,112
SINH,147253,112
SIQUIG,147253,112
SIROLLI,147253,112
SITERLET,147253,112
SITORIUS,147253,112
SIVRET,147253,112
SKALLERUD,147253,112
SLAK,147253,112
SLEESMAN,147253,112
SLODERBECK,147253,112
SNOWTON,147253,112
SNYPE,147253,112
SOBIERAJSKI,147253,112
SOFGE,147253,112
SOLALINDE,147253,112
SOLEYN,147253,112
SOMRAK,147253,112
SONTI,147253,112
SOYFER,147253,112
SPEZZA,147253,112
SRIVATSAN,147253,112
STAGGENBORG,147253,112
STAIE,147253,112
STALTERI,147253,112
STANDFEST,147253,112
STANEY,147253,112
STANHOUSE,147253,112
STEFANSSON,147253,112
STEINIKE,147253,112
STEMKOWSKI,147253,112
STIEGEMEIER,147253,112
STINETT,147253,112
STOEGBAUER,147253,112
STOJAKOVIC,147253,112
STOLTENOW,147253,112
STOXEN,147253,112
STRAFACI,147253,112
STRANDER,147253,112
STREHLO,147253,112
STRISSEL,147253,112
STROWMATT,147253,112
STUTTLER,147253,112
STYCH,147253,112
SUCCOP,147253,112
SUELFLOW,147253,112
SVILAR,147253,112
SWIES,147253,112
TADDIA,147253,112
TAGANAS,147253,112
TAGUBA,147253,112
TAKIS,147253,112
TALASAZAN,147253,112
TALBO,147253,112
TALIAN,147253,112
TALLARD,147253,112
TALLCHIEF,147253,112
TAMBLE,147253,112
TAMILLO,147253,112
TANDA,147253,112
TARATUTA,147253,112
TASAKI,147253,112
TELTOW,147253,112
TETHER,147253,112
TEVAGA,147253,112
THEODOSIS,147253,112
THIFFAULT,147253,112
THOMASSMITH,147253,112
TILBERG,147253,112
TINGWALD,147253,112
TINKEL,147253,112
TITTERTON,147253,112
TJEPKEMA,147253,112
TODECHINE,147253,112
TOGNOLI,147253,112
TOLBIRD,147253,112
TOLLAS,147253,112
TORBIK,147253,112
TRAEDER,147253,112
TRAUPMAN,147253,112
TRAVIOLI,147253,112
TRELLO,147253,112
TREUBIG,147253,112
TRLICA,147253,112
TROMBETTI,147253,112
TROOPE,147253,112
TRYTEK,147253,112
TUDINO,147253,112
TYM,147253,112
UCHMAN,147253,112
UDSTUEN,147253,112
URITA,147253,112
USLAN,147253,112
VALDIVA,147253,112
VALIAN,147253,112
VALLENTINE,147253,112
VALMORE,147253,112
VALNES,147253,112
VALSIN,147253,112
VANASCH,147253,112
VANDERWEYST,147253,112
VANEMBURGH,147253,112
VANGOSEN,147253,112
VANSCOIK,147253,112
VANTHOMME,147253,112
VASICH,147253,112
VAUTER,147253,112
VEKICH,147253,112
VELASQEZ,147253,112
VELEV,147253,112
VERDA,147253,112
VESTRAND,147253,112
VESTUTO,147253,112
VIENA,147253,112
VIETZE,147253,112
VILCHE,147253,112
VILLAGAS,147253,112
VIOLANO,147253,112
VITETTA,147253,112
VODEHNAL,147253,112
VOLLENTINE,147253,112
VONDELL,147253,112
VORON,147253,112
VOUNG,147253,112
VRADENBURGH,147253,112
VRYHOF,147253,112
VUYYURU,147253,112
WAGEMAKER,147253,112
WAGHORN,147253,112
WAKEEN,147253,112
WALCZEWSKI,147253,112
WALDOWSKI,147253,112
WANGCHUK,147253,112
WARCHOLA,147253,112
WATRUD,147253,112
WAYLETT,147253,112
WEGRZYNOWICZ,147253,112
WELLSPEAK,147253,112
WELTHA,147253,112
WENGENROTH,147253,112
WENGREN,147253,112
WESNOFSKE,147253,112
WESTENHOFER,147253,112
WEYBURN,147253,112
WHATMORE,147253,112
WIEBELT,147253,112
WIEWIORA,147253,112
WIJAS,147253,112
WILABY,147253,112
WILLIAMSJOHNSO,147253,112
WITSCHEY,147253,112
WLASIUK,147253,112
WOHLENHAUS,147253,112
WOLDEYOHANNES,147253,112
WOLRIDGE,147253,112
YETTE,147253,112
YOESTING,147253,112
YOONG,147253,112
YURASEK,147253,112
YURECHKO,147253,112
ZACHRITZ,147253,112
ZAI,147253,112
ZAIKA,147253,112
ZAKARI,147253,112
ZANDATE,147253,112
ZAVULUNOV,147253,112
ZEERIP,147253,112
ZEGLER,147253,112
ZEISZLER,147253,112
ZEITERS,147253,112
ZEUGIN,147253,112
ZIERHUT,147253,112
ZILLY,147253,112
ZIMIGA,147253,112
ZOMBO,147253,112
ZONTS,147253,112
ZUTAVERN,147253,112
ZUZOLO,147253,112
ZWERNER,147253,112
ZYDZIK,147253,112
AALDERINK,148347,111
ABABA,148347,111
ABAYON,148347,111
ABBOUSHI,148347,111
ABDULHAKEEM,148347,111
ABDULWAHID,148347,111
ABEDINI,148347,111
ABIAD,148347,111
ABRHA,148347,111
ACKS,148347,111
ACTIVE,148347,111
ADAPA,148347,111
ADESHINA,148347,111
ADIN,148347,111
AFANA,148347,111
AGAZZI,148347,111
AJANOVIC,148347,111
AKAN,148347,111
AKEE,148347,111
AKINDE,148347,111
ALBOSTA,148347,111
ALEJANDRIA,148347,111
ALHACHAMI,148347,111
ALHAJRI,148347,111
ALHASHIMI,148347,111
ALKATIB,148347,111
ALLADO,148347,111
ALLBROOK,148347,111
ALMEDIA,148347,111
ALRASHID,148347,111
ALVESTAD,148347,111
ANDRIULLI,148347,111
ANNARELLA,148347,111
ANTAKI,148347,111
ARBET,148347,111
ARBIA,148347,111
ARCABASCIO,148347,111
ARCOUETTE,148347,111
ARDAGNA,148347,111
ARDUENGO,148347,111
ARENBURG,148347,111
ARGIROS,148347,111
ARNAUDO,148347,111
ARUNDALE,148347,111
ASELAGE,148347,111
ASPELIN,148347,111
ASSID,148347,111
ASTROLOGO,148347,111
AUCEDA,148347,111
AUDIGE,148347,111
AUKEMAN,148347,111
AUTTONBERRY,148347,111
AVITUA,148347,111
AYAVACA,148347,111
AYODEJI,148347,111
AZU,148347,111
BACKHERMS,148347,111
BADONIE,148347,111
BADWAY,148347,111
BALDOBINOS,148347,111
BALISTERI,148347,111
BANCHI,148347,111
BANTIGUE,148347,111
BARINAGA,148347,111
BARNESON,148347,111
BARRION,148347,111
BARTONI,148347,111
BASILI,148347,111
BATTENFELD,148347,111
BAUBLIT,148347,111
BAUDERS,148347,111
BAUMHAUER,148347,111
BEASY,148347,111
BEAUPREY,148347,111
BECKENSTEIN,148347,111
BEDNARK,148347,111
BEGODY,148347,111
BEHRER,148347,111
BEIERLEIN,148347,111
BEIERMAN,148347,111
BEINTEMA,148347,111
BEIRING,148347,111
BELLHORN,148347,111
BELLISTRI,148347,111
BELOATE,148347,111
BEMBEN,148347,111
BEMBERY,148347,111
BENAISSA,148347,111
BENEZE,148347,111
BENINTENDE,148347,111
BERNICH,148347,111
BESE,148347,111
BESHAH,148347,111
BESHEL,148347,111
BEZMAN,148347,111
BHANJI,148347,111
BICHON,148347,111
BIGBEAR,148347,111
BIJAK,148347,111
BINU,148347,111
BIPAT,148347,111
BIZA,148347,111
BJORNSSON,148347,111
BLACKLANCE,148347,111
BLADO,148347,111
BLAZICH,148347,111
BLEEMEL,148347,111
BLITON,148347,111
BLUMIN,148347,111
BOCCA,148347,111
BODGER,148347,111
BODISCH,148347,111
BODLAK,148347,111
BODZIOCH,148347,111
BOEHN,148347,111
BOGIA,148347,111
BOLDI,148347,111
BOLINO,148347,111
BONAVITO,148347,111
BOOKAMER,148347,111
BORETSKY,148347,111
BORRENPOHL,148347,111
BOSCA,148347,111
BOSNICK,148347,111
BOSTEDO,148347,111
BOURBINA,148347,111
BRAAK,148347,111
BRAH,148347,111
BRAITHWAIT,148347,111
BRATTOLI,148347,111
BRECKA,148347,111
BRETHERTON,148347,111
BRIE,148347,111
BROCKHOEFT,148347,111
BRODISH,148347,111
BROFFORD,148347,111
BROTHMAN,148347,111
BRUEGMAN,148347,111
BRUINOOGE,148347,111
BRYARLY,148347,111
BUATTE,148347,111
BUATTI,148347,111
BUCHHOP,148347,111
BUDRAM,148347,111
BUFFINTON,148347,111
BURFITT,148347,111
BURTLESS,148347,111
BUSCHELMAN,148347,111
BUSCHKOETTER,148347,111
BUSHBAUM,148347,111
BUSHLACK,148347,111
BUSSELMAN,148347,111
BUSSI,148347,111
CABALQUINTO,148347,111
CABATBAT,148347,111
CALLIE,148347,111
CAMET,148347,111
CAMPIZ,148347,111
CANEER,148347,111
CANTIERI,148347,111
CARILLON,148347,111
CARLAT,148347,111
CARMICHEL,148347,111
CARNI,148347,111
CARNIVALE,148347,111
CAROSONE,148347,111
CASPARIAN,148347,111
CASPILLO,148347,111
CASSOLA,148347,111
CASTORINO,148347,111
CASTROREYES,148347,111
CAUTELA,148347,111
CELELLO,148347,111
CEPPI,148347,111
CESCA,148347,111
CHALUT,148347,111
CHATRATH,148347,111
CHATTER,148347,111
CHEBOTAREV,148347,111
CHELLA,148347,111
CHEPLICK,148347,111
CHERTOFF,148347,111
CHESIN,148347,111
CHESWICK,148347,111
CHIALASTRI,148347,111
CHIMES,148347,111
CHINQUEE,148347,111
CHIOVITTI,148347,111
CHRANS,148347,111
CHRZASZCZ,148347,111
CHUMAK,148347,111
CHUMAS,148347,111
CHUNDURU,148347,111
CICONTE,148347,111
CIURA,148347,111
COB,148347,111
COLANDER,148347,111
COLLELUORI,148347,111
COLWART,148347,111
COMERY,148347,111
CONSOER,148347,111
CORNERS,148347,111
COXHEAD,148347,111
CRAANEN,148347,111
CRAFA,148347,111
CROLIUS,148347,111
CRONSHAW,148347,111
CROP,148347,111
CROUTHER,148347,111
CUSTAR,148347,111
CVAR,148347,111
DACPANO,148347,111
DAHDOUH,148347,111
DAHLHOFF,148347,111
DALUISIO,148347,111
DAMASKA,148347,111
DANKINS,148347,111
DATZMAN,148347,111
DAUTREUIL,148347,111
DEAVILLA,148347,111
DEBOEST,148347,111
DEBONDT,148347,111
DEBYAH,148347,111
DEDOES,148347,111
DEIERLEIN,148347,111
DEKORNE,148347,111
DELCURTO,148347,111
DELDEO,148347,111
DELGRIPPO,148347,111
DELLAPINA,148347,111
DELLAVEDOVA,148347,111
DELLUTRI,148347,111
DELOSIER,148347,111
DELSOLE,148347,111
DEMARRAIS,148347,111
DEMETRIS,148347,111
DEMETRY,148347,111
DEPERRY,148347,111
DEPIAZZA,148347,111
DERHEIMER,148347,111
DETGEN,148347,111
DEUCHER,148347,111
DEVELDER,148347,111
DEWHART,148347,111
DHUKKA,148347,111
DIAZGUZMAN,148347,111
DIAZVARGAS,148347,111
DILIETO,148347,111
DILUCCHIO,148347,111
DIME,148347,111
DIMICH,148347,111
DINONNO,148347,111
DINOVI,148347,111
DIROSARIO,148347,111
DISPO,148347,111
DITLOW,148347,111
DITTMORE,148347,111
DIVICO,148347,111
DOELKER,148347,111
DONDA,148347,111
DONNERSON,148347,111
DORESTE,148347,111
DORNINK,148347,111
DOUBERLEY,148347,111
DREWREY,148347,111
DREYLING,148347,111
DROSSART,148347,111
DURSTINE,148347,111
DZIERZYNSKI,148347,111
EANNARINO,148347,111
EASTHOUSE,148347,111
EBACHER,148347,111
ECHEAGARAY,148347,111
EIBECK,148347,111
EIPPER,148347,111
EISENDRATH,148347,111
EITELMAN,148347,111
EITEN,148347,111
EKEGREN,148347,111
EKMEKJIAN,148347,111
ELENBURG,148347,111
ELISARA,148347,111
ELLCESSOR,148347,111
ELLSTON,148347,111
ELVE,148347,111
ENAD,148347,111
ENTERS,148347,111
EPLEE,148347,111
ERDIE,148347,111
ERDMIER,148347,111
ERMELING,148347,111
ERMISH,148347,111
ESKEETS,148347,111
ETCHASON,148347,111
ETHEART,148347,111
ETNIER,148347,111
ETTELSON,148347,111
EUANS,148347,111
EXILHOMME,148347,111
EZEANI,148347,111
FABE,148347,111
FABICK,148347,111
FACTO,148347,111
FADOOL,148347,111
FALTUS,148347,111
FARGIONE,148347,111
FARZAM,148347,111
FAVELL,148347,111
FELDSCHER,148347,111
FELICES,148347,111
FERIN,148347,111
FILKOWSKI,148347,111
FILLBACH,148347,111
FILLIBEN,148347,111
FINKELBERG,148347,111
FIORAVANTE,148347,111
FIORDIMONDO,148347,111
FISCHENICH,148347,111
FISHNICK,148347,111
FITZMARTIN,148347,111
FIVECOATS,148347,111
FLACKE,148347,111
FLAQUER,148347,111
FLEISNER,148347,111
FOLLOWWILL,148347,111
FRANKIAN,148347,111
FRANKOWIAK,148347,111
FRANZOSO,148347,111
FROUD,148347,111
FUAD,148347,111
FUNYAK,148347,111
FURLIN,148347,111
GAFKJEN,148347,111
GALFO,148347,111
GALMARINI,148347,111
GANOW,148347,111
GANSKI,148347,111
GARBADE,148347,111
GARCIAG,148347,111
GARDONE,148347,111
GARLISCH,148347,111
GARRASTEGUI,148347,111
GASTEIGER,148347,111
GATHOF,148347,111
GATTERDAM,148347,111
GAUDENZI,148347,111
GAUSMANN,148347,111
GEENE,148347,111
GENZANO,148347,111
GETT,148347,111
GHARAVI,148347,111
GHERASIM,148347,111
GIACOMIN,148347,111
GIANAN,148347,111
GIARDELLI,148347,111
GIOTTA,148347,111
GIRRENS,148347,111
GIRRES,148347,111
GLODO,148347,111
GOLCHIN,148347,111
GOLDIS,148347,111
GOMEZMENDEZ,148347,111
GOMPPER,148347,111
GONKA,148347,111
GORRILL,148347,111
GOTTSHALK,148347,111
GOVOSTES,148347,111
GRADELESS,148347,111
GRADMAN,148347,111
GRAESE,148347,111
GRAFELMAN,148347,111
GRAFMAN,148347,111
GRANDSTRAND,148347,111
GRASELA,148347,111
GRATHWOL,148347,111
GREEDER,148347,111
GREENVILLE,148347,111
GREENWOLD,148347,111
GRUMBEIN,148347,111
GRUPPEN,148347,111
GRUPPO,148347,111
GUARASCI,148347,111
GUGLIELMINI,148347,111
GUIDISH,148347,111
GUILDNER,148347,111
GUILLEM,148347,111
GURCHIEK,148347,111
GURNO,148347,111
GUSSIE,148347,111
GUTHART,148347,111
GUTIERREC,148347,111
HAGGBERG,148347,111
HAGGRAY,148347,111
HALLENBERG,148347,111
HALPINE,148347,111
HALUPKA,148347,111
HANCHETTE,148347,111
HANNUS,148347,111
HARANT,148347,111
HARPSTRITE,148347,111
HARVES,148347,111
HASENFUSS,148347,111
HATH,148347,111
HAUNERT,148347,111
HAUSBECK,148347,111
HAUSHEER,148347,111
HAVELIN,148347,111
HAZINSKI,148347,111
HECKT,148347,111
HEIBY,148347,111
HEILBRONNER,148347,111
HEILPERN,148347,111
HELGOE,148347,111
HEMRAJANI,148347,111
HENIX,148347,111
HENNAN,148347,111
HENRITZY,148347,111
HENTZEL,148347,111
HERNANDEZMENDO,148347,111
HERRERAHERNAND,148347,111
HETSLER,148347,111
HETTIGER,148347,111
HETTLE,148347,111
HINTLIAN,148347,111
HIRASAWA,148347,111
HOENKE,148347,111
HOFFHEINS,148347,111
HOLDREAD,148347,111
HOLUBIK,148347,111
HOPEY,148347,111
HOPSTER,148347,111
HOROHO,148347,111
HOSHIKO,148347,111
HOSTOS,148347,111
HOUSCH,148347,111
HUAPE,148347,111
HUCHTON,148347,111
HUDSPATH,148347,111
HUHMANN,148347,111
HUWER,148347,111
IADEROSA,148347,111
IHNKEN,148347,111
IHRY,148347,111
IMMORMINO,148347,111
INSINNA,148347,111
IRLA,148347,111
ISASSI,148347,111
ISIBOR,148347,111
ISKANDARYAN,148347,111
IVENER,148347,111
IVICIC,148347,111
JACOBOSKI,148347,111
JANUZZI,148347,111
JASAITIS,148347,111
JAURIGUI,148347,111
JESTIS,148347,111
JODIE,148347,111
JOERSZ,148347,111
JOHARI,148347,111
JOYER,148347,111
JURICEK,148347,111
KACHELRIES,148347,111
KALANQUIN,148347,111
KALCIC,148347,111
KALENAK,148347,111
KALONJI,148347,111
KAMAKEEAINA,148347,111
KAMYSZ,148347,111
KARANTONIS,148347,111
KARPOWITZ,148347,111
KARTAL,148347,111
KATIYAR,148347,111
KATTENHORN,148347,111
KAVALEC,148347,111
KAVENY,148347,111
KAYNOR,148347,111
KAZMIERZAK,148347,111
KEGLOVITS,148347,111
KELAHAN,148347,111
KELLEMAN,148347,111
KELLGREN,148347,111
KENDLER,148347,111
KENIS,148347,111
KENITZ,148347,111
KERECMAN,148347,111
KIAHA,148347,111
KIECK,148347,111
KIMINSKI,148347,111
KIRILUK,148347,111
KISKIS,148347,111
KITASHIMA,148347,111
KLEINBACH,148347,111
KLEINHEIDER,148347,111
KLIMM,148347,111
KLINEPETER,148347,111
KLINGEBIEL,148347,111
KLODA,148347,111
KLOPOTEK,148347,111
KLOSSING,148347,111
KNEPPRATH,148347,111
KOCHELL,148347,111
KOENE,148347,111
KONDRATH,148347,111
KONET,148347,111
KONIKOWSKI,148347,111
KONSTANTINOU,148347,111
KOPCA,148347,111
KORESKO,148347,111
KORNISH,148347,111
KOTOUCH,148347,111
KOTTAPALLI,148347,111
KOUROS,148347,111
KOZHEVNIKOV,148347,111
KRATCHA,148347,111
KRAVIG,148347,111
KREBEL,148347,111
KRIVENKO,148347,111
KROWN,148347,111
KRUPCZAK,148347,111
KUDZIA,148347,111
KUENNE,148347,111
KUETTNER,148347,111
KUMLE,148347,111
KUMMERFELDT,148347,111
KUONEN,148347,111
KYRE,148347,111
LABERDEE,148347,111
LABROAD,148347,111
LADLE,148347,111
LAFAIRE,148347,111
LAFEBER,148347,111
LAGRASSO,148347,111
LANCELLOTTA,148347,111
LANDOLINA,148347,111
LANGELIERS,148347,111
LANGMEIER,148347,111
LANZIERI,148347,111
LAPKIN,148347,111
LAPLANCHE,148347,111
LARISCEY,148347,111
LAUCHMAN,148347,111
LAVERN,148347,111
LAXEN,148347,111
LEFILS,148347,111
LEIMEISTER,148347,111
LEINING,148347,111
LEITELT,148347,111
LENAMON,148347,111
LEPONE,148347,111
LESHOVSKY,148347,111
LETHERMAN,148347,111
LEVANDUSKY,148347,111
LEVITA,148347,111
LICALSI,148347,111
LIDEY,148347,111
LIGHTSTONE,148347,111
LINDSELL,148347,111
LIPPO,148347,111
LISTENBERGER,148347,111
LITVINOFF,148347,111
LOCHARY,148347,111
LOEBBAKA,148347,111
LOEBE,148347,111
LOPEZFIGUEROA,148347,111
LOUY,148347,111
LOVSEY,148347,111
LUCAN,148347,111
LUCHAK,148347,111
LUKIE,148347,111
LUKSHA,148347,111
LUMANI,148347,111
LUVENE,148347,111
LYNDES,148347,111
LYRAS,148347,111
MACCULLOCH,148347,111
MACGOWN,148347,111
MACGRATH,148347,111
MACHAL,148347,111
MACHECA,148347,111
MACKABEE,148347,111
MACKSEY,148347,111
MACVEAN,148347,111
MACZIEWSKI,148347,111
MADING,148347,111
MAHBOUBI,148347,111
MAHOLTZ,148347,111
MAHUKA,148347,111
MAIATO,148347,111
MAILHES,148347,111
MAKITA,148347,111
MANNERINO,148347,111
MANOTAS,148347,111
MANULI,148347,111
MANWANI,148347,111
MARASCHIELLO,148347,111
MARCHEGIANI,148347,111
MARECK,148347,111
MARGETSON,148347,111
MARLON,148347,111
MARRIA,148347,111
MARRQUIN,148347,111
MARTAK,148347,111
MASTORAS,148347,111
MASTRODDI,148347,111
MATSAS,148347,111
MAXIAN,148347,111
MBOW,148347,111
MCCARTHUR,148347,111
MCCELLON,148347,111
MCGRUTHER,148347,111
MCSHAW,148347,111
MCSWINEY,148347,111
MELIGAN,148347,111
MEMISEVIC,148347,111
MENZO,148347,111
MEPPELINK,148347,111
MERRILEES,148347,111
MESINO,148347,111
MESSETT,148347,111
MEYERPETER,148347,111
MEYRELES,148347,111
MEYRING,148347,111
MICHAM,148347,111
MIDAY,148347,111
MIDCALF,148347,111
MIESSNER,148347,111
MIKULIC,148347,111
MILANOV,148347,111
MILATZ,148347,111
MILCHMAN,148347,111
MILHEM,148347,111
MILIONIS,148347,111
MINDAK,148347,111
MITTENTHAL,148347,111
MOEGGENBORG,148347,111
MOHAUPT,148347,111
MOHEBI,148347,111
MOHOLLAND,148347,111
MOJADDIDI,148347,111
MOLFINO,148347,111
MONACHELLI,148347,111
MONAN,148347,111
MONTANUS,148347,111
MONTEZA,148347,111
MONTICCIOLO,148347,111
MORAHERNANDEZ,148347,111
MORIC,148347,111
MOSCATI,148347,111
MUCHOWSKI,148347,111
MUHEISEN,148347,111
MUIRHEID,148347,111
MULATU,148347,111
MULLOKANDOV,148347,111
MURNEN,148347,111
MUSCENTE,148347,111
MUSSIE,148347,111
MUSTY,148347,111
MUTTART,148347,111
NAGELL,148347,111
NALDRETT,148347,111
NALKER,148347,111
NARBY,148347,111
NARH,148347,111
NEALER,148347,111
NEAPOLITAN,148347,111
NETTE,148347,111
NEWBAKER,148347,111
NEWHAUSER,148347,111
NEWREN,148347,111
NICHILO,148347,111
NIJJER,148347,111
NISCHWITZ,148347,111
NITECKI,148347,111
NORENE,148347,111
NYANG,148347,111
OCACIO,148347,111
OELSNER,148347,111
OERTWIG,148347,111
OETINGER,148347,111
OFFENBACH,148347,111
OGBUEHI,148347,111
OKS,148347,111
OLAWALE,148347,111
OLDBEAR,148347,111
OLEKSYN,148347,111
OLMANSON,148347,111
OLSZTA,148347,111
ORELUP,148347,111
ORTINAU,148347,111
OSETH,148347,111
OSHINS,148347,111
OSMA,148347,111
OSTREA,148347,111
OUTZEN,148347,111
PAEA,148347,111
PALADA,148347,111
PANDREA,148347,111
PANGRAC,148347,111
PARASKEVOPOULOS,148347,111
PARATO,148347,111
PAROCUA,148347,111
PASSETTI,148347,111
PATASKA,148347,111
PAUPORE,148347,111
PAWLENTY,148347,111
PEARISH,148347,111
PEKOL,148347,111
PERYSIAN,148347,111
PETTIPIECE,148347,111
PHIEL,148347,111
PILARZ,148347,111
PIOL,148347,111
PIOTRASCHKE,148347,111
PISANIELLO,148347,111
PISTELLO,148347,111
PLAGA,148347,111
PLASMAN,148347,111
PLILEY,148347,111
PLOTKOWSKI,148347,111
PLUTCHAK,148347,111
POCHATKO,148347,111
PODULKA,148347,111
POENISCH,148347,111
POLATIS,148347,111
POLOUS,148347,111
PONCZEK,148347,111
POOCH,148347,111
POTORSKI,148347,111
POWLEN,148347,111
PROE,148347,111
PROOST,148347,111
PROUHET,148347,111
PUDAS,148347,111
PUTTICK,148347,111
PYCIOR,148347,111
QUAL,148347,111
QUAS,148347,111
QUINCEL,148347,111
RABUS,148347,111
RADKIEWICZ,148347,111
RAGAINI,148347,111
RAISLER,148347,111
RAMBACH,148347,111
RAMJAS,148347,111
RAMSFIELD,148347,111
RANISZEWSKI,148347,111
RANON,148347,111
RANQUIST,148347,111
RAPPLEAN,148347,111
RASKOPF,148347,111
RATICAN,148347,111
RAUTER,148347,111
RAYIS,148347,111
REAVILL,148347,111
REBBER,148347,111
REBECCHI,148347,111
REBIC,148347,111
RECHENMACHER,148347,111
REEVS,148347,111
REINSHAGEN,148347,111
REISENBICHLER,148347,111
RESHESKE,148347,111
REYESVASQUEZ,148347,111
RHEEM,148347,111
RHINEBERGER,148347,111
RICASA,148347,111
RICKENS,148347,111
RIDDLESPERGER,148347,111
RIDGELEY,148347,111
RIMM,148347,111
RINELLI,148347,111
RINKA,148347,111
RODEGHERO,148347,111
ROEPCKE,148347,111
ROMERIL,148347,111
ROMPA,148347,111
ROPEL,148347,111
ROSEHILL,148347,111
ROSLONIEC,148347,111
ROSPOND,148347,111
ROSSNAGEL,148347,111
ROTKO,148347,111
ROURE,148347,111
RUBALCADA,148347,111
RUDH,148347,111
RUEFFER,148347,111
RUMBERG,148347,111
RUMMERY,148347,111
RUSHITI,148347,111
RYVKIN,148347,111
SAGHERIAN,148347,111
SAGNER,148347,111
SAGUID,148347,111
SAKAMAKI,148347,111
SALDEN,148347,111
SALEZ,148347,111
SALSE,148347,111
SALTHOUSE,148347,111
SALVANERA,148347,111
SANBOWER,148347,111
SANGIORGI,148347,111
SANTINA,148347,111
SANTONOCITO,148347,111
SARDELIS,148347,111
SARKES,148347,111
SATAPATHY,148347,111
SAUBERAN,148347,111
SCAMPOLI,148347,111
SCARANGELLO,148347,111
SCARCLIFF,148347,111
SCHAFFRICK,148347,111
SCHAG,148347,111
SCHAMBERG,148347,111
SCHAPPAUGH,148347,111
SCHARFMAN,148347,111
SCHARON,148347,111
SCHAUBEL,148347,111
SCHEERS,148347,111
SCHENBERG,148347,111
SCHLAGLE,148347,111
SCHNORF,148347,111
SCHOVAJSA,148347,111
SCHREIN,148347,111
SCHWARZBAUER,148347,111
SCHWEBS,148347,111
SCHWEMIN,148347,111
SCIOCCHETTI,148347,111
SEBELIUS,148347,111
SECKAR,148347,111
SEGI,148347,111
SEGUEDA,148347,111
SEGURO,148347,111
SEICH,148347,111
SENART,148347,111
SERVE,148347,111
SETLER,148347,111
SETTECASE,148347,111
SETTEDUCATO,148347,111
SEWART,148347,111
SEYLE,148347,111
SHAKIN,148347,111
SHAMILOV,148347,111
SHAZER,148347,111
SHEDRON,148347,111
SHEPS,148347,111
SHETRON,148347,111
SHONES,148347,111
SHUSHAN,148347,111
SHUTACK,148347,111
SIDLOWSKI,148347,111
SIERMINSKI,148347,111
SILVARODRIGUEZ,148347,111
SILVE,148347,111
SILVY,148347,111
SIMANTOV,148347,111
SINDLEDECKER,148347,111
SIRIANO,148347,111
SIVANICH,148347,111
SJAARDA,148347,111
SKYTTA,148347,111
SLATIN,148347,111
SLEATH,148347,111
SMEDEMA,148347,111
SMERCHEK,148347,111
SMIES,148347,111
SMOTER,148347,111
SNIEGOCKI,148347,111
SNOREK,148347,111
SOBKOWICZ,148347,111
SOKOLA,148347,111
SOKOLOVSKAYA,148347,111
SOKUP,148347,111
SOLIEN,148347,111
SONDEY,148347,111
SOTOSANCHEZ,148347,111
SOUMPHONPHAKDY,148347,111
SPHABMIXAY,148347,111
SPONHEIM,148347,111
SPORMAN,148347,111
STADDEN,148347,111
STALK,148347,111
STANDLY,148347,111
STAROBIN,148347,111
STASZKO,148347,111
STEF,148347,111
STEGGERDA,148347,111
STEIK,148347,111
STEINHORN,148347,111
STEINWINDER,148347,111
STERLACE,148347,111
STGEORGES,148347,111
STHILLAIRE,148347,111
STIMPHIL,148347,111
STINEHELFER,148347,111
STODART,148347,111
STOGDALE,148347,111
STOPINSKI,148347,111
STRAWHORN,148347,111
STRIEBICH,148347,111
STRUZYK,148347,111
STUDLER,148347,111
SUED,148347,111
SULZLE,148347,111
SURRITT,148347,111
SURRITTE,148347,111
SWARINGIM,148347,111
SWIDZINSKI,148347,111
SWIERSKI,148347,111
SWITEK,148347,111
SWOAP,148347,111
SYLVANDER,148347,111
SYLVIE,148347,111
SYPHARD,148347,111
SZELAGOWSKI,148347,111
SZORC,148347,111
SZWEDO,148347,111
SZYMONIK,148347,111
TADAKI,148347,111
TAIRI,148347,111
TALBI,148347,111
TALIANCICH,148347,111
TAMMA,148347,111
TAPELLA,148347,111
TARLUE,148347,111
TEKAMPE,148347,111
TENBROEK,148347,111
THIBAUD,148347,111
THIEKEN,148347,111
TININ,148347,111
TIPSORD,148347,111
TIRUNEH,148347,111
TLOUGAN,148347,111
TOKESHI,148347,111
TOLNAY,148347,111
TOMASHESKI,148347,111
TOMFORDE,148347,111
TOMI,148347,111
TOMOOKA,148347,111
TORRELLI,148347,111
TORTOLERO,148347,111
TOVANI,148347,111
TRANGHESE,148347,111
TRANOVICH,148347,111
TRAVISS,148347,111
TRAYES,148347,111
TREBBE,148347,111
TRENTACOSTI,148347,111
TRONT,148347,111
TUGEND,148347,111
TUPE,148347,111
TWEETON,148347,111
TYROL,148347,111
UCHINO,148347,111
UNDLIN,148347,111
UVINA,148347,111
VAHSHOLTZ,148347,111
VALINTINE,148347,111
VALLARO,148347,111
VALLEGO,148347,111
VANCINI,148347,111
VANDECASTEELE,148347,111
VANDEMERWE,148347,111
VANDERNOOT,148347,111
VANDERSYS,148347,111
VANDRISSE,148347,111
VANDURME,148347,111
VANDYNHOVEN,148347,111
VANHASSEL,148347,111
VANNULAND,148347,111
VANWORTH,148347,111
VATERS,148347,111
VAUGAN,148347,111
VEDRA,148347,111
VEHRENKAMP,148347,111
VENNETTI,148347,111
VERCIMAK,148347,111
VESQUEZ,148347,111
VIDAURRAZAGA,148347,111
VILAYSANE,148347,111
VILLAMONTE,148347,111
VIRAMONTEZ,148347,111
VISAN,148347,111
VISCEGLIA,148347,111
VISHWANATHAN,148347,111
VISSICCHIO,148347,111
VITERITTI,148347,111
VLAHOPOULOS,148347,111
VLAHOVIC,148347,111
VOKAC,148347,111
VUICHARD,148347,111
WAGERMAN,148347,111
WALDENMAIER,148347,111
WALLEMAN,148347,111
WAMBUGU,148347,111
WARDROPE,148347,111
WASSBERG,148347,111
WATSKY,148347,111
WEECE,148347,111
WELNINSKI,148347,111
WELSCHER,148347,111
WENSTRAND,148347,111
WERGES,148347,111
WERREMEYER,148347,111
WHITVER,148347,111
WILFORK,148347,111
WILICHOWSKI,148347,111
WILLCOCKS,148347,111
WISCHHUSEN,148347,111
WISCO,148347,111
WITTCOP,148347,111
WOELLHOF,148347,111
WOGGON,148347,111
WOHLFORTH,148347,111
WOODWELL,148347,111
WOOLETT,148347,111
WORDEKEMPER,148347,111
WORONA,148347,111
WOYDZIAK,148347,111
WYDLER,148347,111
WYVILL,148347,111
XIQUIN,148347,111
YABUKI,148347,111
YIGIT,148347,111
YOURDON,148347,111
YOUTE,148347,111
YURCO,148347,111
ZABER,148347,111
ZADRIMA,148347,111
ZARECKY,148347,111
ZARICH,148347,111
ZASTAWNY,148347,111
ZAWAIDEH,148347,111
ZAWALSKI,148347,111
ZAYATZ,148347,111
ZEFI,148347,111
ZGLINICKI,148347,111
ZICKMUND,148347,111
ZIINO,148347,111
ZIMMERHANZEL,148347,111
ZINKEL,148347,111
ZIRPEL,148347,111
ZOE,148347,111
ZOQUIER,148347,111
ZOURAS,148347,111
ZSIDO,148347,111
ZULA,148347,111
ZUPPE,148347,111
ZUSI,148347,111
ABDUSSABUR,149395,110
ACOL,149395,110
ADAMCZEWSKI,149395,110
AGUIRIANO,149395,110
AHHAITTY,149395,110
ALAILIMA,149395,110
ALAKA,149395,110
ALB,149395,110
ALBARANO,149395,110
ALBRICH,149395,110
ALISEO,149395,110
ALMACEN,149395,110
ALMENARES,149395,110
ALSULTAN,149395,110
AMADU,149395,110
AMBOY,149395,110
AMELOTTE,149395,110
AMENSON,149395,110
AMIGH,149395,110
AMM,149395,110
ANDRIGHETTI,149395,110
ANICK,149395,110
ANSERT,149395,110
APARICO,149395,110
APELT,149395,110
APPLEWHAITE,149395,110
ARATANI,149395,110
ARIASLOPEZ,149395,110
ARKLEY,149395,110
ARLEQUIN,149395,110
ARNQUIST,149395,110
ARNSPERGER,149395,110
ARONSOHN,149395,110
ARSENIAN,149395,110
ARTHUN,149395,110
ATHEN,149395,110
ATTARI,149395,110
ATTOE,149395,110
AUGURSON,149395,110
AUGUSTYNOWICZ,149395,110
AURILIA,149395,110
AVEYTIA,149395,110
AXMANN,149395,110
AYALAHERNANDEZ,149395,110
AZ,149395,110
AZRAN,149395,110
BACHIR,149395,110
BAELE,149395,110
BAGNER,149395,110
BAIJNATH,149395,110
BAKALYAR,149395,110
BALLERSTEIN,149395,110
BALLSTAEDT,149395,110
BANASKY,149395,110
BANJOKO,149395,110
BANKEMPER,149395,110
BANTNER,149395,110
BARABY,149395,110
BARBEL,149395,110
BARCHEERS,149395,110
BARGENQUAST,149395,110
BARISO,149395,110
BARNICA,149395,110
BARRAR,149395,110
BARSUGLIA,149395,110
BARTALINI,149395,110
BASILEO,149395,110
BATHER,149395,110
BAUSELL,149395,110
BAUSUM,149395,110
BAWDON,149395,110
BEAUJON,149395,110
BECKHUSEN,149395,110
BEDRIN,149395,110
BELLICH,149395,110
BENDL,149395,110
BENSAID,149395,110
BENYAK,149395,110
BERCOVICI,149395,110
BERGAM,149395,110
BERGELAND,149395,110
BERNESSER,149395,110
BERNSTEN,149395,110
BERONILLA,149395,110
BERTEN,149395,110
BERTUCA,149395,110
BHAMRA,149395,110
BIELMEIER,149395,110
BIEVENUE,149395,110
BILLMANN,149395,110
BINDE,149395,110
BINDERUP,149395,110
BINLEY,149395,110
BIRDSHEAD,149395,110
BIRKMANN,149395,110
BITEW,149395,110
BITSOI,149395,110
BIXENMANN,149395,110
BLANQUEL,149395,110
BLASEY,149395,110
BLEAN,149395,110
BLINSON,149395,110
BOESKOOL,149395,110
BOGOLIN,149395,110
BOOKSTAVER,149395,110
BORDSON,149395,110
BOURDESS,149395,110
BOURJOLLY,149395,110
BOUTTAVONG,149395,110
BOUZIANE,149395,110
BOVENKAMP,149395,110
BRECKLIN,149395,110
BRENNFLECK,149395,110
BRIDER,149395,110
BRONEC,149395,110
BRONSINK,149395,110
BRUMELL,149395,110
BUDAHN,149395,110
BUENZOW,149395,110
BULAS,149395,110
BULLERWELL,149395,110
BULLIARD,149395,110
BYLIN,149395,110
CAAMPUED,149395,110
CABUGAO,149395,110
CAMY,149395,110
CANALIZO,149395,110
CANIANO,149395,110
CANTINO,149395,110
CAPOZZOLA,149395,110
CASSAT,149395,110
CASTAGNETTO,149395,110
CASTELEIRO,149395,110
CASTELLETTI,149395,110
CASTRODIAZ,149395,110
CAVALLINO,149395,110
CAVERA,149395,110
CAVIEZEL,149395,110
CEARNAL,149395,110
CELLAMARE,149395,110
CEPLINA,149395,110
CHARNOW,149395,110
CHASSON,149395,110
CHAYKIN,149395,110
CHENNUPATI,149395,110
CHERICHEL,149395,110
CHERINGTON,149395,110
CHIAIA,149395,110
CHINAPEN,149395,110
CHOTE,149395,110
CHRISTOFANO,149395,110
CHUCKRAN,149395,110
CHYTIL,149395,110
CIAMILLO,149395,110
CIANCIOTTA,149395,110
CIHOCKI,149395,110
CINGLE,149395,110
CIRALDO,149395,110
CLAUDER,149395,110
CLOOKEY,149395,110
CLOSTERMAN,149395,110
CLOUM,149395,110
COBUZZI,149395,110
CODERO,149395,110
COLLENTINE,149395,110
COMITZ,149395,110
CONSOLA,149395,110
COPPICK,149395,110
CORBALLY,149395,110
CORBRAN,149395,110
COROMINAS,149395,110
CORREAS,149395,110
COUGER,149395,110
CRAFF,149395,110
CRATHERS,149395,110
CRETENS,149395,110
CRIMIN,149395,110
CRUSIUS,149395,110
CUCURA,149395,110
CULCAY,149395,110
CUPOLI,149395,110
CURP,149395,110
CURSI,149395,110
CURTY,149395,110
CUSEO,149395,110
CUST,149395,110
CZUCHRA,149395,110
DAKES,149395,110
DAMONS,149395,110
DANBACK,149395,110
DANNATT,149395,110
DANTICO,149395,110
DASEN,149395,110
DAVIDUK,149395,110
DAVIEAU,149395,110
DECEW,149395,110
DECHELLO,149395,110
DECKINGA,149395,110
DEDERER,149395,110
DEETH,149395,110
DEGRUISE,149395,110
DEISER,149395,110
DEKLEINE,149395,110
DEKOWSKI,149395,110
DELCOL,149395,110
DELEVEAUX,149395,110
DELLADONNA,149395,110
DELUCCO,149395,110
DENNIES,149395,110
DEOJAY,149395,110
DERICKS,149395,110
DEROEST,149395,110
DERRERA,149395,110
DERSAM,149395,110
DESOPO,149395,110
DESPENZA,149395,110
DETLEFS,149395,110
DEVANNY,149395,110
DEVLAMINCK,149395,110
DEVLUGT,149395,110
DEVOTIE,149395,110
DEVREE,149395,110
DEXTRE,149395,110
DEZUTTER,149395,110
DIAZCASTILLO,149395,110
DICOB,149395,110
DIERA,149395,110
DILEONARDI,149395,110
DINARO,149395,110
DINGERSON,149395,110
DIRAGO,149395,110
DISCHINO,149395,110
DISTANCE,149395,110
DLUBAC,149395,110
DOLIESLAGER,149395,110
DOMINICIS,149395,110
DONALS,149395,110
DONLUCAS,149395,110
DOPERALSKI,149395,110
DORADOR,149395,110
DORTONA,149395,110
DRAGANOV,149395,110
DRISSI,149395,110
DROUGAS,149395,110
DRUHOT,149395,110
DRUMHEISER,149395,110
DUCHETTE,149395,110
DUGANDZIC,149395,110
DUNAS,149395,110
DUNKELMAN,149395,110
DURANSO,149395,110
DWAILEEBE,149395,110
DWAMENA,149395,110
EARBY,149395,110
EASTABROOKS,149395,110
EBBELING,149395,110
ECKHOLT,149395,110
ECKLOR,149395,110
EDROSA,149395,110
EDUN,149395,110
EFREMOV,149395,110
EFTING,149395,110
EHLENBACH,149395,110
EISENBART,149395,110
ELBLE,149395,110
ELSAADI,149395,110
ELSHARKAWY,149395,110
EMAS,149395,110
EMATA,149395,110
ENGBARTH,149395,110
ENGLEN,149395,110
ERSING,149395,110
ETTESTAD,149395,110
EUPER,149395,110
EVINGHAM,149395,110
EWINS,149395,110
FAINI,149395,110
FALLAVOLLITA,149395,110
FANTUZZI,149395,110
FARAGALLI,149395,110
FARNETI,149395,110
FARRISS,149395,110
FEDDELER,149395,110
FEITZ,149395,110
FELANDO,149395,110
FELO,149395,110
FELTMEYER,149395,110
FENIK,149395,110
FERNQUIST,149395,110
FLEETING,149395,110
FLERI,149395,110
FOLSTROM,149395,110
FORMARO,149395,110
FORNADEL,149395,110
FORRETT,149395,110
FOULIS,149395,110
FOWLS,149395,110
FOWLSTON,149395,110
FRAZEL,149395,110
FRECKS,149395,110
FREETAGE,149395,110
FREYLING,149395,110
FRIEBUS,149395,110
FRUCIANO,149395,110
FRUITT,149395,110
FRUNZA,149395,110
FRYSLIE,149395,110
FUDACZ,149395,110
FUELLER,149395,110
FUSSEL,149395,110
GAESTEL,149395,110
GALACGAC,149395,110
GALASZEWSKI,149395,110
GAMBERT,149395,110
GAMMAD,149395,110
GANCHENKO,149395,110
GANSMANN,149395,110
GARBERICH,149395,110
GARBINI,149395,110
GARCIACALDERON,149395,110
GARDEPE,149395,110
GARIG,149395,110
GERAMITA,149395,110
GERLA,149395,110
GERLAK,149395,110
GIANARIS,149395,110
GIANO,149395,110
GIESMAN,149395,110
GIORGINI,149395,110
GIULIANA,149395,110
GIUSTRA,149395,110
GLASSBURNER,149395,110
GLASSMAKER,149395,110
GLASSTETTER,149395,110
GLIM,149395,110
GNEISER,149395,110
GOCHENOUER,149395,110
GOLDMUNZER,149395,110
GOLESTANI,149395,110
GORELOV,149395,110
GOTTLEIB,149395,110
GOUVION,149395,110
GRABBER,149395,110
GRAFSTEIN,149395,110
GRANDYS,149395,110
GRANRUD,149395,110
GRATO,149395,110
GRAUSTEIN,149395,110
GRECULA,149395,110
GREFFIN,149395,110
GREFSRUD,149395,110
GREUFE,149395,110
GROMASKI,149395,110
GRONLEY,149395,110
GRONLI,149395,110
GRUETTNER,149395,110
GRZAN,149395,110
GUASTAVINO,149395,110
GUETTI,149395,110
GULIN,149395,110
GUMAYAGAY,149395,110
GUNKELMAN,149395,110
GUSTAVO,149395,110
GUTHY,149395,110
GUTLEBER,149395,110
HAANEN,149395,110
HACKERMAN,149395,110
HAE,149395,110
HAENISCH,149395,110
HAENSEL,149395,110
HAERI,149395,110
HALLANGER,149395,110
HAMDALLAH,149395,110
HAMMED,149395,110
HAMMERAND,149395,110
HANNIFORD,149395,110
HANSPARD,149395,110
HARTUPEE,149395,110
HASELRIG,149395,110
HASKIELL,149395,110
HASSELBLAD,149395,110
HATTAB,149395,110
HEADDY,149395,110
HEISEN,149395,110
HEITSHUSEN,149395,110
HELVY,149395,110
HELZERMAN,149395,110
HENRIKSSON,149395,110
HENRITZE,149395,110
HEPOKOSKI,149395,110
HERRERAREYES,149395,110
HERZINGER,149395,110
HESSEE,149395,110
HIGDAY,149395,110
HINT,149395,110
HITI,149395,110
HLEBECHUK,149395,110
HOJNICKI,149395,110
HOLDERER,149395,110
HOMITZ,149395,110
HONDEL,149395,110
HOOKOM,149395,110
HOTTEN,149395,110
HOTTES,149395,110
HOWANITZ,149395,110
HUITEMA,149395,110
HUNDHAUSEN,149395,110
HUNNINGHAKE,149395,110
HUPPMAN,149395,110
HUREWITZ,149395,110
HURIC,149395,110
HUWA,149395,110
HYSLOPE,149395,110
ICARDI,149395,110
IDELSON,149395,110
IGHANI,149395,110
JAGADISH,149395,110
JAGEMAN,149395,110
JAGESSAR,149395,110
JAMALEDDIN,149395,110
JAMON,149395,110
JANAC,149395,110
JANIN,149395,110
JARMOLOWICZ,149395,110
JENEWEIN,149395,110
JOERRES,149395,110
JOLSON,149395,110
JONESI,149395,110
JOSLEYN,149395,110
JUELA,149395,110
JUI,149395,110
JURISICH,149395,110
KACHELMEIER,149395,110
KACPRZAK,149395,110
KAHLHAMER,149395,110
KAJIYAMA,149395,110
KALMAKOFF,149395,110
KALSTAD,149395,110
KANABY,149395,110
KANDALAFT,149395,110
KANTOROWICZ,149395,110
KAPANKE,149395,110
KARUPPIAH,149395,110
KASLON,149395,110
KATZUNG,149395,110
KEAIRNS,149395,110
KEDRA,149395,110
KEHRING,149395,110
KEILING,149395,110
KEILL,149395,110
KEILLER,149395,110
KEMPSTON,149395,110
KENNICKER,149395,110
KHAWAM,149395,110
KIDSTON,149395,110
KIESAU,149395,110
KIMBERLAIN,149395,110
KIMBLETON,149395,110
KINBACK,149395,110
KINDA,149395,110
KIRKALDY,149395,110
KIRSHY,149395,110
KIWALA,149395,110
KLAAHSEN,149395,110
KLARA,149395,110
KLARMANN,149395,110
KLEINWACHTER,149395,110
KLEPNER,149395,110
KLEVAN,149395,110
KLIMECK,149395,110
KNAFELC,149395,110
KNUTZ,149395,110
KOEBCKE,149395,110
KOESSEL,149395,110
KOLBAS,149395,110
KONDZIELA,149395,110
KONEMANN,149395,110
KONYK,149395,110
KOONSE,149395,110
KOPNICKY,149395,110
KORCZ,149395,110
KORES,149395,110
KOSCHEL,149395,110
KOSCIK,149395,110
KOSMO,149395,110
KOSSEL,149395,110
KOUMAS,149395,110
KOURAFAS,149395,110
KOUT,149395,110
KOWIESKI,149395,110
KRANKER,149395,110
KRC,149395,110
KRYSTOF,149395,110
KUCENSKI,149395,110
KUCEVIC,149395,110
KUCHINKA,149395,110
KUHFAHL,149395,110
KUKAN,149395,110
KUNBERGER,149395,110
KURESHI,149395,110
KUTCHMAN,149395,110
KWARTLER,149395,110
LABISSONIERE,149395,110
LABUNSKI,149395,110
LAFAVRE,149395,110
LAJUETT,149395,110
LALUMANDIER,149395,110
LASSE,149395,110
LATZER,149395,110
LAUHER,149395,110
LAUKHUFF,149395,110
LAVORINI,149395,110
LAZANSKY,149395,110
LAZEWSKI,149395,110
LEATCH,149395,110
LEETZ,149395,110
LEIKEN,149395,110
LEIP,149395,110
LEKARCZYK,149395,110
LEMERANDE,149395,110
LESSLY,149395,110
LEVANGER,149395,110
LEWIEN,149395,110
LIBERTINO,149395,110
LIDDON,149395,110
LIEBENTRITT,149395,110
LIESENFELD,149395,110
LINDSKOOG,149395,110
LINKES,149395,110
LISCHAK,149395,110
LISTWAN,149395,110
LIVERIS,149395,110
LOESSIN,149395,110
LOJAS,149395,110
LOMIS,149395,110
LOPEZMIRANDA,149395,110
LOUISA,149395,110
LOUISVILLE,149395,110
LOVILLE,149395,110
LOYKO,149395,110
LULIC,149395,110
LUSICH,149395,110
LUTOSTANSKI,149395,110
LYKOWSKI,149395,110
MACALL,149395,110
MACEJAK,149395,110
MACKRILL,149395,110
MACUGAY,149395,110
MADALONE,149395,110
MADEA,149395,110
MADIRAJU,149395,110
MAERTEN,149395,110
MAHJOUB,149395,110
MAHOME,149395,110
MALAPITAN,149395,110
MALLOL,149395,110
MANGIO,149395,110
MANLULU,149395,110
MANNUZZA,149395,110
MANOLA,149395,110
MANRRIQUE,149395,110
MAQUILON,149395,110
MARCHISOTTO,149395,110
MARCINO,149395,110
MARCKINI,149395,110
MARCZUK,149395,110
MARIAGUADALUPE,149395,110
MARINAK,149395,110
MAROSEK,149395,110
MARSA,149395,110
MARSTEN,149395,110
MARTINEZLARA,149395,110
MARTINIZ,149395,110
MARTINUSEN,149395,110
MARTYNOWICZ,149395,110
MASLINSKI,149395,110
MASSIER,149395,110
MATESICH,149395,110
MATHNA,149395,110
MATUSOW,149395,110
MATZEL,149395,110
MAUGE,149395,110
MAZEI,149395,110
MAZZACANO,149395,110
MCBRIER,149395,110
MCENENY,149395,110
MCGARIGLE,149395,110
MCKENNAN,149395,110
MCNEAIR,149395,110
MCPAUL,149395,110
MCSWIGGAN,149395,110
MCUNE,149395,110
MCVEETY,149395,110
MEDSGER,149395,110
MEETZ,149395,110
MEINTZ,149395,110
MEKJIAN,149395,110
MELCHIONNO,149395,110
MELITON,149395,110
MELLET,149395,110
MENDOZATORRES,149395,110
MERCIK,149395,110
MERINGER,149395,110
MESSERVY,149395,110
MICHINI,149395,110
MICHMERHUIZEN,149395,110
MICOL,149395,110
MIERENDORF,149395,110
MIKLIC,149395,110
MILTER,149395,110
MINCHELLO,149395,110
MINDEK,149395,110
MINICHINI,149395,110
MINZEL,149395,110
MINZENMAYER,149395,110
MIYASAKA,149395,110
MLEKUSH,149395,110
MOCHERMAN,149395,110
MOGHUL,149395,110
MOHANDAS,149395,110
MOHRHAUSER,149395,110
MOLOSKY,149395,110
MONEK,149395,110
MONTEGNA,149395,110
MONTOJO,149395,110
MONTREY,149395,110
MOROVATI,149395,110
MOSINIAK,149395,110
MOSTACERO,149395,110
MOUM,149395,110
MUESES,149395,110
MUMPHORD,149395,110
MUSHA,149395,110
MUZYK,149395,110
MYAT,149395,110
NABUA,149395,110
NADE,149395,110
NADRATOWSKI,149395,110
NAGARAJU,149395,110
NAGG,149395,110
NAKAGAKI,149395,110
NASELLA,149395,110
NASSIVERA,149395,110
NAUDIN,149395,110
NAYERI,149395,110
NAZERI,149395,110
NDUBUISI,149395,110
NEITZEY,149395,110
NEME,149395,110
NEMEYER,149395,110
NERIDA,149395,110
NERZ,149395,110
NESBETT,149395,110
NESDAHL,149395,110
NETTUNO,149395,110
NGUIEN,149395,110
NITAHARA,149395,110
NOTTLE,149395,110
NUNEZDIAZ,149395,110
OBERMULLER,149395,110
OCKIMEY,149395,110
OELLRICH,149395,110
OLITA,149395,110
OLLEK,149395,110
ONISKO,149395,110
OPAROWSKI,149395,110
OPFERMANN,149395,110
ORAL,149395,110
ORDAKOWSKI,149395,110
ORTHWEIN,149395,110
OSANO,149395,110
OSTERWEIL,149395,110
OTTENWELLER,149395,110
OVERTURFF,149395,110
PACHULSKI,149395,110
PACULBA,149395,110
PADAR,149395,110
PAGLIARA,149395,110
PAGSOLINGAN,149395,110
PAISHON,149395,110
PALAT,149395,110
PALEPU,149395,110
PALFFY,149395,110
PALMACCIO,149395,110
PALMATARY,149395,110
PANCHOO,149395,110
PANTIER,149395,110
PANTZLAFF,149395,110
PANZITTA,149395,110
PAPPILLION,149395,110
PAPPION,149395,110
PARAL,149395,110
PARCHERT,149395,110
PARTHUM,149395,110
PASHOLK,149395,110
PATHANIA,149395,110
PATRONAS,149395,110
PATWARI,149395,110
PAZDERSKI,149395,110
PEDERZANI,149395,110
PELCHA,149395,110
PELLIGRINO,149395,110
PENASANCHEZ,149395,110
PENZENSTADLER,149395,110
PERCONTI,149395,110
PERUCCI,149395,110
PERUSO,149395,110
PETMECKY,149395,110
PETTIPAS,149395,110
PETZAK,149395,110
PEZZILLO,149395,110
PHILBY,149395,110
PHYALL,149395,110
PIECHNIK,149395,110
PIESCHKE,149395,110
PIGA,149395,110
PIRRE,149395,110
PODOLAN,149395,110
POIENCOT,149395,110
POINTE,149395,110
POJMAN,149395,110
POLYS,149395,110
POMONIS,149395,110
POPILEK,149395,110
POSTOL,149395,110
POTITO,149395,110
POVIO,149395,110
POWAR,149395,110
PREBE,149395,110
PRENSA,149395,110
PRIMOSCH,149395,110
PURKAYASTHA,149395,110
PURKINS,149395,110
PURNHAGEN,149395,110
PUSZ,149395,110
QADERI,149395,110
QUETANT,149395,110
QUINDARA,149395,110
QUINENE,149395,110
RAKOFF,149395,110
RALYA,149395,110
RAMNANI,149395,110
RAMONDETTA,149395,110
RAMSKI,149395,110
RAMSOWER,149395,110
RANGELGARCIA,149395,110
RAPSTINE,149395,110
RAQUEDAN,149395,110
RATFIELD,149395,110
RATIU,149395,110
RAUCHFUSS,149395,110
RAVAIOLI,149395,110
RAVINDRANATH,149395,110
RAVLIN,149395,110
RAWHOUSER,149395,110
REDROVAN,149395,110
REELY,149395,110
REGASPI,149395,110
REGGANS,149395,110
REINCE,149395,110
RENAGHAN,149395,110
RENUART,149395,110
REOHR,149395,110
REPICE,149395,110
RESTUCCIO,149395,110
RESZCZYNSKI,149395,110
REVANKAR,149395,110
REYESGUTIERREZ,149395,110
REYNANTE,149395,110
RHEINHART,149395,110
RICHADSON,149395,110
RICHAR,149395,110
RIECKMAN,149395,110
RINTAMAKI,149395,110
RIOSRIVERA,149395,110
RODGRIGUEZ,149395,110
RODHOUSE,149395,110
ROEDING,149395,110
ROGNEY,149395,110
ROHLFSEN,149395,110
ROLFZEN,149395,110
ROLLY,149395,110
ROMEIRO,149395,110
ROMSDAHL,149395,110
RONHOVDE,149395,110
ROOST,149395,110
ROSBROOK,149395,110
ROSENCUTTER,149395,110
ROSICK,149395,110
ROSPLOCH,149395,110
ROTONDARO,149395,110
ROUSHAR,149395,110
ROUSSELOT,149395,110
ROZBORIL,149395,110
RUBESH,149395,110
RUBIE,149395,110
RUCHOTZKE,149395,110
RUDKO,149395,110
RUSTVOLD,149395,110
RYMEL,149395,110
SAFERIGHT,149395,110
SAGGU,149395,110
SAJADI,149395,110
SALANDANAN,149395,110
SALLSTROM,149395,110
SALTZBURG,149395,110
SAMBUCCI,149395,110
SAMMER,149395,110
SAMOYLOV,149395,110
SAMPAIR,149395,110
SANDAK,149395,110
SANDEE,149395,110
SANDHAGEN,149395,110
SANGIRARDI,149395,110
SANGUINET,149395,110
SAROW,149395,110
SCARA,149395,110
SCHADOW,149395,110
SCHAFFHAUSEN,149395,110
SCHALE,149395,110
SCHANDELMEIER,149395,110
SCHARK,149395,110
SCHELLY,149395,110
SCHIAFFO,149395,110
SCHLEIDEN,149395,110
SCHLOEGL,149395,110
SCHNEBELT,149395,110
SCHOJAN,149395,110
SCHREIDER,149395,110
SCHREIMAN,149395,110
SCHRUEFER,149395,110
SCHURCH,149395,110
SEADORF,149395,110
SEBOR,149395,110
SEEGRAVES,149395,110
SEEGRIST,149395,110
SEIDENKRANZ,149395,110
SELLKE,149395,110
SEMANCO,149395,110
SEMSCH,149395,110
SENFFNER,149395,110
SERVIUS,149395,110
SESSAMEN,149395,110
SEVENING,149395,110
SGAMBELLONE,149395,110
SHAHAM,149395,110
SHAKIROVA,149395,110
SHAMEY,149395,110
SHAPCOTT,149395,110
SHAVIT,149395,110
SHELLENBERG,149395,110
SHELLHART,149395,110
SHIFFRIN,149395,110
SHIRCEL,149395,110
SHIRODKAR,149395,110
SHORTHAIR,149395,110
SIERK,149395,110
SIFONTE,149395,110
SIGWARTH,149395,110
SIMIS,149395,110
SIUM,149395,110
SKAGER,149395,110
SKARTVEDT,149395,110
SKEVINGTON,149395,110
SKIEF,149395,110
SKILLE,149395,110
SKONECKI,149395,110
SKUNDA,149395,110
SKURSKY,149395,110
SLATKY,149395,110
SLIPKA,149395,110
SLYKHUIS,149395,110
SMALLFIELD,149395,110
SMEINS,149395,110
SODEK,149395,110
SOITO,149395,110
SOLISMARTINEZ,149395,110
SOMBKE,149395,110
SONIDO,149395,110
SOPENA,149395,110
SOTOORTIZ,149395,110
SPACCARELLI,149395,110
SPAETHE,149395,110
SPANNAUS,149395,110
SPIESMAN,149395,110
SPIGLER,149395,110
SRULOWITZ,149395,110
STACRUZ,149395,110
STAIERT,149395,110
STALF,149395,110
STANWIX,149395,110
STEFANKIEWICZ,149395,110
STEFURAK,149395,110
STEIGNER,149395,110
STEMWEDEL,149395,110
STENSLIE,149395,110
STEPANOVIC,149395,110
STIFT,149395,110
STIGLIC,149395,110
STOCKSTAD,149395,110
STORTROEN,149395,110
STOTRIDGE,149395,110
STRAHLEY,149395,110
STRELITZ,149395,110
STROUDE,149395,110
STUIBER,149395,110
SUBICK,149395,110
SUCHOWSKI,149395,110
SUDARIO,149395,110
SUDHIR,149395,110
SUEDA,149395,110
SUGIOKA,149395,110
SUHONEN,149395,110
SULIVERES,149395,110
SUMMAN,149395,110
SUNDEM,149395,110
SWATMAN,149395,110
SWOMLEY,149395,110
SZACHTA,149395,110
TABAKIN,149395,110
TABELLION,149395,110
TAGLER,149395,110
TAJIK,149395,110
TALABERT,149395,110
TALAG,149395,110
TARINI,149395,110
TARRILLION,149395,110
TAULLI,149395,110
TAYLORJOHNSON,149395,110
TERRILLION,149395,110
TERWISKE,149395,110
THEOC,149395,110
THREATTE,149395,110
THUER,149395,110
THURKETTLE,149395,110
TILDON,149395,110
TILLARD,149395,110
TINMAN,149395,110
TOLOTTI,149395,110
TOMCZIK,149395,110
TOMFOHRDE,149395,110
TOUATI,149395,110
TRAILOR,149395,110
TREHY,149395,110
TREITLER,149395,110
TRIBUNE,149395,110
TROJANEK,149395,110
TROKE,149395,110
TSCHUDIN,149395,110
TUPLING,149395,110
TURKER,149395,110
TUROCZY,149395,110
TUTRONE,149395,110
TYNCH,149395,110
UPADHYAYULA,149395,110
UYESUGI,149395,110
VAKALAHI,149395,110
VALENCA,149395,110
VANAM,149395,110
VANBRIGGLE,149395,110
VANBRONKHORST,149395,110
VANDENABEELE,149395,110
VANDERSPEK,149395,110
VANDERSTAPPEN,149395,110
VANDESLUNT,149395,110
VANETTI,149395,110
VANHAGEN,149395,110
VANHOVELN,149395,110
VANMAAREN,149395,110
VANOSDELL,149395,110
VANSLETTE,149395,110
VANTIMMEREN,149395,110
VARDE,149395,110
VASQUEZGONZALE,149395,110
VECCHIARELLO,149395,110
VEGSO,149395,110
VERCELLOTTI,149395,110
VEROS,149395,110
VIENT,149395,110
VILLARAZA,149395,110
VINUYA,149395,110
VITOSH,149395,110
VIZZONE,149395,110
VOLLEY,149395,110
VOLODARSKY,149395,110
VONAHSEN,149395,110
VONENDE,149395,110
VONHOLLE,149395,110
VORMITTAG,149395,110
WADEMAN,149395,110
WAGENMANN,149395,110
WAHLA,149395,110
WAITH,149395,110
WARGOWSKY,149395,110
WARMING,149395,110
WASZ,149395,110
WATKISS,149395,110
WEAHKEE,149395,110
WEGENKE,149395,110
WEGWERTH,149395,110
WELSTEAD,149395,110
WENSELL,149395,110
WERMELING,149395,110
WERRING,149395,110
WESTENBROEK,149395,110
WESTLEIGH,149395,110
WHITEMARSH,149395,110
WIDDOP,149395,110
WIERING,149395,110
WILBAR,149395,110
WILCENSKI,149395,110
WILDFEUER,149395,110
WILDGRUBE,149395,110
WILLBERG,149395,110
WILLCOXSON,149395,110
WINHEIM,149395,110
WINNINGER,149395,110
WINQUEST,149395,110
WINSBERG,149395,110
WINTERBOTHAM,149395,110
WISCOMB,149395,110
WISSEN,149395,110
WITTEBORT,149395,110
WITTKAMPER,149395,110
WOITASZEWSKI,149395,110
WOJKIEWICZ,149395,110
WOLFENDALE,149395,110
WOLFLA,149395,110
WOLOCH,149395,110
WORNOM,149395,110
WOROBEL,149395,110
WRESSELL,149395,110
WUEHLER,149395,110
WYE,149395,110
XAYADETH,149395,110
YANKER,149395,110
YARUS,149395,110
YASSER,149395,110
YAUNEY,149395,110
YERNENI,149395,110
YIADOM,149395,110
YONAK,149395,110
ZABOJNIK,149395,110
ZACAPALA,149395,110
ZAGHARI,149395,110
ZAIM,149395,110
ZEHEL,149395,110
ZEHRER,149395,110
ZELHART,149395,110
ZENONI,149395,110
ZEROTH,149395,110
ZIEGLMEIER,149395,110
ZUMO,149395,110
ZURKOWSKI,149395,110
ZUROMSKI,149395,110
ZUZIAK,149395,110
ZYLMAN,149395,110
ABEJUELA,150452,109
ABELLON,150452,109
ABLOG,150452,109
ABUCAY,150452,109
ACENAS,150452,109
AGREGADO,150452,109
AGUILLEN,150452,109
AGUSTI,150452,109
AHLAWAT,150452,109
AJU,150452,109
AKHRAS,150452,109
AKIMOV,150452,109
ALAGA,150452,109
ALATINI,150452,109
ALBRINCK,150452,109
ALEVEDO,150452,109
ALICIE,150452,109
ALIS,150452,109
ALKINANI,150452,109
ALLENSPACH,150452,109
ALMAWRI,150452,109
ALTENBAUMER,150452,109
ALTENHOFF,150452,109
ALUOTTO,150452,109
ANAWALT,150452,109
ANDRIOLO,150452,109
ANSTROM,150452,109
ARCHIBLE,150452,109
ARETT,150452,109
ARIMURA,150452,109
ARISTEO,150452,109
ARKENS,150452,109
AROCENA,150452,109
ARRETCHE,150452,109
ASAR,150452,109
ASHORN,150452,109
ASNIS,150452,109
AUCELLA,150452,109
AULESTIA,150452,109
AULS,150452,109
AUSTRIE,150452,109
AVANSINO,150452,109
AVIGLIANO,150452,109
AWAWDA,150452,109
AXTMANN,150452,109
AYED,150452,109
AYORINDE,150452,109
AZANON,150452,109
BACI,150452,109
BACLAAN,150452,109
BADDICK,150452,109
BAIRNSFATHER,150452,109
BAJKO,150452,109
BALLHAGEN,150452,109
BALOO,150452,109
BANZUELA,150452,109
BARAGONA,150452,109
BARANYI,150452,109
BARCAL,150452,109
BAREMAN,150452,109
BARENDS,150452,109
BARGAINEER,150452,109
BARKIE,150452,109
BARTHOLOMAI,150452,109
BASSINGTHWAITE,150452,109
BATAYOLA,150452,109
BATHORY,150452,109
BAULA,150452,109
BAVAR,150452,109
BAYNOR,150452,109
BEGEY,150452,109
BEHARY,150452,109
BEKKERUS,150452,109
BELCZAK,150452,109
BELHOMME,150452,109
BELKER,150452,109
BEMPAH,150452,109
BENANDER,150452,109
BENCES,150452,109
BENLOSS,150452,109
BENTFIELD,150452,109
BERECZKY,150452,109
BERGSIEKER,150452,109
BERMOND,150452,109
BERRIOZABAL,150452,109
BERTAIN,150452,109
BERTONAZZI,150452,109
BERZANSKY,150452,109
BESOZZI,150452,109
BESU,150452,109
BIMBERG,150452,109
BITSUE,150452,109
BJELLA,150452,109
BLASIOLI,150452,109
BOLZAN,150452,109
BORASKI,150452,109
BORHAM,150452,109
BOROWCZYK,150452,109
BORYCZKA,150452,109
BOSCANA,150452,109
BOSTDORF,150452,109
BOSTJANCIC,150452,109
BOUZY,150452,109
BOZIER,150452,109
BRACAMONTEZ,150452,109
BRACETTY,150452,109
BRANS,150452,109
BRANTMAN,150452,109
BRASSEA,150452,109
BRAZINA,150452,109
BREAZELL,150452,109
BREETZ,150452,109
BREITE,150452,109
BREMENKAMP,150452,109
BRENGMAN,150452,109
BRIED,150452,109
BRINNING,150452,109
BRODEHL,150452,109
BROKISH,150452,109
BROKOS,150452,109
BRZECZEK,150452,109
BUCKHEISTER,150452,109
BUDANO,150452,109
BUERKLEY,150452,109
BULIGA,150452,109
BUNDLEY,150452,109
BUNES,150452,109
BURATTO,150452,109
BURZO,150452,109
BUTKOVIC,150452,109
BUTTIGLIERI,150452,109
BYTHWOOD,150452,109
BZURA,150452,109
CABERRA,150452,109
CADICHON,150452,109
CAELWAERTS,150452,109
CALIMER,150452,109
CALINGO,150452,109
CAMAL,150452,109
CAMBERG,150452,109
CAMELL,150452,109
CAMPAIN,150452,109
CAMU,150452,109
CANATSEY,150452,109
CANTAMESSA,150452,109
CAPACETE,150452,109
CAPELLINI,150452,109
CAPLETON,150452,109
CAPRETTI,150452,109
CARAVANA,150452,109
CARDEW,150452,109
CARGIN,150452,109
CARNUCCIO,150452,109
CARRONE,150452,109
CASAB,150452,109
CASARETTO,150452,109
CATALOGNA,150452,109
CAZACU,150452,109
CECCHINE,150452,109
CEKALA,150452,109
CERUANTES,150452,109
CHANDNANI,150452,109
CHANZA,150452,109
CHAREZ,150452,109
CHARNETSKI,150452,109
CHELSTOWSKI,150452,109
CHEREP,150452,109
CHESKE,150452,109
CHESTINE,150452,109
CHIAPPINELLI,150452,109
CHITAY,150452,109
CHULA,150452,109
CIAFRE,150452,109
CIANFICHI,150452,109
CIAPPETTA,150452,109
CICHANOWICZ,150452,109
CLINGEN,150452,109
CLONAN,150452,109
CLULEY,150452,109
COBUN,150452,109
COCCAGNA,150452,109
COHL,150452,109
COJON,150452,109
COLACION,150452,109
COMNICK,150452,109
CONDOLL,150452,109
CONLAY,150452,109
CORDIANO,150452,109
CORNETET,150452,109
CORRIPIO,150452,109
COTOM,150452,109
COULBY,150452,109
COUTIN,150452,109
COVELY,150452,109
CROZE,150452,109
CRUSEN,150452,109
CRUZSOTO,150452,109
CUENIN,150452,109
CUPANI,150452,109
CUSTODIA,150452,109
CYMBALA,150452,109
CYNAR,150452,109
CZAPIGA,150452,109
DAHYA,150452,109
DAMARAJU,150452,109
DANALS,150452,109
DANYO,150452,109
DASCHKE,150452,109
DASTOLFO,150452,109
DAUGETTE,150452,109
DAVDA,150452,109
DAVILAR,150452,109
DAYRIES,150452,109
DEATRICH,150452,109
DECHEN,150452,109
DECOCQ,150452,109
DEDDO,150452,109
DEFRIEZ,150452,109
DEGREEN,150452,109
DEHORNEY,150452,109
DEKLOTZ,150452,109
DELESDERNIER,150452,109
DELFI,150452,109
DEMASCIO,150452,109
DEMATTIES,150452,109
DEMONTINEY,150452,109
DEMOTTO,150452,109
DENBERG,150452,109
DENOTTER,150452,109
DENZA,150452,109
DEPARI,150452,109
DERIEG,150452,109
DERTZ,150452,109
DESABATO,150452,109
DESPAIGNE,150452,109
DEVIDO,150452,109
DIAZCHAVEZ,150452,109
DICH,150452,109
DIGA,150452,109
DIJAK,150452,109
DILLAWAY,150452,109
DILLINER,150452,109
DILYARD,150452,109
DIPARDO,150452,109
DISCEPOLO,150452,109
DIVIZIO,150452,109
DIZOGLIO,150452,109
DOGBE,150452,109
DOMINGUEZGARCI,150452,109
DOMINIANNI,150452,109
DORRAH,150452,109
DOUGLIN,150452,109
DROBNEY,150452,109
DUBIL,150452,109
DUCHATELLIER,150452,109
DUMERVIL,150452,109
DUSIN,150452,109
DUSTHIMER,150452,109
DUTKOWSKI,150452,109
DUTLER,150452,109
DWORK,150452,109
EASEY,150452,109
EASLAND,150452,109
EDDLETON,150452,109
EDEMA,150452,109
EDENTON,150452,109
EDMEAD,150452,109
EGENOLF,150452,109
EHARA,150452,109
EIBERGER,150452,109
EKO,150452,109
ELLERING,150452,109
EMARY,150452,109
EMAUS,150452,109
ENGBER,150452,109
ENGERON,150452,109
ENGLESE,150452,109
ERCKERT,150452,109
ERNISSE,150452,109
ERRA,150452,109
ERTURK,150452,109
ESCORT,150452,109
ESFANDIARY,150452,109
ESQUINCA,150452,109
ESTERON,150452,109
ESTINVIL,150452,109
EUNG,150452,109
EVASCO,150452,109
EVELO,150452,109
EVO,150452,109
EXSTED,150452,109
EYAL,150452,109
EYDE,150452,109
FABARA,150452,109
FARINE,150452,109
FASSHAUER,150452,109
FASTNER,150452,109
FAUNI,150452,109
FAYAZ,150452,109
FEDOREK,150452,109
FEEN,150452,109
FEFFERMAN,150452,109
FEHLIG,150452,109
FELICETTY,150452,109
FENILI,150452,109
FETTIS,150452,109
FIAMINGO,150452,109
FICTUM,150452,109
FILIBECK,150452,109
FILOS,150452,109
FIRARI,150452,109
FISCHMANN,150452,109
FODRIE,150452,109
FOGA,150452,109
FOGAN,150452,109
FOGLESON,150452,109
FOJT,150452,109
FORNINO,150452,109
FORNWALD,150452,109
FORSTEN,150452,109
FOTOUHI,150452,109
FOUHY,150452,109
FRANCIQUE,150452,109
FRIDIA,150452,109
FUHRY,150452,109
FUNSETH,150452,109
FURLEY,150452,109
FURQUERON,150452,109
FUSCELLARO,150452,109
FYDA,150452,109
GABRIAL,150452,109
GABRIELS,150452,109
GABRIO,150452,109
GADWA,150452,109
GAITENS,150452,109
GALIDO,150452,109
GANZFRIED,150452,109
GARCIAMONTES,150452,109
GARCIARANGEL,150452,109
GARDENOUR,150452,109
GARMONG,150452,109
GARNS,150452,109
GASIK,150452,109
GAURON,150452,109
GENUSA,150452,109
GERMOSO,150452,109
GERSHFELD,150452,109
GERTHOFFER,150452,109
GERTZEN,150452,109
GERYCH,150452,109
GEVA,150452,109
GIANCURSIO,150452,109
GIARDIELLO,150452,109
GIBELYOU,150452,109
GILEAD,150452,109
GINNEVER,150452,109
GIRDHARI,150452,109
GOETTLING,150452,109
GOLANI,150452,109
GOLDCAMP,150452,109
GOLLAPALLI,150452,109
GOLOMSKI,150452,109
GOMBA,150452,109
GORTH,150452,109
GOVERNO,150452,109
GOWMAN,150452,109
GOYENECHE,150452,109
GRASTON,150452,109
GRATIA,150452,109
GRAYSTON,150452,109
GREE,150452,109
GROSSARDT,150452,109
GROTERS,150452,109
GRUMBLATT,150452,109
GUERRON,150452,109
GUIEL,150452,109
GUILLIOT,150452,109
GUILTNER,150452,109
GUISEWITE,150452,109
GUMENYUK,150452,109
GUYOR,150452,109
HABROCK,150452,109
HADALA,150452,109
HADDADI,150452,109
HAIME,150452,109
HAJDIK,150452,109
HAMMERGREN,150452,109
HAMNETT,150452,109
HARDENSTINE,150452,109
HARDGRAVES,150452,109
HARSY,150452,109
HATORI,150452,109
HATTIS,150452,109
HECKEMEYER,150452,109
HECKLEY,150452,109
HEDDERICH,150452,109
HEIDGER,150452,109
HEILEMANN,150452,109
HELEINE,150452,109
HEMMELMAN,150452,109
HENIK,150452,109
HENLON,150452,109
HERI,150452,109
HERK,150452,109
HERRERARODRIGU,150452,109
HIBBETS,150452,109
HISHAW,150452,109
HOBIZAL,150452,109
HOCOG,150452,109
HODACK,150452,109
HOERLER,150452,109
HOILE,150452,109
HOKOANA,150452,109
HOLLCROFT,150452,109
HOLTGREFE,150452,109
HOLZEN,150452,109
HOMNICK,150452,109
HOOIE,150452,109
HOTTOIS,150452,109
HOUTHOOFD,150452,109
HOYNOSKI,150452,109
HRACH,150452,109
HRYCENKO,150452,109
HUEGLI,150452,109
HUIPIO,150452,109
HYMEN,150452,109
IADICICCO,150452,109
IBITOYE,150452,109
IGRAM,150452,109
IGUINA,150452,109
INAHUAZO,150452,109
INDOMENICO,150452,109
INDORATO,150452,109
INIQUEZ,150452,109
IOSSI,150452,109
ISAACMAN,150452,109
ISERNIA,150452,109
ISLAMOV,150452,109
JACKON,150452,109
JAITLY,150452,109
JARAMILLA,150452,109
JAVEED,150452,109
JAVIA,150452,109
JEDLICKI,150452,109
JELKE,150452,109
JHANG,150452,109
JIMENEC,150452,109
JUANDIEGO,150452,109
JULMIS,150452,109
JUNA,150452,109
JUTTON,150452,109
KABUS,150452,109
KADUK,150452,109
KADWELL,150452,109
KAFFENBARGER,150452,109
KAHLKE,150452,109
KAMALII,150452,109
KAMENICKY,150452,109
KANAKAOLE,150452,109
KANAWATI,150452,109
KANTZER,150452,109
KARPINEN,150452,109
KARSCHNIK,150452,109
KARVOUNIS,150452,109
KASIC,150452,109
KATAFIASZ,150452,109
KAULL,150452,109
KAVANAH,150452,109
KAZE,150452,109
KEICH,150452,109
KELADA,150452,109
KELBERT,150452,109
KELIIKULI,150452,109
KENAR,150452,109
KENEMER,150452,109
KENNEH,150452,109
KERAMIDAS,150452,109
KERSHISNIK,150452,109
KHALFANI,150452,109
KICKEL,150452,109
KILFOY,150452,109
KILLORIN,150452,109
KILPONEN,150452,109
KIMICH,150452,109
KINEALY,150452,109
KINERSON,150452,109
KIRBERGER,150452,109
KIRSON,150452,109
KIRSOP,150452,109
KISELICA,150452,109
KISGEN,150452,109
KISHA,150452,109
KLAUKE,150452,109
KLEEVES,150452,109
KLEPPEN,150452,109
KLODOWSKI,150452,109
KLOZA,150452,109
KLUDY,150452,109
KOEBELE,150452,109
KOEHLMOOS,150452,109
KOIVULA,150452,109
KOJI,150452,109
KOKORIS,150452,109
KOKOSINSKI,150452,109
KOMON,150452,109
KOMORNIK,150452,109
KOPERNA,150452,109
KORTLEVER,150452,109
KOSMIDIS,150452,109
KOSTELIC,150452,109
KOTERA,150452,109
KOVELESKI,150452,109
KOZITZA,150452,109
KRAAL,150452,109
KRAIZA,150452,109
KRASNANSKY,150452,109
KRAVIK,150452,109
KREILKAMP,150452,109
KREITINGER,150452,109
KRIPPS,150452,109
KROULIK,150452,109
KSIAZKIEWICZ,150452,109
KUBENKA,150452,109
KUDIC,150452,109
KUKLEWICZ,150452,109
KUKLISH,150452,109
KURTY,150452,109
KUSINSKI,150452,109
KUZAVA,150452,109
LADICK,150452,109
LAGONI,150452,109
LAISE,150452,109
LAITURI,150452,109
LANDSPERGER,150452,109
LANZENDORF,150452,109
LAPAUGH,150452,109
LARMEE,150452,109
LARUM,150452,109
LARWA,150452,109
LASBY,150452,109
LASITA,150452,109
LASTRAPE,150452,109
LATE,150452,109
LATEN,150452,109
LAUDISIO,150452,109
LAUSON,150452,109
LAWERNCE,150452,109
LAYEL,150452,109
LEIKIN,150452,109
LEINNEWEBER,150452,109
LEISMAN,150452,109
LELCHUK,150452,109
LEMIESZ,150452,109
LEMONGELLO,150452,109
LENKNER,150452,109
LESSIE,150452,109
LEVAK,150452,109
LEVARITY,150452,109
LEVERANCE,150452,109
LIABRAATEN,150452,109
LIBRO,150452,109
LIEPE,150452,109
LILAC,150452,109
LILEK,150452,109
LINAMAN,150452,109
LINDALL,150452,109
LINDENAUER,150452,109
LINOS,150452,109
LINSENMAYER,150452,109
LINTOTT,150452,109
LINZE,150452,109
LISCIANDRO,150452,109
LITOVCHENKO,150452,109
LOEBSACK,150452,109
LOMAKIN,150452,109
LOMEO,150452,109
LOPEZPINEDA,150452,109
LOPIAN,150452,109
LOSOLLA,150452,109
LOUDIS,150452,109
LOVISKA,150452,109
LUBISCHER,150452,109
LUKBAN,150452,109
LULI,150452,109
LUNDBOM,150452,109
LUNDEBY,150452,109
LYMER,150452,109
MACARENA,150452,109
MACARUSO,150452,109
MAGPOC,150452,109
MAITZ,150452,109
MAKIE,150452,109
MALAER,150452,109
MALIWAT,150452,109
MALYK,150452,109
MAMMADOV,150452,109
MANDELIN,150452,109
MANGANELLA,150452,109
MANHIRE,150452,109
MANROE,150452,109
MARAPAO,150452,109
MARCHETERRE,150452,109
MARKATOS,150452,109
MARXHAUSEN,150452,109
MASSOUMI,150452,109
MASTICK,150452,109
MATATALL,150452,109
MATAVAO,150452,109
MATTEOLI,150452,109
MATTORANO,150452,109
MAURICI,150452,109
MAUTI,150452,109
MAZZOCCOLI,150452,109
MBUTHIA,150452,109
MCCAMMANT,150452,109
MCCLENIC,150452,109
MCCOUCH,150452,109
MCELRONE,150452,109
MCEVILY,150452,109
MCIFF,150452,109
MCKEEFERY,150452,109
MCKINES,150452,109
MCKINNA,150452,109
MCLUEN,150452,109
MCNERTNEY,150452,109
MCRAITH,150452,109
MEDART,150452,109
MEDICINEHORSE,150452,109
MEDINATORRES,150452,109
MEENAGHAN,150452,109
MEHINOVIC,150452,109
MEIDELL,150452,109
MELUSKEY,150452,109
MENI,150452,109
MERRIX,150452,109
MESEN,150452,109
METRA,150452,109
METTES,150452,109
MIESEL,150452,109
MIGLIETTA,150452,109
MIHALCIN,150452,109
MIKHAIEL,150452,109
MILBOCKER,150452,109
MINIHANE,150452,109
MINNILLO,150452,109
MIQUELI,150452,109
MISHAW,150452,109
MISKOWIC,150452,109
MISUNAS,150452,109
MITSDARFFER,150452,109
MITTNACHT,150452,109
MODKINS,150452,109
MOEHLENKAMP,150452,109
MOERDYK,150452,109
MONNAHAN,150452,109
MONSOOR,150452,109
MONTECLARO,150452,109
MONZYK,150452,109
MORANDE,150452,109
MORSBACH,150452,109
MOT,150452,109
MUDDER,150452,109
MULFINGER,150452,109
MUNET,150452,109
MUSHENO,150452,109
MUSTERMAN,150452,109
MYDLOWSKI,150452,109
MYNARD,150452,109
NAHAN,150452,109
NALEN,150452,109
NANDLALL,150452,109
NARRAGON,150452,109
NAUFAHU,150452,109
NAUPARI,150452,109
NDOW,150452,109
NEATHAWK,150452,109
NEIDENBACH,150452,109
NELA,150452,109
NEPH,150452,109
NESVACIL,150452,109
NEUNABER,150452,109
NEWAGO,150452,109
NEWHOUSER,150452,109
NEYHARD,150452,109
NICOULIN,150452,109
NINKOVIC,150452,109
NISHITA,150452,109
NOCCHI,150452,109
NOTBOHM,150452,109
NOVITSKE,150452,109
NOVOTNAK,150452,109
NYREEN,150452,109
OBURN,150452,109
OCTAVIEN,150452,109
ODUTOLA,150452,109
OEUNG,150452,109
OGORODNIK,150452,109
OGUTU,150452,109
OHLERT,150452,109
OINEIL,150452,109
OJANEN,150452,109
OLADEJO,150452,109
OLGUN,150452,109
OMERZA,150452,109
ONEFEATHER,150452,109
ONIA,150452,109
OPBROEK,150452,109
OPPE,150452,109
OROZCOGONZALEZ,150452,109
OSTOICH,150452,109
OTIZ,150452,109
OTVOS,150452,109
OUART,150452,109
OURA,150452,109
OVERACRE,150452,109
OWOEYE,150452,109
OXX,150452,109
PACY,150452,109
PADMANABAN,150452,109
PAGLIO,150452,109
PAHE,150452,109
PAJIMOLA,150452,109
PALALAY,150452,109
PALAR,150452,109
PALARCA,150452,109
PANGARO,150452,109
PANICALI,150452,109
PANNABECKER,150452,109
PAOLETTO,150452,109
PARCHEN,150452,109
PAREJO,150452,109
PARLO,150452,109
PARZYGNAT,150452,109
PASAY,150452,109
PASWATERS,150452,109
PATRICOLA,150452,109
PATTOCK,150452,109
PAYNO,150452,109
PECSI,150452,109
PELLAS,150452,109
PERESS,150452,109
PERNG,150452,109
PEROTTO,150452,109
PERREA,150452,109
PESSIA,150452,109
PETRANOVICH,150452,109
PETTORINI,150452,109
PFLEDDERER,150452,109
PHALAN,150452,109
PHENNEGER,150452,109
PIGGOT,150452,109
PIGNETTI,150452,109
PILLANS,150452,109
PINGSTERHAUS,150452,109
PINKEL,150452,109
PIROZZOLO,150452,109
PISTELLA,150452,109
PIWETZ,150452,109
PIZZICA,150452,109
PLESNIAK,150452,109
PLUMBO,150452,109
PODCZERWINSKI,150452,109
POMIJE,150452,109
PORZEL,150452,109
PORZELT,150452,109
POSAVEC,150452,109
POTTERFIELD,150452,109
POTTI,150452,109
PREMDAS,150452,109
PRESSOIR,150452,109
PRESTERA,150452,109
PRODZINSKI,150452,109
PROVINI,150452,109
PRUEHER,150452,109
PULKA,150452,109
PYSKATY,150452,109
QUATELA,150452,109
QUERIAPA,150452,109
QUINAN,150452,109
QUINSEY,150452,109
RAASS,150452,109
RACHAEL,150452,109
RAINIERI,150452,109
RAMAEKER,150452,109
RAMIREZVAZQUEZ,150452,109
RAPETTI,150452,109
RASSOULI,150452,109
RAYBERN,150452,109
RAZEK,150452,109
REBENNACK,150452,109
REBHAHN,150452,109
REEMTS,150452,109
REILMANN,150452,109
REINLE,150452,109
RENIKER,150452,109
RENNICKER,150452,109
REODICA,150452,109
REPICKY,150452,109
RIEDLING,150452,109
RIESCHL,150452,109
RIVAROLA,150452,109
ROBELL,150452,109
ROGGY,150452,109
ROHANNA,150452,109
ROJASRODRIGUEZ,150452,109
ROMANAK,150452,109
ROMERORODRIGUE,150452,109
ROMOND,150452,109
RONDONE,150452,109
RONEMUS,150452,109
ROOYAKKERS,150452,109
ROQUEZ,150452,109
ROSASLOPEZ,150452,109
ROSENSTRAUCH,150452,109
ROUILLER,150452,109
RUBNITZ,150452,109
RUDGERS,150452,109
RUDLER,150452,109
RULEAU,150452,109
RUNCI,150452,109
RUPNARAIN,150452,109
RUPPELT,150452,109
RUSINIAK,150452,109
RUSLING,150452,109
RYLKO,150452,109
SABON,150452,109
SABY,150452,109
SAEKI,150452,109
SAINTILIEN,150452,109
SALICRUP,150452,109
SALLOT,150452,109
SALTENBERGER,150452,109
SALVIONE,150452,109
SAMPERE,150452,109
SANKUS,150452,109
SAPPINGFIELD,150452,109
SARAULT,150452,109
SARIANO,150452,109
SARMIENTOS,150452,109
SARRADET,150452,109
SASAMOTO,150452,109
SAUPP,150452,109
SAUVEY,150452,109
SCHAEUBLE,150452,109
SCHALLIOL,150452,109
SCHELLENBACH,150452,109
SCHIK,150452,109
SCHIKORA,150452,109
SCHILLA,150452,109
SCHINSKE,150452,109
SCHINTGEN,150452,109
SCHLETZBAUM,150452,109
SCHMIEL,150452,109
SCHMINCKE,150452,109
SCHNURMAN,150452,109
SCHOLBROCK,150452,109
SCHONDORF,150452,109
SCHURK,150452,109
SCHUTZIUS,150452,109
SCHWARBERG,150452,109
SCIACQUA,150452,109
SCOURAS,150452,109
SECADA,150452,109
SEDMAN,150452,109
SEENO,150452,109
SEIFARTH,150452,109
SELANDERS,150452,109
SELIS,150452,109
SENAPATI,150452,109
SENDLER,150452,109
SENITA,150452,109
SENTINO,150452,109
SERICH,150452,109
SHAKAROV,150452,109
SHAMMAH,150452,109
SHANDORF,150452,109
SHARKY,150452,109
SHATZEL,150452,109
SHELFORD,150452,109
SHIGAKI,150452,109
SHOFFIT,150452,109
SHOLIN,150452,109
SHORTLEY,150452,109
SHOUTZ,150452,109
SHROADES,150452,109
SHUH,150452,109
SHYKES,150452,109
SIEWELL,150452,109
SIGLOW,150452,109
SILTANEN,150452,109
SIMANTS,150452,109
SIRESS,150452,109
SISALIMA,150452,109
SIVIL,150452,109
SJOLIE,150452,109
SKAFIDAS,150452,109
SKEBA,150452,109
SKURLA,150452,109
SLEDZIK,150452,109
SLIVENSKY,150452,109
SLODYSKO,150452,109
SLOTTA,150452,109
SMALLACOMBE,150452,109
SMELL,150452,109
SMITHINGELL,150452,109
SMOKLER,150452,109
SMYKAL,150452,109
SOLLAMI,150452,109
SOMEILLAN,150452,109
SPANISH,150452,109
SPARWASSER,150452,109
SPILLAN,150452,109
SPRISSLER,150452,109
STACHERSKI,150452,109
STANART,150452,109
STANEVICH,150452,109
STARIKOV,150452,109
STEFANIUK,150452,109
STEK,150452,109
STENSEN,150452,109
STERGION,150452,109
STIDUM,150452,109
STINNET,150452,109
STOPFORD,150452,109
STOREN,150452,109
STOTKO,150452,109
STRANZL,150452,109
STRONSKI,150452,109
STURZENEGGER,150452,109
STUVA,150452,109
SUES,150452,109
SULO,150452,109
SULUB,150452,109
SUMM,150452,109
SUNDLIE,150452,109
SURSA,150452,109
SUSTEK,150452,109
SUTKER,150452,109
SWALLA,150452,109
SWEI,150452,109
SWIDAN,150452,109
SZALKIEWICZ,150452,109
TAAPKEN,150452,109
TACATA,150452,109
TAKEKAWA,150452,109
TALLIA,150452,109
TAMIM,150452,109
TANCZOS,150452,109
TANDARICH,150452,109
TANDO,150452,109
TANNIAN,150452,109
TARBILL,150452,109
TASILLO,150452,109
TAST,150452,109
TASWELL,150452,109
TATTERS,150452,109
TAVAKE,150452,109
TEGG,150452,109
TEJEIRO,150452,109
TENBERGE,150452,109
TENHAVE,150452,109
TERTEL,150452,109
TEVENAL,150452,109
THAPALIYA,150452,109
THOMASEN,150452,109
TIBBY,150452,109
TIMOFEEV,150452,109
TINNERELLO,150452,109
TIPPEL,150452,109
TIZZARD,150452,109
TOKATLIAN,150452,109
TOLEMAN,150452,109
TOLSDORF,150452,109
TOMASSONE,150452,109
TONDI,150452,109
TORLEY,150452,109
TORSCH,150452,109
TORTOMASI,150452,109
TOTTE,150452,109
TOUBIA,150452,109
TOUZIN,150452,109
TRAULSEN,150452,109
TRAVIER,150452,109
TRIJILLO,150452,109
TRIPLER,150452,109
TRIPTOW,150452,109
TROELLER,150452,109
TROFA,150452,109
TRONZO,150452,109
TRYBULSKI,150452,109
TULIPANO,150452,109
TUTOROW,150452,109
TWEEL,150452,109
TWU,150452,109
UNITE,150452,109
UPTGRAFT,150452,109
URUTIA,150452,109
UTRERAS,150452,109
VAHID,150452,109
VAILLETTE,150452,109
VALIM,150452,109
VALLENTE,150452,109
VANDEKOP,150452,109
VANDERKIN,150452,109
VANDERWEG,150452,109
VANKOUWENBERG,150452,109
VANLERBERG,150452,109
VANNICOLA,150452,109
VANOSDALL,150452,109
VANSTROM,150452,109
VANZUTPHEN,150452,109
VARADHARAJAN,150452,109
VARENHORST,150452,109
VEAN,150452,109
VEATH,150452,109
VENDITTE,150452,109
VERBUS,150452,109
VERVAET,150452,109
VERZOLA,150452,109
VETTERICK,150452,109
VIRJI,150452,109
VISHNUBHOTLA,150452,109
VIZI,150452,109
VLIES,150452,109
VODOPICH,150452,109
VONDERSCHMIDT,150452,109
VONNEGUT,150452,109
VREE,150452,109
VUCCI,150452,109
WACHNER,150452,109
WALENCIAK,150452,109
WALLRATH,150452,109
WARGNIER,150452,109
WARTGOW,150452,109
WASHBOURNE,150452,109
WASWICK,150452,109
WATANUKI,150452,109
WEEDING,150452,109
WEGHER,150452,109
WENDHOLT,150452,109
WHERRITT,150452,109
WHITTEKER,150452,109
WIJERATNE,150452,109
WILDEROTTER,150452,109
WILDISH,150452,109
WILY,150452,109
WILZBACHER,150452,109
WINIG,150452,109
WINNIFORD,150452,109
WOEBBEKING,150452,109
YAKIM,150452,109
YAMANISHI,150452,109
YAQUINTO,150452,109
YARNO,150452,109
YERLY,150452,109
YOERG,150452,109
YONKEY,150452,109
YTTRI,150452,109
ZABNER,150452,109
ZALTSMAN,150452,109
ZAMAGNI,150452,109
ZANDE,150452,109
ZANGWILL,150452,109
ZANKE,150452,109
ZAREN,150452,109
ZARIC,150452,109
ZAZO,150452,109
ZEKANOVIC,150452,109
ZELDES,150452,109
ZELIS,150452,109
ZELNO,150452,109
ZEMBO,150452,109
ZERPHEY,150452,109
ZIERDT,150452,109
ZILIC,150452,109
ZILLICH,150452,109
ZOETEWEY,150452,109
ZOGHBI,150452,109
ZOGHBY,150452,109
ZOLLI,150452,109
ABOGADO,151532,108
ABUHADBA,151532,108
ABULABAN,151532,108
AITKENHEAD,151532,108
AKAZAWA,151532,108
AKERVIK,151532,108
AKESSON,151532,108
AKIMA,151532,108
ALAMBAR,151532,108
ALBRANT,151532,108
ALFECHE,151532,108
ALHADI,151532,108
ALLADI,151532,108
ALMALIKI,151532,108
ALQAISI,151532,108
ALSHAIF,151532,108
ALSHARA,151532,108
ALTAMIRANDA,151532,108
ALVIES,151532,108
AMATRUDA,151532,108
AMITUANAI,151532,108
AMORINO,151532,108
ANASTOPOULOS,151532,108
ANDRIYCHUK,151532,108
ANGLEBERGER,151532,108
ANTONITIS,151532,108
ARBID,151532,108
ARCAUTE,151532,108
ARCIBAL,151532,108
ARIENO,151532,108
ARISTE,151532,108
ARNEDO,151532,108
ASCHKENASY,151532,108
ASHENDEN,151532,108
AXEN,151532,108
AYLWIN,151532,108
AZMITIA,151532,108
AZZOLLINI,151532,108
BABASA,151532,108
BACARRO,151532,108
BACLE,151532,108
BAFFONI,151532,108
BALAORO,151532,108
BALASCIO,151532,108
BALDRICH,151532,108
BAMBIC,151532,108
BAPPERT,151532,108
BARAKZAI,151532,108
BAROUCH,151532,108
BARTNETT,151532,108
BASEDOW,151532,108
BASHIAN,151532,108
BASSITT,151532,108
BATALIS,151532,108
BATYKEFER,151532,108
BAUCKE,151532,108
BAUML,151532,108
BAUSS,151532,108
BAZUIN,151532,108
BECHTOLDT,151532,108
BEDIGIAN,151532,108
BEISLEY,151532,108
BELESKI,151532,108
BELLETETE,151532,108
BELLETTO,151532,108
BELLIKKA,151532,108
BENEKIN,151532,108
BENZI,151532,108
BERBEN,151532,108
BERESKY,151532,108
BERNAY,151532,108
BERNREUTER,151532,108
BERRELES,151532,108
BERZETT,151532,108
BETA,151532,108
BEYERSDORFER,151532,108
BEZEAU,151532,108
BIDAL,151532,108
BIELY,151532,108
BIETH,151532,108
BIGELBACH,151532,108
BIGHORN,151532,108
BILSE,151532,108
BIMLER,151532,108
BINO,151532,108
BINOTTO,151532,108
BINSWANGER,151532,108
BITSOIE,151532,108
BIZIK,151532,108
BLAMBLE,151532,108
BLANCHAR,151532,108
BLOSER,151532,108
BLOY,151532,108
BOBROV,151532,108
BODIS,151532,108
BOHI,151532,108
BOHIGIAN,151532,108
BONDO,151532,108
BORGFELD,151532,108
BORNGESSER,151532,108
BORREMANS,151532,108
BOSIACKI,151532,108
BOTTEX,151532,108
BOTVINNIK,151532,108
BOUTHILLER,151532,108
BOVERHOF,151532,108
BOVIAN,151532,108
BOXMAN,151532,108
BRACHTENBACH,151532,108
BRADKE,151532,108
BRASHLER,151532,108
BRAUMAN,151532,108
BREAR,151532,108
BRESCHINI,151532,108
BRESKIN,151532,108
BRIESCH,151532,108
BRIFFA,151532,108
BROCCARDO,151532,108
BROKKEN,151532,108
BRONZINI,151532,108
BRTEK,151532,108
BRUFLAT,151532,108
BUCHOWSKI,151532,108
BUCKWHEAT,151532,108
BUECHER,151532,108
BULLON,151532,108
BUMBRY,151532,108
BUONAMICI,151532,108
BURBECK,151532,108
BURGHDOFF,151532,108
BURKHEART,151532,108
BUSBEA,151532,108
BUSSELLE,151532,108
BUTALLA,151532,108
BUTHERUS,151532,108
BUTTRON,151532,108
BUTYNSKI,151532,108
BUZYNSKI,151532,108
BYOM,151532,108
BYROADS,151532,108
CAAN,151532,108
CACOILO,151532,108
CACOPARDO,151532,108
CADDIGAN,151532,108
CAFE,151532,108
CAIREL,151532,108
CALAFELL,151532,108
CALAMAYAN,151532,108
CALEWARTS,151532,108
CALWAY,151532,108
CAMPIRANO,151532,108
CANDIS,151532,108
CAPERNA,151532,108
CAPRITTO,151532,108
CARBRAY,151532,108
CARCATERRA,151532,108
CAROVILLANO,151532,108
CASABELLA,151532,108
CASARIN,151532,108
CASTELLITTO,151532,108
CASTRATARO,151532,108
CATANIO,151532,108
CAYAX,151532,108
CAYOUETTE,151532,108
CECCHIN,151532,108
CERNICK,151532,108
CHADY,151532,108
CHALOS,151532,108
CHAMPLEY,151532,108
CHANGELA,151532,108
CHANSON,151532,108
CHARTRAW,151532,108
CHENELLE,151532,108
CHERNG,151532,108
CHEZIK,151532,108
CHHOKAR,151532,108
CHIAPUZIO,151532,108
CHICKO,151532,108
CHILLIOUS,151532,108
CHINSKY,151532,108
CHITI,151532,108
CHITMAN,151532,108
CHITTAMS,151532,108
CHOPYAK,151532,108
CIARLA,151532,108
CIEZADLO,151532,108
CISON,151532,108
CLARET,151532,108
CLESCERI,151532,108
CLOCKER,151532,108
CLONIGER,151532,108
CLOYED,151532,108
COCANOUR,151532,108
COCCODRILLI,151532,108
COCCOLI,151532,108
COLARTE,151532,108
COMBIS,151532,108
COMMISKEY,151532,108
CONFREY,151532,108
CONNAIR,151532,108
CORAZA,151532,108
CORTELLESSA,151532,108
COTOC,151532,108
COTTIS,151532,108
COURREGE,151532,108
COURTAWAY,151532,108
COUSETTE,151532,108
COWER,151532,108
CRAUMER,151532,108
CREGUT,151532,108
CRESCENTINI,151532,108
CRIVELLARO,151532,108
CRUZGUZMAN,151532,108
CRYZ,151532,108
CULAK,151532,108
CUP,151532,108
CURULLA,151532,108
CUSCHIERI,151532,108
CVIJANOVIC,151532,108
CYBART,151532,108
DACAYANAN,151532,108
DAGNILLO,151532,108
DAMRILL,151532,108
DANDRE,151532,108
DANKNER,151532,108
DANSEY,151532,108
DARVAS,151532,108
DAZELL,151532,108
DEARAGON,151532,108
DEBLAUW,151532,108
DEBON,151532,108
DECIOUS,151532,108
DEFEBAUGH,151532,108
DEFONTE,151532,108
DEGORI,151532,108
DEIWERT,151532,108
DEJESUSLOPEZ,151532,108
DEJULIAN,151532,108
DELBORRELLO,151532,108
DELCI,151532,108
DELEPINE,151532,108
DELLAMORTE,151532,108
DELMER,151532,108
DELRASO,151532,108
DEMBICKI,151532,108
DEMBOSKY,151532,108
DEMENEZES,151532,108
DENYES,151532,108
DEPPNER,151532,108
DERDZINSKI,151532,108
DERKE,151532,108
DESCHINE,151532,108
DIAZHERRERA,151532,108
DIFEBBO,151532,108
DINIELLI,151532,108
DINNDORF,151532,108
DINSER,151532,108
DIPIETRA,151532,108
DIRSCHERL,151532,108
DIZAZZO,151532,108
DLAMINI,151532,108
DOBI,151532,108
DOCKMAN,151532,108
DOMALESKI,151532,108
DOMINGUEZPEREZ,151532,108
DOMVILLE,151532,108
DONGARRA,151532,108
DORNSIFE,151532,108
DRUIEN,151532,108
DUBERT,151532,108
DUCHE,151532,108
DUESENBERG,151532,108
DUFFINA,151532,108
DUMANDAN,151532,108
DUMARAN,151532,108
DUMITRIU,151532,108
DUMPPROPE,151532,108
DUNHAN,151532,108
DUPILKA,151532,108
DUPLECHAN,151532,108
DUPLECHIAN,151532,108
DURANLOPEZ,151532,108
DURISSEAU,151532,108
DURKOP,151532,108
DUTSCH,151532,108
DZYUBA,151532,108
EADLER,151532,108
EARCIA,151532,108
EASTIS,151532,108
EASTMEAD,151532,108
EBBENS,151532,108
EBENAL,151532,108
EBERZ,151532,108
EDALGO,151532,108
ELSTE,151532,108
ENDEMANN,151532,108
ENEMARK,151532,108
ERARIO,151532,108
ERERA,151532,108
ERIXON,151532,108
ERKHART,151532,108
ERNSTROM,151532,108
ESSL,151532,108
ESTADA,151532,108
ETEN,151532,108
EULIANO,151532,108
EVERSHED,151532,108
EVERWINE,151532,108
EZARD,151532,108
FABRYCKI,151532,108
FACCHINE,151532,108
FAHRIG,151532,108
FALCIANO,151532,108
FAROOQUE,151532,108
FASHINGBAUER,151532,108
FASMAN,151532,108
FEAMAN,151532,108
FEDORE,151532,108
FENNEN,151532,108
FEOLI,151532,108
FERDELMAN,151532,108
FERNLUND,151532,108
FEUSNER,151532,108
FEX,151532,108
FICOCELLI,151532,108
FIELDSEND,151532,108
FIETEK,151532,108
FIGUEORA,151532,108
FINELY,151532,108
FITGERALD,151532,108
FITTERY,151532,108
FITZERALD,151532,108
FLAHAUT,151532,108
FLONES,151532,108
FLOREXIL,151532,108
FOESCH,151532,108
FOGGS,151532,108
FOGHT,151532,108
FOLLAS,151532,108
FORTINE,151532,108
FORTUNATI,151532,108
FOSNOW,151532,108
FRANI,151532,108
FRANKEBERGER,151532,108
FRATTAROLA,151532,108
FREIHAUT,151532,108
FRESINA,151532,108
FRESTON,151532,108
FRETTS,151532,108
FRIBOURG,151532,108
FRIDKIN,151532,108
FROHNING,151532,108
FRUEN,151532,108
FURANO,151532,108
FURGURSON,151532,108
FUSCHETTI,151532,108
GACCETTA,151532,108
GAFFUD,151532,108
GAID,151532,108
GALLOB,151532,108
GALLOSA,151532,108
GALOR,151532,108
GALYA,151532,108
GAMESTER,151532,108
GANIGAN,151532,108
GANSNER,151532,108
GANTON,151532,108
GANUES,151532,108
GARNAAT,151532,108
GARVERT,151532,108
GASTWIRTH,151532,108
GEIGES,151532,108
GELI,151532,108
GELLIN,151532,108
GENDELL,151532,108
GERSKY,151532,108
GETZINGER,151532,108
GHANIE,151532,108
GHAWI,151532,108
GIFFELS,151532,108
GILZOW,151532,108
GISTER,151532,108
GLAUDEL,151532,108
GLUNK,151532,108
GODET,151532,108
GOEBERT,151532,108
GOK,151532,108
GOLDSMAN,151532,108
GOMILLIA,151532,108
GONZALEZAVILA,151532,108
GONZALIS,151532,108
GORETOY,151532,108
GORMUS,151532,108
GORUN,151532,108
GOTKIN,151532,108
GRAIL,151532,108
GRAMIGNA,151532,108
GRAMMONT,151532,108
GRANTOM,151532,108
GRAVESON,151532,108
GREENLUND,151532,108
GREGORIA,151532,108
GRESKOWIAK,151532,108
GRESTY,151532,108
GREYBEAR,151532,108
GRIZER,151532,108
GROD,151532,108
GROTZKE,151532,108
GRUENDEL,151532,108
GRUENEBAUM,151532,108
GRUENEICH,151532,108
GRULICH,151532,108
GRUNDTNER,151532,108
GRUNKLEE,151532,108
GRZANKA,151532,108
GUARDIANI,151532,108
GUILLEMIN,151532,108
GUILLON,151532,108
GUMPENBERGER,151532,108
GYEBI,151532,108
HAEFLING,151532,108
HAIDEN,151532,108
HAILEMICHAEL,151532,108
HAINLEN,151532,108
HALLGRIMSON,151532,108
HAMACHEK,151532,108
HAMOY,151532,108
HANAFY,151532,108
HANEGRAAF,151532,108
HANKAL,151532,108
HARBAUER,151532,108
HARDOUIN,151532,108
HARLSTON,151532,108
HARTQUIST,151532,108
HARVANEK,151532,108
HASELBY,151532,108
HASENJAEGER,151532,108
HAUGHIE,151532,108
HEDEMANN,151532,108
HEERWAGEN,151532,108
HEGENBARTH,151532,108
HELBLE,151532,108
HELMA,151532,108
HELTER,151532,108
HENDEN,151532,108
HENISE,151532,108
HERCHEK,151532,108
HERNA,151532,108
HERRETT,151532,108
HESKE,151532,108
HEYLER,151532,108
HEYROTH,151532,108
HIBBELN,151532,108
HICKIE,151532,108
HILMOE,151532,108
HILZINGER,151532,108
HINDSON,151532,108
HOEFLEIN,151532,108
HOIDAL,151532,108
HOITSMA,151532,108
HOLDENRIED,151532,108
HOLOWACH,151532,108
HOLTEL,151532,108
HOLTHAUSEN,151532,108
HONKONEN,151532,108
HONSHELL,151532,108
HORSAGER,151532,108
HOTRA,151532,108
HOUMARD,151532,108
HOUTKOOPER,151532,108
HOVERTER,151532,108
HULTSTRAND,151532,108
HUMBEL,151532,108
HURNE,151532,108
IACAMPO,151532,108
IANACONE,151532,108
IANSON,151532,108
IAZZETTA,151532,108
ICZKOWSKI,151532,108
IGHODARO,151532,108
IGLER,151532,108
IHENACHO,151532,108
INDART,151532,108
INTERMILL,151532,108
ISERT,151532,108
ISODA,151532,108
IWABUCHI,151532,108
JACKLITCH,151532,108
JAENSCH,151532,108
JAGASIA,151532,108
JANESKY,151532,108
JANNACE,151532,108
JARBEAU,151532,108
JELLIS,151532,108
JOCOL,151532,108
JOMES,151532,108
JUGENHEIMER,151532,108
JUNGCK,151532,108
JUNGLAS,151532,108
JUROVICH,151532,108
KAFFER,151532,108
KAHRHOFF,151532,108
KAIGHIN,151532,108
KALEAL,151532,108
KAPELLUSCH,151532,108
KAPINSKI,151532,108
KARABELAS,151532,108
KARALES,151532,108
KARGL,151532,108
KARINIEMI,151532,108
KASAP,151532,108
KAUTTER,151532,108
KAWAOKA,151532,108
KEDZIE,151532,108
KEEPORTS,151532,108
KEESER,151532,108
KEKLAK,151532,108
KENIA,151532,108
KHALIDI,151532,108
KHANIMOV,151532,108
KIEHLMEIER,151532,108
KILCLINE,151532,108
KILGARIFF,151532,108
KILINC,151532,108
KILKEARY,151532,108
KILLEWALD,151532,108
KITCHENMAN,151532,108
KJELLMAN,151532,108
KJERGAARD,151532,108
KLEOPPEL,151532,108
KLESZCZ,151532,108
KLEYMANN,151532,108
KLIMO,151532,108
KNE,151532,108
KOCHINSKI,151532,108
KOCJAN,151532,108
KOERWITZ,151532,108
KOHUS,151532,108
KOMSA,151532,108
KONTOR,151532,108
KOPACKA,151532,108
KOPISH,151532,108
KOPPS,151532,108
KORAC,151532,108
KORBELIK,151532,108
KORTHAUER,151532,108
KORZELIUS,151532,108
KOSCHMANN,151532,108
KOSHINSKY,151532,108
KOUTSOGIANNIS,151532,108
KOWALD,151532,108
KRASNEY,151532,108
KRASOVIC,151532,108
KRESIC,151532,108
KRESKI,151532,108
KRIL,151532,108
KRITZBERGER,151532,108
KRUSKE,151532,108
KUDWA,151532,108
KUHNELL,151532,108
KULAR,151532,108
KULON,151532,108
KUNCH,151532,108
KUSA,151532,108
KUSZYNSKI,151532,108
KUYERS,151532,108
KWAPISZ,151532,108
LABORTE,151532,108
LAFO,151532,108
LAGANIERE,151532,108
LAIZER,151532,108
LALCHAN,151532,108
LALLAS,151532,108
LAMASTERS,151532,108
LAMBKE,151532,108
LANDERHOLM,151532,108
LANKO,151532,108
LANNOO,151532,108
LASHGARI,151532,108
LAUNSTEIN,151532,108
LAUREYS,151532,108
LAVASTIDA,151532,108
LEARSON,151532,108
LEAZOTT,151532,108
LEFTHANDBULL,151532,108
LEIBE,151532,108
LEICHTLE,151532,108
LEMASURIER,151532,108
LEONESIO,151532,108
LESHAW,151532,108
LESICKO,151532,108
LIBBEE,151532,108
LIBECAP,151532,108
LIGHTBOWN,151532,108
LIKKEL,151532,108
LIMBACHIA,151532,108
LIOTINE,151532,108
LITCHMORE,151532,108
LITEL,151532,108
LIZEWSKI,151532,108
LIZYNESS,151532,108
LOCKWARD,151532,108
LOFRESE,151532,108
LOGEE,151532,108
LOGGHE,151532,108
LOHE,151532,108
LOOKHART,151532,108
LOPAC,151532,108
LORSBACH,151532,108
LUCHIN,151532,108
LUFTMAN,151532,108
LUGERT,151532,108
LYSAUGHT,151532,108
MACCURDY,151532,108
MACEDON,151532,108
MACHESNEY,151532,108
MACIOCH,151532,108
MADAGAN,151532,108
MAGGIPINTO,151532,108
MAIKISCH,151532,108
MAINEY,151532,108
MAKANANI,151532,108
MALAVIYA,151532,108
MALBY,151532,108
MALCHOFF,151532,108
MALCZYK,151532,108
MALEPORT,151532,108
MALIE,151532,108
MALKAN,151532,108
MALTEZO,151532,108
MANERY,151532,108
MANHAS,151532,108
MANIAK,151532,108
MANSAGER,151532,108
MANTZOURANIS,151532,108
MARCHISELLO,151532,108
MARKUT,151532,108
MAROLA,151532,108
MARRAFFA,151532,108
MARSINGILL,151532,108
MARZIANO,151532,108
MASAI,151532,108
MASESSA,151532,108
MASUKAWA,151532,108
MATLA,151532,108
MATTUCHIO,151532,108
MATU,151532,108
MATUSKO,151532,108
MAYBON,151532,108
MAYERSKY,151532,108
MAZHARI,151532,108
MAZURSKY,151532,108
MCELHOE,151532,108
MCGASTER,151532,108
MCGOMERY,151532,108
MCLISH,151532,108
MCTYER,151532,108
MEHMERT,151532,108
MEJDRICH,151532,108
MELEGA,151532,108
MELORE,151532,108
MENINNO,151532,108
MENOSCAL,151532,108
MERRIDA,151532,108
MESANOVIC,151532,108
METAL,151532,108
METEYER,151532,108
METKA,151532,108
MICCHELLI,151532,108
MICCIULLA,151532,108
MICHAELIDIS,151532,108
MICHALSON,151532,108
MIELL,151532,108
MIGLIARESE,151532,108
MIKLER,151532,108
MILAUSKAS,151532,108
MINALGA,151532,108
MISHO,151532,108
MISSAKIAN,151532,108
MOHYUDDIN,151532,108
MOKAN,151532,108
MOKTAN,151532,108
MONEZ,151532,108
MONJARDIN,151532,108
MOOLENAAR,151532,108
MORBAN,151532,108
MORIHARA,151532,108
MOROSS,151532,108
MORSILLO,151532,108
MOSK,151532,108
MOUHOT,151532,108
MUJUMDAR,151532,108
MULLVAIN,151532,108
MUNKELWITZ,151532,108
MUNTS,151532,108
MUTHERSBAUGH,151532,108
NAAKTGEBOREN,151532,108
NAGAMATSU,151532,108
NAHLEN,151532,108
NAKHLE,151532,108
NASSON,151532,108
NEINAS,151532,108
NEMCHICK,151532,108
NESSAN,151532,108
NEULAND,151532,108
NEVANS,151532,108
NEWAZ,151532,108
NIC,151532,108
NIKOLENKO,151532,108
NOBILING,151532,108
NOLLMAN,151532,108
NORDELUS,151532,108
NWOKORIE,151532,108
OFER,151532,108
OGOZALY,151532,108
OLATUNDE,151532,108
OLESINSKI,151532,108
ONESKO,151532,108
ONOFREI,151532,108
OOSTEMA,151532,108
ORFILA,151532,108
ORPURT,151532,108
ORSTED,151532,108
OSICK,151532,108
OSIT,151532,108
OSTENSEN,151532,108
OSTRYE,151532,108
OVERHOLTZ,151532,108
OVERLANDER,151532,108
OVERVOLD,151532,108
PAGLIOCCA,151532,108
PALISIN,151532,108
PALLACK,151532,108
PALLES,151532,108
PALMILLAS,151532,108
PAMARAN,151532,108
PAMBIANCHI,151532,108
PANDORA,151532,108
PANTELAKIS,151532,108
PAOLINELLI,151532,108
PARETE,151532,108
PARNAS,151532,108
PAROT,151532,108
PARSONAGE,151532,108
PASHAYAN,151532,108
PAULETTO,151532,108
PAULTRE,151532,108
PAVE,151532,108
PEARRELL,151532,108
PEISCHL,151532,108
PEJI,151532,108
PENTZER,151532,108
PERCIFULL,151532,108
PERDIKIS,151532,108
PEREK,151532,108
PERESSINI,151532,108
PEREZSANDOVAL,151532,108
PERRUSO,151532,108
PETREK,151532,108
PETRESKI,151532,108
PETRUZZELLO,151532,108
PEZEL,151532,108
PFADENHAUER,151532,108
PFAUTSCH,151532,108
PHENES,151532,108
PIANELLI,151532,108
PICHARD,151532,108
PIERREJEROME,151532,108
PILNEY,151532,108
PIPPA,151532,108
PIRRITANO,151532,108
PISKORZ,151532,108
PLISCHKE,151532,108
POANDL,151532,108
POETZSCH,151532,108
POLENA,151532,108
POLGLAZE,151532,108
POLMATEER,151532,108
POMBRIO,151532,108
PONCHOT,151532,108
PONCY,151532,108
PONITZ,151532,108
PONTOON,151532,108
POOLOS,151532,108
POPKEY,151532,108
PORTSCHELLER,151532,108
POTERACKI,151532,108
POWROZNIK,151532,108
POZNICK,151532,108
PRAILEAU,151532,108
PROCISE,151532,108
PROVOLT,151532,108
PSAILA,151532,108
PSHICHENKO,151532,108
PUCCINO,151532,108
PULECIO,151532,108
PULITZER,151532,108
PULLELLA,151532,108
QUARTERMAINE,151532,108
QUATRARO,151532,108
QUEL,151532,108
QUERNS,151532,108
QUITADAMO,151532,108
RABIDOU,151532,108
RAEMISCH,151532,108
RAGUE,151532,108
RAMBACHER,151532,108
RAMCHAND,151532,108
RAMIREZSOTO,151532,108
RAMJEET,151532,108
RAMMOHAN,151532,108
RAMPAUL,151532,108
RANIER,151532,108
RANIERE,151532,108
RAPHIEL,151532,108
REGELMAN,151532,108
REICHERTS,151532,108
REISEL,151532,108
REITBERGER,151532,108
RELAN,151532,108
REMBIS,151532,108
REPPEL,151532,108
REVA,151532,108
REZNER,151532,108
RIAK,151532,108
RICHLINE,151532,108
RICHTMAN,151532,108
RIGGAR,151532,108
RIGTERINK,151532,108
RINGWALT,151532,108
RINTZ,151532,108
RIVERAVAZQUEZ,151532,108
RIVEROLL,151532,108
RODRIGUEZVARGA,151532,108
ROEDE,151532,108
ROGGEN,151532,108
ROHRDANZ,151532,108
ROLLON,151532,108
ROMBOLA,151532,108
ROPSON,151532,108
ROSENDE,151532,108
ROTHSCHILLER,151532,108
ROZAN,151532,108
RUEHR,151532,108
RUFNER,151532,108
RUMANCIK,151532,108
RUSNIAK,151532,108
RUTHART,151532,108
RYCHWALSKI,151532,108
RZECZKOWSKI,151532,108
SAAHIR,151532,108
SABASTIAN,151532,108
SAFADY,151532,108
SALCINES,151532,108
SALEEB,151532,108
SALIMAN,151532,108
SANCHEZMUNOZ,151532,108
SANDALA,151532,108
SANDOVALPEREZ,151532,108
SANELIAS,151532,108
SANGIULIANO,151532,108
SANTAANNA,151532,108
SANTUARIO,151532,108
SARACEVIC,151532,108
SARBU,151532,108
SATTA,151532,108
SCAVARDA,151532,108
SCHACHINGER,151532,108
SCHETTLE,151532,108
SCHILLIZZI,151532,108
SCHMUDDE,151532,108
SCHNICKE,151532,108
SCHOAF,151532,108
SCHOLTUS,151532,108
SCHUMP,151532,108
SCHWATKA,151532,108
SEEBOHM,151532,108
SEEMUNGAL,151532,108
SEGEAR,151532,108
SELDER,151532,108
SELIGSOHN,151532,108
SEMPF,151532,108
SENCINDIVER,151532,108
SENGE,151532,108
SERBIA,151532,108
SERCK,151532,108
SEREDAY,151532,108
SERIAN,151532,108
SERRATT,151532,108
SETCHFIELD,151532,108
SETTIMI,151532,108
SHAUCK,151532,108
SHAWNEE,151532,108
SHEIDY,151532,108
SHIDEMANTLE,151532,108
SHIPPERT,151532,108
SHOL,151532,108
SHOUB,151532,108
SHOVEIN,151532,108
SHRY,151532,108
SHULTZABERGER,151532,108
SHYE,151532,108
SIGSBY,151532,108
SIPSY,151532,108
SISSELL,151532,108
SITLINGER,151532,108
SITOMER,151532,108
SITTERLE,151532,108
SIVINSKI,151532,108
SKAL,151532,108
SKON,151532,108
SKUNDRICH,151532,108
SLOCK,151532,108
SLOSKY,151532,108
SMERAGLIA,151532,108
SMITHMOORE,151532,108
SNAKE,151532,108
SOBHI,151532,108
SOBIESZCZYK,151532,108
SODDY,151532,108
SODHA,151532,108
SOLIC,151532,108
SPEAD,151532,108
SPETNAGEL,151532,108
SPIELBUSCH,151532,108
SPREER,151532,108
SPUGNARDI,151532,108
SPURCK,151532,108
SROGA,151532,108
STABLE,151532,108
STAFFEL,151532,108
STANS,151532,108
STATHEM,151532,108
STATKIEWICZ,151532,108
STEIGMEYER,151532,108
STEINDEL,151532,108
STELLEMA,151532,108
STELTS,151532,108
STEMMERMAN,151532,108
STENBECK,151532,108
STEPCHUK,151532,108
STERITI,151532,108
STERNKE,151532,108
STICHMAN,151532,108
STIRITZ,151532,108
STORHOFF,151532,108
STRACHE,151532,108
STRAWBERRY,151532,108
STRYCZEK,151532,108
STUBBERS,151532,108
STUFFLEBEEM,151532,108
STUKER,151532,108
STUPPARD,151532,108
STURSA,151532,108
STYVE,151532,108
SUCCO,151532,108
SUKE,151532,108
SUTKA,151532,108
SWEENER,151532,108
SWENO,151532,108
SWYMER,151532,108
SYDES,151532,108
SYHAVONG,151532,108
SYMA,151532,108
SYREN,151532,108
TAATJES,151532,108
TABLADILLO,151532,108
TAGARIELLO,151532,108
TALAT,151532,108
TANIOS,151532,108
TAPIZ,151532,108
TARASUK,151532,108
TASICH,151532,108
TAVERNE,151532,108
TEGLIA,151532,108
TEHEE,151532,108
TEKRONY,151532,108
TELLEEN,151532,108
TERBEEST,151532,108
THALHUBER,151532,108
THIBODO,151532,108
THOMASBROWN,151532,108
THORVILSON,151532,108
TICHELAAR,151532,108
TICSAY,151532,108
TIENHAARA,151532,108
TIESKOETTER,151532,108
TIFFNER,151532,108
TILELLI,151532,108
TILIAKOS,151532,108
TIPON,151532,108
TOALONGO,151532,108
TOBIO,151532,108
TOEPP,151532,108
TOMBERG,151532,108
TONSFELDT,151532,108
TORRONE,151532,108
TORSETH,151532,108
TOUGAW,151532,108
TRANSIER,151532,108
TUITUPOU,151532,108
TUSCAN,151532,108
TZEO,151532,108
UMBS,151532,108
URBICK,151532,108
URSELL,151532,108
UZIALKO,151532,108
VALKA,151532,108
VALKEMA,151532,108
VALLIEN,151532,108
VALOS,151532,108
VALOV,151532,108
VANBUHLER,151532,108
VANDAMENT,151532,108
VANDERYT,151532,108
VANDUINE,151532,108
VANNEY,151532,108
VANROO,151532,108
VANSTADEN,151532,108
VANVECKHOVEN,151532,108
VARESE,151532,108
VARGASGOMEZ,151532,108
VAXTER,151532,108
VEGAPEREZ,151532,108
VERDONCK,151532,108
VIDOUREK,151532,108
VIJAYKUMAR,151532,108
VINION,151532,108
VIVA,151532,108
VOLPICELLA,151532,108
VONDERSAAR,151532,108
VONROTZ,151532,108
WADOWSKI,151532,108
WAHMHOFF,151532,108
WAKUMOTO,151532,108
WALDBURG,151532,108
WALLENMEYER,151532,108
WALNY,151532,108
WALSTER,151532,108
WASTELL,151532,108
WELFLEY,151532,108
WELINSKI,151532,108
WELSING,151532,108
WESBROOKS,151532,108
WHATELY,151532,108
WHENNEN,151532,108
WHITHEAD,151532,108
WHOLF,151532,108
WIANDT,151532,108
WIBBENS,151532,108
WIDDOSS,151532,108
WIKLER,151532,108
WILFER,151532,108
WILLIAMSDAVIS,151532,108
WIRCH,151532,108
WISDORF,151532,108
WISIAN,151532,108
WITRIOL,151532,108
WITTLIEF,151532,108
WOHLSTADTER,151532,108
WOLDANSKI,151532,108
WOLFENSBERGER,151532,108
WOLFERMAN,151532,108
WOODRELL,151532,108
WORRILOW,151532,108
WOYTKO,151532,108
WRANOSKY,151532,108
WRIGT,151532,108
WURZBURG,151532,108
XAYSANA,151532,108
XUM,151532,108
YANE,151532,108
YANNARELLA,151532,108
YANOVITCH,151532,108
YASHINSKI,151532,108
YOSHITAKE,151532,108
YUENGLING,151532,108
YUNGINGER,151532,108
YUNGWIRTH,151532,108
YURISH,151532,108
YURONG,151532,108
ZAHROBSKY,151532,108
ZAKES,151532,108
ZANGRI,151532,108
ZATTA,151532,108
ZDYB,151532,108
ZEEFF,151532,108
ZEKIC,151532,108
ZELANKO,151532,108
ZELEZNIKAR,151532,108
ZEPPONI,151532,108
ZERNICK,151532,108
ZITZNER,151532,108
ZOBERMAN,151532,108
ZUERNER,151532,108
ZULLA,151532,108
ABANGAN,152628,107
ABBATOY,152628,107
ABDULJALIL,152628,107
ABETE,152628,107
ABILD,152628,107
ABOULAFIA,152628,107
ACCOMAZZO,152628,107
ACK,152628,107
ADEBOYE,152628,107
ADEGBOYEGA,152628,107
ADELE,152628,107
AGES,152628,107
AGLI,152628,107
AHRENT,152628,107
AKBAS,152628,107
AKINTOLA,152628,107
ALAVAREZ,152628,107
ALBRITTEN,152628,107
ALCAIN,152628,107
ALEXIADES,152628,107
ALFES,152628,107
ALLCOTT,152628,107
ALOTTA,152628,107
ALTUN,152628,107
AMERICO,152628,107
AMRA,152628,107
ANBAR,152628,107
ANCIAUX,152628,107
ANDRIESE,152628,107
ANICIETE,152628,107
ANTONA,152628,107
ANZOVINO,152628,107
ARADANAS,152628,107
ARASIN,152628,107
ARAY,152628,107
ARCALA,152628,107
ARICIAGA,152628,107
ARQUIETT,152628,107
ARTTUS,152628,107
ASHWAY,152628,107
ASISTIN,152628,107
ASSALI,152628,107
ASSEFF,152628,107
ATLEY,152628,107
AZEREDO,152628,107
AZOUZ,152628,107
BABSKI,152628,107
BACHEZ,152628,107
BAGARELLA,152628,107
BAGGET,152628,107
BAGSIC,152628,107
BAKUTIS,152628,107
BALBAUGH,152628,107
BALDOWSKI,152628,107
BALESTRINI,152628,107
BALOUCH,152628,107
BANASH,152628,107
BARAW,152628,107
BARCENES,152628,107
BARCENILLA,152628,107
BARTHOLDI,152628,107
BASQUILL,152628,107
BATAVIA,152628,107
BATKIN,152628,107
BAUCKMAN,152628,107
BAULDWIN,152628,107
BAULEKE,152628,107
BAYLARK,152628,107
BEASINGER,152628,107
BEAUDINE,152628,107
BEAUDO,152628,107
BEAULAURIER,152628,107
BEDIKIAN,152628,107
BELFAST,152628,107
BELLACE,152628,107
BELVIS,152628,107
BENALI,152628,107
BENISEK,152628,107
BENISRAEL,152628,107
BENTHIEN,152628,107
BERNARDING,152628,107
BERNOUDY,152628,107
BETTGE,152628,107
BEURSKENS,152628,107
BEZJAK,152628,107
BIDDING,152628,107
BIEDLER,152628,107
BIELLING,152628,107
BIERSTEKER,152628,107
BILEN,152628,107
BILINOVICH,152628,107
BILLENA,152628,107
BILLSIE,152628,107
BIRADAR,152628,107
BISHKO,152628,107
BLANES,152628,107
BLANSKI,152628,107
BLEH,152628,107
BLONSHINE,152628,107
BOBOC,152628,107
BODENHAUSEN,152628,107
BOEGLER,152628,107
BOEGLI,152628,107
BOELE,152628,107
BOEWE,152628,107
BOLLOW,152628,107
BONALDI,152628,107
BONGARTZ,152628,107
BORSKY,152628,107
BORSUM,152628,107
BORTZFIELD,152628,107
BOSIRE,152628,107
BOUZIDEN,152628,107
BOYENGA,152628,107
BRACKS,152628,107
BREADEN,152628,107
BREDEMUS,152628,107
BREISTER,152628,107
BRISBEN,152628,107
BROMBACH,152628,107
BROZMAN,152628,107
BRUCHEZ,152628,107
BRUENE,152628,107
BRUMAIRE,152628,107
BRUMAN,152628,107
BRUNDICK,152628,107
BRZOWSKI,152628,107
BUBBICO,152628,107
BUBERT,152628,107
BUCKLY,152628,107
BUFFMAN,152628,107
BULANEK,152628,107
BURKYBILE,152628,107
BURLAS,152628,107
BURRAN,152628,107
BUSHELMAN,152628,107
BUSIO,152628,107
BUSQUETS,152628,107
BUSSOM,152628,107
CABALLA,152628,107
CAETTA,152628,107
CAGEN,152628,107
CAGLIOSTRO,152628,107
CALANDER,152628,107
CALARESE,152628,107
CALDERONI,152628,107
CAMARERO,152628,107
CANDELORI,152628,107
CARAIG,152628,107
CARBERT,152628,107
CARDUFF,152628,107
CARNABUCI,152628,107
CARPINELLA,152628,107
CARRISOSA,152628,107
CARWYLE,152628,107
CARYER,152628,107
CASDEN,152628,107
CASOLO,152628,107
CASTELUCCI,152628,107
CASTILLORODRIG,152628,107
CATCHES,152628,107
CATRELL,152628,107
CATTLE,152628,107
CEBE,152628,107
CHADMAN,152628,107
CHAIMOWITZ,152628,107
CHALEPAH,152628,107
CHARGO,152628,107
CHAURASIA,152628,107
CHERNOVA,152628,107
CHERUP,152628,107
CHEVERES,152628,107
CHIVALAN,152628,107
CHRISTOVICH,152628,107
CHUDGAR,152628,107
CHUDNOW,152628,107
CIRNIGLIARO,152628,107
CLENDINEN,152628,107
COATL,152628,107
COCANOWER,152628,107
COEBURN,152628,107
COLFACK,152628,107
COLMENAR,152628,107
COLOHAN,152628,107
COLOMBEL,152628,107
COLVIS,152628,107
CONEWAY,152628,107
CONFORTE,152628,107
CONIC,152628,107
COQ,152628,107
CORNAIRE,152628,107
COSTIGLIOLA,152628,107
COVERLY,152628,107
COZIAHR,152628,107
CREMONESE,152628,107
CREUS,152628,107
CRONNON,152628,107
CRUMBO,152628,107
CUBLER,152628,107
CUENTO,152628,107
CUMMENS,152628,107
CUPPARI,152628,107
CYNOVA,152628,107
CYREK,152628,107
CZAK,152628,107
CZOSEK,152628,107
DACASIN,152628,107
DACLAN,152628,107
DAHBOUR,152628,107
DANIO,152628,107
DARBO,152628,107
DAUKAS,152628,107
DAYAG,152628,107
DAYEN,152628,107
DEBELE,152628,107
DEEDY,152628,107
DEFRISCO,152628,107
DEGERONIMO,152628,107
DEITZLER,152628,107
DEKE,152628,107
DEKEL,152628,107
DELAMERE,152628,107
DELARME,152628,107
DELFIACCO,152628,107
DELGADOHERNAND,152628,107
DELVENTO,152628,107
DEMAKIS,152628,107
DENOOYER,152628,107
DEORSEY,152628,107
DEPOALO,152628,107
DEPROW,152628,107
DERAIMO,152628,107
DERTIEN,152628,107
DESTY,152628,107
DETTMERS,152628,107
DEVISH,152628,107
DEZALIA,152628,107
DIAMORE,152628,107
DIBIANCO,152628,107
DICIACCIO,152628,107
DICROSTA,152628,107
DIDYOUNG,152628,107
DIETHRICH,152628,107
DIFFER,152628,107
DIGHT,152628,107
DIGIAIMO,152628,107
DIGIORNO,152628,107
DIPMAN,152628,107
DIPO,152628,107
DOBRZENIECKI,152628,107
DOEBEL,152628,107
DOLASH,152628,107
DOLLERSCHELL,152628,107
DORNBURG,152628,107
DRAP,152628,107
DRIELING,152628,107
DRIESBAUGH,152628,107
DRONZEK,152628,107
DRUMMING,152628,107
DUBROSKY,152628,107
DUKU,152628,107
DULSKY,152628,107
DULUC,152628,107
DUMBAUGH,152628,107
DUMIT,152628,107
DURAKO,152628,107
DURATE,152628,107
DURBALA,152628,107
DUREY,152628,107
DURITY,152628,107
DUWELL,152628,107
DUZANT,152628,107
EATHORNE,152628,107
ECONOMOPOULOS,152628,107
EDROZO,152628,107
EDUPUGANTI,152628,107
EGANHOUSE,152628,107
EHRENPREIS,152628,107
EICKELMAN,152628,107
EIGENBERGER,152628,107
EINKAUF,152628,107
ELAD,152628,107
ELLERHORST,152628,107
ENDAHL,152628,107
ENEBOE,152628,107
ENI,152628,107
ENOCHSON,152628,107
ERGANG,152628,107
ERNESTINE,152628,107
ERTMANN,152628,107
ESBECK,152628,107
ESPAIN,152628,107
ESPICHAN,152628,107
ESTANO,152628,107
ESTERMYER,152628,107
ESTOLANO,152628,107
ETELAMAKI,152628,107
ETU,152628,107
EZINGA,152628,107
FAGERBURG,152628,107
FAHMIE,152628,107
FALCONBURY,152628,107
FALKEN,152628,107
FALTERSACK,152628,107
FARST,152628,107
FAUGHENDER,152628,107
FAUSTINA,152628,107
FAUSTINE,152628,107
FAVOUR,152628,107
FECKNER,152628,107
FEGENBUSH,152628,107
FELSHEIM,152628,107
FERIDO,152628,107
FERIOZZI,152628,107
FERLISE,152628,107
FERRAINA,152628,107
FIDRYCH,152628,107
FIGALLO,152628,107
FILLIPI,152628,107
FISHBAUGHER,152628,107
FITCHER,152628,107
FLOCKER,152628,107
FLOE,152628,107
FLYINGHORSE,152628,107
FOGELQUIST,152628,107
FORZANI,152628,107
FOWLIN,152628,107
FOZ,152628,107
FRA,152628,107
FRANCETIC,152628,107
FRATZ,152628,107
FREESMEIER,152628,107
FRELOW,152628,107
FRIDENMAKER,152628,107
FRIESTH,152628,107
FROSLIE,152628,107
FRYDAY,152628,107
FUELBERTH,152628,107
FULLOVE,152628,107
GACHUZO,152628,107
GALIZIO,152628,107
GANELES,152628,107
GARBISON,152628,107
GARCIACAMPOS,152628,107
GARCIARIVAS,152628,107
GARROBO,152628,107
GARZO,152628,107
GELOK,152628,107
GELSEY,152628,107
GEMAS,152628,107
GENC,152628,107
GENCARELLA,152628,107
GENSMAN,152628,107
GERES,152628,107
GEROLAGA,152628,107
GEROT,152628,107
GESIAKOWSKI,152628,107
GESME,152628,107
GEZON,152628,107
GHO,152628,107
GIARRAFFA,152628,107
GIGANTINO,152628,107
GILBODY,152628,107
GILLERT,152628,107
GIUFFRA,152628,107
GLAUSIER,152628,107
GLEISER,152628,107
GLOBER,152628,107
GLOSUP,152628,107
GLOWASKI,152628,107
GLUSMAN,152628,107
GOBBER,152628,107
GOETSCHEL,152628,107
GOIK,152628,107
GOLISCH,152628,107
GOLOBIC,152628,107
GOLTL,152628,107
GOMEZMORENO,152628,107
GONION,152628,107
GOULA,152628,107
GOWETT,152628,107
GOZ,152628,107
GREELISH,152628,107
GREGUREK,152628,107
GREYMOUNTAIN,152628,107
GRIMMETTE,152628,107
GROMOV,152628,107
GRONINGA,152628,107
GRUTER,152628,107
GRYP,152628,107
GUALTIER,152628,107
GUAREZ,152628,107
GUEMEZ,152628,107
GUEZ,152628,107
GUITTARD,152628,107
GULBIS,152628,107
GURUMURTHY,152628,107
GUSTOFSON,152628,107
GUTENBERG,152628,107
GUYAH,152628,107
GUZZINO,152628,107
GYURO,152628,107
HAANPAA,152628,107
HABERSETZER,152628,107
HAESELER,152628,107
HAGFORS,152628,107
HAKIN,152628,107
HALLINGER,152628,107
HANABURGH,152628,107
HANNU,152628,107
HARBACK,152628,107
HARBI,152628,107
HARBRON,152628,107
HARILAL,152628,107
HARKLERODE,152628,107
HASSANE,152628,107
HASSELBRINK,152628,107
HATTENBURG,152628,107
HAUANIO,152628,107
HAUSEY,152628,107
HAUTZ,152628,107
HAVENGA,152628,107
HAVERKOS,152628,107
HAZARIKA,152628,107
HECKENBACH,152628,107
HEHE,152628,107
HEILESON,152628,107
HEIMALL,152628,107
HEITSMAN,152628,107
HELMUELLER,152628,107
HEMPTON,152628,107
HENESEY,152628,107
HENIKA,152628,107
HERBACH,152628,107
HERKEY,152628,107
HERRICKS,152628,107
HERTZMAN,152628,107
HEUP,152628,107
HIDLAY,152628,107
HIGHWOOD,152628,107
HILLGROVE,152628,107
HILLSBERG,152628,107
HIMSL,152628,107
HINRICH,152628,107
HINTZKE,152628,107
HODE,152628,107
HODSHIRE,152628,107
HOETTE,152628,107
HOFFELT,152628,107
HOHF,152628,107
HOLANI,152628,107
HOLLENHORST,152628,107
HOOGASIAN,152628,107
HOOSAIN,152628,107
HOOVERSON,152628,107
HOPSTETTER,152628,107
HOTA,152628,107
HOURAN,152628,107
HUBERTZ,152628,107
HUGS,152628,107
HUTNAK,152628,107
IDICULLA,152628,107
IGNARSKI,152628,107
ILLYES,152628,107
ILYES,152628,107
IMSE,152628,107
INCORVATI,152628,107
INDIA,152628,107
INGEBRIGTSON,152628,107
INGUAGGIATO,152628,107
INIGUES,152628,107
IRANPOUR,152628,107
ISHINO,152628,107
ISTA,152628,107
JAMELE,152628,107
JANCE,152628,107
JARCZYK,152628,107
JEANISE,152628,107
JEGLINSKI,152628,107
JELANI,152628,107
JEREZA,152628,107
JHANGIANI,152628,107
JIMMISON,152628,107
JIMNEZ,152628,107
JOCHENS,152628,107
JOVANELLY,152628,107
KAALBERG,152628,107
KACHELE,152628,107
KADLICK,152628,107
KAEMINGK,152628,107
KALENDAREV,152628,107
KALKAN,152628,107
KALLINA,152628,107
KAMEOKA,152628,107
KAMERICK,152628,107
KANAGALA,152628,107
KANNAPPAN,152628,107
KANTACK,152628,107
KAPALKO,152628,107
KAPPERT,152628,107
KARBERG,152628,107
KARLOFF,152628,107
KARNO,152628,107
KARSTENSEN,152628,107
KASTENBAUM,152628,107
KAUMANS,152628,107
KAURANEN,152628,107
KELLBERG,152628,107
KEMPFF,152628,107
KENAH,152628,107
KENNEYBREW,152628,107
KESKA,152628,107
KESLIN,152628,107
KESTO,152628,107
KETHLEY,152628,107
KHAL,152628,107
KIECKHEFER,152628,107
KIEPE,152628,107
KIMPLING,152628,107
KINGSEED,152628,107
KIOGIMA,152628,107
KIPPENBROCK,152628,107
KITSELMAN,152628,107
KIYONAGA,152628,107
KLEN,152628,107
KLUPP,152628,107
KNOWLSON,152628,107
KOCHIN,152628,107
KOHGADAI,152628,107
KOHLBRECHER,152628,107
KOKENES,152628,107
KOLLODGE,152628,107
KOLODIN,152628,107
KORTEMEIER,152628,107
KOURT,152628,107
KOUTROS,152628,107
KOVALCHECK,152628,107
KOVICK,152628,107
KOWALEC,152628,107
KOZACEK,152628,107
KRATTENMAKER,152628,107
KREGE,152628,107
KRESAK,152628,107
KRESEN,152628,107
KRIZNER,152628,107
KRSTICH,152628,107
KUERTH,152628,107
KULBACK,152628,107
KULMA,152628,107
KULYNYCH,152628,107
KURU,152628,107
KYMER,152628,107
KYTOLA,152628,107
LABATUT,152628,107
LABORDA,152628,107
LACHNIT,152628,107
LADRONDEGUEVA,152628,107
LAHHAM,152628,107
LALOMIA,152628,107
LAMACH,152628,107
LANCIAULT,152628,107
LANDERER,152628,107
LANDHOLT,152628,107
LANGROCK,152628,107
LANOZA,152628,107
LAROUE,152628,107
LATRAGNA,152628,107
LATSIS,152628,107
LATUNSKI,152628,107
LAUGHY,152628,107
LAWFORD,152628,107
LEBEAUF,152628,107
LECLUYSE,152628,107
LEDOM,152628,107
LEILI,152628,107
LEISTMAN,152628,107
LEITES,152628,107
LENHERT,152628,107
LEONBERG,152628,107
LESHEM,152628,107
LEWARNE,152628,107
LEWE,152628,107
LICUL,152628,107
LIGGENS,152628,107
LILLICO,152628,107
LINAHAN,152628,107
LINDROOS,152628,107
LIPTOW,152628,107
LITOW,152628,107
LITZKOW,152628,107
LIZARZABURU,152628,107
LODUHA,152628,107
LOGGIN,152628,107
LOHRENGEL,152628,107
LOKERS,152628,107
LONDRIE,152628,107
LONGANBACH,152628,107
LOSHER,152628,107
LUBERISSE,152628,107
LUCITO,152628,107
LUDDEKE,152628,107
LUETT,152628,107
LULY,152628,107
LUMER,152628,107
LUPRO,152628,107
LUTTERS,152628,107
LUVERT,152628,107
MADAMA,152628,107
MADOO,152628,107
MAINGUY,152628,107
MAIURO,152628,107
MAKAI,152628,107
MAKAN,152628,107
MALTES,152628,107
MALVASI,152628,107
MANAUGH,152628,107
MANEES,152628,107
MANIGAN,152628,107
MANITI,152628,107
MARCELLETTI,152628,107
MARCHIONNA,152628,107
MARENA,152628,107
MARGUGLIO,152628,107
MARRIETTA,152628,107
MASSINGILLE,152628,107
MASZCZAK,152628,107
MATAMORO,152628,107
MATCHIE,152628,107
MATELJAN,152628,107
MATIONG,152628,107
MATTHEI,152628,107
MATTHEISS,152628,107
MATTLEY,152628,107
MAULHARDT,152628,107
MAUREN,152628,107
MAVILIA,152628,107
MAZION,152628,107
MCANLY,152628,107
MCCAMENT,152628,107
MCCLODDEN,152628,107
MCELEARNEY,152628,107
MCELHATTEN,152628,107
MCGAN,152628,107
MCGURER,152628,107
MCGURR,152628,107
MCHAZLETT,152628,107
MCVICKAR,152628,107
MCWILLIE,152628,107
MEGAHED,152628,107
MEIERER,152628,107
MEJEA,152628,107
MELEY,152628,107
MELLES,152628,107
MELLINO,152628,107
MENONI,152628,107
MEPPEN,152628,107
MERKI,152628,107
MESHEY,152628,107
MESSECAR,152628,107
MILBEE,152628,107
MILLIES,152628,107
MINEFEE,152628,107
MINIUTTI,152628,107
MIRCH,152628,107
MIRLES,152628,107
MISSMAN,152628,107
MITACEK,152628,107
MIULLI,152628,107
MOCKEL,152628,107
MOELLENKAMP,152628,107
MOLAS,152628,107
MOLING,152628,107
MOLS,152628,107
MONDELLA,152628,107
MONDIN,152628,107
MONFREDO,152628,107
MONGIA,152628,107
MONJURE,152628,107
MONZ,152628,107
MORACHE,152628,107
MORCKEL,152628,107
MORDAS,152628,107
MOROSO,152628,107
MOSEBROOK,152628,107
MOSKALA,152628,107
MOSKOVICS,152628,107
MOTOOKA,152628,107
MOUCHET,152628,107
MOWDAY,152628,107
MOZUMDER,152628,107
MRAS,152628,107
MROSLA,152628,107
MUCAJ,152628,107
MULARONI,152628,107
MUPPALA,152628,107
NAIPO,152628,107
NAKAMICHI,152628,107
NAMAHOE,152628,107
NEAHRING,152628,107
NEARS,152628,107
NEDERHOOD,152628,107
NEGRA,152628,107
NEIVA,152628,107
NICKLEY,152628,107
NIKOLAYCHUK,152628,107
NISHIKI,152628,107
NNAMANI,152628,107
NOCAR,152628,107
NORAN,152628,107
NORDFORS,152628,107
NOTEBAERT,152628,107
NOVECK,152628,107
NUSBAUMER,152628,107
NUTTELMAN,152628,107
NYRE,152628,107
OBUCH,152628,107
OCCHIUZZO,152628,107
OCHOAGARCIA,152628,107
OCHOCO,152628,107
ODMARK,152628,107
ODZA,152628,107
OGUNLADE,152628,107
OLASON,152628,107
OLDERMAN,152628,107
OLGES,152628,107
OLINN,152628,107
OMVIG,152628,107
ONDRAS,152628,107
ONKKA,152628,107
ORICCHIO,152628,107
ORIENTAL,152628,107
ORINGDERFF,152628,107
ORLEMAN,152628,107
OSBRON,152628,107
OSIP,152628,107
OV,152628,107
OZMINKOWSKI,152628,107
PADIAL,152628,107
PADWA,152628,107
PALACIOZ,152628,107
PALHEGYI,152628,107
PALINSKY,152628,107
PALUGA,152628,107
PANCARI,152628,107
PANTAZOPOULOS,152628,107
PARKEN,152628,107
PATTANI,152628,107
PAUZA,152628,107
PAVLOVSKI,152628,107
PAYDAR,152628,107
PEEVLER,152628,107
PEGUS,152628,107
PEIK,152628,107
PENACRUZ,152628,107
PENGE,152628,107
PENNAY,152628,107
PENNINGROTH,152628,107
PERSICHINI,152628,107
PESIGAN,152628,107
PETLOCK,152628,107
PETRASKO,152628,107
PETTERA,152628,107
PEYNETSA,152628,107
PFLUGRAD,152628,107
PHILIDOR,152628,107
PIEREN,152628,107
PIERORAZIO,152628,107
PIETRUSZYNSKI,152628,107
PILOSI,152628,107
PINASCO,152628,107
PINTEA,152628,107
PIOUS,152628,107
PIRKEL,152628,107
PIROTTE,152628,107
PITKO,152628,107
PITTROFF,152628,107
PLANCON,152628,107
PLOVER,152628,107
PODOLSKE,152628,107
POGGEMEYER,152628,107
POLCHIES,152628,107
POLIAKOFF,152628,107
POLLA,152628,107
POLLART,152628,107
POMILIO,152628,107
POMPURA,152628,107
PONDILLO,152628,107
PONTILLAS,152628,107
POPPENBERG,152628,107
PORK,152628,107
POTOSNAK,152628,107
PREDESTIN,152628,107
PREO,152628,107
PRIEBOY,152628,107
PRISTERA,152628,107
PROKHOR,152628,107
PROTAIN,152628,107
PROVANCHA,152628,107
PROVSTGAARD,152628,107
PUCHE,152628,107
PUCKER,152628,107
PUDELEK,152628,107
PUNAY,152628,107
PUNTOS,152628,107
PUTTMAN,152628,107
QUACKENBOSS,152628,107
QUANRUD,152628,107
QUERAL,152628,107
QUERNEMOEN,152628,107
QUILLENS,152628,107
QUIRICO,152628,107
RABBERS,152628,107
RAEKER,152628,107
RAFFALDT,152628,107
RAFIZADEH,152628,107
RAGSTER,152628,107
RAIBER,152628,107
RAIBON,152628,107
RAID,152628,107
RAJASEKAR,152628,107
RAMBOUSEK,152628,107
RAMIREZSANTOS,152628,107
RAMKER,152628,107
RAMUNNI,152628,107
RANKA,152628,107
RAYHORN,152628,107
RAZAI,152628,107
RAZIK,152628,107
REEMSNYDER,152628,107
REGION,152628,107
REICHBERG,152628,107
REICHENBAUGH,152628,107
REICHOLD,152628,107
REMEDIO,152628,107
REMKES,152628,107
REPPLINGER,152628,107
RESTINE,152628,107
RESUE,152628,107
REWALD,152628,107
RHOAN,152628,107
RICCETTI,152628,107
RICHERDSON,152628,107
RIDDERHOFF,152628,107
RIDDOCH,152628,107
RIDELLA,152628,107
RIEBESEHL,152628,107
RISTA,152628,107
ROBBERSTAD,152628,107
ROBU,152628,107
ROCCOGRANDI,152628,107
ROISE,152628,107
ROMANOVSKY,152628,107
ROPELATO,152628,107
ROPKA,152628,107
ROSALINO,152628,107
ROSANA,152628,107
ROSASGARCIA,152628,107
ROSEMARIE,152628,107
ROSENDALL,152628,107
ROSENHECK,152628,107
ROTHENBURGER,152628,107
ROTTENSTEIN,152628,107
RUBBERT,152628,107
RUENGER,152628,107
RUHNOW,152628,107
RUOCCHIO,152628,107
RUSTIC,152628,107
RYSEWYK,152628,107
SABINASH,152628,107
SACRISTAN,152628,107
SAGATAW,152628,107
SAJOVIC,152628,107
SALAMIN,152628,107
SALAND,152628,107
SALIBY,152628,107
SAMSELL,152628,107
SAMULES,152628,107
SANDBAKKEN,152628,107
SANDHAM,152628,107
SANTACOLOMA,152628,107
SANVICTORES,152628,107
SARANTHUS,152628,107
SARIK,152628,107
SATAVA,152628,107
SAVOR,152628,107
SAVUSA,152628,107
SAXEY,152628,107
SCARPITTA,152628,107
SCEGO,152628,107
SCHAEN,152628,107
SCHAMPERS,152628,107
SCHAROUN,152628,107
SCHATTEL,152628,107
SCHONEFELD,152628,107
SCHONEWOLF,152628,107
SCHROBILGEN,152628,107
SCHULGEN,152628,107
SCHWETER,152628,107
SCHWOEGLER,152628,107
SCIORE,152628,107
SCRAY,152628,107
SEAM,152628,107
SEBULSKY,152628,107
SECKINGTON,152628,107
SEELKE,152628,107
SELTENRIGHT,152628,107
SENGSOUVANH,152628,107
SENNHENN,152628,107
SEPHTON,152628,107
SERAFIM,152628,107
SEYAL,152628,107
SHAHRESTANI,152628,107
SHALTRY,152628,107
SHARRAI,152628,107
SHERDEN,152628,107
SHREIBER,152628,107
SHROY,152628,107
SHUTY,152628,107
SIEBENLIST,152628,107
SIECKERT,152628,107
SIERON,152628,107
SIKET,152628,107
SILIPIGNI,152628,107
SILLITOE,152628,107
SILVAIN,152628,107
SILVASY,152628,107
SILVESTRY,152628,107
SILVUS,152628,107
SIMBRON,152628,107
SIMMERSON,152628,107
SIPOLA,152628,107
SIRATT,152628,107
SIRHAN,152628,107
SKALISKY,152628,107
SKILBRED,152628,107
SLACHETKA,152628,107
SLOBIN,152628,107
SLOWN,152628,107
SMARTNICK,152628,107
SMEADER,152628,107
SNACK,152628,107
SNEVE,152628,107
SOFI,152628,107
SONDGERATH,152628,107
SOPKIN,152628,107
SOSALLA,152628,107
SOTTOLANO,152628,107
SOUVANNA,152628,107
SOV,152628,107
SPANI,152628,107
SPECKELS,152628,107
SPIELMAKER,152628,107
SPRUNT,152628,107
STAGEMEYER,152628,107
STALHOOD,152628,107
STALSWORTH,152628,107
STAPELMAN,152628,107
STELLUTO,152628,107
STOCKDALL,152628,107
STOCKFISH,152628,107
STOODT,152628,107
STORSETH,152628,107
STRAMARA,152628,107
STRAWSBURG,152628,107
STROMBACK,152628,107
STRUZYNSKI,152628,107
STUCKWISH,152628,107
STUFANO,152628,107
STUFFEL,152628,107
STUHAN,152628,107
STUUT,152628,107
SUDMEIER,152628,107
SUENRAM,152628,107
SULAJ,152628,107
SULTZ,152628,107
SUNCAR,152628,107
SUNTRUP,152628,107
SUOMALA,152628,107
SUOMELA,152628,107
SUSBILLA,152628,107
SWEDLOW,152628,107
SYLLING,152628,107
SYMISTER,152628,107
SYNSTELIEN,152628,107
SZARKO,152628,107
SZYNKOWSKI,152628,107
TABALDO,152628,107
TABBAA,152628,107
TACHINE,152628,107
TAGLIAPIETRA,152628,107
TAKAMINE,152628,107
TAMHANE,152628,107
TAMOSAITIS,152628,107
TANCRETI,152628,107
TAPAWAN,152628,107
TAPIAGARCIA,152628,107
TAPIE,152628,107
TAULE,152628,107
TENDILLA,152628,107
TERIFAY,152628,107
THEZAN,152628,107
THIENEL,152628,107
TIMPERMAN,152628,107
TIPAZ,152628,107
TISCHBEIN,152628,107
TITI,152628,107
TIZIANI,152628,107
TOFFEY,152628,107
TOLLAR,152628,107
TOMINO,152628,107
TOMMERDAHL,152628,107
TOMSU,152628,107
TONTZ,152628,107
TORRESMENDOZA,152628,107
TORRIERI,152628,107
TOTILLO,152628,107
TRITCHLER,152628,107
TRUCKE,152628,107
TRUEDSON,152628,107
TRUMBACH,152628,107
TRUSCHEL,152628,107
TRUSKY,152628,107
TUCHALSKI,152628,107
TUFENKJIAN,152628,107
TUKA,152628,107
TUMAMAO,152628,107
TUPAJ,152628,107
TURKLE,152628,107
TUSHAUS,152628,107
TWAL,152628,107
TWELE,152628,107
TYQUIENGCO,152628,107
UBINA,152628,107
ULVILA,152628,107
UMNUS,152628,107
UON,152628,107
URAJE,152628,107
URPS,152628,107
UTO,152628,107
UTSUMI,152628,107
UWIMANA,152628,107
UYEMA,152628,107
VALIANI,152628,107
VALLARD,152628,107
VAMPLE,152628,107
VANARSDALEN,152628,107
VANDENHOUT,152628,107
VANDEWOESTYNE,152628,107
VANDORT,152628,107
VANGURP,152628,107
VANHAVERBEKE,152628,107
VAZQUEZTORRES,152628,107
VEEK,152628,107
VELEK,152628,107
VENEKLASEN,152628,107
VERDERESE,152628,107
VERLEZZA,152628,107
VERNALI,152628,107
VERWAYNE,152628,107
VICENTELOPEZ,152628,107
VILLEJO,152628,107
VINATIERI,152628,107
VINCECRUZ,152628,107
VIOTTO,152628,107
VIR,152628,107
VISK,152628,107
VITUS,152628,107
VOITIK,152628,107
VONBOKEL,152628,107
VORHEIS,152628,107
WACLAW,152628,107
WACO,152628,107
WADENA,152628,107
WAGANER,152628,107
WAHHAB,152628,107
WAKIDA,152628,107
WALGAMOTT,152628,107
WAMBUI,152628,107
WARKINS,152628,107
WARRUM,152628,107
WATTER,152628,107
WAUTHIER,152628,107
WAYNES,152628,107
WEHBI,152628,107
WEIDLING,152628,107
WELLEMEYER,152628,107
WESTHUSING,152628,107
WHETZELL,152628,107
WHYATT,152628,107
WIDELSKI,152628,107
WIDIKER,152628,107
WIDLER,152628,107
WIDMEIER,152628,107
WILCOMB,152628,107
WILHELMUS,152628,107
WINBOURNE,152628,107
WINCKEL,152628,107
WINGERS,152628,107
WINNINGS,152628,107
WINSAUER,152628,107
WITTHAUER,152628,107
WITZENBURG,152628,107
WLODEK,152628,107
WOISIN,152628,107
WOJENSKI,152628,107
WOLOSHYN,152628,107
WOLTERSDORF,152628,107
WORSHIP,152628,107
WRIXON,152628,107
WURTZBACHER,152628,107
WYKEL,152628,107
XANG,152628,107
YAKUSH,152628,107
YALEY,152628,107
YDROGO,152628,107
YEGIAZARYAN,152628,107
YENS,152628,107
YERBICH,152628,107
YHARBROUGH,152628,107
YOKOTAKE,152628,107
YRLAS,152628,107
YULEE,152628,107
YURGEL,152628,107
ZABORNEY,152628,107
ZAGROCKI,152628,107
ZAHARKO,152628,107
ZANARDELLI,152628,107
ZAWISA,152628,107
ZDINAK,152628,107
ZEHNLE,152628,107
ZENEBE,152628,107
ZENNI,152628,107
ZEREN,152628,107
ZETA,152628,107
ZIARNO,152628,107
ZIENTY,152628,107
ZINDER,152628,107
ZLATEV,152628,107
ZUCKERO,152628,107
ZWAR,152628,107
ZYBERT,152628,107
ABAL,153769,106
ABELSETH,153769,106
ADAMAITIS,153769,106
AGUWA,153769,106
AHLENIUS,153769,106
AIYAR,153769,106
AKEROYD,153769,106
ALAIA,153769,106
ALBERGOTTI,153769,106
ALLDREAD,153769,106
ALQADHI,153769,106
ALTSMAN,153769,106
ALVAREZFLORES,153769,106
ALVIANI,153769,106
AMIAN,153769,106
AMURRIO,153769,106
ANGRUM,153769,106
ANYIAM,153769,106
APAO,153769,106
APPARICIO,153769,106
ARIMOTO,153769,106
ARONI,153769,106
ARONOVITZ,153769,106
ARPA,153769,106
ARYEETEY,153769,106
ASBRA,153769,106
ASSIL,153769,106
ATTAYA,153769,106
AULIS,153769,106
AUTERA,153769,106
AUZ,153769,106
AVAREZ,153769,106
AVILE,153769,106
AZARIA,153769,106
BAALBAKI,153769,106
BABAYEVA,153769,106
BACCILE,153769,106
BACULI,153769,106
BADAJOS,153769,106
BAGHA,153769,106
BAGLIONI,153769,106
BAIRRINGTON,153769,106
BALCACERES,153769,106
BALLET,153769,106
BALLWAY,153769,106
BALOCCA,153769,106
BAQUI,153769,106
BASCHNAGEL,153769,106
BASCIANI,153769,106
BASHIRI,153769,106
BATHEN,153769,106
BEAULIERE,153769,106
BEEPATH,153769,106
BEGOM,153769,106
BEHARIE,153769,106
BEHAROVIC,153769,106
BEINBORN,153769,106
BELANCE,153769,106
BELIC,153769,106
BELLOISE,153769,106
BENATTI,153769,106
BENCINI,153769,106
BENITEZGARCIA,153769,106
BENNECKE,153769,106
BERDIEL,153769,106
BERILLA,153769,106
BERSCHEIT,153769,106
BERTAUT,153769,106
BERTOLANI,153769,106
BESGROVE,153769,106
BEULKE,153769,106
BEVELACQUA,153769,106
BHURA,153769,106
BIELLI,153769,106
BIELSS,153769,106
BIESANZ,153769,106
BIGARD,153769,106
BILANCIA,153769,106
BILLETTE,153769,106
BINIK,153769,106
BIRKHOLTZ,153769,106
BJELKE,153769,106
BLAUE,153769,106
BLECKE,153769,106
BLOCZYNSKI,153769,106
BLOOMSTEIN,153769,106
BLYMILLER,153769,106
BOEHMS,153769,106
BOELKINS,153769,106
BOERSCHINGER,153769,106
BOETTJER,153769,106
BOKKER,153769,106
BONING,153769,106
BONOME,153769,106
BORNELUS,153769,106
BOSAW,153769,106
BOUTROSS,153769,106
BOYL,153769,106
BOZOVIC,153769,106
BRAIMAN,153769,106
BRANGER,153769,106
BRASMER,153769,106
BRHEL,153769,106
BRIERY,153769,106
BRIMINGHAM,153769,106
BRITTNACHER,153769,106
BRUCKSCHEN,153769,106
BRUMET,153769,106
BRYCHTA,153769,106
BSHARA,153769,106
BUCHSER,153769,106
BUCKWELL,153769,106
BUDAJ,153769,106
BUGARA,153769,106
BUGIELSKI,153769,106
BULLWINKLE,153769,106
BUMILLER,153769,106
BURANEN,153769,106
BURCIN,153769,106
BURER,153769,106
BURRIOLA,153769,106
BYCK,153769,106
CABROL,153769,106
CACAS,153769,106
CALMUS,153769,106
CALSYN,153769,106
CANLER,153769,106
CAPIO,153769,106
CAPLER,153769,106
CARABELLI,153769,106
CARBIENER,153769,106
CARMIEN,153769,106
CASTAGNETTI,153769,106
CASTEDO,153769,106
CASTROCRUZ,153769,106
CATURA,153769,106
CATY,153769,106
CAULFORD,153769,106
CAVALA,153769,106
CENTURY,153769,106
CHAITRAM,153769,106
CHAMPANERIA,153769,106
CHANTER,153769,106
CHAOUI,153769,106
CHARGING,153769,106
CHARLE,153769,106
CHARPIE,153769,106
CHASSER,153769,106
CHAUX,153769,106
CHAVESTE,153769,106
CHICKA,153769,106
CHISENALL,153769,106
CICON,153769,106
CIEMNY,153769,106
CIFRANIC,153769,106
CILMI,153769,106
CIRINEO,153769,106
CIRIO,153769,106
CIRKO,153769,106
CLAUSNER,153769,106
CLOWN,153769,106
COADA,153769,106
CODINGTON,153769,106
COHLER,153769,106
COLECIO,153769,106
COLHOUER,153769,106
COLLANTE,153769,106
COLLART,153769,106
COLLORD,153769,106
COLMERY,153769,106
COLUNIO,153769,106
CONGDEN,153769,106
CONZALEZ,153769,106
CORDINGLY,153769,106
CORNIN,153769,106
CORRIDAN,153769,106
COSGRO,153769,106
COTSONAS,153769,106
COTTEE,153769,106
COTTING,153769,106
COUITT,153769,106
COURIS,153769,106
COURTOT,153769,106
CRAPSEY,153769,106
CRIEL,153769,106
CRILOW,153769,106
CRISI,153769,106
CRIVELLA,153769,106
CROMITY,153769,106
CRORY,153769,106
CYNAMON,153769,106
CZABAN,153769,106
DABBERT,153769,106
DACON,153769,106
DAHMANI,153769,106
DAHMES,153769,106
DALCIN,153769,106
DAMBROGIO,153769,106
DANCHIK,153769,106
DANGELIS,153769,106
DAVOUDIAN,153769,106
DEANGEL,153769,106
DECARMINE,153769,106
DECARTERET,153769,106
DECORMIER,153769,106
DECORSO,153769,106
DEELSTRA,153769,106
DEESON,153769,106
DEFABRIZIO,153769,106
DEGMAN,153769,106
DELAMADRID,153769,106
DELBONIS,153769,106
DELEWSKI,153769,106
DELOSSANTO,153769,106
DELUCENAY,153769,106
DELUE,153769,106
DELVESCOVO,153769,106
DEMASTES,153769,106
DENEGRE,153769,106
DENETSO,153769,106
DERAEDT,153769,106
DERICHSWEILER,153769,106
DESATNIK,153769,106
DESIKAN,153769,106
DESSELLIER,153769,106
DESSNER,153769,106
DETOR,153769,106
DETRANO,153769,106
DEUCHAR,153769,106
DHEMING,153769,106
DICIOLLA,153769,106
DIGIORE,153769,106
DIGRAVIO,153769,106
DILEMME,153769,106
DIMICELLI,153769,106
DIMILIA,153769,106
DINOSO,153769,106
DINS,153769,106
DIRUBBO,153769,106
DISTOR,153769,106
DLUGI,153769,106
DLUZNIEWSKI,153769,106
DOBRESCU,153769,106
DOMSKY,153769,106
DONAHAY,153769,106
DOOMAN,153769,106
DORL,153769,106
DOSANI,153769,106
DOTTLE,153769,106
DOUMANIAN,153769,106
DRAGOI,153769,106
DROSE,153769,106
DUBICH,153769,106
DUBROWSKI,153769,106
DUCHAK,153769,106
DUCKERY,153769,106
DUFAU,153769,106
DUGER,153769,106
DUJON,153769,106
DULKOSKI,153769,106
DUMAGUING,153769,106
DUNING,153769,106
DUNKLING,153769,106
DUNOW,153769,106
DURCI,153769,106
DUREPO,153769,106
DURRILL,153769,106
DUVAN,153769,106
DUVERNEAU,153769,106
EAFORD,153769,106
ECHAURI,153769,106
EDELBACH,153769,106
EDFORS,153769,106
EELMAN,153769,106
EICHAR,153769,106
EKENSTAM,153769,106
EKOLA,153769,106
ELLCEY,153769,106
ELMERS,153769,106
ELNOUR,153769,106
ELSHABAZZ,153769,106
EMMELL,153769,106
ERLWEIN,153769,106
ESEN,153769,106
ESMONDE,153769,106
ESSHAKI,153769,106
ETCHER,153769,106
ETEAKI,153769,106
EVANOW,153769,106
FABUNAN,153769,106
FAEHR,153769,106
FALKENBURY,153769,106
FANSON,153769,106
FARROKHI,153769,106
FARZIN,153769,106
FASSERO,153769,106
FATTORINI,153769,106
FAUNT,153769,106
FAXAS,153769,106
FEAREY,153769,106
FEDYNA,153769,106
FEERRAR,153769,106
FERDINANDI,153769,106
FEREDE,153769,106
FERRACCI,153769,106
FERRADAS,153769,106
FIDELIS,153769,106
FIGUEROAGARCIA,153769,106
FILCHAK,153769,106
FILLAR,153769,106
FILM,153769,106
FILUS,153769,106
FIRBY,153769,106
FIRER,153769,106
FLAY,153769,106
FLEIGLE,153769,106
FLOAN,153769,106
FOLVEN,153769,106
FOOCE,153769,106
FORDERER,153769,106
FORMER,153769,106
FRAITES,153769,106
FREEBOURN,153769,106
FRESIA,153769,106
FRIZZO,153769,106
FROLOVA,153769,106
FRULLA,153769,106
GALENS,153769,106
GALIARDI,153769,106
GAMILLO,153769,106
GAMMINO,153769,106
GANSHERT,153769,106
GARCIAPINEDA,153769,106
GARCIATREJO,153769,106
GATHERCOAL,153769,106
GATLUAK,153769,106
GAWARAN,153769,106
GAWF,153769,106
GAYNAIR,153769,106
GEBREAB,153769,106
GEEDEY,153769,106
GEFTER,153769,106
GEIKE,153769,106
GELDZAHLER,153769,106
GENGA,153769,106
GEORGHIOU,153769,106
GERDT,153769,106
GEVIRTZ,153769,106
GEWERTH,153769,106
GIALLELLA,153769,106
GIAMPINO,153769,106
GILLMANN,153769,106
GILZEAN,153769,106
GJESDAL,153769,106
GLIGOREVIC,153769,106
GLIMP,153769,106
GLOGOWER,153769,106
GLUS,153769,106
GOEI,153769,106
GOLDBURG,153769,106
GOLESKI,153769,106
GOMMER,153769,106
GONIS,153769,106
GONZALEZAGUILA,153769,106
GONZALEZC,153769,106
GOSHU,153769,106
GRAPHMAN,153769,106
GRAZIA,153769,106
GREGGORY,153769,106
GREGORASH,153769,106
GREULING,153769,106
GRINMAN,153769,106
GRISCAVAGE,153769,106
GROCHOWSKY,153769,106
GUELLER,153769,106
GUILFOILE,153769,106
GUITER,153769,106
GURION,153769,106
HAINZ,153769,106
HALBERSMA,153769,106
HALLWOOD,153769,106
HAMAMI,153769,106
HAMILITON,153769,106
HANAMAN,153769,106
HANNIFAN,153769,106
HANZELY,153769,106
HARDOIN,153769,106
HARKLEY,153769,106
HARTSOG,153769,106
HASENSTEIN,153769,106
HATFILL,153769,106
HATHERILL,153769,106
HAWHEE,153769,106
HAZLEGROVE,153769,106
HEDDIN,153769,106
HEEGE,153769,106
HEGWALD,153769,106
HEHMEYER,153769,106
HELLENDRUNG,153769,106
HELMSING,153769,106
HELSEN,153769,106
HELTNE,153769,106
HEMINWAY,153769,106
HEMS,153769,106
HENDREE,153769,106
HENGL,153769,106
HERKES,153769,106
HERNES,153769,106
HERRERIAS,153769,106
HERRINGDINE,153769,106
HERWALD,153769,106
HESCHT,153769,106
HEUSLER,153769,106
HIESER,153769,106
HILARIDES,153769,106
HIMMERICH,153769,106
HINAJOSA,153769,106
HINGLEY,153769,106
HIRSHFELD,153769,106
HOBI,153769,106
HOEDL,153769,106
HOETGER,153769,106
HOLPUCH,153769,106
HOLTAM,153769,106
HOLYAN,153769,106
HOOYER,153769,106
HORNOF,153769,106
HOSSENLOPP,153769,106
HOTSINPILLER,153769,106
HOWENSTEIN,153769,106
HOXMEIER,153769,106
HOZEMPA,153769,106
HRANICKA,153769,106
HUGHITT,153769,106
HUIDOR,153769,106
HULLIHAN,153769,106
HUNLOCK,153769,106
HUNNICUT,153769,106
HUSTIS,153769,106
ILTEN,153769,106
INDERLIED,153769,106
INSTONE,153769,106
ISKI,153769,106
ITAMI,153769,106
ITANO,153769,106
ITZHAKI,153769,106
IVANENKO,153769,106
IWUCHUKWU,153769,106
IXTABALAN,153769,106
IZWORSKI,153769,106
JACQUIER,153769,106
JANNINGS,153769,106
JANSCH,153769,106
JARBOU,153769,106
JARERO,153769,106
JARUZEL,153769,106
JASMUND,153769,106
JENNIGS,153769,106
JESBERG,153769,106
JONESBEY,153769,106
KACAL,153769,106
KACKMAN,153769,106
KADRIE,153769,106
KALMYKOV,153769,106
KANTOROWSKI,153769,106
KANYUCK,153769,106
KARGUS,153769,106
KARPIN,153769,106
KASITZ,153769,106
KATHLEEN,153769,106
KATTE,153769,106
KAUTZA,153769,106
KAZEMBA,153769,106
KEEYS,153769,106
KELLIN,153769,106
KERES,153769,106
KERIAN,153769,106
KETTERL,153769,106
KHACHATOORIAN,153769,106
KHANAFER,153769,106
KHASANOVA,153769,106
KHAY,153769,106
KIELMA,153769,106
KILLINGWORTH,153769,106
KIMME,153769,106
KINCHION,153769,106
KINNIARD,153769,106
KIRBIE,153769,106
KISIN,153769,106
KITKOWSKI,153769,106
KITZINGER,153769,106
KLEYLA,153769,106
KLIMCHUK,153769,106
KNAUPP,153769,106
KNELLINGER,153769,106
KNOEPFLER,153769,106
KOCEN,153769,106
KOGON,153769,106
KOLESKE,153769,106
KOLFF,153769,106
KOLIHA,153769,106
KOMADA,153769,106
KONARZEWSKI,153769,106
KONCABA,153769,106
KONDRA,153769,106
KONGARA,153769,106
KONKEN,153769,106
KORBUT,153769,106
KOREEN,153769,106
KORNAFEL,153769,106
KORNELIS,153769,106
KORNRUMPF,153769,106
KORPALSKI,153769,106
KORRECK,153769,106
KOSCIELAK,153769,106
KOSTIAL,153769,106
KOUKAL,153769,106
KOVALEVA,153769,106
KRAINES,153769,106
KRCHMAR,153769,106
KRECZMER,153769,106
KRESHA,153769,106
KRESTEL,153769,106
KROLEWSKI,153769,106
KROMIS,153769,106
KRUDOP,153769,106
KRULJAC,153769,106
KRUPOWICZ,153769,106
KRZOSKA,153769,106
KUCHIBHOTLA,153769,106
KUDLACK,153769,106
KUDLAK,153769,106
KUECKEN,153769,106
KUHAULUA,153769,106
KUHLER,153769,106
KUMBALEK,153769,106
KUSHIN,153769,106
KUSMAN,153769,106
KUSSY,153769,106
LABRANT,153769,106
LACIS,153769,106
LACRETE,153769,106
LAFFREY,153769,106
LAFNEAR,153769,106
LALKO,153769,106
LAMBACH,153769,106
LAMBARD,153769,106
LAMMERDING,153769,106
LAMPRICH,153769,106
LANAVILLE,153769,106
LANGMAACK,153769,106
LAPLATNEY,153769,106
LARRETA,153769,106
LAVEAGA,153769,106
LAYAOU,153769,106
LAZARIAN,153769,106
LEAFGREEN,153769,106
LEATHERY,153769,106
LEBBIE,153769,106
LEBIODA,153769,106
LEBOURVEAU,153769,106
LECKINGTON,153769,106
LEFERS,153769,106
LEIBBRAND,153769,106
LEIDHOLDT,153769,106
LEMARBE,153769,106
LENAR,153769,106
LENIGAR,153769,106
LENUS,153769,106
LESCALLETT,153769,106
LETTRICH,153769,106
LEVETTE,153769,106
LIBOY,153769,106
LICA,153769,106
LIEBAL,153769,106
LIEDBERG,153769,106
LIENARD,153769,106
LIGH,153769,106
LININGTON,153769,106
LISTO,153769,106
LLAUGER,153769,106
LONGJOHN,153769,106
LOPEZFERNANDEZ,153769,106
LOPEZSOLIS,153769,106
LOPOSSER,153769,106
LOPREIATO,153769,106
LOTTERMAN,153769,106
LOVERINK,153769,106
LOWBER,153769,106
LOWS,153769,106
LUEPNITZ,153769,106
LUNDAK,153769,106
LUTERBACH,153769,106
LYDER,153769,106
LYSKO,153769,106
MACCAULEY,153769,106
MACIOSEK,153769,106
MACKOOL,153769,106
MACONI,153769,106
MADHA,153769,106
MADLENER,153769,106
MAFFE,153769,106
MAGARA,153769,106
MAGOR,153769,106
MAGUFFEE,153769,106
MAHLANDT,153769,106
MAHLON,153769,106
MAHOSKI,153769,106
MAINGI,153769,106
MAJDI,153769,106
MAJEROWICZ,153769,106
MALIQI,153769,106
MALKEMES,153769,106
MALMANGER,153769,106
MANBODH,153769,106
MANDAVIA,153769,106
MANGUIAT,153769,106
MANNILA,153769,106
MANUMALEUNA,153769,106
MANVELYAN,153769,106
MARAM,153769,106
MARCONETT,153769,106
MARD,153769,106
MARMARAS,153769,106
MARNON,153769,106
MARQUISE,153769,106
MARTLOCK,153769,106
MARUSIAK,153769,106
MASIEWICZ,153769,106
MASTO,153769,106
MATAAFA,153769,106
MATCHA,153769,106
MATTLER,153769,106
MATURAN,153769,106
MAUD,153769,106
MAYDOLE,153769,106
MCALMOND,153769,106
MCCLARNEY,153769,106
MCCLEISH,153769,106
MCGADY,153769,106
MCGEATH,153769,106
MCGILLIN,153769,106
MCKANNAN,153769,106
MCKIRAHAN,153769,106
MCQUIRT,153769,106
MCREAVY,153769,106
MCSHAY,153769,106
MEGGE,153769,106
MELAD,153769,106
MELESSE,153769,106
MELINN,153769,106
MELKUMYAN,153769,106
MELZ,153769,106
MENDEZGOMEZ,153769,106
MENEREY,153769,106
MENIX,153769,106
MENOLASCINO,153769,106
MERGIST,153769,106
MERKSON,153769,106
MESCIA,153769,106
MESHER,153769,106
METZBOWER,153769,106
MEZAGARCIA,153769,106
MIEDZINSKI,153769,106
MIEREZ,153769,106
MILCZEWSKI,153769,106
MILLHOFF,153769,106
MILLSOP,153769,106
MINACAPELLI,153769,106
MINFORD,153769,106
MIODUSKI,153769,106
MIOZZA,153769,106
MITELMAN,153769,106
MITRIK,153769,106
MIYAKI,153769,106
MLADENKA,153769,106
MLYNIEC,153769,106
MOCKAITIS,153769,106
MODERSKI,153769,106
MOKOS,153769,106
MOLENDYK,153769,106
MONARRES,153769,106
MONDARES,153769,106
MONEM,153769,106
MONKRES,153769,106
MORRIES,153769,106
MOSHEL,153769,106
MOSHREF,153769,106
MOSKALSKI,153769,106
MOUSSAOUI,153769,106
MOZE,153769,106
MUBEEN,153769,106
MUELKEN,153769,106
MUENZENBERGER,153769,106
MUESSE,153769,106
MUGNIER,153769,106
MULVAHILL,153769,106
MURARI,153769,106
MURIQI,153769,106
NACINO,153769,106
NARBAEZ,153769,106
NARCISCO,153769,106
NASU,153769,106
NAVAGARCIA,153769,106
NAVOA,153769,106
NAYSMITH,153769,106
NEHRIG,153769,106
NEISE,153769,106
NESTON,153769,106
NETTLESHIP,153769,106
NEUSS,153769,106
NIEMYJSKI,153769,106
NILI,153769,106
NINESLING,153769,106
NOLOT,153769,106
NORTELUS,153769,106
NOTHWEHR,153769,106
NOVARIA,153769,106
NTIAMOAH,153769,106
NUCERA,153769,106
NUSSLE,153769,106
NWOYE,153769,106
OCCHI,153769,106
OGILBY,153769,106
OGINSKI,153769,106
OHIA,153769,106
OLAGUES,153769,106
OLBRICHT,153769,106
OLLARZABAL,153769,106
OLUFEMI,153769,106
ONGSTAD,153769,106
ONQUE,153769,106
ORDENES,153769,106
ORLANDINO,153769,106
OROKE,153769,106
ORTEGAPEREZ,153769,106
ORTEGARAMIREZ,153769,106
ORTELLI,153769,106
OSOLIN,153769,106
OSTROOT,153769,106
OTZELBERGER,153769,106
OUDEH,153769,106
OUDENHOVEN,153769,106
OVERBYE,153769,106
OZAR,153769,106
PAIST,153769,106
PAJO,153769,106
PANJOJ,153769,106
PAPAJ,153769,106
PAPOI,153769,106
PARANGAN,153769,106
PARANTO,153769,106
PARESE,153769,106
PARIETTI,153769,106
PARKAR,153769,106
PASQUE,153769,106
PATSIS,153769,106
PAULINI,153769,106
PAUYO,153769,106
PECQUET,153769,106
PEELEN,153769,106
PEERCE,153769,106
PEESO,153769,106
PELLES,153769,106
PELUFFO,153769,106
PENDLE,153769,106
PENEGUY,153769,106
PERANTONI,153769,106
PERCEVAL,153769,106
PESCETTO,153769,106
PESCO,153769,106
PETRANCOSTA,153769,106
PETROZZINO,153769,106
PETRUK,153769,106
PETRYSZYN,153769,106
PETSCHOW,153769,106
PHLEGM,153769,106
PIANTEK,153769,106
PICKELMAN,153769,106
PIESTRAK,153769,106
PIGULA,153769,106
PILAKOWSKI,153769,106
PINAS,153769,106
PINERES,153769,106
PIZIALI,153769,106
PLYMAN,153769,106
POKRANT,153769,106
POLANDO,153769,106
PONDO,153769,106
PONSONBY,153769,106
PORAZZO,153769,106
PORRETT,153769,106
POWSER,153769,106
POYE,153769,106
PRAEFKE,153769,106
PRANTL,153769,106
PRECORD,153769,106
PREVALLET,153769,106
PRIMOZICH,153769,106
PRISELAC,153769,106
PROEUNG,153769,106
PROUDLOCK,153769,106
PRUCHNIK,153769,106
PRYSLAK,153769,106
PUHALSKI,153769,106
PURR,153769,106
PUTHUFF,153769,106
PYRAH,153769,106
QUALLEN,153769,106
QUEIPO,153769,106
QUEVAS,153769,106
QUINCI,153769,106
QUINEY,153769,106
RABIDA,153769,106
RACINOWSKI,153769,106
RADAKE,153769,106
RADETICH,153769,106
RADUNS,153769,106
RAFULS,153769,106
RAHAM,153769,106
RAHMIG,153769,106
RAIKAR,153769,106
RAMBLAS,153769,106
RAMIREZLUNA,153769,106
RANNIE,153769,106
RAOUFI,153769,106
RAPAGLIA,153769,106
RAPANT,153769,106
RAPCHAK,153769,106
RASHWAN,153769,106
REGIEC,153769,106
REITMIRE,153769,106
REMBLE,153769,106
RETER,153769,106
RETKOWSKI,153769,106
REYESRUIZ,153769,106
RIBONI,153769,106
RICAPITO,153769,106
RIESEL,153769,106
RITACCA,153769,106
RITI,153769,106
RODRIGUEZCOLON,153769,106
RODRIGUEZMORAL,153769,106
RODRIGUEZSILVA,153769,106
ROELSE,153769,106
ROFFO,153769,106
ROGELSTAD,153769,106
ROHRSSEN,153769,106
ROIAS,153769,106
ROOPER,153769,106
ROORK,153769,106
ROOSENDAAL,153769,106
ROSANELLI,153769,106
ROSEMARY,153769,106
ROSEMBERT,153769,106
ROSENDORF,153769,106
ROTHENBURG,153769,106
ROXO,153769,106
RUDEWICZ,153769,106
RUDLAND,153769,106
RUEBKE,153769,106
RUEMLER,153769,106
RUKAMP,153769,106
RUMMINGS,153769,106
RUSCHMANN,153769,106
RUTTLEY,153769,106
RYPKA,153769,106
RYTTER,153769,106
SAINVAL,153769,106
SALFITI,153769,106
SALITURO,153769,106
SAMDANI,153769,106
SARANGI,153769,106
SARTELLE,153769,106
SATTESON,153769,106
SATTLEY,153769,106
SATUR,153769,106
SAVAIINAEA,153769,106
SAVOIR,153769,106
SAWI,153769,106
SAYENKO,153769,106
SCALESSE,153769,106
SCATTERDAY,153769,106
SCHALDENBRAND,153769,106
SCHEFTER,153769,106
SCHENDT,153769,106
SCHENZ,153769,106
SCHEUERELL,153769,106
SCHINGS,153769,106
SCHLATTMAN,153769,106
SCHMERLING,153769,106
SCHNEGELBERGER,153769,106
SCHOLLMEIER,153769,106
SCHRIMPSHER,153769,106
SCHUPAK,153769,106
SCHURDELL,153769,106
SCHWILK,153769,106
SCHWINDLER,153769,106
SCHWIRTZ,153769,106
SCIARONI,153769,106
SCIFERS,153769,106
SEABECK,153769,106
SEAGRIFF,153769,106
SECAIRA,153769,106
SEGELHORST,153769,106
SEISAY,153769,106
SEJDIC,153769,106
SEROR,153769,106
SERRENO,153769,106
SEUSER,153769,106
SHAGOURY,153769,106
SHAMAYEV,153769,106
SHEPPHARD,153769,106
SHEVEL,153769,106
SHIFTER,153769,106
SHIRATORI,153769,106
SHIRLING,153769,106
SHORMAN,153769,106
SHRUBB,153769,106
SHUPPERD,153769,106
SIAW,153769,106
SICHI,153769,106
SIEGGREEN,153769,106
SIEROTA,153769,106
SILAVONG,153769,106
SIMOLA,153769,106
SIMONOVIC,153769,106
SINESI,153769,106
SINI,153769,106
SIWECKI,153769,106
SIXSMITH,153769,106
SKLENICKA,153769,106
SKOGLAND,153769,106
SLABACK,153769,106
SLAFF,153769,106
SLAZAS,153769,106
SLONKA,153769,106
SMAISTRLA,153769,106
SMEAK,153769,106
SMITHYMAN,153769,106
SMUGALA,153769,106
SOLLOCK,153769,106
SOLSKI,153769,106
SOLVANG,153769,106
SONENBERG,153769,106
SOUSIS,153769,106
SOWERWINE,153769,106
SPANKOWSKI,153769,106
SPARRER,153769,106
SPEE,153769,106
SPELLEN,153769,106
SPENRATH,153769,106
SPIEGELHALTER,153769,106
SQUILLA,153769,106
STAFSLIEN,153769,106
STARKLOFF,153769,106
STDON,153769,106
STEINOCHER,153769,106
STEKEL,153769,106
STEMPKY,153769,106
STEPHAS,153769,106
STERNAT,153769,106
STERNWEIS,153769,106
STITTSWORTH,153769,106
STOCKELMAN,153769,106
STOFFERAN,153769,106
STOTTER,153769,106
STRAILY,153769,106
STRASSBERGER,153769,106
STRECKENBACH,153769,106
STREHLAU,153769,106
STREUBER,153769,106
STRICKMAN,153769,106
STROUHAL,153769,106
STUBBEN,153769,106
STUBBERFIELD,153769,106
STUNSON,153769,106
SUAAVA,153769,106
SUCHAK,153769,106
SUDDABY,153769,106
SUNKINS,153769,106
SUSICE,153769,106
SUSINI,153769,106
SUTTERS,153769,106
SWEETNEY,153769,106
SWORTZEL,153769,106
SYMOLON,153769,106
SYRES,153769,106
SZEREMETA,153769,106
SZOSZOREK,153769,106
SZUBINSKI,153769,106
TABARI,153769,106
TABESH,153769,106
TALMA,153769,106
TAMARO,153769,106
TAMAZYAN,153769,106
TAMULIS,153769,106
TARTELL,153769,106
TAXTER,153769,106
TEGEGN,153769,106
TEGNER,153769,106
TELKER,153769,106
TEMPIO,153769,106
TENKLEY,153769,106
THAMS,153769,106
THOMAZIN,153769,106
THOMET,153769,106
THONGSAVANH,153769,106
THORLAKSON,153769,106
THORNBLOOM,153769,106
TIESO,153769,106
TIETGEN,153769,106
TITOVA,153769,106
TODE,153769,106
TOENISKOETTER,153769,106
TOLISON,153769,106
TOMAINE,153769,106
TOMASZYCKI,153769,106
TONDER,153769,106
TOOHER,153769,106
TOTSKY,153769,106
TOUCHE,153769,106
TRANCHANT,153769,106
TRANSEAU,153769,106
TRATT,153769,106
TREDENNICK,153769,106
TRIEM,153769,106
TRIFARO,153769,106
TROCHINSKI,153769,106
TRUSDALE,153769,106
TSUSHIMA,153769,106
TUDRYN,153769,106
TUIONO,153769,106
TUMANUVAO,153769,106
TURGUT,153769,106
TUTAS,153769,106
UMPHREYS,153769,106
UNTERBORN,153769,106
URKE,153769,106
UTI,153769,106
UVINO,153769,106
VAEA,153769,106
VAHALIK,153769,106
VALANCE,153769,106
VALAQUEZ,153769,106
VALENTIM,153769,106
VALLOR,153769,106
VALOTTA,153769,106
VANALEN,153769,106
VANDALSEN,153769,106
VANGENNIP,153769,106
VANHOLTEN,153769,106
VASAK,153769,106
VASCONES,153769,106
VASTERLING,153769,106
VELAZQUE,153769,106
VELLUTINI,153769,106
VESPIE,153769,106
VETCH,153769,106
VIDARTE,153769,106
VIGLIATURO,153769,106
VILLAGOMES,153769,106
VILLAUME,153769,106
VIRUS,153769,106
VISHNEVSKIY,153769,106
VISLAY,153769,106
VITTORIOSO,153769,106
VOILAND,153769,106
VOLKEL,153769,106
VOLYNETS,153769,106
VOLYNSKY,153769,106
VONGERICHTEN,153769,106
VOSHEL,153769,106
VOUTOUR,153769,106
VOZELLA,153769,106
WACHSLER,153769,106
WAESCHE,153769,106
WAITZ,153769,106
WARHOLAK,153769,106
WARLITNER,153769,106
WARTEL,153769,106
WARTELLE,153769,106
WEDWICK,153769,106
WEGH,153769,106
WEIDHAAS,153769,106
WEIDLEIN,153769,106
WEINGAST,153769,106
WEITER,153769,106
WELTZER,153769,106
WENECK,153769,106
WETSELL,153769,106
WEVERS,153769,106
WIBBERG,153769,106
WIEGING,153769,106
WILGES,153769,106
WILKLOW,153769,106
WILLEMAIN,153769,106
WINEHOLT,153769,106
WINKIE,153769,106
WIRTES,153769,106
WIYNINGER,153769,106
WOIWODE,153769,106
WOKURKA,153769,106
WOODAL,153769,106
WOODLIN,153769,106
WOOLRICH,153769,106
WRATH,153769,106
WREEDE,153769,106
WROGE,153769,106
WULFECK,153769,106
WUSSLER,153769,106
XOCHIPA,153769,106
YAKIMCHUK,153769,106
YAMANOHA,153769,106
YAMANOUCHI,153769,106
YANGO,153769,106
YASUKOCHI,153769,106
YEARS,153769,106
YEU,153769,106
YOUNESS,153769,106
YUKNA,153769,106
ZACHEIS,153769,106
ZAFARI,153769,106
ZAIMI,153769,106
ZAKHEIM,153769,106
ZAMILPA,153769,106
ZANKEL,153769,106
ZAPPI,153769,106
ZAUTKE,153769,106
ZAVALALOPEZ,153769,106
ZAWILA,153769,106
ZEPETA,153769,106
ZHANAY,153769,106
ZIEROTH,153769,106
ZIHLMAN,153769,106
ZORIN,153769,106
ZSIGA,153769,106
ZWIERLEIN,153769,106
ABDELA,154907,105
ACHAIBAR,154907,105
ACHURRA,154907,105
ACQUARD,154907,105
ADAMANY,154907,105
ADELUNG,154907,105
ADREANI,154907,105
ADWAR,154907,105
AEMMER,154907,105
AGGSON,154907,105
AGRAN,154907,105
AGUILING,154907,105
AIDEN,154907,105
AIRY,154907,105
ALADRO,154907,105
ALBIANI,154907,105
ALEDIA,154907,105
ALICANTE,154907,105
ALIMO,154907,105
ALIP,154907,105
ALTAHER,154907,105
ALTENBAUGH,154907,105
AME,154907,105
ANCION,154907,105
ANNEKEN,154907,105
ANNINOS,154907,105
ARAJO,154907,105
ARCANGELO,154907,105
ARESON,154907,105
ARFMAN,154907,105
ARKINSON,154907,105
ARMUS,154907,105
ARNIM,154907,105
ARRATE,154907,105
ASKLUND,154907,105
ASTRAIN,154907,105
ATANASOVA,154907,105
ATANDA,154907,105
ATHIE,154907,105
ATTEMA,154907,105
ATTER,154907,105
AUBY,154907,105
AUDU,154907,105
AUTAUBO,154907,105
AZARA,154907,105
BABITS,154907,105
BADIALI,154907,105
BAID,154907,105
BALADES,154907,105
BALMAT,154907,105
BALTOZER,154907,105
BANGEN,154907,105
BANGI,154907,105
BARANCIK,154907,105
BARDAVID,154907,105
BARKHOUSE,154907,105
BARSEGIAN,154907,105
BARSKAYA,154907,105
BARTFIELD,154907,105
BARUM,154907,105
BATCHELER,154907,105
BATEASE,154907,105
BATTELL,154907,105
BATTERMANN,154907,105
BAUZO,154907,105
BAZIS,154907,105
BEDLEY,154907,105
BEGEL,154907,105
BEGGIN,154907,105
BEIKIRCH,154907,105
BEKIER,154907,105
BEKTESHI,154907,105
BELENKIY,154907,105
BELINDA,154907,105
BELLACOSA,154907,105
BELVILL,154907,105
BELYEW,154907,105
BENETZ,154907,105
BENOLKIN,154907,105
BEREC,154907,105
BERGMANS,154907,105
BERIA,154907,105
BERISA,154907,105
BERLOWITZ,154907,105
BESTARD,154907,105
BETHGE,154907,105
BETTIE,154907,105
BEZUIDENHOUT,154907,105
BIESBOER,154907,105
BILLSTEIN,154907,105
BILSTAD,154907,105
BIRCHUM,154907,105
BIRDSILL,154907,105
BIRKENBACH,154907,105
BIRSE,154907,105
BISCAINO,154907,105
BLOMELEY,154907,105
BLOOMSTROM,154907,105
BODAY,154907,105
BODENBACH,154907,105
BODNARUK,154907,105
BOERM,154907,105
BOESHORE,154907,105
BOESING,154907,105
BOGLER,154907,105
BOGLIOLI,154907,105
BOLDRY,154907,105
BOLHA,154907,105
BOLLERUD,154907,105
BONSKY,154907,105
BOORNAZIAN,154907,105
BORANIAN,154907,105
BORETTI,154907,105
BORGQUIST,154907,105
BORRILLO,154907,105
BOURASA,154907,105
BOUSSELOT,154907,105
BOVAIR,154907,105
BOYCHENKO,154907,105
BRAAT,154907,105
BRAHMA,154907,105
BREDFELDT,154907,105
BRICKO,154907,105
BRICKUS,154907,105
BRIZIUS,154907,105
BROESCHE,154907,105
BROKING,154907,105
BRUEGGEMEIER,154907,105
BRUSSARD,154907,105
BUCHENROTH,154907,105
BUCKSHAW,154907,105
BUCSKO,154907,105
BUDDA,154907,105
BUDLER,154907,105
BUNDROCK,154907,105
BURLINSON,154907,105
BURRELLO,154907,105
BUSARD,154907,105
BUSHIE,154907,105
CABILING,154907,105
CADAOAS,154907,105
CADO,154907,105
CALDERONLOPEZ,154907,105
CAMPOLITO,154907,105
CANAVATI,154907,105
CARATELLI,154907,105
CARBEE,154907,105
CARDERON,154907,105
CASAUBON,154907,105
CASELTON,154907,105
CASTELVECCHI,154907,105
CAVAR,154907,105
CAVOLI,154907,105
CELESKI,154907,105
CENIZAL,154907,105
CERIMOVIC,154907,105
CHALAKEE,154907,105
CHAMBERLAN,154907,105
CHAVARILLO,154907,105
CHERNYAVSKIY,154907,105
CHEVER,154907,105
CHIAPPETTI,154907,105
CHIDDICK,154907,105
CHILAKA,154907,105
CHILBERT,154907,105
CHIPPEAUX,154907,105
CHOPELAS,154907,105
CHOSEWOOD,154907,105
CHRISENBERRY,154907,105
CHUOP,154907,105
CHURBA,154907,105
CHUTER,154907,105
CHUWAN,154907,105
CIAMBELLA,154907,105
CICATELLI,154907,105
CIGANIK,154907,105
CIHLA,154907,105
CINQUEPALMI,154907,105
CLYMO,154907,105
COBDEN,154907,105
COCOLETZI,154907,105
COKONOUGHER,154907,105
COLCA,154907,105
COLQUE,154907,105
CONDI,154907,105
CONIBEAR,154907,105
CONSLA,154907,105
CONTELLO,154907,105
CONTRERRAS,154907,105
CORHN,154907,105
COULTRIP,154907,105
CRAPAROTTA,154907,105
CRETTOL,154907,105
CRNIC,154907,105
CROAT,154907,105
CROONE,154907,105
CROSHIER,154907,105
CROSSEY,154907,105
CRUDGINGTON,154907,105
CRUZMEJIA,154907,105
CUAMATZI,154907,105
CURIN,154907,105
CURO,154907,105
CUSTY,154907,105
CYBORON,154907,105
CZAIKOWSKI,154907,105
DADDI,154907,105
DALIO,154907,105
DALLON,154907,105
DALMAR,154907,105
DANKWAH,154907,105
DANTZ,154907,105
DARUS,154907,105
DEBASTIANI,154907,105
DEBETTA,154907,105
DEBRUIJN,154907,105
DECRISTO,154907,105
DEDEUS,154907,105
DEGELIA,154907,105
DEIEN,154907,105
DEJESUSGARCIA,154907,105
DELEHOY,154907,105
DELHOMMER,154907,105
DELIGHT,154907,105
DELLIQUADRI,154907,105
DELUNG,154907,105
DEMAHY,154907,105
DEMORALES,154907,105
DENNI,154907,105
DENNIG,154907,105
DENNISS,154907,105
DEPERI,154907,105
DEPESA,154907,105
DEPRATTER,154907,105
DERMENJIAN,154907,105
DESAMITO,154907,105
DESPREZ,154907,105
DETERMANN,154907,105
DETTWEILER,154907,105
DEUTSCHENDORF,154907,105
DEVABHAKTUNI,154907,105
DEZEMBER,154907,105
DHALLA,154907,105
DICATO,154907,105
DICIURCIO,154907,105
DIETERLEN,154907,105
DIMISA,154907,105
DIMITRAKOPOULOS,154907,105
DISPENZIERE,154907,105
DITH,154907,105
DITTFURTH,154907,105
DIVJAK,154907,105
DOHLER,154907,105
DOMECQ,154907,105
DOMINGUZ,154907,105
DONBROSKY,154907,105
DONELY,154907,105
DOORLY,154907,105
DOP,154907,105
DOROBEK,154907,105
DRANGSTVEIT,154907,105
DRAVLAND,154907,105
DUBAK,154907,105
DUBETSKY,154907,105
DUCKHORN,154907,105
DUCLAIR,154907,105
DUDKIN,154907,105
DULLOVI,154907,105
DURTE,154907,105
DUSKO,154907,105
DUVICK,154907,105
DUYSEN,154907,105
DYCKES,154907,105
DYLES,154907,105
DYMOWSKI,154907,105
DZIEWIOR,154907,105
EBKE,154907,105
EBOH,154907,105
EDELE,154907,105
EFT,154907,105
EKLAND,154907,105
EKSTAM,154907,105
ELAWAR,154907,105
ELBEN,154907,105
ELEFSON,154907,105
ELFE,154907,105
ELPHAGE,154907,105
ELSBECKER,154907,105
ELSHAUG,154907,105
EMSHWILLER,154907,105
ENDOZO,154907,105
ENGELBERTH,154907,105
ENTEZARI,154907,105
ESPADRON,154907,105
EUHUS,154907,105
EVENHUS,154907,105
EZRRE,154907,105
FAHRMAN,154907,105
FALLAD,154907,105
FALTERMEIER,154907,105
FARAGUNA,154907,105
FEALEY,154907,105
FELDON,154907,105
FELHOFER,154907,105
FELICIAN,154907,105
FERLEY,154907,105
FERSCHWEILER,154907,105
FEYDER,154907,105
FIAL,154907,105
FIGUEROAPEREZ,154907,105
FIORDALISO,154907,105
FIRLIT,154907,105
FIS,154907,105
FITTE,154907,105
FLASKERUD,154907,105
FLATO,154907,105
FLEETHAM,154907,105
FLORESMEJIA,154907,105
FODERO,154907,105
FORTUNY,154907,105
FRANZOI,154907,105
FRASCATI,154907,105
FREDELUCES,154907,105
FREPPON,154907,105
FREYVOGEL,154907,105
FRIZZEL,154907,105
FUGGETTA,154907,105
FULGIUM,154907,105
FULKROAD,154907,105
GADDISON,154907,105
GADOR,154907,105
GAMEWELL,154907,105
GANER,154907,105
GARAPATI,154907,105
GARBERSON,154907,105
GARCIAFUENTES,154907,105
GARLEJO,154907,105
GARONZIK,154907,105
GASTRIGHT,154907,105
GATHAGAN,154907,105
GATTOZZI,154907,105
GAZAL,154907,105
GEARINGER,154907,105
GEERKEN,154907,105
GEFEN,154907,105
GEOPFERT,154907,105
GERMANOVICH,154907,105
GERTS,154907,105
GERZON,154907,105
GETTES,154907,105
GETZOFF,154907,105
GHOLIAN,154907,105
GIALAMAS,154907,105
GIANAKIS,154907,105
GIGOUS,154907,105
GILGORE,154907,105
GILLINGER,154907,105
GIURLEO,154907,105
GLADMON,154907,105
GLAUSE,154907,105
GLODICH,154907,105
GLODT,154907,105
GLOSSUP,154907,105
GOGOLEWSKI,154907,105
GOLDSTICK,154907,105
GOMEZVAZQUEZ,154907,105
GONDI,154907,105
GOODWYNE,154907,105
GORTLER,154907,105
GOULDBOURNE,154907,105
GRAACK,154907,105
GRABA,154907,105
GRAELER,154907,105
GRAIKA,154907,105
GRALINSKI,154907,105
GRAMLICK,154907,105
GRAMPUS,154907,105
GRANATELLI,154907,105
GRANSTON,154907,105
GRATSCH,154907,105
GRAWBURG,154907,105
GRAZIO,154907,105
GREENSIDES,154907,105
GREGORCYK,154907,105
GREUTMAN,154907,105
GRIFIN,154907,105
GROBES,154907,105
GRONNIGER,154907,105
GROSNICK,154907,105
GRUBISH,154907,105
GRUCHACZ,154907,105
GUALANDRI,154907,105
GUEDE,154907,105
GUIDEBECK,154907,105
GUIETTE,154907,105
GUISBERT,154907,105
GUISEPPE,154907,105
GUMMINGER,154907,105
GUNWALL,154907,105
GUTIERREZCRUZ,154907,105
GYNN,154907,105
HAARBERG,154907,105
HAERER,154907,105
HAICK,154907,105
HAIMOV,154907,105
HAMEY,154907,105
HANEBUTH,154907,105
HANFLAND,154907,105
HARASIM,154907,105
HARMELIN,154907,105
HARTKORN,154907,105
HARTSELLE,154907,105
HAYDER,154907,105
HAYUNGA,154907,105
HEADWORTH,154907,105
HEDAHL,154907,105
HEDGECOKE,154907,105
HEILIGMAN,154907,105
HENDSBEE,154907,105
HENGSTENBERG,154907,105
HENISER,154907,105
HERONEMA,154907,105
HERRERADIAZ,154907,105
HERRERARAMIREZ,154907,105
HERWEHE,154907,105
HESSELRODE,154907,105
HETTMAN,154907,105
HEVRON,154907,105
HIGADERA,154907,105
HIGBE,154907,105
HILKEMANN,154907,105
HILLENBERG,154907,105
HILNER,154907,105
HILTIBIDAL,154907,105
HINESMAN,154907,105
HIPPCHEN,154907,105
HISERODT,154907,105
HOALCRAFT,154907,105
HOBUS,154907,105
HODD,154907,105
HOEFGEN,154907,105
HOLLENDONNER,154907,105
HOLMDAHL,154907,105
HOLOWELL,154907,105
HOLOWICKI,154907,105
HOLZMER,154907,105
HOORN,154907,105
HORSELY,154907,105
HORSHAM,154907,105
HOSHAL,154907,105
HOULIS,154907,105
HOWRIGAN,154907,105
HROMYAK,154907,105
HUMENICK,154907,105
HUNERDOSSE,154907,105
HUPERT,154907,105
HUSEREAU,154907,105
HUSHKA,154907,105
HUSTLER,154907,105
HUSVAR,154907,105
HUTE,154907,105
HYSENAJ,154907,105
HYSTEN,154907,105
IMBERY,154907,105
INCHAUSTEGUI,154907,105
INCLE,154907,105
IVANKO,154907,105
IVANKOVIC,154907,105
JABERI,154907,105
JACHENS,154907,105
JACILDO,154907,105
JAMALEDDINE,154907,105
JAMIS,154907,105
JANATA,154907,105
JENSBY,154907,105
JENTES,154907,105
JERONIMUS,154907,105
JEZIOROWSKI,154907,105
JONSEN,154907,105
JORDAAN,154907,105
KACHLINE,154907,105
KAETHER,154907,105
KAETTERHENRY,154907,105
KAGARICE,154907,105
KAJKOWSKI,154907,105
KAKUMANU,154907,105
KALEIOHI,154907,105
KALET,154907,105
KALOKO,154907,105
KANDIMALLA,154907,105
KANDRAC,154907,105
KANIK,154907,105
KANON,154907,105
KAPLANSKY,154907,105
KARKULA,154907,105
KASO,154907,105
KATZNER,154907,105
KAZAKOVA,154907,105
KEOPASEUTH,154907,105
KHARRAZI,154907,105
KHAZANOV,154907,105
KHILJI,154907,105
KHOLODENKO,154907,105
KIELSMEIER,154907,105
KILLEA,154907,105
KIMATA,154907,105
KISO,154907,105
KITLAS,154907,105
KLATSKY,154907,105
KLECKLER,154907,105
KLEINHUIZEN,154907,105
KLEVORN,154907,105
KLIPPING,154907,105
KLUSSMANN,154907,105
KNOT,154907,105
KOERKENMEIER,154907,105
KOFA,154907,105
KOHBERGER,154907,105
KOKENSPARGER,154907,105
KOLEVA,154907,105
KOLOFF,154907,105
KOMANDURI,154907,105
KOMMES,154907,105
KOMPKOFF,154907,105
KONAS,154907,105
KONCELIK,154907,105
KOPETZ,154907,105
KORBAN,154907,105
KORKOS,154907,105
KOROLESKI,154907,105
KOSECK,154907,105
KOTADIA,154907,105
KOTOFF,154907,105
KOTROUS,154907,105
KOVACHEV,154907,105
KOWALAK,154907,105
KRAIN,154907,105
KRAUZA,154907,105
KREGLOW,154907,105
KREJSA,154907,105
KREPLINE,154907,105
KROSNICKI,154907,105
KRUSCHWITZ,154907,105
KUERBITZ,154907,105
KUGE,154907,105
KUNAK,154907,105
KUNSTLER,154907,105
KUPISZEWSKI,154907,105
KUPSCH,154907,105
KURCZAK,154907,105
KVASAGER,154907,105
KYROUAC,154907,105
LAFRANCHISE,154907,105
LAMMING,154907,105
LAMPARIELLO,154907,105
LAMPRO,154907,105
LANARI,154907,105
LANDEO,154907,105
LANNA,154907,105
LAPEYROLERIE,154907,105
LAPO,154907,105
LARAGONZALEZ,154907,105
LASICK,154907,105
LASONDE,154907,105
LASTIE,154907,105
LATZIG,154907,105
LAUDANDO,154907,105
LAWONN,154907,105
LAZOTT,154907,105
LEAGANS,154907,105
LEBLANCE,154907,105
LEDWICK,154907,105
LEFER,154907,105
LEFROIS,154907,105
LEGARIA,154907,105
LEISLE,154907,105
LEISTRA,154907,105
LENTELL,154907,105
LERE,154907,105
LESHOCK,154907,105
LEVRA,154907,105
LEXIE,154907,105
LILIENKAMP,154907,105
LIPITZ,154907,105
LISTOPAD,154907,105
LOGINOV,154907,105
LOMANDO,154907,105
LONGABERGER,154907,105
LOPEZCAMACHO,154907,105
LOPEZESTRADA,154907,105
LUEPTOW,154907,105
LUKUS,154907,105
LUMZY,154907,105
LURKINS,154907,105
LYMAS,154907,105
MACARIOLA,154907,105
MACCUISH,154907,105
MADEYA,154907,105
MAEHR,154907,105
MAGALIS,154907,105
MAGBEE,154907,105
MAGRAM,154907,105
MAHOLIC,154907,105
MAHOY,154907,105
MAINEZ,154907,105
MAJERCZAK,154907,105
MALINO,154907,105
MALLINCKRODT,154907,105
MALSACK,154907,105
MALUYO,154907,105
MANDARICH,154907,105
MANDERBACH,154907,105
MANOLOPOULOS,154907,105
MARGETTA,154907,105
MARINIER,154907,105
MARINUS,154907,105
MARKOVSKY,154907,105
MARSI,154907,105
MARSTALLER,154907,105
MARTIROSSIAN,154907,105
MARTOCCIO,154907,105
MARZEAN,154907,105
MARZORATI,154907,105
MASKIN,154907,105
MASONHEIMER,154907,105
MASURA,154907,105
MATAY,154907,105
MATICIC,154907,105
MAYWOOD,154907,105
MAZARAKIS,154907,105
MAZZACANE,154907,105
MCCRAVE,154907,105
MCGLAMRY,154907,105
MCGORMAN,154907,105
MCGUINNES,154907,105
MCMEEL,154907,105
MEGUERDITCHIAN,154907,105
MEICHER,154907,105
MEINIG,154907,105
MEITE,154907,105
MELK,154907,105
MELLUSI,154907,105
MELOTIK,154907,105
MENARY,154907,105
MENCHEY,154907,105
MENDEZMENDEZ,154907,105
MENDYKA,154907,105
MENESINI,154907,105
MENNUTI,154907,105
MERCANDETTI,154907,105
MERILA,154907,105
MEROLLI,154907,105
METHER,154907,105
METRANO,154907,105
MEZ,154907,105
MIKITKA,154907,105
MILSTID,154907,105
MIMMO,154907,105
MIMURA,154907,105
MINERY,154907,105
MINNARD,154907,105
MIRZADEH,154907,105
MISAS,154907,105
MISHUE,154907,105
MJOEN,154907,105
MODRO,154907,105
MOHROR,154907,105
MOLLURA,154907,105
MOMANEY,154907,105
MONDAK,154907,105
MONLYN,154907,105
MONSKE,154907,105
MONUS,154907,105
MORALESRAMOS,154907,105
MORALESVAZQUEZ,154907,105
MORENODIAZ,154907,105
MORGENSTEIN,154907,105
MORINAKA,154907,105
MORSCHER,154907,105
MOSCOVITZ,154907,105
MOTONAGA,154907,105
MOUANOUTOUA,154907,105
MOUNIR,154907,105
MOURELATOS,154907,105
MOUSTAPHA,154907,105
MOZAK,154907,105
MRNAK,154907,105
MUHN,154907,105
MUNCAN,154907,105
MUONG,154907,105
MURCRAY,154907,105
MUSCIA,154907,105
MUSIOL,154907,105
NACHAMPASSAK,154907,105
NAFIS,154907,105
NAIDITCH,154907,105
NALVEN,154907,105
NAMGUNG,154907,105
NANAVATY,154907,105
NASSIM,154907,105
NATONABAH,154907,105
NAUGHTIN,154907,105
NEELAKANTAN,154907,105
NEELAM,154907,105
NEGROTTO,154907,105
NEJAME,154907,105
NIBLE,154907,105
NICOLAIDIS,154907,105
NIEB,154907,105
NIEMISTO,154907,105
NIKPOUR,154907,105
NOFTLE,154907,105
NOGAR,154907,105
NOLTY,154907,105
NOVISKI,154907,105
NOVITCH,154907,105
NUNYA,154907,105
NZUYEN,154907,105
OATWAY,154907,105
OBERHEIDE,154907,105
ODUOR,154907,105
OEFFNER,154907,105
OFMAN,154907,105
OLINER,154907,105
OLIVEAUX,154907,105
OLONO,154907,105
OLTREMARI,154907,105
ONYEJEKWE,154907,105
OPUTA,154907,105
ORLUCK,154907,105
ORTAL,154907,105
OSMERS,154907,105
OSTERBRINK,154907,105
OUWERKERK,154907,105
PACLEY,154907,105
PADEL,154907,105
PALILLA,154907,105
PAPION,154907,105
PAPO,154907,105
PAPOLA,154907,105
PAROLIN,154907,105
PARREN,154907,105
PARSE,154907,105
PARULEKAR,154907,105
PASAMBA,154907,105
PASKOWITZ,154907,105
PASQUALETTO,154907,105
PATALINGHUG,154907,105
PATERNI,154907,105
PAVOLKO,154907,105
PAWELL,154907,105
PECORI,154907,105
PECOTTE,154907,105
PECSOK,154907,105
PEHLING,154907,105
PELEKAI,154907,105
PELLUMBI,154907,105
PEROU,154907,105
PETITTA,154907,105
PETTICE,154907,105
PFLASTER,154907,105
PFOFF,154907,105
PICKINS,154907,105
PIERARD,154907,105
PIETRASZ,154907,105
PIETROFORTE,154907,105
PIETROPAOLI,154907,105
PIRANEO,154907,105
PITROWSKI,154907,105
PLACITO,154907,105
PLASECKI,154907,105
PLEINESS,154907,105
POKORNOWSKI,154907,105
POLICY,154907,105
POLOVICH,154907,105
PONICKI,154907,105
POSLUSNY,154907,105
PRAEUNER,154907,105
PRATES,154907,105
PRAVDA,154907,105
PREISING,154907,105
PRESBITERO,154907,105
PRESNAR,154907,105
PREVEDEL,154907,105
PROCINO,154907,105
PROVANCHER,154907,105
PRUDENCE,154907,105
PRZYBORSKI,154907,105
PRZYMUS,154907,105
PUGAY,154907,105
PUNGITORE,154907,105
PUNTENEY,154907,105
PYM,154907,105
QUARELLO,154907,105
QUARTERS,154907,105
QUILEZ,154907,105
RABANO,154907,105
RADECK,154907,105
RADZYMINSKI,154907,105
RAITEN,154907,105
RALKO,154907,105
RAMIREZROJAS,154907,105
RAMKARAN,154907,105
RANBURGER,154907,105
RANDLEAS,154907,105
RANKEY,154907,105
RAPANUT,154907,105
RAUBENSTINE,154907,105
RAUMAKER,154907,105
RAZZINO,154907,105
REDDRICK,154907,105
REDZEMATOVIC,154907,105
REEFE,154907,105
REESEY,154907,105
REGASSA,154907,105
REGOTTI,154907,105
REHEARD,154907,105
REHNELT,154907,105
REIKOWSKI,154907,105
RENERT,154907,105
RENNICKE,154907,105
RETAMAL,154907,105
REURINK,154907,105
REUSCHLING,154907,105
REYNADO,154907,105
REZLER,154907,105
RIESETT,154907,105
RIGARD,154907,105
RINDA,154907,105
RINNELS,154907,105
RIVENES,154907,105
RIZVANI,154907,105
ROCKSTROM,154907,105
RODIRGUEZ,154907,105
RODRIGUEZAVILA,154907,105
RODUNER,154907,105
ROELIKE,154907,105
ROLFF,154907,105
ROLUFS,154907,105
ROMPS,154907,105
RONDY,154907,105
ROSTICK,154907,105
ROUQUETTE,154907,105
ROWCLIFF,154907,105
ROZALSKI,154907,105
RUIZORTIZ,154907,105
RUMPTZ,154907,105
SABLOSKY,154907,105
SACTA,154907,105
SAFAEI,154907,105
SAINIO,154907,105
SALAMACHA,154907,105
SALIVA,154907,105
SALUSTRO,154907,105
SANCHEZLUNA,154907,105
SANCHEZROJAS,154907,105
SANDHOP,154907,105
SANDOUAL,154907,105
SANFTNER,154907,105
SANGWIN,154907,105
SANTOSPEREZ,154907,105
SANTUS,154907,105
SARBACHER,154907,105
SARGEN,154907,105
SAROFF,154907,105
SAVRANSKY,154907,105
SAWKO,154907,105
SAYAL,154907,105
SAZONOV,154907,105
SCHABOWSKI,154907,105
SCHAFHAUSER,154907,105
SCHELM,154907,105
SCHEMANSKY,154907,105
SCHLENVOGT,154907,105
SCHLOTZ,154907,105
SCHMANKE,154907,105
SCHMIEDESKAMP,154907,105
SCHMIEDL,154907,105
SCHOONBECK,154907,105
SCHUHLER,154907,105
SCHUTTENBERG,154907,105
SCHWAGEL,154907,105
SCHWANE,154907,105
SCHWEDHELM,154907,105
SCHWEHM,154907,105
SCHWIN,154907,105
SCOVERN,154907,105
SEAGERS,154907,105
SEIFF,154907,105
SELFORS,154907,105
SELINA,154907,105
SELLHAUSEN,154907,105
SENGENBERGER,154907,105
SERFAS,154907,105
SERS,154907,105
SESHAN,154907,105
SETZKORN,154907,105
SEYFER,154907,105
SFERLAZZA,154907,105
SGARLATO,154907,105
SHAFFORD,154907,105
SHAHWAN,154907,105
SHAMBARGER,154907,105
SHAMSIE,154907,105
SHANAA,154907,105
SHANEBROOK,154907,105
SHAPTER,154907,105
SHEALER,154907,105
SHEAREN,154907,105
SHERRINGTON,154907,105
SHETRONE,154907,105
SHIFFERLY,154907,105
SHOPHER,154907,105
SHOWMAKER,154907,105
SHOY,154907,105
SILTON,154907,105
SIMAAN,154907,105
SIMCHICK,154907,105
SIMERS,154907,105
SIMUNDSON,154907,105
SINCERBEAUX,154907,105
SINGS,154907,105
SISOMPHOU,154907,105
SIVULICH,154907,105
SKJEI,154907,105
SKLENKA,154907,105
SKOGERBOE,154907,105
SKRZYPCHAK,154907,105
SKULL,154907,105
SLAMIN,154907,105
SLINKEY,154907,105
SMAJSTRLA,154907,105
SMELAND,154907,105
SMITHI,154907,105
SMITHTHOMAS,154907,105
SMITTER,154907,105
SMOAKS,154907,105
SNIADACH,154907,105
SNOEK,154907,105
SOAR,154907,105
SOLADA,154907,105
SOLNICK,154907,105
SOLSKY,154907,105
SONAWANE,154907,105
SONTERRE,154907,105
SORBI,154907,105
SORVARI,154907,105
SOSTARICH,154907,105
SOUDAN,154907,105
SOUFAN,154907,105
SOULLIER,154907,105
SPALTI,154907,105
SPAS,154907,105
SPAVEN,154907,105
SPEALMAN,154907,105
SPEDALIERE,154907,105
SPILL,154907,105
SPINETTA,154907,105
SPOERING,154907,105
SPONER,154907,105
SRYGLER,154907,105
STARKEN,154907,105
STATA,154907,105
STEFONEK,154907,105
STEGAL,154907,105
STEINMARK,154907,105
STENKE,154907,105
STENTON,154907,105
STESNEY,154907,105
STIBB,154907,105
STOLE,154907,105
STORNELLO,154907,105
STOYE,154907,105
STRAATMAN,154907,105
STUMO,154907,105
STYCK,154907,105
SUCGANG,154907,105
SULLENBARGER,154907,105
SUNDEN,154907,105
SUPRY,154907,105
SUSEK,154907,105
SUSTAYTA,154907,105
SWANEK,154907,105
SWERTFAGER,154907,105
SYMALLA,154907,105
TAIPE,154907,105
TAKAKURA,154907,105
TAKENAGA,154907,105
TALBERG,154907,105
TARANTINI,154907,105
TASAYCO,154907,105
TASSA,154907,105
TEDTAOTAO,154907,105
TENNES,154907,105
TENNIN,154907,105
TERCEROS,154907,105
TERESE,154907,105
TERRACINO,154907,105
THARAYIL,154907,105
THOUVENIN,154907,105
TIBEBU,154907,105
TIGGLE,154907,105
TILIANO,154907,105
TIMCO,154907,105
TIMILSINA,154907,105
TINAJERA,154907,105
TITRE,154907,105
TITTERMARY,154907,105
TLATOA,154907,105
TOBAN,154907,105
TODOROVSKI,154907,105
TOHANNIE,154907,105
TOMERA,154907,105
TOOLIE,154907,105
TOPORCER,154907,105
TOSETTI,154907,105
TOVEN,154907,105
TRABELSI,154907,105
TRANQUILLE,154907,105
TREFTS,154907,105
TREMLETT,154907,105
TRENTA,154907,105
TRESE,154907,105
TROBEE,154907,105
TROG,154907,105
TRUSHEIM,154907,105
TRUTNA,154907,105
TSHIBANGU,154907,105
TUANG,154907,105
TUKUA,154907,105
TURCICH,154907,105
TURMELL,154907,105
UGLUM,154907,105
ULANOWICZ,154907,105
ULLSPERGER,154907,105
ULLSTROM,154907,105
UNCLES,154907,105
UNKS,154907,105
UNSON,154907,105
URASAKI,154907,105
USSHER,154907,105
UVALDO,154907,105
VALDERAZ,154907,105
VALENA,154907,105
VALIER,154907,105
VANANTWERPEN,154907,105
VANBELKUM,154907,105
VANBOCKERN,154907,105
VANDEBURGT,154907,105
VANDERPLOW,154907,105
VANGEEST,154907,105
VANHARN,154907,105
VANLENGEN,154907,105
VANORSDEL,154907,105
VANOSTENBRIDGE,154907,105
VECERRA,154907,105
VEJIL,154907,105
VELJKOVIC,154907,105
VENIZELOS,154907,105
VENTOUR,154907,105
VERGEZ,154907,105
VERPLOEG,154907,105
VIGILANT,154907,105
VILCAPOMA,154907,105
VILETA,154907,105
VILLACCI,154907,105
VIRDEE,154907,105
VISINTINE,154907,105
VISNICH,154907,105
VISON,154907,105
VITOR,154907,105
VOLSTAD,154907,105
VONDRISKA,154907,105
WAHNEE,154907,105
WALENSKI,154907,105
WALKAMA,154907,105
WALLENIUS,154907,105
WALLERSON,154907,105
WANDERMAN,154907,105
WANKET,154907,105
WATERMANN,154907,105
WATHAN,154907,105
WEIDT,154907,105
WEISBLUM,154907,105
WELDEMARIAM,154907,105
WENDROTH,154907,105
WESH,154907,105
WESTERGREEN,154907,105
WICHHART,154907,105
WILGERS,154907,105
WILLIAMON,154907,105
WILLUWEIT,154907,105
WILSTEAD,154907,105
WIMMS,154907,105
WINEK,154907,105
WINETEER,154907,105
WINTERBOER,154907,105
WINTRINGHAM,154907,105
WIZEMAN,154907,105
WOHLLEBEN,154907,105
WOHLMUTH,154907,105
WOJCIESZAK,154907,105
WOJDAK,154907,105
WOJTA,154907,105
WOLFSBERGER,154907,105
WOLOS,154907,105
WORELL,154907,105
WORNICK,154907,105
WUKASCH,154907,105
WYCOUGH,154907,105
YAGGY,154907,105
YANUARIA,154907,105
YARUSSI,154907,105
YAUSSI,154907,105
YAZVAC,154907,105
YERKA,154907,105
YERRAMILLI,154907,105
YERTY,154907,105
YIRENKYI,154907,105
YOFFEE,154907,105
YUNE,154907,105
YUNEZ,154907,105
ZALOT,154907,105
ZAMORAGARCIA,154907,105
ZARTARIAN,154907,105
ZAWADZKA,154907,105
ZAWILINSKI,154907,105
ZAYTSEVA,154907,105
ZEDLER,154907,105
ZEILE,154907,105
ZENGOTITA,154907,105
ZERBEY,154907,105
ZIERMAN,154907,105
ZIEROFF,154907,105
ZISS,154907,105
ZOLIN,154907,105
ZOR,154907,105
ABAI,156044,104
ABDULBAKI,156044,104
ABDULLAEV,156044,104
ABELYAN,156044,104
ABI,156044,104
ACHELPOHL,156044,104
ADMAS,156044,104
AGARAN,156044,104
AGORO,156044,104
AIKAWA,156044,104
AKRIE,156044,104
ALAMIRI,156044,104
ALAZZAM,156044,104
ALBRITE,156044,104
ALEKSICH,156044,104
ALESANDRO,156044,104
ALFARONE,156044,104
ALHARIRI,156044,104
ALHUSSEINI,156044,104
ALSALAMI,156044,104
ALSEN,156044,104
AMMEL,156044,104
AMMETER,156044,104
AMPHONEPHONG,156044,104
AMR,156044,104
ANAMA,156044,104
ANDRASI,156044,104
ANEWALT,156044,104
ANORGA,156044,104
ANZA,156044,104
APTT,156044,104
ARCINEDA,156044,104
ARFMANN,156044,104
ARONSEN,156044,104
ARVOY,156044,104
ASMUTH,156044,104
ASOAU,156044,104
ASPREY,156044,104
AT,156044,104
ATHILL,156044,104
ATOCHE,156044,104
AUDERER,156044,104
AVITA,156044,104
AVNET,156044,104
AYDELETTE,156044,104
AYUNGUA,156044,104
BACHIK,156044,104
BACSO,156044,104
BAEL,156044,104
BAERLOCHER,156044,104
BAESMAN,156044,104
BAHNICK,156044,104
BAKAJ,156044,104
BAKALOV,156044,104
BAKELAAR,156044,104
BALHOFF,156044,104
BALINBIN,156044,104
BANDIERA,156044,104
BANSEN,156044,104
BARBUTI,156044,104
BARESE,156044,104
BARKHORDAR,156044,104
BARNABE,156044,104
BARTHELETTE,156044,104
BARWIS,156044,104
BASTRON,156044,104
BAUMMER,156044,104
BAZANTE,156044,104
BEDONT,156044,104
BEEZER,156044,104
BEIG,156044,104
BENHARDT,156044,104
BENIC,156044,104
BERAIN,156044,104
BERNADAC,156044,104
BERS,156044,104
BERTELMANN,156044,104
BESEMAN,156044,104
BETANZO,156044,104
BETSY,156044,104
BEVINEAU,156044,104
BHAJAN,156044,104
BHATHAL,156044,104
BHULLER,156044,104
BHUPATHIRAJU,156044,104
BIESENTHAL,156044,104
BIGAY,156044,104
BIKLE,156044,104
BILLIMORIA,156044,104
BIRCKETT,156044,104
BITSINNIE,156044,104
BITSON,156044,104
BLACKLAW,156044,104
BLAIES,156044,104
BLASKIE,156044,104
BLATHERWICK,156044,104
BLAUT,156044,104
BLOMSTRAND,156044,104
BLOTSKE,156044,104
BLYER,156044,104
BODANSKY,156044,104
BODIAN,156044,104
BOELTS,156044,104
BOFFMAN,156044,104
BOGUSCH,156044,104
BOGUSLAW,156044,104
BOLESKI,156044,104
BOLLMEYER,156044,104
BOMBAY,156044,104
BONEAU,156044,104
BONERTZ,156044,104
BORGETTI,156044,104
BORSKE,156044,104
BOTIMER,156044,104
BOURDET,156044,104
BOURNIQUE,156044,104
BOUTERSE,156044,104
BOVERO,156044,104
BOWELS,156044,104
BOWGREN,156044,104
BOXLEITNER,156044,104
BOZER,156044,104
BRAICO,156044,104
BRANDIMORE,156044,104
BRASIE,156044,104
BREINES,156044,104
BREYLEY,156044,104
BREZLER,156044,104
BREZNAY,156044,104
BRIDGEN,156044,104
BRITNEY,156044,104
BROCKNEY,156044,104
BRODEY,156044,104
BROSCHARD,156044,104
BROSKO,156044,104
BUCHAK,156044,104
BUCKERY,156044,104
BUELTEMAN,156044,104
BUESCHING,156044,104
BUGMAN,156044,104
BUJAJ,156044,104
BUK,156044,104
BUKACEK,156044,104
BUNIAK,156044,104
BUNION,156044,104
BURKELL,156044,104
BURSHIA,156044,104
BUSANET,156044,104
BUTTWEILER,156044,104
BUYAN,156044,104
CACCHIOTTI,156044,104
CAGLIA,156044,104
CAGNON,156044,104
CALIMQUIM,156044,104
CAMACHOLOPEZ,156044,104
CANCELLI,156044,104
CANSELO,156044,104
CAOAGDAN,156044,104
CAPOEMAN,156044,104
CARABALI,156044,104
CARAVAN,156044,104
CARIGLIA,156044,104
CARLBOM,156044,104
CARTAR,156044,104
CASTEX,156044,104
CASTLLO,156044,104
CASUL,156044,104
CATRICALA,156044,104
CAUSE,156044,104
CEDARLEAF,156044,104
CERNEK,156044,104
CERVAS,156044,104
CHADEE,156044,104
CHAGOYAN,156044,104
CHAMPIE,156044,104
CHANDAK,156044,104
CHAPINA,156044,104
CHARNO,156044,104
CHARTOFF,156044,104
CHATWELL,156044,104
CHEGUE,156044,104
CHESIRE,156044,104
CHIMIL,156044,104
CHITKO,156044,104
CHITTOM,156044,104
CHLEBORAD,156044,104
CHOKA,156044,104
CIAGLO,156044,104
CIAN,156044,104
CIENIEWICZ,156044,104
CIESZKOWSKI,156044,104
CLUE,156044,104
COCOS,156044,104
COMMEAU,156044,104
CONCES,156044,104
CONGELOSI,156044,104
CONTRERASGARCI,156044,104
CONVERSO,156044,104
COOMEY,156044,104
CORETTI,156044,104
CORNIEA,156044,104
CORNU,156044,104
CORPAS,156044,104
CORRIDONI,156044,104
COSTELO,156044,104
COULING,156044,104
COURNEY,156044,104
COUSO,156044,104
COWGUR,156044,104
CRANTZ,156044,104
CREBO,156044,104
CREGIER,156044,104
CROCILLA,156044,104
CSIK,156044,104
CSORDAS,156044,104
CUNNINHAM,156044,104
CURCURUTO,156044,104
CURTMAN,156044,104
DAESCHNER,156044,104
DAFTARI,156044,104
DALIS,156044,104
DALSIN,156044,104
DANIELSSON,156044,104
DANKA,156044,104
DANNAKER,156044,104
DAREDIA,156044,104
DAUEL,156044,104
DEAMON,156044,104
DECESARO,156044,104
DECLARO,156044,104
DEFFINGER,156044,104
DEGUERRE,156044,104
DEHEN,156044,104
DEINZER,156044,104
DELANEUVILLE,156044,104
DELATORRIENTE,156044,104
DELEONPEREZ,156044,104
DELGIACCO,156044,104
DELLAPIA,156044,104
DEMEDIO,156044,104
DEMIGUEL,156044,104
DEMKOWSKI,156044,104
DENKO,156044,104
DENOBILE,156044,104
DENTLEY,156044,104
DESGROSEILLIERS,156044,104
DESTIGTER,156044,104
DETHOMASIS,156044,104
DETORRE,156044,104
DEUZ,156044,104
DEVADER,156044,104
DILANDRO,156044,104
DINGUI,156044,104
DISAIA,156044,104
DISPENNETT,156044,104
DITZIG,156044,104
DOBITZ,156044,104
DOBRZYKOWSKI,156044,104
DODIN,156044,104
DOLITTLE,156044,104
DOLVIN,156044,104
DONCARLOS,156044,104
DONETH,156044,104
DONIN,156044,104
DORIGO,156044,104
DORNACKER,156044,104
DOVERS,156044,104
DRISCHLER,156044,104
DRIZIN,156044,104
DROPPERS,156044,104
DROSTER,156044,104
DRUERY,156044,104
DUBALL,156044,104
DUCRET,156044,104
DUHADWAY,156044,104
DUNHILL,156044,104
DUPRIE,156044,104
DURAS,156044,104
DURMON,156044,104
DUSATKO,156044,104
DUSETT,156044,104
EACHOLES,156044,104
EBERE,156044,104
ECHAVES,156044,104
ECHE,156044,104
EILENSTINE,156044,104
EIN,156044,104
EIX,156044,104
EIXENBERGER,156044,104
ELHAYEK,156044,104
ELOE,156044,104
ELWING,156044,104
EMENECKER,156044,104
ERANI,156044,104
ERGOTT,156044,104
ERKERT,156044,104
ERLBACHER,156044,104
ERMISCH,156044,104
ESSLING,156044,104
ESTALILLA,156044,104
ETMAN,156044,104
EVERINGTON,156044,104
EVIN,156044,104
FABBRICATORE,156044,104
FAERMAN,156044,104
FAFINSKI,156044,104
FAHSHOLTZ,156044,104
FALIVENE,156044,104
FALLEUR,156044,104
FALLSDOWN,156044,104
FARZANA,156044,104
FAT,156044,104
FATO,156044,104
FAULKENDER,156044,104
FELLE,156044,104
FEREN,156044,104
FERINGTON,156044,104
FERKEY,156044,104
FEROZE,156044,104
FEYE,156044,104
FIETZER,156044,104
FIGUS,156044,104
FILANOWSKI,156044,104
FINDLEN,156044,104
FINGLETON,156044,104
FINNESSY,156044,104
FINSEL,156044,104
FISHLEY,156044,104
FLAMISCH,156044,104
FLAMMOND,156044,104
FLANK,156044,104
FOERSTEL,156044,104
FOND,156044,104
FORNIER,156044,104
FORSLAND,156044,104
FRANKY,156044,104
FRATANTUONO,156044,104
FREIMUND,156044,104
FRICKMAN,156044,104
FRIDEN,156044,104
FRONTE,156044,104
FULLFORD,156044,104
FURILLO,156044,104
FURTWANGLER,156044,104
GABON,156044,104
GAETOS,156044,104
GALIGHER,156044,104
GALLETT,156044,104
GAMIT,156044,104
GANDIKOTA,156044,104
GANDINI,156044,104
GANGUZZA,156044,104
GARLETT,156044,104
GARNDER,156044,104
GAUBA,156044,104
GEILFUSS,156044,104
GELLY,156044,104
GERANEN,156044,104
GERSTORFF,156044,104
GHADIALI,156044,104
GHARBI,156044,104
GIACOMUCCI,156044,104
GIANNOTTO,156044,104
GIARMO,156044,104
GIEBINK,156044,104
GILBEAUX,156044,104
GILBUENA,156044,104
GISKE,156044,104
GISRIEL,156044,104
GLADEM,156044,104
GLASSE,156044,104
GLIK,156044,104
GLIKO,156044,104
GLISIC,156044,104
GOENKA,156044,104
GOLDHARDT,156044,104
GOMPERTS,156044,104
GONO,156044,104
GORZALSKI,156044,104
GOTTSPONER,156044,104
GRAAS,156044,104
GRACON,156044,104
GRADIZ,156044,104
GRALNICK,156044,104
GRASSLE,156044,104
GREENLER,156044,104
GRETEN,156044,104
GRILLET,156044,104
GROCHOWALSKI,156044,104
GROENEWOUD,156044,104
GROSINGER,156044,104
GUANCIALE,156044,104
GUILLOZET,156044,104
GUINGRICH,156044,104
GUIONS,156044,104
GUMANEH,156044,104
GUNSELL,156044,104
GURSOY,156044,104
GUSHIKUMA,156044,104
GUTIERRZ,156044,104
GWYTHER,156044,104
HALAMICEK,156044,104
HALLSWORTH,156044,104
HAMMERL,156044,104
HAMSKI,156044,104
HANIFY,156044,104
HANOIAN,156044,104
HANTZIS,156044,104
HANZAWA,156044,104
HARAKAS,156044,104
HARSMA,156044,104
HATTEL,156044,104
HAVEARD,156044,104
HAWBLITZEL,156044,104
HAWTON,156044,104
HAYBALL,156044,104
HEIBERT,156044,104
HEIMBROCK,156044,104
HELAK,156044,104
HELMKA,156044,104
HERTAUS,156044,104
HESEN,156044,104
HEWTTY,156044,104
HILFINGER,156044,104
HITOMI,156044,104
HLINAK,156044,104
HOEBING,156044,104
HOFEDITZ,156044,104
HOHLEN,156044,104
HOHNHOLT,156044,104
HOLINSWORTH,156044,104
HOLLDORF,156044,104
HOLLINHEAD,156044,104
HOLOMBO,156044,104
HORTIZ,156044,104
HORWITH,156044,104
HOSINO,156044,104
HOUMES,156044,104
HUEMOELLER,156044,104
HUESCHEN,156044,104
HUFFARD,156044,104
HUKINS,156044,104
HULIGANGA,156044,104
HUNNIFORD,156044,104
HURDER,156044,104
HUTTA,156044,104
IACOBAN,156044,104
IACOVELLA,156044,104
ICHIHARA,156044,104
ICHIYAMA,156044,104
IDEMOTO,156044,104
INCERTO,156044,104
INCITTI,156044,104
INGAMELLS,156044,104
INSISIENGMAY,156044,104
INZITARI,156044,104
IPATZI,156044,104
ISCHY,156044,104
IZLAR,156044,104
IZU,156044,104
JABO,156044,104
JABOIN,156044,104
JABORO,156044,104
JAEKLE,156044,104
JAGELSKI,156044,104
JAKUBAUSKAS,156044,104
JAKUBOVIC,156044,104
JANEZICH,156044,104
JANNENGA,156044,104
JANUSEK,156044,104
JARC,156044,104
JAWEED,156044,104
JEBBIA,156044,104
JEET,156044,104
JENTGES,156044,104
JEREZANO,156044,104
JEYAKUMAR,156044,104
JIMA,156044,104
JOHNSHOY,156044,104
JOHNSONI,156044,104
JONGEWAARD,156044,104
JORNLIN,156044,104
JOSEFOWICZ,156044,104
JOSELYN,156044,104
JULO,156044,104
JUNAK,156044,104
JUNKO,156044,104
JURGEN,156044,104
JUSSEL,156044,104
KABES,156044,104
KACHELMEYER,156044,104
KADASH,156044,104
KAKIMOTO,156044,104
KALAC,156044,104
KALMBACHER,156044,104
KAMIMOTO,156044,104
KANESKI,156044,104
KANTOROVICH,156044,104
KAPILOFF,156044,104
KAPLAR,156044,104
KARNAM,156044,104
KAROLL,156044,104
KARSJENS,156044,104
KASHTAN,156044,104
KASSIE,156044,104
KATAUSKAS,156044,104
KATTERHAGEN,156044,104
KATUS,156044,104
KATYNSKI,156044,104
KAUCHAK,156044,104
KAUMEYER,156044,104
KEARLY,156044,104
KEARSEY,156044,104
KEDLEY,156044,104
KEENOY,156044,104
KEKUA,156044,104
KEMBER,156044,104
KENDZORA,156044,104
KENSHALO,156044,104
KENSON,156044,104
KEOPUHIWA,156044,104
KEPPINGER,156044,104
KERECZ,156044,104
KERTSON,156044,104
KEVWITCH,156044,104
KHADRA,156044,104
KHELLA,156044,104
KHODABAKHSH,156044,104
KHODAVERDIAN,156044,104
KICH,156044,104
KIHL,156044,104
KIMERLING,156044,104
KIRKEVOLD,156044,104
KITZBERGER,156044,104
KLARR,156044,104
KLEVGARD,156044,104
KLIMPKE,156044,104
KLINKEL,156044,104
KLONOSKI,156044,104
KLOSTERMEYER,156044,104
KLUMPH,156044,104
KLUSENDORF,156044,104
KMEC,156044,104
KNAKAL,156044,104
KNOPPE,156044,104
KOBIELA,156044,104
KODAT,156044,104
KOETZLE,156044,104
KOFFARNUS,156044,104
KOKESCH,156044,104
KOLLANDER,156044,104
KOLLINGER,156044,104
KONECZNY,156044,104
KONGER,156044,104
KOPFMANN,156044,104
KOPICKO,156044,104
KOPIEC,156044,104
KOPPMAN,156044,104
KOPRAS,156044,104
KORZAN,156044,104
KOSSA,156044,104
KOSTUK,156044,104
KOTAGIRI,156044,104
KOTELNICKI,156044,104
KOUTSOS,156044,104
KOUTSOUKOS,156044,104
KOWN,156044,104
KRAPES,156044,104
KRCIL,156044,104
KREINBIHL,156044,104
KREPELKA,156044,104
KRISHNASWAMI,156044,104
KROMINGA,156044,104
KRONA,156044,104
KRONENBITTER,156044,104
KRUCZKOWSKI,156044,104
KUBISCHTA,156044,104
KUDDES,156044,104
KUEI,156044,104
KUEPKER,156044,104
KULENOVIC,156044,104
KULSTAD,156044,104
KUMARASAMY,156044,104
KUPPE,156044,104
KUTSCHBACH,156044,104
KVIEN,156044,104
KWEKEL,156044,104
LAAKKONEN,156044,104
LABIS,156044,104
LACATUS,156044,104
LADMAN,156044,104
LAFRANKIE,156044,104
LAGROSA,156044,104
LAIRE,156044,104
LAKOMSKI,156044,104
LALIO,156044,104
LAMONE,156044,104
LANNEY,156044,104
LAPADAT,156044,104
LAPUENTE,156044,104
LARDAS,156044,104
LARRIUZ,156044,104
LASTOR,156044,104
LAUDONE,156044,104
LAVANTURE,156044,104
LAVICKY,156044,104
LAVINSKY,156044,104
LAVOICE,156044,104
LEKKI,156044,104
LEMARIE,156044,104
LENNEAR,156044,104
LENTFER,156044,104
LESIUK,156044,104
LEVKULICH,156044,104
LEWINE,156044,104
LIBENSON,156044,104
LIBERIS,156044,104
LIESNER,156044,104
LIGHTFRITZ,156044,104
LIGHTSY,156044,104
LIMATO,156044,104
LINXWILER,156044,104
LIPNICKY,156044,104
LISHER,156044,104
LITSKY,156044,104
LIVERNASH,156044,104
LOADMAN,156044,104
LOCKEMY,156044,104
LOCKLING,156044,104
LOESSBERG,156044,104
LOFTERS,156044,104
LOGATTO,156044,104
LOMBRANO,156044,104
LONOWSKI,156044,104
LOPEZIBARRA,156044,104
LOPEZMEZA,156044,104
LOPEZNAVARRO,156044,104
LORICH,156044,104
LOUCKA,156044,104
LOVELLE,156044,104
LOWINSKI,156044,104
LOXTERMAN,156044,104
LUCKAS,156044,104
LUITHLE,156044,104
LUKASKO,156044,104
LUNASANCHEZ,156044,104
LUSNIA,156044,104
LUSTINA,156044,104
LUSUNG,156044,104
LUTKINS,156044,104
MACDERMID,156044,104
MACKEAN,156044,104
MACMATH,156044,104
MADALENO,156044,104
MAGGIONCALDA,156044,104
MAHACEK,156044,104
MAITI,156044,104
MALBREAUX,156044,104
MALPEDE,156044,104
MALTAGLIATI,156044,104
MALTHANER,156044,104
MALYUK,156044,104
MANARA,156044,104
MANDISH,156044,104
MANDULEY,156044,104
MANGIOLA,156044,104
MANOCHIO,156044,104
MARCELLAIS,156044,104
MAREMA,156044,104
MARGATE,156044,104
MARHENKE,156044,104
MARINONI,156044,104
MARINOVA,156044,104
MARKSMAN,156044,104
MARONSKI,156044,104
MARQUINEZ,156044,104
MARRAS,156044,104
MARSKI,156044,104
MARTIENZ,156044,104
MARTINOS,156044,104
MARTSON,156044,104
MARTUCCIO,156044,104
MARVELLE,156044,104
MARYMAN,156044,104
MASAOKA,156044,104
MATTAUSCH,156044,104
MAURITZEN,156044,104
MAXION,156044,104
MAYSEY,156044,104
MAZZILLO,156044,104
MCCAFFETY,156044,104
MCCAUGHN,156044,104
MCCLINIC,156044,104
MCCONDICHIE,156044,104
MCGONEGLE,156044,104
MCKOOL,156044,104
MCLETCHIE,156044,104
MCMICKELL,156044,104
MCNELLIE,156044,104
MCQUARRY,156044,104
MCSURDY,156044,104
MEDVECKY,156044,104
MEGANCK,156044,104
MEHALEK,156044,104
MEINKEN,156044,104
MELENEY,156044,104
MELLIERE,156044,104
MENAGED,156044,104
MENAGER,156044,104
MENTONE,156044,104
MERCKX,156044,104
MERIGOLD,156044,104
MERILATT,156044,104
MESROPYAN,156044,104
METZIG,156044,104
MICHELICH,156044,104
MIGITA,156044,104
MILKIEWICZ,156044,104
MIRITELLO,156044,104
MIROBALLI,156044,104
MISZCZAK,156044,104
MOLASKI,156044,104
MOLDONADO,156044,104
MONETTA,156044,104
MONFREDI,156044,104
MONTAGNER,156044,104
MONTELEON,156044,104
MOORAD,156044,104
MOROSINI,156044,104
MOROWITZ,156044,104
MOSIO,156044,104
MOSLOW,156044,104
MOTILALL,156044,104
MOULTRUP,156044,104
MOUTREY,156044,104
MUCHERINO,156044,104
MUFICH,156044,104
MULGRAVE,156044,104
MULHOLAND,156044,104
MUNCHRATH,156044,104
MURET,156044,104
MURRISON,156044,104
MUSLIN,156044,104
MUSMANNO,156044,104
MUSTIC,156044,104
MUTE,156044,104
MUTRIE,156044,104
MUTTERER,156044,104
MYRDAL,156044,104
NAHRSTEDT,156044,104
NALK,156044,104
NAOR,156044,104
NARBER,156044,104
NAYER,156044,104
NEANOVER,156044,104
NECHANICKY,156044,104
NEEQUAYE,156044,104
NESFEDER,156044,104
NEUSTROM,156044,104
NEWENHAM,156044,104
NEYS,156044,104
NGASSA,156044,104
NICAUD,156044,104
NIL,156044,104
NODD,156044,104
NOEM,156044,104
NORIAN,156044,104
NOVITZKE,156044,104
NWANKPA,156044,104
NZE,156044,104
OBERNUEFEMANN,156044,104
OBERY,156044,104
OCONELL,156044,104
OFORIATTA,156044,104
OL,156044,104
OLFORD,156044,104
OMEN,156044,104
OPYD,156044,104
OREJUDOS,156044,104
ORGAS,156044,104
ORIAN,156044,104
ORRANTE,156044,104
ORRE,156044,104
ORSOLINI,156044,104
OS,156044,104
OSAKA,156044,104
OSMOLINSKI,156044,104
OTTELE,156044,104
OXSEN,156044,104
PACCHIOLI,156044,104
PACKERT,156044,104
PAJUNEN,156044,104
PALANGIO,156044,104
PALCIOS,156044,104
PALEGA,156044,104
PALLOS,156044,104
PANNA,156044,104
PANTAZES,156044,104
PARHAN,156044,104
PARISANO,156044,104
PARRIA,156044,104
PASCOCELLO,156044,104
PATIK,156044,104
PATKA,156044,104
PATRONIS,156044,104
PATTERS,156044,104
PAVUR,156044,104
PAYOUTE,156044,104
PAZOL,156044,104
PECKER,156044,104
PELINA,156044,104
PELROY,156044,104
PEMMARAJU,156044,104
PEMRICK,156044,104
PENNYCOOKE,156044,104
PEPPIATT,156044,104
PESARCHICK,156044,104
PESENTI,156044,104
PESTI,156044,104
PESTLE,156044,104
PETRYSHYN,156044,104
PEVLER,156044,104
PEWE,156044,104
PFARRER,156044,104
PFLEPSEN,156044,104
PHIMMACHACK,156044,104
PHOMMA,156044,104
PIERRETTE,156044,104
PIETROK,156044,104
PINDEL,156044,104
PINIELLA,156044,104
PIONEK,156044,104
PIQUARD,156044,104
PIRWITZ,156044,104
PITTLER,156044,104
PLACHECKI,156044,104
PLANCICH,156044,104
PLEFKA,156044,104
PLYTER,156044,104
POCIECHA,156044,104
POGAR,156044,104
POGORELC,156044,104
POINEAU,156044,104
POLFLIET,156044,104
POLLEYS,156044,104
POM,156044,104
POMERLEE,156044,104
POPADAK,156044,104
POPOLA,156044,104
PORZONDEK,156044,104
POSZ,156044,104
POTAPCHUK,156044,104
POTICHER,156044,104
POWALISZ,156044,104
PRECUP,156044,104
PREDOVICH,156044,104
PREININGER,156044,104
PRETASKY,156044,104
PRIODE,156044,104
PRITZKAU,156044,104
PSIMER,156044,104
PSZCZOLA,156044,104
PUDELKO,156044,104
PULERA,156044,104
PURMAN,156044,104
PURNEY,156044,104
PUTTS,156044,104
QUATRONE,156044,104
QUELLETTE,156044,104
QUTUB,156044,104
RADIE,156044,104
RADJENOVIC,156044,104
RADOSTI,156044,104
RADWICK,156044,104
RAGAGLIA,156044,104
RAGOONATH,156044,104
RAKOWIECKI,156044,104
RANDIG,156044,104
RANSBURGH,156044,104
RANZINGER,156044,104
RAPINO,156044,104
RAPPENECKER,156044,104
RAVENEAU,156044,104
REABOLD,156044,104
READON,156044,104
REBOREDO,156044,104
REDHORN,156044,104
REEVERS,156044,104
REGELSKI,156044,104
REITZE,156044,104
REMI,156044,104
RENOBATO,156044,104
REPPUHN,156044,104
REUPERT,156044,104
REVISH,156044,104
RHODARMER,156044,104
RIBAK,156044,104
RIFFLARD,156044,104
RILLORAZA,156044,104
RIVASLOPEZ,156044,104
RIZLEY,156044,104
ROACHFORD,156044,104
ROCKSON,156044,104
RODENBUCHER,156044,104
RODICHOK,156044,104
RODREGES,156044,104
RODRIGUEZA,156044,104
RODRIGUEZLEON,156044,104
ROGACZEWSKI,156044,104
ROGALINSKI,156044,104
ROINESTAD,156044,104
ROJASCRUZ,156044,104
ROLANDS,156044,104
ROMASKO,156044,104
RONKEN,156044,104
ROSPRIM,156044,104
ROTTACH,156044,104
ROWELLS,156044,104
RUDNY,156044,104
RUDON,156044,104
RUHM,156044,104
RUMBAUT,156044,104
RUSBOLDT,156044,104
RUTE,156044,104
RUTSCHKE,156044,104
SACKIN,156044,104
SACLOLO,156044,104
SACZAWA,156044,104
SAFIE,156044,104
SAFRIN,156044,104
SAIKO,156044,104
SAKHRANI,156044,104
SALAWAY,156044,104
SALUNGA,156044,104
SALVATICO,156044,104
SAMACO,156044,104
SANCHAS,156044,104
SANDOS,156044,104
SANDOVALLOPEZ,156044,104
SANDVOSS,156044,104
SANDWEISS,156044,104
SANGMO,156044,104
SANTEMA,156044,104
SANTIMAURO,156044,104
SANTOWSKI,156044,104
SARAVO,156044,104
SARCINELLA,156044,104
SARDESAI,156044,104
SARINAS,156044,104
SASHINGTON,156044,104
SATINSKY,156044,104
SATSKY,156044,104
SAUMS,156044,104
SAUNSOCI,156044,104
SAV,156044,104
SAWAMURA,156044,104
SAYAMA,156044,104
SCARBARY,156044,104
SCHAECHTER,156044,104
SCHAFT,156044,104
SCHALLY,156044,104
SCHALMO,156044,104
SCHAUST,156044,104
SCHEIDLE,156044,104
SCHIEBE,156044,104
SCHLATTERER,156044,104
SCHMACHTENBERGE,156044,104
SCHMIDLAPP,156044,104
SCHNELLBACH,156044,104
SCHNETZ,156044,104
SCHOENFUSS,156044,104
SCHOENMAN,156044,104
SCHOLAND,156044,104
SCHUCKMANN,156044,104
SCRIPP,156044,104
SCROCCA,156044,104
SECHMAN,156044,104
SEIVERD,156044,104
SEMPREVIVO,156044,104
SENEZ,156044,104
SERDAHL,156044,104
SERGEY,156044,104
SERRATE,156044,104
SETLIK,156044,104
SEVERSEN,156044,104
SHABAZIAN,156044,104
SHAFFERMAN,156044,104
SHALLBETTER,156044,104
SHANGIN,156044,104
SHAUVER,156044,104
SHAWKAT,156044,104
SHEDIVY,156044,104
SHELLEM,156044,104
SHOFFEITT,156044,104
SHULLAW,156044,104
SHYR,156044,104
SIANA,156044,104
SIDWAY,156044,104
SIENKNECHT,156044,104
SIKORYAK,156044,104
SILBY,156044,104
SILKNITTER,156044,104
SIMNING,156044,104
SIMOPOULOS,156044,104
SINTES,156044,104
SITTERUD,156044,104
SIVIGNY,156044,104
SKINKER,156044,104
SKOUMAL,156044,104
SMOGER,156044,104
SMOLSKY,156044,104
SMRDEL,156044,104
SOGGS,156044,104
SOHRAB,156044,104
SOMMELLA,156044,104
SOTODIAZ,156044,104
SOTORIVERA,156044,104
SOWTER,156044,104
SPANYER,156044,104
SPREADBOROUGH,156044,104
SPRIGGINS,156044,104
SPUNT,156044,104
STAGGER,156044,104
STALSBY,156044,104
STANKER,156044,104
STIDFOLE,156044,104
STOEKLEN,156044,104
STOKLASA,156044,104
STOLTING,156044,104
STOUTJESDYK,156044,104
STOYAN,156044,104
STROHLI,156044,104
STROTZ,156044,104
STRZELEWICZ,156044,104
STUEWER,156044,104
SUAZA,156044,104
SUESZ,156044,104
SUZARA,156044,104
SVALDI,156044,104
SWAGGARD,156044,104
SWENY,156044,104
SWYDEN,156044,104
SYNESAEL,156044,104
SZMYT,156044,104
TAASE,156044,104
TACHO,156044,104
TAFFOLLA,156044,104
TAGGARD,156044,104
TAGLIERE,156044,104
TAHE,156044,104
TALAMPAS,156044,104
TALI,156044,104
TANANA,156044,104
TANIOUS,156044,104
TARTAGLIO,156044,104
TATELMAN,156044,104
TAUBITZ,156044,104
TAWFIQ,156044,104
TEESE,156044,104
TEFFERA,156044,104
TEGANO,156044,104
TEMPERINO,156044,104
TEMPERO,156044,104
TESSICINI,156044,104
TEVEZ,156044,104
TEZEL,156044,104
THADISON,156044,104
THANAWALA,156044,104
THAYIL,156044,104
THEILMANN,156044,104
THERMOS,156044,104
THESENVITZ,156044,104
THIEMS,156044,104
THOBY,156044,104
THOEUN,156044,104
TIEL,156044,104
TILMANN,156044,104
TILYOU,156044,104
TINNENY,156044,104
TIPIRNENI,156044,104
TIPNIS,156044,104
TIZIO,156044,104
TOEPPE,156044,104
TOJO,156044,104
TOMIOKA,156044,104
TOMSKI,156044,104
TONAK,156044,104
TOOLS,156044,104
TORIJANO,156044,104
TOYOSHIMA,156044,104
TRAMONT,156044,104
TRANKINA,156044,104
TRANLE,156044,104
TRAVAGLINO,156044,104
TRESER,156044,104
TRIEPKE,156044,104
TRUESDAIL,156044,104
TRUM,156044,104
TRZYNA,156044,104
TSARUKYAN,156044,104
TULSI,156044,104
TULUMELLO,156044,104
TUPAI,156044,104
TURLAK,156044,104
TUROW,156044,104
TUTEWOHL,156044,104
TYRKA,156044,104
UHLENBERG,156044,104
UHLMANSIEK,156044,104
UNSINN,156044,104
UREVIG,156044,104
URTEZ,156044,104
UTENDORF,156044,104
UZOH,156044,104
VAINISI,156044,104
VALER,156044,104
VALMOJA,156044,104
VANASSELT,156044,104
VANCUYK,156044,104
VANDEWERKER,156044,104
VANEGA,156044,104
VANKAMMEN,156044,104
VANLONE,156044,104
VANOVERSCHELDE,156044,104
VANSANFORD,156044,104
VANWEERDHUIZEN,156044,104
VASQUEZMORALES,156044,104
VAVRICEK,156044,104
VEAS,156044,104
VECA,156044,104
VEGLAHN,156044,104
VELDT,156044,104
VENERIS,156044,104
VENKATA,156044,104
VERBIC,156044,104
VERDUGA,156044,104
VERENICH,156044,104
VERGAMINI,156044,104
VERNELL,156044,104
VERUCCHI,156044,104
VIADA,156044,104
VIAPIANO,156044,104
VICKI,156044,104
VILLERREAL,156044,104
VISARRAGA,156044,104
VONDRACHEK,156044,104
VONHOLLEN,156044,104
VRANEK,156044,104
VYVERBERG,156044,104
WALSHAK,156044,104
WANDALL,156044,104
WARTENBEE,156044,104
WAVRIN,156044,104
WAYAND,156044,104
WEILBAECHER,156044,104
WEINERTH,156044,104
WELC,156044,104
WENDELBERGER,156044,104
WERO,156044,104
WIETHOP,156044,104
WILLIA,156044,104
WINOVICH,156044,104
WINSPER,156044,104
WINSTEN,156044,104
WINTRICH,156044,104
WODARZ,156044,104
WOECKENER,156044,104
WOELLNER,156044,104
WOJTULEWICZ,156044,104
WOLDESELASSIE,156044,104
WOLGAMUTH,156044,104
WOLOSON,156044,104
WREDBERG,156044,104
WULFERS,156044,104
WULFKUHLE,156044,104
YAARI,156044,104
YAKISH,156044,104
YNOCENCIO,156044,104
YONA,156044,104
YOUKERS,156044,104
YURS,156044,104
YUSAF,156044,104
ZAGARA,156044,104
ZARESKI,156044,104
ZARILLA,156044,104
ZEER,156044,104
ZINGO,156044,104
ZIZAK,156044,104
ZLATIC,156044,104
ZWERDLING,156044,104
ABAYAN,157234,103
ABDELMAGID,157234,103
ABRAHANTES,157234,103
ABRAMCHUK,157234,103
ACEVEDA,157234,103
ACQUARULO,157234,103
ADAMCEWICZ,157234,103
ADDERSON,157234,103
ADEKOLA,157234,103
ADELS,157234,103
AFFHOLDER,157234,103
AGNETTI,157234,103
AGRAMONT,157234,103
AGRANOFF,157234,103
AHMADPOUR,157234,103
AKBARY,157234,103
AKCAY,157234,103
ALBURTUS,157234,103
ALIMOV,157234,103
ALIYU,157234,103
ALJIC,157234,103
ALLENBERG,157234,103
ALMULAIKI,157234,103
ALQADI,157234,103
ALSANDOR,157234,103
ALSHAWI,157234,103
ALTREE,157234,103
ALZUBAIDY,157234,103
AMADIZ,157234,103
AMLAW,157234,103
AMPOSTA,157234,103
ANADON,157234,103
ANAVISCA,157234,103
ANDERST,157234,103
ANVAR,157234,103
ANZUR,157234,103
APOSTOLO,157234,103
ARACRI,157234,103
ARAMBEL,157234,103
ARASTEH,157234,103
ARBITMAN,157234,103
ARCIBA,157234,103
ARLISS,157234,103
ARNSPARGER,157234,103
ARNSTON,157234,103
ARPKE,157234,103
ARREVALO,157234,103
ARVILLA,157234,103
ASHMEN,157234,103
ASPLUNDH,157234,103
ASTRAUSKAS,157234,103
AUGBURN,157234,103
AUMEND,157234,103
AURAN,157234,103
AURIN,157234,103
AWDISH,157234,103
AYARZAGOITIA,157234,103
AZENON,157234,103
AZUAJE,157234,103
AZZARI,157234,103
BACAY,157234,103
BACHICH,157234,103
BACSIK,157234,103
BADSHAH,157234,103
BALAI,157234,103
BALALA,157234,103
BALDERRAMOS,157234,103
BALDOR,157234,103
BALDRICA,157234,103
BALITON,157234,103
BAMBECK,157234,103
BANSER,157234,103
BAPTISE,157234,103
BARADARAN,157234,103
BARAJASGARCIA,157234,103
BARBITTA,157234,103
BARCE,157234,103
BARDOWELL,157234,103
BARLIN,157234,103
BARRAT,157234,103
BARRNETT,157234,103
BARTHOLMEY,157234,103
BATEAU,157234,103
BATUNGBACAL,157234,103
BAUREIS,157234,103
BAYBAY,157234,103
BECKON,157234,103
BELANUS,157234,103
BELARDES,157234,103
BELFRY,157234,103
BELITSKY,157234,103
BELKOFER,157234,103
BELLERS,157234,103
BELLESS,157234,103
BELOCH,157234,103
BENDHEIM,157234,103
BENNAMON,157234,103
BENNINGHOVEN,157234,103
BENTIVOGLIO,157234,103
BERGSMAN,157234,103
BERHAN,157234,103
BERKER,157234,103
BERNACET,157234,103
BERNARDON,157234,103
BERNINI,157234,103
BERRING,157234,103
BERTOLLINI,157234,103
BESHEA,157234,103
BETCHAN,157234,103
BETON,157234,103
BETONIO,157234,103
BETTEGA,157234,103
BEUCHLER,157234,103
BEUOY,157234,103
BIELENDA,157234,103
BIEVENOUR,157234,103
BILARDELLO,157234,103
BILLIAS,157234,103
BILOT,157234,103
BINGO,157234,103
BIRKINSHAW,157234,103
BIRSA,157234,103
BITTAN,157234,103
BIUSO,157234,103
BIZIMANA,157234,103
BJELDE,157234,103
BLASIMAN,157234,103
BLENDOWSKI,157234,103
BLESSEN,157234,103
BLIDE,157234,103
BOAZE,157234,103
BODKER,157234,103
BOFFELI,157234,103
BOGUSKY,157234,103
BOHTE,157234,103
BOKOVOY,157234,103
BOLAT,157234,103
BONNEE,157234,103
BONNIVILLE,157234,103
BOOREN,157234,103
BOROSS,157234,103
BORZYCH,157234,103
BOUTHIETTE,157234,103
BOWEKATY,157234,103
BOYLER,157234,103
BRAHS,157234,103
BRAJDIC,157234,103
BRANECKY,157234,103
BRAUNWORTH,157234,103
BREAREY,157234,103
BRECHTELSBAUER,157234,103
BREIL,157234,103
BRETTI,157234,103
BRILLER,157234,103
BRIXIE,157234,103
BRIZEE,157234,103
BROADMAN,157234,103
BROCA,157234,103
BROCKEY,157234,103
BROEDERS,157234,103
BROMMERICH,157234,103
BRONGIEL,157234,103
BRUMMAGE,157234,103
BRUNKHARDT,157234,103
BUBSER,157234,103
BUDDENBAUM,157234,103
BUGAS,157234,103
BUJA,157234,103
BUJNAK,157234,103
BUKSAR,157234,103
BULDA,157234,103
BULDO,157234,103
BURCKER,157234,103
BURIA,157234,103
BURSBY,157234,103
BURUS,157234,103
BUSCHEL,157234,103
BUSHKO,157234,103
BUTTICCI,157234,103
BUTZBACH,157234,103
BYKONEN,157234,103
CABAIS,157234,103
CABREJO,157234,103
CALANTOC,157234,103
CALM,157234,103
CAMBO,157234,103
CAMINA,157234,103
CAMMALLERI,157234,103
CAMO,157234,103
CAMOMILE,157234,103
CAPONETTO,157234,103
CAPORIZZO,157234,103
CARRACO,157234,103
CARRATURO,157234,103
CARRISAL,157234,103
CARTHERN,157234,103
CASIERI,157234,103
CAUDRON,157234,103
CAUM,157234,103
CAZABON,157234,103
CAZAR,157234,103
CERASARO,157234,103
CERAULO,157234,103
CERBIN,157234,103
CESKO,157234,103
CETINKAYA,157234,103
CHALI,157234,103
CHAMPEY,157234,103
CHASMAR,157234,103
CHEDISTER,157234,103
CHERIE,157234,103
CHERNI,157234,103
CHESTERS,157234,103
CHHOUK,157234,103
CHISZAR,157234,103
CHOHON,157234,103
CHRIESTENSON,157234,103
CHYBOWSKI,157234,103
CIEUTAT,157234,103
CIGNETTI,157234,103
CIRKA,157234,103
CLEMANN,157234,103
COAKE,157234,103
COBEAN,157234,103
COBIO,157234,103
COCILOVA,157234,103
COLAPINTO,157234,103
COLLMANN,157234,103
COMBEL,157234,103
COMETTO,157234,103
CONABLE,157234,103
CONOWAY,157234,103
CONTURSI,157234,103
COODE,157234,103
CORDSEN,157234,103
CORDUA,157234,103
CORLIN,157234,103
CORTLAND,157234,103
CORYN,157234,103
CROLY,157234,103
CROWSER,157234,103
CSILLAG,157234,103
CUCHENS,157234,103
CUNDEY,157234,103
CUREY,157234,103
CURIONE,157234,103
CUSHER,157234,103
CVANCARA,157234,103
CWIAK,157234,103
CZARNESKI,157234,103
DABOLT,157234,103
DAGRES,157234,103
DAMANN,157234,103
DAMANTI,157234,103
DARATA,157234,103
DARNABY,157234,103
DARTNELL,157234,103
DAUCHY,157234,103
DAYLONG,157234,103
DEANDRE,157234,103
DEBARY,157234,103
DEBIAK,157234,103
DEBIASO,157234,103
DEBURGO,157234,103
DECORT,157234,103
DEFENDINI,157234,103
DEKRYGER,157234,103
DELAMATA,157234,103
DELDUCO,157234,103
DELPOPOLO,157234,103
DEMEREST,157234,103
DEMOLL,157234,103
DENNES,157234,103
DERBONNE,157234,103
DESPLAINES,157234,103
DESRIVIERES,157234,103
DEVADOSS,157234,103
DEVALERIO,157234,103
DEVELASCO,157234,103
DHONAU,157234,103
DICHARD,157234,103
DIMEMMO,157234,103
DINDYAL,157234,103
DINIZO,157234,103
DINOME,157234,103
DINSON,157234,103
DIOGENE,157234,103
DIPOLITO,157234,103
DIRINGER,157234,103
DISSEN,157234,103
DISU,157234,103
DITMYER,157234,103
DIVELLO,157234,103
DOMPKE,157234,103
DOMSCHOT,157234,103
DONELLI,157234,103
DONIZ,157234,103
DONZA,157234,103
DOROSKY,157234,103
DOSTILIO,157234,103
DOTOLI,157234,103
DOUG,157234,103
DOUNIS,157234,103
DREFAHL,157234,103
DROOGER,157234,103
DUCHAN,157234,103
DUNAYER,157234,103
DUNIPHIN,157234,103
DUNSTONE,157234,103
DURASO,157234,103
DURBROW,157234,103
DURLAK,157234,103
DURSI,157234,103
DUSHI,157234,103
DUVENDACK,157234,103
DWATER,157234,103
DYNARSKI,157234,103
DYRHAUG,157234,103
DZIESINSKI,157234,103
EDGY,157234,103
EDON,157234,103
EFLAND,157234,103
EGNATZ,157234,103
EINWALTER,157234,103
EISFELDER,157234,103
ELKHOLY,157234,103
ENHOLM,157234,103
ENZENBACHER,157234,103
ERICA,157234,103
ERMITANO,157234,103
ERNER,157234,103
ERWERT,157234,103
ESLEY,157234,103
ESLIN,157234,103
ESMILLA,157234,103
ESSI,157234,103
ESZLINGER,157234,103
ETON,157234,103
EVEANS,157234,103
EYGABROAD,157234,103
EZPELETA,157234,103
FABERY,157234,103
FALAGAN,157234,103
FALETRA,157234,103
FALKIN,157234,103
FARENCE,157234,103
FARER,157234,103
FARISHTA,157234,103
FARMERY,157234,103
FASELER,157234,103
FASTWOLF,157234,103
FAWEHINMI,157234,103
FECIK,157234,103
FEIEREISEN,157234,103
FEINS,157234,103
FEJEDELEM,157234,103
FEMAL,157234,103
FERCHAK,157234,103
FEROLA,157234,103
FIGGATT,157234,103
FIK,157234,103
FINATERI,157234,103
FIRETHUNDER,157234,103
FITCHETTE,157234,103
FLAIZ,157234,103
FLEMENS,157234,103
FLESCHER,157234,103
FLIPPINS,157234,103
FLODMAN,157234,103
FLOECK,157234,103
FONDALE,157234,103
FORNANDER,157234,103
FORRINGER,157234,103
FOTIOU,157234,103
FOZARD,157234,103
FRANCESKI,157234,103
FRANCHEK,157234,103
FRANECKI,157234,103
FREIL,157234,103
FREMDER,157234,103
FREVELE,157234,103
FREVOLA,157234,103
FRIA,157234,103
FRIEDGES,157234,103
FROISTAD,157234,103
FROSOLONE,157234,103
FRUSHER,157234,103
FUENTESLOPEZ,157234,103
FUGLSETH,157234,103
FUJI,157234,103
GADOWSKI,157234,103
GADZALA,157234,103
GAFFEN,157234,103
GALATE,157234,103
GALDEIRA,157234,103
GALETTA,157234,103
GALLONI,157234,103
GAMETT,157234,103
GAMLIEL,157234,103
GARCIATAPIA,157234,103
GARISS,157234,103
GARTY,157234,103
GASPARRINI,157234,103
GASTALDO,157234,103
GASTELU,157234,103
GAUGERT,157234,103
GAWINSKI,157234,103
GECAN,157234,103
GENUARIO,157234,103
GERBICK,157234,103
GERHARZ,157234,103
GERODIAS,157234,103
GESLANI,157234,103
GIANFAGNA,157234,103
GIBS,157234,103
GIELLO,157234,103
GIFF,157234,103
GILFILEN,157234,103
GILLFILLAN,157234,103
GIULIANELLI,157234,103
GLUFF,157234,103
GOCAJ,157234,103
GODSILL,157234,103
GONTAR,157234,103
GOODBIRD,157234,103
GORRE,157234,103
GOTCHY,157234,103
GRABOVAC,157234,103
GRASSINGER,157234,103
GREENALL,157234,103
GREENHOLTZ,157234,103
GREENTHAL,157234,103
GRETT,157234,103
GREVELDING,157234,103
GRINSHTEYN,157234,103
GRISIER,157234,103
GRIZZANTI,157234,103
GROCHAL,157234,103
GRODSKI,157234,103
GROTHMANN,157234,103
GRUNIN,157234,103
GRUTZ,157234,103
GRYBOWSKI,157234,103
GRYLLS,157234,103
GUADAGNOLO,157234,103
GUDER,157234,103
GUILLAN,157234,103
GUISASOLA,157234,103
GUMMERSALL,157234,103
GUNZBURG,157234,103
GURIEN,157234,103
GUSMAO,157234,103
GUTSCHER,157234,103
GUYAUX,157234,103
GUZICK,157234,103
GWISDALLA,157234,103
HAAMID,157234,103
HABIF,157234,103
HADJI,157234,103
HADJIAN,157234,103
HADRA,157234,103
HAESLER,157234,103
HAGGITT,157234,103
HAJNAL,157234,103
HALBISEN,157234,103
HALOUSKA,157234,103
HAMMAMI,157234,103
HANFLING,157234,103
HANSLIP,157234,103
HARGATE,157234,103
HASIOTIS,157234,103
HATLAND,157234,103
HATTINGH,157234,103
HAUSCHEL,157234,103
HAVELOCK,157234,103
HAYDIN,157234,103
HEBAN,157234,103
HEBEN,157234,103
HEETDERKS,157234,103
HEIDELBAUGH,157234,103
HEKEL,157234,103
HELLEBRAND,157234,103
HELMKEN,157234,103
HEMPLER,157234,103
HENA,157234,103
HENICKE,157234,103
HENZIE,157234,103
HERAGHTY,157234,103
HERCE,157234,103
HERCULANO,157234,103
HESTING,157234,103
HETUE,157234,103
HIEPLER,157234,103
HOEBEN,157234,103
HOHENTHANER,157234,103
HOHORST,157234,103
HOLTWICK,157234,103
HOOGENDYK,157234,103
HORETSKI,157234,103
HORIBE,157234,103
HOUCH,157234,103
HOUEY,157234,103
HOVANCIK,157234,103
HOWERIN,157234,103
HOYHTYA,157234,103
HUBATCH,157234,103
HUMBOLT,157234,103
HUNDRIESER,157234,103
HUNHOFF,157234,103
HUTZLEY,157234,103
HYMERS,157234,103
HYSLER,157234,103
IACHINI,157234,103
IAMPIETRO,157234,103
IASIMONE,157234,103
ILOFF,157234,103
IMMLER,157234,103
IMSDAHL,157234,103
INCHES,157234,103
INDEST,157234,103
IONNO,157234,103
ISHKANIAN,157234,103
JADLOWSKI,157234,103
JAISINGHANI,157234,103
JALOWY,157234,103
JAMELL,157234,103
JANNAZZO,157234,103
JANT,157234,103
JANUSZKA,157234,103
JARNAGAN,157234,103
JARROLD,157234,103
JBARA,157234,103
JEANNE,157234,103
JEOUNG,157234,103
JOECKS,157234,103
JOGAN,157234,103
JORAE,157234,103
JOVANOSKI,157234,103
JUDELSON,157234,103
JULKES,157234,103
JYLES,157234,103
KABEYA,157234,103
KAJIKAWA,157234,103
KALSTROM,157234,103
KAMALANI,157234,103
KANACK,157234,103
KANICK,157234,103
KANSLER,157234,103
KAPLINSKI,157234,103
KARB,157234,103
KARELITZ,157234,103
KARKAZIS,157234,103
KASABYAN,157234,103
KATIS,157234,103
KAZER,157234,103
KEARCE,157234,103
KEDEM,157234,103
KEETEN,157234,103
KEMRER,157234,103
KERSWELL,157234,103
KESON,157234,103
KHELAWAN,157234,103
KIENG,157234,103
KINDYA,157234,103
KINGKADE,157234,103
KINOSIAN,157234,103
KINOWSKI,157234,103
KINTZLEY,157234,103
KISSIAR,157234,103
KLEMPKE,157234,103
KLEPPS,157234,103
KLIEFOTH,157234,103
KLOCKZIEM,157234,103
KLUSTY,157234,103
KNASTER,157234,103
KNEWTSON,157234,103
KOCHMANSKI,157234,103
KOERNIG,157234,103
KOLDYS,157234,103
KONOPELSKI,157234,103
KONOSKE,157234,103
KONSTANTY,157234,103
KONZEM,157234,103
KORABIK,157234,103
KORANEK,157234,103
KORNATOWSKI,157234,103
KORNDER,157234,103
KOSASIH,157234,103
KOSCICA,157234,103
KOTHANDARAMAN,157234,103
KOUF,157234,103
KRASNICK,157234,103
KREMMEL,157234,103
KREUCHER,157234,103
KROMHOUT,157234,103
KRONSBERG,157234,103
KRUESEL,157234,103
KRUTE,157234,103
KRUZINSKI,157234,103
KUCER,157234,103
KUHARICH,157234,103
KUMPEL,157234,103
KUPIHEA,157234,103
KURZEN,157234,103
KUSUDA,157234,103
KUZ,157234,103
KUZMICZ,157234,103
KYHN,157234,103
KYRIAKAKIS,157234,103
LABAGH,157234,103
LABOWSKI,157234,103
LADESMA,157234,103
LADYGA,157234,103
LAMAAK,157234,103
LAMBRAKIS,157234,103
LAMPERSKI,157234,103
LANCHESTER,157234,103
LANDEIS,157234,103
LANDEWEE,157234,103
LANGLOSS,157234,103
LAPSANSKY,157234,103
LAPUTKA,157234,103
LARET,157234,103
LARIE,157234,103
LARIVA,157234,103
LATCHANA,157234,103
LAWIN,157234,103
LEENSTRA,157234,103
LEISKE,157234,103
LENING,157234,103
LENOS,157234,103
LENY,157234,103
LEONCHIK,157234,103
LEPORTE,157234,103
LESKIW,157234,103
LEURA,157234,103
LHERAULT,157234,103
LICARE,157234,103
LICHTENSTEIGER,157234,103
LINDECAMP,157234,103
LINERODE,157234,103
LINTERN,157234,103
LIPAN,157234,103
LIPSKE,157234,103
LISITZA,157234,103
LISSAK,157234,103
LITARDO,157234,103
LOCKEE,157234,103
LOECKE,157234,103
LOGERQUIST,157234,103
LONGERBONE,157234,103
LONNEMANN,157234,103
LOVESTRAND,157234,103
LOVETINSKY,157234,103
LOZE,157234,103
LUBEGA,157234,103
LUEBRECHT,157234,103
LUELL,157234,103
LUHRMAN,157234,103
LUKOFF,157234,103
LUPARDO,157234,103
LUQUENO,157234,103
LYSDAHL,157234,103
LYTES,157234,103
MAALIM,157234,103
MABOU,157234,103
MACGILLIVARY,157234,103
MACHOLD,157234,103
MACIER,157234,103
MACLAINE,157234,103
MAER,157234,103
MAGBIE,157234,103
MAGSOMBOL,157234,103
MAHOGANY,157234,103
MAHOLLAND,157234,103
MAKRIDES,157234,103
MAKSIMOWICZ,157234,103
MAKUS,157234,103
MALLAVARAPU,157234,103
MALSKY,157234,103
MALVERN,157234,103
MALVESTUTO,157234,103
MAMACLAY,157234,103
MANINT,157234,103
MANRIQUES,157234,103
MANUBAY,157234,103
MANZEL,157234,103
MARASCA,157234,103
MARCARIAN,157234,103
MARGARIS,157234,103
MARIAPPAN,157234,103
MARKSTEINER,157234,103
MARKY,157234,103
MASSICOTT,157234,103
MASTROBERTI,157234,103
MATSIL,157234,103
MAURICETTE,157234,103
MAWHORR,157234,103
MAYAK,157234,103
MAZICH,157234,103
MAZZUCHELLI,157234,103
MCASSEY,157234,103
MCCLARE,157234,103
MCCLOW,157234,103
MCFADZEN,157234,103
MCGAY,157234,103
MCHOUL,157234,103
MCKEIGHEN,157234,103
MCKIBBAN,157234,103
MCKINION,157234,103
MCMANEMY,157234,103
MCPIPE,157234,103
MCQUIEN,157234,103
MEASNER,157234,103
MEBRUER,157234,103
MEGENITY,157234,103
MENDELSSOHN,157234,103
MENDEZMORALES,157234,103
MERANTO,157234,103
MERULLA,157234,103
MESCHEDE,157234,103
MEWHIRTER,157234,103
MEZAMARTINEZ,157234,103
MICHEK,157234,103
MICIELI,157234,103
MIKLOSOVIC,157234,103
MIKSELL,157234,103
MILDENHALL,157234,103
MILSHTEYN,157234,103
MINGUA,157234,103
MIRYALA,157234,103
MISHAAN,157234,103
MISLEY,157234,103
MISMAS,157234,103
MITAN,157234,103
MOEYKENS,157234,103
MOJARDIN,157234,103
MOLDREM,157234,103
MONCHAK,157234,103
MONDOK,157234,103
MONEER,157234,103
MONGELLO,157234,103
MONTAQUILA,157234,103
MONTLE,157234,103
MOOI,157234,103
MORALS,157234,103
MORENUS,157234,103
MORKUNAS,157234,103
MORTELLITI,157234,103
MOSBERGER,157234,103
MOSCARDINI,157234,103
MPOFU,157234,103
MUJA,157234,103
MULANI,157234,103
MUNDACA,157234,103
MUSIAK,157234,103
MUSSIG,157234,103
MWANZA,157234,103
NAGIREDDY,157234,103
NAIMARK,157234,103
NAJVAR,157234,103
NANCO,157234,103
NARCOMEY,157234,103
NATURALE,157234,103
NEARON,157234,103
NEEDEL,157234,103
NEIHOUSE,157234,103
NEIPP,157234,103
NENTWICH,157234,103
NERLINGER,157234,103
NETTEN,157234,103
NEUMARK,157234,103
NEWBURRY,157234,103
NGUYENPHAM,157234,103
NICI,157234,103
NICKOLAUSON,157234,103
NICOLETTO,157234,103
NIECKARZ,157234,103
NIEDERBRACH,157234,103
NIEMOTH,157234,103
NIETER,157234,103
NISELY,157234,103
NIWINSKI,157234,103
NOAD,157234,103
NONIS,157234,103
NOOT,157234,103
NORKIEWICZ,157234,103
NOURANI,157234,103
NOVELLY,157234,103
NUBILE,157234,103
NUTTBROCK,157234,103
NYESTE,157234,103
NYSSE,157234,103
OAKGROVE,157234,103
ODUWOLE,157234,103
OGLEVIE,157234,103
OKARMA,157234,103
OKAY,157234,103
OKIC,157234,103
OLDRE,157234,103
OLKEN,157234,103
OLLECH,157234,103
OLSHOVE,157234,103
ONORIO,157234,103
OPARKA,157234,103
ORRENDER,157234,103
OSOREO,157234,103
OSTERBIND,157234,103
OTEYZA,157234,103
OVERHOLTS,157234,103
OYUGI,157234,103
OZIO,157234,103
PACARRO,157234,103
PACHTMAN,157234,103
PAGANETTI,157234,103
PAGAR,157234,103
PAGAZA,157234,103
PALACZ,157234,103
PANCRAZIO,157234,103
PANDULLO,157234,103
PAPAN,157234,103
PAPPADAKIS,157234,103
PARONE,157234,103
PART,157234,103
PASQUAROSA,157234,103
PATENT,157234,103
PAVELA,157234,103
PEDOWITZ,157234,103
PELLMANN,157234,103
PELSUE,157234,103
PENDEGRASS,157234,103
PENNISE,157234,103
PEPSIN,157234,103
PERACCHIO,157234,103
PERCIC,157234,103
PEREZBAUTISTA,157234,103
PEREZDOMINGUEZ,157234,103
PERLOT,157234,103
PESKEY,157234,103
PETNER,157234,103
PEZEWSKI,157234,103
PHAKONEKHAM,157234,103
PHILCOX,157234,103
PIERIE,157234,103
PINHASOV,157234,103
PIOSKE,157234,103
PISOWICZ,157234,103
PIVAR,157234,103
PIVEN,157234,103
PIZINGER,157234,103
PIZZALA,157234,103
PLAZEK,157234,103
PLOUZEK,157234,103
PLUMM,157234,103
POCAN,157234,103
POCHA,157234,103
POCKETT,157234,103
PODEWILS,157234,103
PODLISKA,157234,103
POKRAS,157234,103
POLNY,157234,103
POMAQUIZA,157234,103
POMPPER,157234,103
PORA,157234,103
PORTING,157234,103
POSKITT,157234,103
PRANDINI,157234,103
PRELVUKAJ,157234,103
PRESMAN,157234,103
PRINSTON,157234,103
PROESCHEL,157234,103
PROVARD,157234,103
PUBILL,157234,103
PUREZA,157234,103
PURTZER,157234,103
PYFFEROEN,157234,103
RAFANELLO,157234,103
RAGG,157234,103
RAINEAR,157234,103
RAKOV,157234,103
RALICH,157234,103
RALLAPALLI,157234,103
RAMIREZVEGA,157234,103
RAMONAS,157234,103
RAMOSGOMEZ,157234,103
RANALDO,157234,103
RANGOONWALA,157234,103
RAPALEE,157234,103
RAPPL,157234,103
RAULLI,157234,103
REAUGH,157234,103
RECHTMAN,157234,103
REGENSBERG,157234,103
REGIN,157234,103
REHEIS,157234,103
REICHEN,157234,103
REISCHER,157234,103
REKEMEYER,157234,103
REMOLINA,157234,103
REMPHREY,157234,103
REPPAS,157234,103
RESTLE,157234,103
REVETT,157234,103
REVEY,157234,103
RHOADARMER,157234,103
RICOUARD,157234,103
RINGHISER,157234,103
ROBEDEE,157234,103
ROBENHORST,157234,103
ROCHKIND,157234,103
RODERMAN,157234,103
ROHLMEIER,157234,103
ROHRBERG,157234,103
ROLLIER,157234,103
ROMANCHAK,157234,103
ROMEROREYES,157234,103
RONER,157234,103
ROTZOLL,157234,103
ROUN,157234,103
ROURICK,157234,103
RUFAI,157234,103
RUFFY,157234,103
RUGGABER,157234,103
RUGGIERE,157234,103
RUOTI,157234,103
RUSTAM,157234,103
RUTENBECK,157234,103
RYBECK,157234,103
RYNOLDS,157234,103
SADIKOV,157234,103
SADYKOV,157234,103
SAGMAN,157234,103
SAHMANOVIC,157234,103
SAKIEWICZ,157234,103
SALOGA,157234,103
SALORIO,157234,103
SANDERMAN,157234,103
SANIATAN,157234,103
SANICKI,157234,103
SANSOSTI,157234,103
SANTIBANES,157234,103
SARAZUA,157234,103
SAROOP,157234,103
SAUZAMEDA,157234,103
SAVELKOUL,157234,103
SAYEG,157234,103
SCARCIA,157234,103
SCHAFTLEIN,157234,103
SCHEPISI,157234,103
SCHERBING,157234,103
SCHERMETZLER,157234,103
SCHILS,157234,103
SCHIPPEL,157234,103
SCHIRACK,157234,103
SCHLICKBERND,157234,103
SCHNEIDERWIND,157234,103
SCHOCKLING,157234,103
SCHOEDLER,157234,103
SCHOOLMEESTER,157234,103
SCHOTZKO,157234,103
SCHREINDL,157234,103
SCUORZO,157234,103
SEGREDO,157234,103
SELLARO,157234,103
SEMELKA,157234,103
SEMTNER,157234,103
SERKES,157234,103
SEVERUD,157234,103
SHAKESHAFT,157234,103
SHALAM,157234,103
SHEFSKY,157234,103
SHELANSKEY,157234,103
SHELVY,157234,103
SHENAULT,157234,103
SHOENFELD,157234,103
SHOME,157234,103
SHONYO,157234,103
SHRULL,157234,103
SHULSTAD,157234,103
SHUSTOCK,157234,103
SILENO,157234,103
SIMCHAK,157234,103
SIMEN,157234,103
SIMKOWSKI,157234,103
SIONE,157234,103
SIPHO,157234,103
SIROTNAK,157234,103
SITAREK,157234,103
SITTLOH,157234,103
SIVICK,157234,103
SKAHEN,157234,103
SKALNIK,157234,103
SKANNAL,157234,103
SKELLINGTON,157234,103
SKINAWAY,157234,103
SKOY,157234,103
SKROK,157234,103
SKRZYPIEC,157234,103
SNERLING,157234,103
SOAPES,157234,103
SOSNOW,157234,103
SOULLIARD,157234,103
SOUTIERE,157234,103
SPALEK,157234,103
SPANOVICH,157234,103
SPEITEL,157234,103
SPELLINS,157234,103
SPER,157234,103
SPIEHLER,157234,103
SPINDER,157234,103
SPULAK,157234,103
SRIPATHI,157234,103
SRNSKY,157234,103
STACHOW,157234,103
STADTER,157234,103
STAEVEN,157234,103
STANDINGWATER,157234,103
STANKAVICH,157234,103
STARETT,157234,103
STAV,157234,103
STELLNER,157234,103
STENDARDO,157234,103
STERNIK,157234,103
STICKDORN,157234,103
STOKELING,157234,103
STRADAL,157234,103
STRELAU,157234,103
STRONGMAN,157234,103
STUBSTAD,157234,103
STUHT,157234,103
STUMBRIS,157234,103
STUMON,157234,103
SUCHORA,157234,103
SUEDEL,157234,103
SUHAYDA,157234,103
SUKRAW,157234,103
SULENSKI,157234,103
SUNYAK,157234,103
SUSZCZYNSKI,157234,103
SWISTON,157234,103
SWYTER,157234,103
SYSTER,157234,103
SZEPANSKI,157234,103
TAFALLA,157234,103
TALENTINO,157234,103
TALLETT,157234,103
TAMARU,157234,103
TAMBI,157234,103
TAMBORINO,157234,103
TANDAL,157234,103
TARASCO,157234,103
TARJAN,157234,103
TARPEIN,157234,103
TARROW,157234,103
TEDORE,157234,103
TELANO,157234,103
TEMOXTLE,157234,103
TERZAKIS,157234,103
THEODORATOS,157234,103
THERMAN,157234,103
THIRSK,157234,103
TIBI,157234,103
TICKER,157234,103
TIFA,157234,103
TIGLER,157234,103
TILLING,157234,103
TIMER,157234,103
TINAJ,157234,103
TISCIONE,157234,103
TODAHL,157234,103
TOELLER,157234,103
TOKIE,157234,103
TOLBER,157234,103
TOLBY,157234,103
TORA,157234,103
TORIC,157234,103
TORICES,157234,103
TORKILDSON,157234,103
TORLONE,157234,103
TORRENTES,157234,103
TORRESVEGA,157234,103
TOSTEVIN,157234,103
TREADO,157234,103
TREBLE,157234,103
TREBOUR,157234,103
TREPASSO,157234,103
TRIBUIANI,157234,103
TRIMARCHE,157234,103
TUEMLER,157234,103
TULS,157234,103
TUMINELLI,157234,103
TURBAN,157234,103
TURCHETTI,157234,103
TURINGAN,157234,103
TWEEDDALE,157234,103
TWEH,157234,103
TWETE,157234,103
TYCER,157234,103
TYRUS,157234,103
UBALDI,157234,103
UBELE,157234,103
UCCELLINI,157234,103
UHLRICH,157234,103
UIBEL,157234,103
ULIT,157234,103
UNGSON,157234,103
URBINATI,157234,103
USQUIANO,157234,103
UZUNYAN,157234,103
VAFAI,157234,103
VAGLIO,157234,103
VALLERIE,157234,103
VALSAMIS,157234,103
VANBRAKLE,157234,103
VANDEBUNTE,157234,103
VANKEKERIX,157234,103
VANNONI,157234,103
VANNORSDALL,157234,103
VANPOPERING,157234,103
VANRHEENEN,157234,103
VANSTEYN,157234,103
VELVIN,157234,103
VERHOVEN,157234,103
VERSCHOORE,157234,103
VICTRUM,157234,103
VIGDOR,157234,103
VILLACORTE,157234,103
VILLANELLA,157234,103
VILLANEVA,157234,103
VINALS,157234,103
VIRTUCIO,157234,103
VITTER,157234,103
VODNIK,157234,103
VODZAK,157234,103
VOELKNER,157234,103
VOITA,157234,103
VOLAK,157234,103
VOLNY,157234,103
VOLTOLINA,157234,103
VORREYER,157234,103
VURA,157234,103
WACKETT,157234,103
WALCZYNSKI,157234,103
WALWER,157234,103
WARTES,157234,103
WASETA,157234,103
WASILENKO,157234,103
WASKIN,157234,103
WATIER,157234,103
WEGLOWSKI,157234,103
WEHBA,157234,103
WEIBLING,157234,103
WEINHART,157234,103
WEINKLE,157234,103
WEITZEN,157234,103
WELMAKER,157234,103
WELTEROTH,157234,103
WELTSCH,157234,103
WENDELSCHAFER,157234,103
WEPNER,157234,103
WERSCHKY,157234,103
WHATELEY,157234,103
WHEALAN,157234,103
WHETTER,157234,103
WHITETREE,157234,103
WHORISKEY,157234,103
WIDERGREN,157234,103
WIEBLER,157234,103
WIKTORSKI,157234,103
WILLFONG,157234,103
WINKERS,157234,103
WINTERNITZ,157234,103
WITSAMAN,157234,103
WITTCHOW,157234,103
WOMERSLEY,157234,103
WOYTOVICH,157234,103
WOZNAK,157234,103
WURR,157234,103
WYNHOFF,157234,103
XIMINES,157234,103
YACKER,157234,103
YANIV,157234,103
YOHNK,157234,103
YZNAGA,157234,103
ZAKEL,157234,103
ZARIFIS,157234,103
ZATS,157234,103
ZEBARTH,157234,103
ZEHENDER,157234,103
ZIELASKOWSKI,157234,103
ZIERING,157234,103
ZITTERICH,157234,103
ZLOTNICKI,157234,103
ZOLLWEG,157234,103
ZUKOR,157234,103
ZULLINGER,157234,103
ZURHEIDE,157234,103
ZWERNEMAN,157234,103
ABDUSSAMAD,158432,102
ABRAMI,158432,102
ABUSHABAN,158432,102
ACCIARI,158432,102
ACHOUR,158432,102
ACKNER,158432,102
ADAMOVIC,158432,102
ADAMSEN,158432,102
ADANI,158432,102
ADATTO,158432,102
ADNER,158432,102
AEBY,158432,102
AICHHOLZ,158432,102
AJURIA,158432,102
ALDOSARI,158432,102
ALFAR,158432,102
ALFINITO,158432,102
ALLONCE,158432,102
ALLYSON,158432,102
ALMERIA,158432,102
ALQUDAH,158432,102
ALTEMEYER,158432,102
ALVERZ,158432,102
AMBROSO,158432,102
AMIG,158432,102
AMODIE,158432,102
AMONSON,158432,102
AMOROSA,158432,102
AMUSSEN,158432,102
ANDERWALD,158432,102
ANDI,158432,102
ANDIORIO,158432,102
ANGELEY,158432,102
ANIEL,158432,102
ANTIEAU,158432,102
ANTOSIEWICZ,158432,102
ANTZ,158432,102
APGER,158432,102
ARAMA,158432,102
ARAUCO,158432,102
ARCAINA,158432,102
ARDITTI,158432,102
ARENDES,158432,102
ARMAMENTO,158432,102
ARTEMUS,158432,102
ASCHAUER,158432,102
ASDELL,158432,102
ASHERBRANNER,158432,102
ASHKENAZY,158432,102
ASHMUS,158432,102
ASNANI,158432,102
ATAI,158432,102
ATSHAN,158432,102
ATSMA,158432,102
AUH,158432,102
AULETTI,158432,102
AWONIYI,158432,102
AYRTON,158432,102
AZATYAN,158432,102
BACASTOW,158432,102
BACHLI,158432,102
BAEBLER,158432,102
BAKLUND,158432,102
BAKONYI,158432,102
BALANGA,158432,102
BALBONTIN,158432,102
BALLINGALL,158432,102
BANAWA,158432,102
BANTUGAN,158432,102
BAPPE,158432,102
BARTEAUX,158432,102
BARTOLE,158432,102
BARYS,158432,102
BASKOTA,158432,102
BATHILY,158432,102
BATTYE,158432,102
BAUSO,158432,102
BAYZE,158432,102
BEBLEY,158432,102
BECKEM,158432,102
BECKNEL,158432,102
BEECHINOR,158432,102
BEGLINGER,158432,102
BENANTE,158432,102
BENYON,158432,102
BERCOVITZ,158432,102
BERGAMASCHI,158432,102
BERREONDO,158432,102
BERTEAUX,158432,102
BERTHET,158432,102
BERUS,158432,102
BETTING,158432,102
BIAL,158432,102
BICHA,158432,102
BIERTZER,158432,102
BIESEN,158432,102
BIGRIGG,158432,102
BILLINI,158432,102
BIRKO,158432,102
BIRRI,158432,102
BISCHKE,158432,102
BISCOGLIO,158432,102
BITTIKER,158432,102
BIXMAN,158432,102
BLANKSMA,158432,102
BLOMFIELD,158432,102
BLOSSMAN,158432,102
BOAMPONG,158432,102
BOBOWICZ,158432,102
BOEKWEG,158432,102
BOISSONEAULT,158432,102
BOLACK,158432,102
BOMBARDIERI,158432,102
BONEFONT,158432,102
BONGIORNI,158432,102
BOODT,158432,102
BORCHART,158432,102
BORDELL,158432,102
BORESON,158432,102
BORWEGE,158432,102
BORZI,158432,102
BOSCARELLO,158432,102
BOUDEWYNS,158432,102
BOUER,158432,102
BOWSKY,158432,102
BOYHAN,158432,102
BRAININ,158432,102
BRAKEVILLE,158432,102
BRAMSCHREIBER,158432,102
BRANDHAGEN,158432,102
BRANDLIN,158432,102
BRANIC,158432,102
BRANNELLY,158432,102
BRANTS,158432,102
BRAWAND,158432,102
BRENNOCK,158432,102
BRINDELL,158432,102
BROWNWOOD,158432,102
BRUCKART,158432,102
BRUCKI,158432,102
BRUYNELL,158432,102
BRUZEWSKI,158432,102
BUDESHEIM,158432,102
BUDI,158432,102
BUEGEL,158432,102
BULLARO,158432,102
BULPITT,158432,102
BUMPER,158432,102
BURKUS,158432,102
BURMANN,158432,102
BURNOM,158432,102
BURTZLAFF,158432,102
BUSHLEY,158432,102
BUTHE,158432,102
BYAN,158432,102
BYNAM,158432,102
CACDAC,158432,102
CALAN,158432,102
CALLACI,158432,102
CALSO,158432,102
CAMBAS,158432,102
CAMBIANO,158432,102
CAMIA,158432,102
CAMPOLONG,158432,102
CAPDEVIELLE,158432,102
CAPPELEN,158432,102
CARDIA,158432,102
CARMAIN,158432,102
CARNELLI,158432,102
CARRASCOZA,158432,102
CASAROTTO,158432,102
CASCHERA,158432,102
CASSADORE,158432,102
CASTEELE,158432,102
CASTIANO,158432,102
CASTILLOFLORES,158432,102
CASTIMORE,158432,102
CATLETTE,158432,102
CAUSGROVE,158432,102
CAWBY,158432,102
CEBUHAR,158432,102
CEDDIA,158432,102
CEDERGREEN,158432,102
CELLERS,158432,102
CENKO,158432,102
CERISIER,158432,102
CESMAT,158432,102
CHADDHA,158432,102
CHALTRAW,158432,102
CHANANA,158432,102
CHATO,158432,102
CHAVEZALVAREZ,158432,102
CHAVEZJIMENEZ,158432,102
CHELMO,158432,102
CHERNYY,158432,102
CHIKA,158432,102
CHILLINGWORTH,158432,102
CHIMELIS,158432,102
CHINNAM,158432,102
CHISMARK,158432,102
CHOUNLAMANY,158432,102
CHUB,158432,102
CHUEN,158432,102
CHYLE,158432,102
CICCHETTO,158432,102
CICHANSKI,158432,102
CIERNIAK,158432,102
CISSOKO,158432,102
CLARADY,158432,102
CLEFFI,158432,102
CLINITE,158432,102
CLOOTEN,158432,102
COAPSTICK,158432,102
COARTNEY,158432,102
COLAIZZO,158432,102
COLECCHI,158432,102
COLSHER,158432,102
COMISAR,158432,102
CONGI,158432,102
CONNEARNEY,158432,102
CONVERSANO,158432,102
COPER,158432,102
CORBIE,158432,102
CORDELLA,158432,102
COTILLO,158432,102
COYOTECATL,158432,102
CREME,158432,102
CRERAND,158432,102
CREVOISERAT,158432,102
CRISTANTIELLO,158432,102
CROCETTO,158432,102
CSIZMAR,158432,102
CUBERT,158432,102
CULCLAGER,158432,102
CULLI,158432,102
CUNNION,158432,102
CUNSOLO,158432,102
CURUP,158432,102
CUTTEN,158432,102
DABSON,158432,102
DADURA,158432,102
DAIGER,158432,102
DALFERES,158432,102
DALIVA,158432,102
DANIES,158432,102
DANNHAUS,158432,102
DANSAK,158432,102
DARAB,158432,102
DATHER,158432,102
DAUSS,158432,102
DEBELLE,158432,102
DEBLECOURT,158432,102
DEBUONO,158432,102
DECLAIRE,158432,102
DEGASPERI,158432,102
DEHL,158432,102
DEKRAAI,158432,102
DELABARRA,158432,102
DELAHOY,158432,102
DELAMORE,158432,102
DELKA,158432,102
DELMAIN,158432,102
DELSI,158432,102
DELUGA,158432,102
DELUGO,158432,102
DEMAROIS,158432,102
DEMBIEC,158432,102
DEMIO,158432,102
DENBURG,158432,102
DENIL,158432,102
DENLY,158432,102
DENSTEDT,158432,102
DENTS,158432,102
DEPRATT,158432,102
DERIGO,158432,102
DESANZO,158432,102
DESAUTELL,158432,102
DESONIER,158432,102
DETURCK,158432,102
DEUTSCHLE,158432,102
DEWI,158432,102
DIBBLES,158432,102
DIBRUNO,158432,102
DIEZEL,158432,102
DIGAL,158432,102
DIGRADO,158432,102
DIMITRATOS,158432,102
DIMITRIS,158432,102
DINY,158432,102
DIOR,158432,102
DIPENTINO,158432,102
DISSETTE,158432,102
DOEREN,158432,102
DOMBRO,158432,102
DOMINICO,158432,102
DONASTORG,158432,102
DOSTALEK,158432,102
DOUGI,158432,102
DRAZAN,158432,102
DRAZICH,158432,102
DREUX,158432,102
DREVECKY,158432,102
DRIGO,158432,102
DROEGEMEIER,158432,102
DROS,158432,102
DRUKKER,158432,102
DUDUKOVICH,158432,102
DUEPNER,158432,102
DUERSTOCK,158432,102
DUITS,158432,102
DUNMON,158432,102
DUNNOCK,158432,102
DUPNIK,158432,102
DURNEN,158432,102
DUSHACK,158432,102
DUTTERA,158432,102
DUVERGLAS,158432,102
DWEIK,158432,102
DWIER,158432,102
DYLONG,158432,102
DZIELINSKI,158432,102
DZIENGEL,158432,102
EGERMAN,158432,102
EIFE,158432,102
EISELT,158432,102
ELBEY,158432,102
ELIM,158432,102
ELKEN,158432,102
EMEKA,158432,102
EMERLE,158432,102
ENCOMIENDA,158432,102
ENOKI,158432,102
ENZINNA,158432,102
ERDELJAC,158432,102
EREMIA,158432,102
ERMANN,158432,102
EULITT,158432,102
EYANSON,158432,102
FABEAN,158432,102
FAIRNOT,158432,102
FALCIGLIA,158432,102
FANDOZZI,158432,102
FANUELE,158432,102
FAZANDE,158432,102
FEDULLO,158432,102
FEGERT,158432,102
FELONG,158432,102
FELUX,158432,102
FENANDEZ,158432,102
FERLING,158432,102
FERLO,158432,102
FETYKO,158432,102
FIALKOW,158432,102
FIEDERLEIN,158432,102
FIEGLE,158432,102
FIESE,158432,102
FIGULY,158432,102
FILIPPAZZO,158432,102
FINHOLT,158432,102
FISCALINI,158432,102
FJELSTED,158432,102
FLAAGAN,158432,102
FLOID,158432,102
FLOLO,158432,102
FOBAR,158432,102
FORNEK,158432,102
FOSDAL,158432,102
FOU,158432,102
FOZZARD,158432,102
FRANGOULIS,158432,102
FRARE,158432,102
FRASCONA,158432,102
FRASSRAND,158432,102
FREYSINGER,158432,102
FRISHBERG,158432,102
FRONTUTO,158432,102
FROSTMAN,158432,102
FUCETOLA,158432,102
FUGAZZOTTO,158432,102
FUKADA,158432,102
FUMANTI,158432,102
FYNAARDT,158432,102
GABALIS,158432,102
GACKENBACH,158432,102
GAERTIG,158432,102
GAFUROV,158432,102
GAILLIOT,158432,102
GAITANIS,158432,102
GALAY,158432,102
GALLARDE,158432,102
GALPERN,158432,102
GAMBURG,158432,102
GANTOS,158432,102
GAONKAR,158432,102
GAPCZYNSKI,158432,102
GASPERICH,158432,102
GASSWINT,158432,102
GASTELLO,158432,102
GASWINT,158432,102
GAUDING,158432,102
GAVLINSKI,158432,102
GENGELBACH,158432,102
GEPFERT,158432,102
GERENCER,158432,102
GERSHUNY,158432,102
GETZLER,158432,102
GHALEY,158432,102
GHARIBYAN,158432,102
GHATAK,158432,102
GIACCHETTO,158432,102
GIMINO,158432,102
GIOIELLO,158432,102
GIORDANA,158432,102
GIRNDT,158432,102
GLASEL,158432,102
GLASHAUSER,158432,102
GLENSKI,158432,102
GMUER,158432,102
GOCLOWSKI,158432,102
GODLOCK,158432,102
GOESTENKORS,158432,102
GOJMERAC,158432,102
GOLAR,158432,102
GOLATO,158432,102
GOLDENTHAL,158432,102
GOLINSKY,158432,102
GOMBITA,158432,102
GONZALEZMEJIA,158432,102
GOPEN,158432,102
GORACZKOWSKI,158432,102
GOUNTANIS,158432,102
GOUW,158432,102
GOVEDNIK,158432,102
GRABHAM,158432,102
GRADEK,158432,102
GRADISHAR,158432,102
GRANCE,158432,102
GRANICA,158432,102
GRANNER,158432,102
GRANSBERRY,158432,102
GREILING,158432,102
GREISINGER,158432,102
GRESIK,158432,102
GRINDAHL,158432,102
GRINLEY,158432,102
GRITZINGER,158432,102
GROESS,158432,102
GROMLING,158432,102
GROSLAND,158432,102
GRUBS,158432,102
GRUNING,158432,102
GRUPPUSO,158432,102
GUALTIERE,158432,102
GUASTELLO,158432,102
GUASTO,158432,102
GUD,158432,102
GUERINI,158432,102
GUERNON,158432,102
GUERREROPEREZ,158432,102
GULINELLO,158432,102
GUSHARD,158432,102
GUZMANFLORES,158432,102
HADAYA,158432,102
HAEDER,158432,102
HAENDIGES,158432,102
HALLIE,158432,102
HALLINGSTAD,158432,102
HANASH,158432,102
HANCHIN,158432,102
HANDSCHIN,158432,102
HANGGE,158432,102
HARAY,158432,102
HARDEEN,158432,102
HARLOCK,158432,102
HASHLEY,158432,102
HAULSEE,158432,102
HAYSBERT,158432,102
HEALIS,158432,102
HEAROLD,158432,102
HEDVAT,158432,102
HEIDELBACH,158432,102
HEINAUER,158432,102
HELENTHAL,158432,102
HELMIC,158432,102
HEMPLEMAN,158432,102
HENDIN,158432,102
HERCHENROEDER,158432,102
HERMITT,158432,102
HERNANDER,158432,102
HERNANDEZTREJO,158432,102
HERTTER,158432,102
HERVOL,158432,102
HETHERLY,158432,102
HEULER,158432,102
HEVELONE,158432,102
HEYLAND,158432,102
HIJAZIN,158432,102
HILBRECHT,158432,102
HIMROD,158432,102
HINNAWI,158432,102
HISTER,158432,102
HOARTY,158432,102
HOBLIN,158432,102
HOCKSTRA,158432,102
HOHNKE,158432,102
HOLOCHER,158432,102
HOLOCHWOST,158432,102
HOLSONBAKE,158432,102
HOLVICK,158432,102
HORNSETH,158432,102
HOWANSKY,158432,102
HOWKINS,158432,102
HOWSLEY,158432,102
HOYAS,158432,102
HRABOSKY,158432,102
HRUTKAY,158432,102
HUCHIN,158432,102
HUECKEL,158432,102
HUEFFMEIER,158432,102
HUEHL,158432,102
HUENKE,158432,102
HUESERS,158432,102
HULSEBERG,158432,102
HULSEMAN,158432,102
HUMBRACHT,158432,102
HUMEN,158432,102
HUNTZICKER,158432,102
HUZA,158432,102
IA,158432,102
IANNETTI,158432,102
IGUADO,158432,102
IHSAN,158432,102
IKANOVIC,158432,102
ILDEFONZO,158432,102
INSUNZA,158432,102
IWUOHA,158432,102
JAHNIGEN,158432,102
JATA,158432,102
JAWITZ,158432,102
JENCIK,158432,102
JENDER,158432,102
JENDRYSIK,158432,102
JIMENEZFLORES,158432,102
JOBBINS,158432,102
JUNGERMAN,158432,102
JURUSIK,158432,102
JUSAY,158432,102
KAITA,158432,102
KALCZYNSKI,158432,102
KALIDAS,158432,102
KALINAY,158432,102
KALISKY,158432,102
KALLICK,158432,102
KAMOWSKI,158432,102
KAPAS,158432,102
KARABINUS,158432,102
KAROUTSOS,158432,102
KARVE,158432,102
KATAI,158432,102
KATCHATAG,158432,102
KAUNITZ,158432,102
KAWANISHI,158432,102
KEARSING,158432,102
KEDAR,158432,102
KEETHLER,158432,102
KELCOURSE,158432,102
KELING,158432,102
KENAS,158432,102
KENZY,158432,102
KEOHO,158432,102
KERNISANT,158432,102
KETROW,158432,102
KICA,158432,102
KIJ,158432,102
KIMMI,158432,102
KINABREW,158432,102
KINCHELOW,158432,102
KINNEN,158432,102
KIPF,158432,102
KIVLEN,158432,102
KIZITO,158432,102
KLENOW,158432,102
KLOETZER,158432,102
KLOOR,158432,102
KLOTER,158432,102
KOBASHI,158432,102
KODRICH,158432,102
KOFI,158432,102
KOGGE,158432,102
KOHLBECKER,158432,102
KOLCZAK,158432,102
KOLDER,158432,102
KOMMAREDDY,158432,102
KONERT,158432,102
KONIAR,158432,102
KONIDARIS,158432,102
KOOCH,158432,102
KOPENSKI,158432,102
KOPROSKI,158432,102
KOPSKY,158432,102
KOSCIUSKO,158432,102
KOVALOVSKY,158432,102
KOVARS,158432,102
KOWALCZEWSKI,158432,102
KOWING,158432,102
KOZACHUK,158432,102
KRAINTZ,158432,102
KRATTLI,158432,102
KRATZERT,158432,102
KRAVATZ,158432,102
KRESSNER,158432,102
KRONBECK,158432,102
KROSKEY,158432,102
KRUFT,158432,102
KRUMMENACHER,158432,102
KRUZICK,158432,102
KRZYKWA,158432,102
KUBILIS,158432,102
KUEGEL,158432,102
KUKAWSKI,158432,102
KULJANCIC,158432,102
KUMARESAN,158432,102
KUMRO,158432,102
KUNTZSCH,158432,102
KUPPA,158432,102
KVECH,158432,102
LABOUFF,158432,102
LABRON,158432,102
LACHNIET,158432,102
LADET,158432,102
LADISA,158432,102
LADRA,158432,102
LAFI,158432,102
LAMBACK,158432,102
LANDEAU,158432,102
LANDROVE,158432,102
LANGDELL,158432,102
LAPARL,158432,102
LASIK,158432,102
LASORELLA,158432,102
LASTRINA,158432,102
LATEMPA,158432,102
LAUCIRICA,158432,102
LAVERENTZ,158432,102
LAVROV,158432,102
LEAHAN,158432,102
LEAVINGS,158432,102
LEBARD,158432,102
LECROIX,158432,102
LEDDER,158432,102
LEDERHAUS,158432,102
LEFEAR,158432,102
LEGVOLD,158432,102
LEITA,158432,102
LEMNA,158432,102
LEMONTE,158432,102
LENARES,158432,102
LEPEL,158432,102
LEPIRD,158432,102
LEQUANG,158432,102
LETHERT,158432,102
LETOSKY,158432,102
LETTIS,158432,102
LETURGEZ,158432,102
LEVITANSKY,158432,102
LEVITES,158432,102
LEVORA,158432,102
LIBIRAN,158432,102
LIEDY,158432,102
LIMOGE,158432,102
LIMSON,158432,102
LINEBRINK,158432,102
LINGIS,158432,102
LINSTROTH,158432,102
LIPPART,158432,102
LISBERG,158432,102
LITTNER,158432,102
LLAVERIAS,158432,102
LOCKLIER,158432,102
LOONIE,158432,102
LORRIGAN,158432,102
LORT,158432,102
LOVENBERG,158432,102
LOVINGFOSS,158432,102
LUCCARELLI,158432,102
LUCINI,158432,102
LUDEMA,158432,102
LUDERMAN,158432,102
LUISJUAN,158432,102
LUKING,158432,102
LUMANOG,158432,102
LUNDBOHM,158432,102
LUNKWITZ,158432,102
LUSTIK,158432,102
LUTTNER,158432,102
LYCHE,158432,102
MACCANI,158432,102
MACMILLIAN,158432,102
MADIX,158432,102
MAGLIARI,158432,102
MAGLIETTA,158432,102
MAHATHY,158432,102
MAIDONADO,158432,102
MAJETT,158432,102
MAKRIDIS,158432,102
MALUBAY,158432,102
MALVASO,158432,102
MANDALIA,158432,102
MANSHOLT,158432,102
MARCECA,158432,102
MARCERO,158432,102
MARCHION,158432,102
MAROSY,158432,102
MARSIGLIANO,158432,102
MARTINEZAYALA,158432,102
MASEM,158432,102
MATICHAK,158432,102
MATIE,158432,102
MAUNAKEA,158432,102
MAURILLO,158432,102
MAVEN,158432,102
MAXVILLE,158432,102
MCCALMANT,158432,102
MCCRUTER,158432,102
MCDUGALD,158432,102
MCELLEN,158432,102
MCGARRH,158432,102
MCGILLAN,158432,102
MCKARNS,158432,102
MCKUIN,158432,102
MCMINIMY,158432,102
MCQUARIE,158432,102
MEDVEDEVA,158432,102
MEGLICH,158432,102
MEHLHOP,158432,102
MELETICHE,158432,102
MELTABARGER,158432,102
MENDOLERA,158432,102
MENDOLLA,158432,102
MENICHELLI,158432,102
MENNEMEIER,158432,102
MERAI,158432,102
MERCHEL,158432,102
MERLETTI,158432,102
MERUCCI,158432,102
MESECAR,158432,102
MESSLING,158432,102
MEYROWITZ,158432,102
MEZNARICH,158432,102
MICCA,158432,102
MIDULLA,158432,102
MIHALOVIC,158432,102
MIILLE,158432,102
MIKULEWICZ,158432,102
MILETELLO,158432,102
MILLANE,158432,102
MILLI,158432,102
MILOWSKI,158432,102
MINETTO,158432,102
MINUTELLO,158432,102
MIRRER,158432,102
MISCHLEY,158432,102
MISSAGGIA,158432,102
MOISEY,158432,102
MONAK,158432,102
MONDIA,158432,102
MONDORO,158432,102
MONKARSH,158432,102
MONTANELLI,158432,102
MONTAYA,158432,102
MORFOOT,158432,102
MOTKO,158432,102
MUCHISON,158432,102
MUENNICH,158432,102
MULTON,158432,102
MUNCHBACH,158432,102
MUNDSCHAU,158432,102
MUSACHIA,158432,102
NAGORKA,158432,102
NAHORNIAK,158432,102
NAJMAN,158432,102
NAPURANO,158432,102
NARCIZO,158432,102
NAREL,158432,102
NAYOKPUK,158432,102
NEADERHISER,158432,102
NEDRY,158432,102
NEIFELD,158432,102
NEKRASOV,158432,102
NEMZER,158432,102
NERURKAR,158432,102
NEUDORFER,158432,102
NEUMER,158432,102
NGOH,158432,102
NIKKHAH,158432,102
NIXA,158432,102
NOAR,158432,102
NONAN,158432,102
NORCOM,158432,102
NOREUIL,158432,102
NORLIE,158432,102
NOSAN,158432,102
NUZZOLESE,158432,102
ODDONE,158432,102
ODEE,158432,102
OESTEREICH,158432,102
OGER,158432,102
OGREEN,158432,102
OHLGREN,158432,102
OHRENBERGER,158432,102
OKOREN,158432,102
OLAZO,158432,102
OLESZEK,158432,102
OLLINS,158432,102
OLWIN,158432,102
OLYNICK,158432,102
ONDIEKI,158432,102
OOLMAN,158432,102
OOSTENDORP,158432,102
OPET,158432,102
OREMLAND,158432,102
ORTEGAHERNANDE,158432,102
OSCANOA,158432,102
OSIA,158432,102
OSIS,158432,102
OTAVALO,158432,102
PAGONES,158432,102
PAKOOTAS,158432,102
PALMIOTTI,158432,102
PANCOE,158432,102
PANIZZA,158432,102
PANUGANTI,158432,102
PAPACHRISTOS,158432,102
PARFET,158432,102
PARINELLO,158432,102
PARODA,158432,102
PARQUE,158432,102
PARUM,158432,102
PASCULLI,158432,102
PASKAR,158432,102
PASSIAS,158432,102
PATELLIS,158432,102
PATERICK,158432,102
PATRIZZI,158432,102
PATTNI,158432,102
PAULIC,158432,102
PAUNI,158432,102
PEARISO,158432,102
PEARLMUTTER,158432,102
PEATS,158432,102
PEDDIREDDY,158432,102
PEHRINGER,158432,102
PEITSCH,158432,102
PENDILL,158432,102
PENNELLO,158432,102
PENTYCOFE,158432,102
PEPLIN,158432,102
PEROCIER,158432,102
PERROU,158432,102
PERSKI,158432,102
PESCINA,158432,102
PETHOUD,158432,102
PETTERBORG,158432,102
PETTINGA,158432,102
PHILE,158432,102
PHILLIPPO,158432,102
PHUYAL,158432,102
PICICCI,158432,102
PIERGROSSI,158432,102
PIERITE,158432,102
PILAWSKI,158432,102
PISCULLI,158432,102
PIZZATO,158432,102
PLACKETT,158432,102
PLAGGEMARS,158432,102
PLATTO,158432,102
PLAYFAIR,158432,102
PLEINIS,158432,102
PLETTNER,158432,102
POCHMARA,158432,102
POKALA,158432,102
POLAKOVIC,158432,102
POLISETTY,158432,102
POLIZOS,158432,102
POLOSKEY,158432,102
POPELAR,158432,102
POPULIS,158432,102
PORDON,158432,102
PORTTEUS,158432,102
PRASCHAK,158432,102
PRESKI,158432,102
PRIN,158432,102
PROIOS,158432,102
PUCKERIN,158432,102
PUGAL,158432,102
PURVEE,158432,102
PUSTOVIT,158432,102
PYZER,158432,102
QUATRALE,158432,102
QUITTNER,158432,102
RADOW,158432,102
RAEHL,158432,102
RAGHURAM,158432,102
RAJAK,158432,102
RAMAH,158432,102
RAMCHANDRAN,158432,102
RAMIRZE,158432,102
RAMJAN,158432,102
RAMONA,158432,102
RAMSY,158432,102
RATTENBURY,158432,102
RAUBA,158432,102
RAUDEZ,158432,102
RAUX,158432,102
REACHARD,158432,102
RECKLEIN,158432,102
REEDMAN,158432,102
REEPS,158432,102
REIGLES,158432,102
REKUS,158432,102
REMAK,158432,102
REMISZEWSKI,158432,102
REMTER,158432,102
RENEMAN,158432,102
RENNICKS,158432,102
RENOUARD,158432,102
RENSCHEN,158432,102
REWITZER,158432,102
REZENDEZ,158432,102
RHYU,158432,102
RIBAU,158432,102
RIGHTENOUR,158432,102
RINKEVICH,158432,102
RISOLO,158432,102
RISTVEDT,158432,102
RIVERACASTRO,158432,102
RIVKIND,158432,102
ROCHOLL,158432,102
RODRIGUEZCORTE,158432,102
RODRIGUEZS,158432,102
RODVOLD,158432,102
ROEUNG,158432,102
ROGELIO,158432,102
ROHDENBURG,158432,102
ROLLMANN,158432,102
RONESS,158432,102
ROPA,158432,102
ROSEBRAUGH,158432,102
ROSEBURROUGH,158432,102
ROYBALL,158432,102
ROZENDAL,158432,102
RUBMAN,158432,102
RUDROW,158432,102
RUGELEY,158432,102
RUNZO,158432,102
RUTHMAN,158432,102
RUTNER,158432,102
RYCERZ,158432,102
SAATI,158432,102
SAATKAMP,158432,102
SABORIT,158432,102
SADLEIR,158432,102
SAETHER,158432,102
SAFERSTEIN,158432,102
SAGASTEGUI,158432,102
SAJNANI,158432,102
SAKIHARA,158432,102
SAKLAD,158432,102
SAKWA,158432,102
SALAZARRAMIREZ,158432,102
SALERY,158432,102
SAMTER,158432,102
SANCHEZNUNEZ,158432,102
SANCHEZR,158432,102
SANDONA,158432,102
SANPHY,158432,102
SANTOSGONZALEZ,158432,102
SARATA,158432,102
SAROLI,158432,102
SAVIDES,158432,102
SAWICK,158432,102
SAXOUR,158432,102
SCANDALE,158432,102
SCHALESKY,158432,102
SCHARSCHMIDT,158432,102
SCHEIE,158432,102
SCHEITEL,158432,102
SCHEUVRONT,158432,102
SCHIRRMACHER,158432,102
SCHITTONE,158432,102
SCHLAFMAN,158432,102
SCHNATTER,158432,102
SCHNEGG,158432,102
SCHNIRRING,158432,102
SCHOENKNECHT,158432,102
SCHONDER,158432,102
SCHRANT,158432,102
SCHROMM,158432,102
SCHWEI,158432,102
SCHWEICKHARDT,158432,102
SCOLASTICO,158432,102
SCRAM,158432,102
SCYPION,158432,102
SEAWORTH,158432,102
SEBERG,158432,102
SELBST,158432,102
SELLGREN,158432,102
SEMANEK,158432,102
SEMANSKI,158432,102
SEMELBAUER,158432,102
SEMINOLE,158432,102
SENDERLING,158432,102
SENGUL,158432,102
SENI,158432,102
SERIGNESE,158432,102
SERREYN,158432,102
SETLUR,158432,102
SEYBOLT,158432,102
SHABEN,158432,102
SHANS,158432,102
SHARIFIAN,158432,102
SHEARHART,158432,102
SHEARRILL,158432,102
SHELKO,158432,102
SHERALI,158432,102
SHERD,158432,102
SHERF,158432,102
SHEVALIER,158432,102
SHINAUL,158432,102
SHINKAWA,158432,102
SHKURTI,158432,102
SHOKRI,158432,102
SIAOSI,158432,102
SIEMAN,158432,102
SIERANT,158432,102
SIGARS,158432,102
SIGDEL,158432,102
SIGILLO,158432,102
SIKEL,158432,102
SILVAGGIO,158432,102
SINGIAN,158432,102
SINIFF,158432,102
SINNAEVE,158432,102
SINNETTE,158432,102
SJUTS,158432,102
SKAZA,158432,102
SKOVE,158432,102
SLATOR,158432,102
SMEENGE,158432,102
SMITHMIER,158432,102
SMOLKIN,158432,102
SODERBORG,158432,102
SOFIANOS,158432,102
SOLDATO,158432,102
SOLNER,158432,102
SOLOMETO,158432,102
SOLSTAD,158432,102
SORSCHER,158432,102
SOTHMAN,158432,102
SOTTONG,158432,102
SPADING,158432,102
SPAICH,158432,102
SPAITS,158432,102
SPOTTEDWOLF,158432,102
SPRANO,158432,102
STABERG,158432,102
STAHLA,158432,102
STAMPP,158432,102
STANDINGELK,158432,102
STANKEVICIUS,158432,102
STANNER,158432,102
STAUTH,158432,102
STECZ,158432,102
STEFANEC,158432,102
STEFANOW,158432,102
STEGEMEYER,158432,102
STEPANOFF,158432,102
STERANKA,158432,102
STERNES,158432,102
STERNITZKE,158432,102
STETTIN,158432,102
STIMPFL,158432,102
STINGONE,158432,102
STINZIANO,158432,102
STOPPIELLO,158432,102
STORAY,158432,102
STORVICK,158432,102
STRATHDEE,158432,102
STRINGARI,158432,102
STRLE,158432,102
STUMBLINGBEAR,158432,102
SUGARBAKER,158432,102
SUMSTAD,158432,102
SUNDBLOM,158432,102
SURSELY,158432,102
SUZANNE,158432,102
SWAIT,158432,102
SWALLERS,158432,102
SWALLOM,158432,102
SWENTY,158432,102
SWIATOCHA,158432,102
SWIERZ,158432,102
SZEPESI,158432,102
SZIGETHY,158432,102
TAAMU,158432,102
TABAKU,158432,102
TAHENY,158432,102
TANGHERLINI,158432,102
TANZOSH,158432,102
TAPLETT,158432,102
TARLECKI,158432,102
TARRAF,158432,102
TATI,158432,102
TAVOULARIS,158432,102
TEBBETS,158432,102
TEITSWORTH,158432,102
TENNITY,158432,102
TERES,158432,102
TERESHKO,158432,102
TERNOSKY,158432,102
TESSNEAR,158432,102
THEA,158432,102
THEAD,158432,102
THIEROLF,158432,102
THILMAN,158432,102
THIRD,158432,102
TIGGELAAR,158432,102
TINNEN,158432,102
TOFFEL,158432,102
TOMCHECK,158432,102
TORDELLA,158432,102
TORROS,158432,102
TORTICE,158432,102
TOTLAND,158432,102
TOUZET,158432,102
TOYLOY,158432,102
TRAVELLER,158432,102
TREGUBOFF,158432,102
TREPKOWSKI,158432,102
TRESP,158432,102
TRIFILIO,158432,102
TRIGOSO,158432,102
TRINADAD,158432,102
TRIPURANENI,158432,102
TRITAPOE,158432,102
TROTSKY,158432,102
TRUTA,158432,102
TSCHOERNER,158432,102
TSCHUMPERLIN,158432,102
TUDAHL,158432,102
TULBERT,158432,102
TULIK,158432,102
TULOWITZKI,158432,102
TURMENNE,158432,102
TYRAN,158432,102
UFHEIL,158432,102
UHRINEK,158432,102
ULLRICK,158432,102
UNABIA,158432,102
UNGARD,158432,102
UNGRICHT,158432,102
UPFOLD,158432,102
URES,158432,102
USA,158432,102
USELMANN,158432,102
USEN,158432,102
USZYNSKI,158432,102
VACLAV,158432,102
VALANZOLA,158432,102
VALDELLON,158432,102
VALDMAN,158432,102
VAMVAS,158432,102
VANAIRSDALE,158432,102
VANDEGRIFFE,158432,102
VANDOR,158432,102
VANISKO,158432,102
VANMILL,158432,102
VANOMMEN,158432,102
VANTHOFF,158432,102
VARGESON,158432,102
VASCOCU,158432,102
VASHIST,158432,102
VEDRO,158432,102
VEIHDEFFER,158432,102
VENKATAKRISHNAN,158432,102
VERVAECKE,158432,102
VERVELDE,158432,102
VICIC,158432,102
VIECK,158432,102
VIRUEL,158432,102
VISSICHELLI,158432,102
VIURQUEZ,158432,102
VIZUETA,158432,102
VIZZERRA,158432,102
VLAMING,158432,102
VLAZNY,158432,102
VODOLA,158432,102
VOKAL,158432,102
VOLKEMA,158432,102
VOLP,158432,102
VONDENHUEVEL,158432,102
VRONA,158432,102
VUNK,158432,102
WACHHOLTZ,158432,102
WAELDER,158432,102
WAHBEH,158432,102
WAIDNER,158432,102
WALLAT,158432,102
WANNEBO,158432,102
WANNEMUEHLER,158432,102
WARFA,158432,102
WARRENER,158432,102
WAYERSKI,158432,102
WEBINGER,158432,102
WEDEMAN,158432,102
WEELBORG,158432,102
WEGENKA,158432,102
WEIDES,158432,102
WEILENMAN,158432,102
WEIRUP,158432,102
WEISLOGEL,158432,102
WEITZMANN,158432,102
WENSLOFF,158432,102
WHATTON,158432,102
WIBE,158432,102
WIEDIGER,158432,102
WIEDLE,158432,102
WIEGE,158432,102
WIEKER,158432,102
WIESBROOK,158432,102
WILHEM,158432,102
WILLIAMSI,158432,102
WILSONBROWN,158432,102
WILSONCROFT,158432,102
WINDEY,158432,102
WINTERRINGER,158432,102
WIRTHWEIN,158432,102
WISNIEWSKA,158432,102
WISNISKI,158432,102
WOGHIREN,158432,102
WOLOWSKI,158432,102
WOLTHOFF,158432,102
WOODIEL,158432,102
WORF,158432,102
WORSTALL,158432,102
WREFORD,158432,102
WUBBELS,158432,102
WYSCAVER,158432,102
YANCHIK,158432,102
YARMAK,158432,102
YEAZLE,158432,102
YEGHIAZARYAN,158432,102
YELLOWEAGLE,158432,102
YESKA,158432,102
YEVOLI,158432,102
YIRGA,158432,102
YOCIUS,158432,102
YONK,158432,102
YOUAKIM,158432,102
ZAGHA,158432,102
ZAKON,158432,102
ZAKOVEC,158432,102
ZAMANSKY,158432,102
ZAMBERLAN,158432,102
ZAMSKY,158432,102
ZANOL,158432,102
ZASTE,158432,102
ZELONKA,158432,102
ZGRABIK,158432,102
ZIDEL,158432,102
ZIESING,158432,102
ZIEVE,158432,102
ZINKHAN,158432,102
ZITELLO,158432,102
ZOCCALI,158432,102
ZOLNIEREK,158432,102
ZOZZARO,158432,102
ZUCCOLOTTO,158432,102
ZULKA,158432,102
ZWANZIG,158432,102
ABDELDAYEM,159712,101
ABDELSHAHID,159712,101
ABDILAHI,159712,101
ABRAHAN,159712,101
ADDERTON,159712,101
ADLONG,159712,101
ADOFO,159712,101
ADWAY,159712,101
AFLALO,159712,101
AGBISIT,159712,101
AHDOUT,159712,101
AJO,159712,101
AKHDAR,159712,101
ALABASTER,159712,101
ALAMARI,159712,101
ALASADY,159712,101
ALCANTER,159712,101
ALINA,159712,101
ALKHALAF,159712,101
ALLIA,159712,101
ALMAWERI,159712,101
ALMAYAHI,159712,101
ALRASHEED,159712,101
ALTHOLZ,159712,101
ALVIDRES,159712,101
AMANT,159712,101
AMANTECATL,159712,101
AMEL,159712,101
AMORETTI,159712,101
AMSLEY,159712,101
ANDRIACCHI,159712,101
ANGELY,159712,101
ANKE,159712,101
ANSTEE,159712,101
ANTY,159712,101
APOSTOLOV,159712,101
AREHEART,159712,101
ARIN,159712,101
ARRIES,159712,101
ARZAPALO,159712,101
ASANUMA,159712,101
ASCARRUNZ,159712,101
ASHBEY,159712,101
ASHIDA,159712,101
ASON,159712,101
AVIZA,159712,101
AWAKUNI,159712,101
AZIZE,159712,101
BAAN,159712,101
BABIASZ,159712,101
BADDOO,159712,101
BAGGENSTOS,159712,101
BAHAMONDES,159712,101
BAISI,159712,101
BAKAN,159712,101
BALICO,159712,101
BALTHASAR,159712,101
BANDLEY,159712,101
BANGAYAN,159712,101
BANGOR,159712,101
BAPTISTO,159712,101
BARANOVA,159712,101
BARILLO,159712,101
BARNEKOW,159712,101
BARRAVECCHIO,159712,101
BASCOE,159712,101
BASHE,159712,101
BAVERY,159712,101
BAWKS,159712,101
BAYTOS,159712,101
BEARDEMPHL,159712,101
BEIMFOHR,159712,101
BEKKUM,159712,101
BELDNER,159712,101
BELJAN,159712,101
BELLANDI,159712,101
BELLEHUMEUR,159712,101
BELOVA,159712,101
BENCA,159712,101
BENDIKSEN,159712,101
BENEMERITO,159712,101
BENINGA,159712,101
BERD,159712,101
BERGSRUD,159712,101
BERLEKAMP,159712,101
BERLINE,159712,101
BERLS,159712,101
BERTILSON,159712,101
BESETH,159712,101
BETTANO,159712,101
BEZJIAN,159712,101
BIANDO,159712,101
BICI,159712,101
BIDART,159712,101
BIEDINGER,159712,101
BIERNESSER,159712,101
BIESENBACH,159712,101
BILLERMAN,159712,101
BILLIEL,159712,101
BINKER,159712,101
BIRNEL,159712,101
BISNATH,159712,101
BISTARKEY,159712,101
BISTERFELDT,159712,101
BIVINES,159712,101
BJERKLIE,159712,101
BLABER,159712,101
BLADORN,159712,101
BLAKEWOOD,159712,101
BLAMO,159712,101
BLANDI,159712,101
BLANQUIZ,159712,101
BLAVAT,159712,101
BLAZIS,159712,101
BLERSCH,159712,101
BLEUS,159712,101
BLIZMAN,159712,101
BLUMHOEFER,159712,101
BLUNDA,159712,101
BOCHINSKI,159712,101
BOCI,159712,101
BODEM,159712,101
BOEGGEMAN,159712,101
BOICH,159712,101
BOISSONNEAU,159712,101
BOJAR,159712,101
BOLOGA,159712,101
BORACK,159712,101
BORKOSKY,159712,101
BOSGRAAF,159712,101
BOUBION,159712,101
BOUCHOT,159712,101
BOUKAL,159712,101
BOUZIGARD,159712,101
BOVASSO,159712,101
BOZZINI,159712,101
BRAAFHART,159712,101
BRANGMAN,159712,101
BRASSETTE,159712,101
BREEHL,159712,101
BREIDIGAN,159712,101
BREITKOPF,159712,101
BRITZIUS,159712,101
BROGER,159712,101
BRUCKHART,159712,101
BRYNDA,159712,101
BUCKHAULTER,159712,101
BUONAGURIO,159712,101
BUSACCO,159712,101
BUTRY,159712,101
BUYZE,159712,101
CACEROS,159712,101
CADIEU,159712,101
CAFOUREK,159712,101
CALAVAN,159712,101
CALDERAZZO,159712,101
CAMARCO,159712,101
CAMPOSLOPEZ,159712,101
CAMPUTARO,159712,101
CANOTE,159712,101
CAPACE,159712,101
CAPILLO,159712,101
CAPRITTA,159712,101
CARAMANICO,159712,101
CARIAN,159712,101
CARNAZZA,159712,101
CARRUBE,159712,101
CASCADDAN,159712,101
CASCADEN,159712,101
CASSIMATIS,159712,101
CASTANIA,159712,101
CASTERA,159712,101
CASTONA,159712,101
CASTROFLORES,159712,101
CATLI,159712,101
CATOZZI,159712,101
CAZANAS,159712,101
CELLETTI,159712,101
CELO,159712,101
CENTINO,159712,101
CHAB,159712,101
CHADBOURN,159712,101
CHAMPS,159712,101
CHAVAC,159712,101
CHAVEZDIAZ,159712,101
CHENO,159712,101
CHERCHIO,159712,101
CHIELLO,159712,101
CHIGBU,159712,101
CHIPKIN,159712,101
CHORZEPA,159712,101
CHRISTER,159712,101
CHURGIN,159712,101
CHURMA,159712,101
CICEK,159712,101
CICHORACKI,159712,101
CIEJKA,159712,101
CIMMARUSTI,159712,101
CIOCE,159712,101
CLAIRBORNE,159712,101
CLERJUSTE,159712,101
CLUSE,159712,101
COFRE,159712,101
COLABELLO,159712,101
COLEBROOKE,159712,101
COLIER,159712,101
COLVELL,159712,101
CONDELLA,159712,101
CONDOLUCI,159712,101
CONFINO,159712,101
CONSORTI,159712,101
COPENHEAVER,159712,101
COPPENRATH,159712,101
CORNNELL,159712,101
CORREO,159712,101
CORRITORE,159712,101
COTRONA,159712,101
COURVELLE,159712,101
COVELLA,159712,101
CRESSOTTI,159712,101
CRISCITELLO,159712,101
CROUELL,159712,101
CRYOR,159712,101
CULTRA,159712,101
CUR,159712,101
CUROE,159712,101
CYRIUS,159712,101
CZARTORYSKI,159712,101
DAGURO,159712,101
DAKDOUK,159712,101
DAMION,159712,101
DAMISCH,159712,101
DAND,159712,101
DANUBIO,159712,101
DARBEE,159712,101
DAVIDMAN,159712,101
DEBAILLIE,159712,101
DEBATE,159712,101
DEBRIE,159712,101
DEBRINO,159712,101
DECHICK,159712,101
DEIULIO,159712,101
DELAURENTIIS,159712,101
DELSING,159712,101
DEMENDONCA,159712,101
DENEFF,159712,101
DENING,159712,101
DENUYL,159712,101
DENYSE,159712,101
DERISSE,159712,101
DESABRAIS,159712,101
DESHAZIOR,159712,101
DESHER,159712,101
DESTREMPS,159712,101
DETTON,159712,101
DEVADAS,159712,101
DEVIZIO,159712,101
DICRESCENZO,159712,101
DIECKOW,159712,101
DIGAUDIO,159712,101
DIGIUSTO,159712,101
DINZEY,159712,101
DIPRONIO,159712,101
DIRUGGIERO,159712,101
DISIDORO,159712,101
DISTERHAFT,159712,101
DOBRZYCKI,159712,101
DODE,159712,101
DOESBURG,159712,101
DOMARADZKI,159712,101
DONAVANT,159712,101
DONCH,159712,101
DONSKOY,159712,101
DORATHY,159712,101
DORM,159712,101
DOTSENKO,159712,101
DOUGA,159712,101
DOUGHTRY,159712,101
DREITZLER,159712,101
DROBECK,159712,101
DUFRENNE,159712,101
DUGENSKE,159712,101
DUMKA,159712,101
DURANKO,159712,101
DUVOISIN,159712,101
EARLINGTON,159712,101
ECHANDY,159712,101
EEN,159712,101
EFREM,159712,101
EGERTSON,159712,101
EGLITIS,159712,101
EGUINO,159712,101
EIPP,159712,101
EISSENS,159712,101
EKKEL,159712,101
ELIFRITS,159712,101
ELIGON,159712,101
ELSHAER,159712,101
EMBERLIN,159712,101
EMMERTON,159712,101
ENAMA,159712,101
ENDACOTT,159712,101
ENDERICA,159712,101
ENGLIS,159712,101
ERVASTI,159712,101
ESTLOW,159712,101
FABYANCHUK,159712,101
FALASCHI,159712,101
FARDIG,159712,101
FARELLO,159712,101
FARINEAU,159712,101
FASANELLI,159712,101
FATUM,159712,101
FAULKINBERRY,159712,101
FAUTZ,159712,101
FEDASH,159712,101
FEDORAK,159712,101
FELIS,159712,101
FENDELL,159712,101
FERK,159712,101
FETHERSON,159712,101
FETUI,159712,101
FIGLIA,159712,101
FILICETTI,159712,101
FINSTERBUSCH,159712,101
FLAIRTY,159712,101
FLANICK,159712,101
FLEURISSAINT,159712,101
FLINDT,159712,101
FOECKLER,159712,101
FOJUT,159712,101
FOLGA,159712,101
FOMAN,159712,101
FORKELL,159712,101
FORSEN,159712,101
FRADENBURGH,159712,101
FRAGUELA,159712,101
FRASSINELLI,159712,101
FREETLY,159712,101
FROSTER,159712,101
FRUCHTNICHT,159712,101
FULSCHER,159712,101
FUSILLI,159712,101
GABAT,159712,101
GADLAGE,159712,101
GAILBREATH,159712,101
GAINWELL,159712,101
GALLINARI,159712,101
GANDENBERGER,159712,101
GANDRE,159712,101
GANJIAN,159712,101
GANZALEZ,159712,101
GARBODEN,159712,101
GARCIAA,159712,101
GARCIAFRANCO,159712,101
GARTUNG,159712,101
GASPAROTTO,159712,101
GAUN,159712,101
GAWORECKI,159712,101
GEARNS,159712,101
GEBEAU,159712,101
GEIDNER,159712,101
GEISTLINGER,159712,101
GELLERSTEDT,159712,101
GEMPERLE,159712,101
GENNOE,159712,101
GHATE,159712,101
GHIRARDELLI,159712,101
GIACOMOZZI,159712,101
GIANGIACOMO,159712,101
GILBAR,159712,101
GILMOND,159712,101
GIRL,159712,101
GLASSBRENNER,159712,101
GLOWIAK,159712,101
GLUGLA,159712,101
GODERICH,159712,101
GOKHMAN,159712,101
GOLDENSON,159712,101
GOLDFISCHER,159712,101
GOMEZVARGAS,159712,101
GONDOS,159712,101
GONUGUNTLA,159712,101
GONYNOR,159712,101
GONZALEZLARA,159712,101
GONZALEZMUNOZ,159712,101
GORNO,159712,101
GOSSENS,159712,101
GOSSMANN,159712,101
GOTTMANN,159712,101
GOWARTY,159712,101
GRABIANOWSKI,159712,101
GRATIOT,159712,101
GRAYMOUNTAIN,159712,101
GREECE,159712,101
GREMBOWSKI,159712,101
GRETSKY,159712,101
GREVENGOED,159712,101
GRIBSCHAW,159712,101
GRISAFE,159712,101
GRITZNER,159712,101
GROARKE,159712,101
GRODEK,159712,101
GRODNER,159712,101
GROENIG,159712,101
GRORUD,159712,101
GROVENBURG,159712,101
GRUCELLA,159712,101
GRUNDEI,159712,101
GRUNSTRA,159712,101
GUANG,159712,101
GUARACHA,159712,101
GUERARA,159712,101
GUERERRI,159712,101
GUETTA,159712,101
GUIDON,159712,101
GUJAR,159712,101
GUMIRAN,159712,101
GURAY,159712,101
GUSTO,159712,101
GUTHERIDGE,159712,101
HADAS,159712,101
HAESEKER,159712,101
HAJALI,159712,101
HAKENEWERTH,159712,101
HALUPA,159712,101
HAMANAKA,159712,101
HANOR,159712,101
HANZLICK,159712,101
HARMATZ,159712,101
HARTGERINK,159712,101
HARTKEMEYER,159712,101
HARTWICH,159712,101
HASLAUER,159712,101
HASSANIN,159712,101
HAVERY,159712,101
HEADER,159712,101
HEALING,159712,101
HEBIG,159712,101
HECKNER,159712,101
HEERSPINK,159712,101
HEGAZI,159712,101
HEIKKA,159712,101
HEINSSEN,159712,101
HELVIK,159712,101
HENAHAN,159712,101
HENEISEN,159712,101
HERKER,159712,101
HERMAWAN,159712,101
HERMINA,159712,101
HERRYGERS,159712,101
HERTNEKY,159712,101
HERTZKE,159712,101
HETTENHAUSEN,159712,101
HETTESHEIMER,159712,101
HIETANEN,159712,101
HINGLETON,159712,101
HIRSEKORN,159712,101
HITZFELD,159712,101
HITZGES,159712,101
HIZEY,159712,101
HOALT,159712,101
HOELZL,159712,101
HOGEBACK,159712,101
HOLOTA,159712,101
HOLTGRIEVE,159712,101
HOMEM,159712,101
HOMSLEY,159712,101
HONERLAW,159712,101
HORETH,159712,101
HOSAIN,159712,101
HOTTENROTH,159712,101
HOUDA,159712,101
HOUGHTLEN,159712,101
HUCUL,159712,101
HUDRLIK,159712,101
HUEG,159712,101
HULKER,159712,101
HUMPAGE,159712,101
HUNSECKER,159712,101
HUSCROFT,159712,101
HYDZIK,159712,101
HYSO,159712,101
IBEZIM,159712,101
IDICULA,159712,101
IDSTEIN,159712,101
INBAR,159712,101
INDERMUHLE,159712,101
INGBRETSON,159712,101
INGUAGIATO,159712,101
IOVIENO,159712,101
ISHIMINE,159712,101
ISHIZU,159712,101
ISIC,159712,101
IWANOW,159712,101
JACHOWICZ,159712,101
JAHED,159712,101
JALLOUL,159712,101
JANEVSKI,159712,101
JEROUSEK,159712,101
JIMENEZTORRES,159712,101
JOCHAM,159712,101
JONESDAVIS,159712,101
JORAMO,159712,101
JUMPINGEAGLE,159712,101
JUNKMAN,159712,101
JURCEVIC,159712,101
KABARIA,159712,101
KABE,159712,101
KAESBERG,159712,101
KAIMAL,159712,101
KALADJIAN,159712,101
KALEBAUGH,159712,101
KALEIWAHEA,159712,101
KALEOHANO,159712,101
KALIFF,159712,101
KALY,159712,101
KAMYKOWSKI,159712,101
KANAL,159712,101
KANALOS,159712,101
KANEFF,159712,101
KANNEGIESSER,159712,101
KARAHAN,159712,101
KARANOVICH,159712,101
KARKHANIS,159712,101
KARKLINS,159712,101
KARPP,159712,101
KASSAS,159712,101
KASSIK,159712,101
KASTIGAR,159712,101
KATTIL,159712,101
KAVALIAUSKAS,159712,101
KEESWOOD,159712,101
KEIGANS,159712,101
KELHAM,159712,101
KEMRAJ,159712,101
KENDL,159712,101
KENVIN,159712,101
KERESEY,159712,101
KETTELER,159712,101
KETZER,159712,101
KHANOLKAR,159712,101
KHATH,159712,101
KIEFAT,159712,101
KINGSLIEN,159712,101
KINSWORTHY,159712,101
KIOUSIS,159712,101
KIPPHUT,159712,101
KLECZEWSKI,159712,101
KLEGER,159712,101
KLEINBART,159712,101
KLINGINSMITH,159712,101
KLOEMPKEN,159712,101
KLOPCIC,159712,101
KLUEGEL,159712,101
KOBASA,159712,101
KODSI,159712,101
KOES,159712,101
KOFFA,159712,101
KOKALIS,159712,101
KOLARI,159712,101
KOLNER,159712,101
KOLOVICH,159712,101
KOLY,159712,101
KONKOWSKI,159712,101
KOPASKA,159712,101
KOPYLOV,159712,101
KORNEYCHUK,159712,101
KOSENKO,159712,101
KOSHT,159712,101
KOSTELANSKY,159712,101
KOUTRAKOS,159712,101
KOVALCIN,159712,101
KOWNACK,159712,101
KOZACHENKO,159712,101
KRAJCIR,159712,101
KRASIN,159712,101
KRELLE,159712,101
KREUZBURG,159712,101
KRISTJANSSON,159712,101
KRITENBRINK,159712,101
KROISS,159712,101
KRONZER,159712,101
KRUZICKI,159712,101
KRYSKO,159712,101
KRZYS,159712,101
KUBISTEK,159712,101
KUCINSKAS,159712,101
KUKLO,159712,101
KULLE,159712,101
KULLING,159712,101
KUWAMOTO,159712,101
KWASNEY,159712,101
LABLANCE,159712,101
LACATENA,159712,101
LADING,159712,101
LADOUCER,159712,101
LAFERNIER,159712,101
LAGROON,159712,101
LAHNERS,159712,101
LAMO,159712,101
LAMPROPOULOS,159712,101
LANDANO,159712,101
LANDSTRA,159712,101
LANDUA,159712,101
LANEVILLE,159712,101
LANSBURY,159712,101
LAPOS,159712,101
LAPPA,159712,101
LARITA,159712,101
LARRACAS,159712,101
LASHBAUGH,159712,101
LASICA,159712,101
LATORRA,159712,101
LATRAILLE,159712,101
LAUBACKER,159712,101
LAUEN,159712,101
LAURIENZO,159712,101
LAUSMAN,159712,101
LAVIK,159712,101
LAVORE,159712,101
LAWWELL,159712,101
LECOINTE,159712,101
LEDSWORTH,159712,101
LEHOSKY,159712,101
LEMONDE,159712,101
LENARDUZZI,159712,101
LENETT,159712,101
LENFORD,159712,101
LENHOF,159712,101
LESNEY,159712,101
LETKE,159712,101
LEVIAN,159712,101
LIBBRECHT,159712,101
LICUANAN,159712,101
LIEBENGOOD,159712,101
LIEBENGUTH,159712,101
LIEMAN,159712,101
LIFSHITS,159712,101
LIKOVIC,159712,101
LILLEMON,159712,101
LINDUS,159712,101
LINET,159712,101
LINNENKAMP,159712,101
LIPHARDT,159712,101
LIPPNER,159712,101
LISKOW,159712,101
LIVACCARI,159712,101
LIVSHIN,159712,101
LJUNGQUIST,159712,101
LLAVORE,159712,101
LOBERA,159712,101
LOCHAMY,159712,101
LODMELL,159712,101
LOFFT,159712,101
LOGING,159712,101
LONSDORF,159712,101
LOSCAR,159712,101
LOTTIER,159712,101
LOTTINVILLE,159712,101
LUCKAU,159712,101
LUDWINSKI,159712,101
LUGGE,159712,101
LUGOWSKI,159712,101
LULLY,159712,101
LUMIBAO,159712,101
LUNDIEN,159712,101
LUTTE,159712,101
LYBERT,159712,101
LYNWOOD,159712,101
LYUBEZHANIN,159712,101
MACCOLLUM,159712,101
MACHNIAK,159712,101
MACKINAW,159712,101
MACMORRAN,159712,101
MACOUBRIE,159712,101
MAGHAKIAN,159712,101
MAHEIA,159712,101
MAIBEN,159712,101
MAIDANA,159712,101
MAKAROWSKI,159712,101
MAKDA,159712,101
MALFABON,159712,101
MALINGER,159712,101
MALINOFF,159712,101
MALVOISIN,159712,101
MANASIA,159712,101
MANELY,159712,101
MANLAPIG,159712,101
MANSANARES,159712,101
MARCHUT,159712,101
MARGELOFSKY,159712,101
MARGGRAF,159712,101
MAROCCHI,159712,101
MARQUEDANT,159712,101
MARTINAT,159712,101
MARVETS,159712,101
MASCOLI,159712,101
MASEMAN,159712,101
MASNY,159712,101
MASTRONARDO,159712,101
MASTRY,159712,101
MATESI,159712,101
MATRIOUS,159712,101
MAUZ,159712,101
MAVILLA,159712,101
MAYEWSKI,159712,101
MCANALLEY,159712,101
MCCLINSEY,159712,101
MCDERMITH,159712,101
MCENULTY,159712,101
MCFATHER,159712,101
MCFRAZIER,159712,101
MCGEOGHEGAN,159712,101
MCGLASHING,159712,101
MCILHENNEY,159712,101
MCKNATT,159712,101
MCMICHAELS,159712,101
MCMURCHY,159712,101
MCPHATE,159712,101
MCSHANNON,159712,101
MCWHIRK,159712,101
MEBUST,159712,101
MEDUS,159712,101
MEEUWENBERG,159712,101
MEGAL,159712,101
MEGONNELL,159712,101
MEHMEL,159712,101
MELIES,159712,101
MELNIKOVA,159712,101
MERAT,159712,101
MERKET,159712,101
MERWORTH,159712,101
METTEY,159712,101
MIENTUS,159712,101
MIESSLER,159712,101
MIKLASZ,159712,101
MILEWSKY,159712,101
MINDE,159712,101
MINERLY,159712,101
MINOZZI,159712,101
MINUTH,159712,101
MIRGON,159712,101
MITTNER,159712,101
MIYAWAKI,159712,101
MIZAR,159712,101
MOELLENDICK,159712,101
MOGIELNICKI,159712,101
MOHAJERI,159712,101
MOLHOEK,159712,101
MONDARY,159712,101
MONTALI,159712,101
MONTEMURNO,159712,101
MONTIER,159712,101
MORSER,159712,101
MOSHAY,159712,101
MOTAN,159712,101
MOWRIS,159712,101
MOZELLE,159712,101
MROCZKO,159712,101
MUENCHEN,159712,101
MUHLIG,159712,101
MULLARNEY,159712,101
MULVAINE,159712,101
MULZAC,159712,101
MUSSACK,159712,101
MYRAH,159712,101
NABLO,159712,101
NACHE,159712,101
NACOSTE,159712,101
NADIMI,159712,101
NALLIE,159712,101
NAPALAN,159712,101
NARHI,159712,101
NDI,159712,101
NEDAB,159712,101
NEIE,159712,101
NEIMEISTER,159712,101
NERHEIM,159712,101
NHIN,159712,101
NIEDERS,159712,101
NIEUKIRK,159712,101
NIEWOLD,159712,101
NIKOLIS,159712,101
NISAN,159712,101
NISIEWICZ,159712,101
NISULA,159712,101
NOCEDA,159712,101
NOCELO,159712,101
NOCKIDENEH,159712,101
NOVILLA,159712,101
NUCIFORO,159712,101
NUNLIST,159712,101
NWAGBARA,159712,101
OBERNBERGER,159712,101
OBERREUTER,159712,101
ODOARDI,159712,101
ODUNZE,159712,101
OEDEKOVEN,159712,101
OFA,159712,101
OLADEJI,159712,101
OLINE,159712,101
OLORUNFEMI,159712,101
OLZAK,159712,101
OMARAH,159712,101
ONUSCHAK,159712,101
OORD,159712,101
OPALA,159712,101
OPREAN,159712,101
ORANDER,159712,101
ORDEMANN,159712,101
ORESKY,159712,101
ORROSQUIETA,159712,101
ORSUA,159712,101
ORTES,159712,101
OSOSKIE,159712,101
OSSAI,159712,101
OTUAFI,159712,101
OVERBERGER,159712,101
OVERZET,159712,101
OZEGOVIC,159712,101
PABIN,159712,101
PACURAR,159712,101
PADHIAR,159712,101
PAKINGAN,159712,101
PALETZ,159712,101
PALLETTE,159712,101
PALLMAN,159712,101
PALLUCK,159712,101
PANAYI,159712,101
PANCHAME,159712,101
PANICOLA,159712,101
PANNY,159712,101
PANTI,159712,101
PANTOLIANO,159712,101
PAPADEMETRIOU,159712,101
PAPAK,159712,101
PARISEN,159712,101
PARMERTER,159712,101
PASQUALUCCI,159712,101
PATRYLAK,159712,101
PAULEUS,159712,101
PAULTON,159712,101
PAUNOVIC,159712,101
PAZDER,159712,101
PECANTY,159712,101
PECHARICH,159712,101
PED,159712,101
PEDOTO,159712,101
PEDRAZZI,159712,101
PEIKER,159712,101
PELKIE,159712,101
PELLARIN,159712,101
PELUSIO,159712,101
PENEUETA,159712,101
PEPICELLI,159712,101
PEREZESTRADA,159712,101
PERMUT,159712,101
PIANG,159712,101
PICOLET,159712,101
PIECEWICZ,159712,101
PIEP,159712,101
PIETRANDREA,159712,101
PINCHERA,159712,101
PINEDALOPEZ,159712,101
PINZINO,159712,101
PIPPETT,159712,101
PLYMOUTH,159712,101
POBOCIK,159712,101
POCHARDT,159712,101
POELKING,159712,101
POGORELEC,159712,101
POLACCA,159712,101
PONSART,159712,101
PORTANTE,159712,101
POURMAND,159712,101
PREBOLA,159712,101
PREZZANO,159712,101
PROCHKO,159712,101
PRUSI,159712,101
PRYKE,159712,101
PUBLOW,159712,101
PURFEERST,159712,101
PUVVADA,159712,101
PYYKKONEN,159712,101
QUAGLIO,159712,101
QUETEL,159712,101
QUILATAN,159712,101
QUISH,159712,101
RABOVSKY,159712,101
RADBILL,159712,101
RADJENOVICH,159712,101
RADOWSKI,159712,101
RAGHOO,159712,101
RAHMOELLER,159712,101
RAHNE,159712,101
RAMDHANI,159712,101
RAMPAL,159712,101
RANSLEBEN,159712,101
RASSETT,159712,101
RAUSE,159712,101
RAVARE,159712,101
RAVICH,159712,101
RAWDEN,159712,101
RAYMONT,159712,101
RECTANUS,159712,101
REDELSPERGER,159712,101
REEMTSMA,159712,101
REGET,159712,101
REHANA,159712,101
REIGELMAN,159712,101
REINHOFER,159712,101
RENAUT,159712,101
RENEDO,159712,101
REPIC,159712,101
RETHFORD,159712,101
REVELLA,159712,101
REYESAGUILAR,159712,101
RIA,159712,101
RIBADENEIRA,159712,101
RICARDSON,159712,101
RICCHI,159712,101
RICCIONE,159712,101
RICKELL,159712,101
RICKORD,159712,101
RIECHEL,159712,101
RIEDLER,159712,101
RIEDMUELLER,159712,101
RIMKUNAS,159712,101
RIMPLE,159712,101
RIPPL,159712,101
RISHWAIN,159712,101
RITTERSON,159712,101
RIVIER,159712,101
RIXE,159712,101
ROBAN,159712,101
ROBUS,159712,101
ROCCISANO,159712,101
RODERS,159712,101
RODISH,159712,101
RODLUND,159712,101
RODR,159712,101
ROETERS,159712,101
ROGULSKI,159712,101
ROHIT,159712,101
ROIX,159712,101
ROK,159712,101
RONALDSON,159712,101
RONDE,159712,101
ROSGA,159712,101
ROSPIGLIOSI,159712,101
ROSTAMIAN,159712,101
ROUBION,159712,101
ROUMILLAT,159712,101
ROWATT,159712,101
ROZNOS,159712,101
RUIZMENDEZ,159712,101
RUSCZYK,159712,101
RYDELEK,159712,101
RYNE,159712,101
RZEPA,159712,101
SAADATI,159712,101
SABAHI,159712,101
SACCULLO,159712,101
SADRO,159712,101
SAGGI,159712,101
SAIGER,159712,101
SALANIC,159712,101
SALINERO,159712,101
SALLAN,159712,101
SALVAGIO,159712,101
SAMARI,159712,101
SANCHEZVEGA,159712,101
SANFILIPO,159712,101
SANNS,159712,101
SATTARI,159712,101
SAVANA,159712,101
SAVISKY,159712,101
SAVY,159712,101
SAYASITH,159712,101
SCARRITT,159712,101
SCARSELLI,159712,101
SCHAADE,159712,101
SCHACHERL,159712,101
SCHAERRER,159712,101
SCHAIER,159712,101
SCHANEL,159712,101
SCHANKER,159712,101
SCHARNWEBER,159712,101
SCHEUERLE,159712,101
SCHIRK,159712,101
SCHLEIFF,159712,101
SCHLESING,159712,101
SCHLIEVERT,159712,101
SCHLINSOG,159712,101
SCHMEIDER,159712,101
SCHNACKY,159712,101
SCHODORF,159712,101
SCHOENI,159712,101
SCHOTTS,159712,101
SCHUBECK,159712,101
SCHWENDIMANN,159712,101
SCURFIELD,159712,101
SCURO,159712,101
SEDEY,159712,101
SEEMS,159712,101
SEGERMAN,159712,101
SEIFERS,159712,101
SEMENICK,159712,101
SENDROWSKI,159712,101
SENSANO,159712,101
SENTURK,159712,101
SERRAN,159712,101
SHAKLEY,159712,101
SHERBECK,159712,101
SHERBROOK,159712,101
SHEREK,159712,101
SHIBAYAMA,159712,101
SHIRBROUN,159712,101
SHOFSTALL,159712,101
SHULTE,159712,101
SHUMACHER,159712,101
SIDEMAN,159712,101
SIETMANN,159712,101
SIFTON,159712,101
SIKKING,159712,101
SILBURN,159712,101
SILLETT,159712,101
SIMMERER,159712,101
SIMOTAS,159712,101
SINGLETEARY,159712,101
SINKER,159712,101
SIUDAK,159712,101
SIVAN,159712,101
SKARET,159712,101
SKAUGE,159712,101
SKIDGELL,159712,101
SLEAD,159712,101
SMARIO,159712,101
SMIECINSKI,159712,101
SMOLDER,159712,101
SMOLOWITZ,159712,101
SOEHNLEIN,159712,101
SOHEILI,159712,101
SOLVESON,159712,101
SOPPA,159712,101
SOROKINA,159712,101
SOUBRA,159712,101
SOURJOHN,159712,101
SOVDE,159712,101
SOWIEJA,159712,101
SPEENBURGH,159712,101
SPEIDEN,159712,101
SPENDLEY,159712,101
SPENGEL,159712,101
SPIN,159712,101
SPISSO,159712,101
SPOERLE,159712,101
SPOLETI,159712,101
SPONAGLE,159712,101
SPRUIEL,159712,101
STANIER,159712,101
STANKOWITZ,159712,101
STATHERS,159712,101
STAVALE,159712,101
STEENHOVEN,159712,101
STEINBEISSER,159712,101
STENS,159712,101
STIBOR,159712,101
STIELY,159712,101
STILKEY,159712,101
STINEMATES,159712,101
STOERKEL,159712,101
STOILOV,159712,101
STOUTZENBERGER,159712,101
STRACZEK,159712,101
STRATTEN,159712,101
STREGER,159712,101
STROISCH,159712,101
STRUZZIERI,159712,101
STRZOK,159712,101
STUMVOLL,159712,101
STUTER,159712,101
SUDELL,159712,101
SUEDBECK,159712,101
SUEHRING,159712,101
SUIHKONEN,159712,101
SULUKI,159712,101
SULZMANN,159712,101
SUREZ,159712,101
SUROVY,159712,101
SUSKEY,159712,101
SUZA,159712,101
SUZIO,159712,101
SVOLOS,159712,101
SWEILEM,159712,101
SWENKA,159712,101
SWERCZEK,159712,101
SWIENTON,159712,101
SYN,159712,101
SZCZERBINSKI,159712,101
TABOAS,159712,101
TADESE,159712,101
TAHBAZ,159712,101
TAMAR,159712,101
TAMPUBOLON,159712,101
TANELLA,159712,101
TANEV,159712,101
TANNHAUSER,159712,101
TASSOUL,159712,101
TAUSS,159712,101
TAVILLA,159712,101
TAWWATER,159712,101
TEBAULT,159712,101
TECO,159712,101
TEGART,159712,101
TEGROTENHUIS,159712,101
TEICHEIRA,159712,101
TEMPALSKI,159712,101
TERRAZZANO,159712,101
TEUT,159712,101
TEXIER,159712,101
THIELKER,159712,101
THIRUNAVUKKARAS,159712,101
THROGMARTIN,159712,101
THUNHORST,159712,101
TILLANDER,159712,101
TOBKIN,159712,101
TOCKTOO,159712,101
TOMASZEWICZ,159712,101
TORNEL,159712,101
TORRECAMPO,159712,101
TOTORA,159712,101
TREUSDELL,159712,101
TRIBELHORN,159712,101
TROSTAD,159712,101
TRUMPP,159712,101
TRUNKHILL,159712,101
TSCHANN,159712,101
TUCHEL,159712,101
TUFAGA,159712,101
TUMULURI,159712,101
TUNC,159712,101
TURCHYN,159712,101
TURER,159712,101
TURJA,159712,101
TURVAVILLE,159712,101
TZORTZIS,159712,101
UDAN,159712,101
UNCK,159712,101
URIBARRI,159712,101
VACULIN,159712,101
VAGHANI,159712,101
VAHUE,159712,101
VALCO,159712,101
VALYAN,159712,101
VANBOGART,159712,101
VANCOMPERNOLLE,159712,101
VANDERBOGART,159712,101
VANDLING,159712,101
VANDRIEST,159712,101
VANHEUVELN,159712,101
VANHOEVEN,159712,101
VANSTAALDUINEN,159712,101
VANVARK,159712,101
VANWIERINGEN,159712,101
VARGASTORRES,159712,101
VEES,159712,101
VELENCIA,159712,101
VELESQUEZ,159712,101
VENETOS,159712,101
VERDINEZ,159712,101
VERGENZ,159712,101
VESELIK,159712,101
VIERE,159712,101
VIGILANCE,159712,101
VILLOBOS,159712,101
VINCENTINI,159712,101
VINSAND,159712,101
VIRELLI,159712,101
VITARO,159712,101
VIVEKANANDAN,159712,101
VLADIMIR,159712,101
VOLLET,159712,101
VOLOSHCHUK,159712,101
VONINS,159712,101
VONKAMPEN,159712,101
VONLANKEN,159712,101
VORONA,159712,101
VOTANO,159712,101
VUCICH,159712,101
WACHHOLDER,159712,101
WADY,159712,101
WAECHTLER,159712,101
WALESCH,159712,101
WALLCE,159712,101
WALTY,159712,101
WANA,159712,101
WANING,159712,101
WARFE,159712,101
WARUSZEWSKI,159712,101
WARZEL,159712,101
WASHENBERGER,159712,101
WATERMEIER,159712,101
WEIERMAN,159712,101
WEINARD,159712,101
WENNERHOLM,159712,101
WENSTAD,159712,101
WENTZKY,159712,101
WEYCKER,159712,101
WIBBELER,159712,101
WIDES,159712,101
WIDUCH,159712,101
WIEDERSPAN,159712,101
WIENCLAW,159712,101
WILDSMITH,159712,101
WILLIMANN,159712,101
WILMERDING,159712,101
WINZ,159712,101
WIPFF,159712,101
WISDO,159712,101
WISKER,159712,101
WITTENHAGEN,159712,101
WITTMUSS,159712,101
WOELFER,159712,101
WOLFENBERGER,159712,101
WORGAN,159712,101
WORONICK,159712,101
WOUNG,159712,101
WOZENCRAFT,159712,101
WRUCKE,159712,101
WUERTZER,159712,101
WULLIGER,159712,101
WURTSBAUGH,159712,101
WYLDS,159712,101
YADLAPALLI,159712,101
YAHUACA,159712,101
YANNETTA,159712,101
YANOSIK,159712,101
YENGER,159712,101
YIRKA,159712,101
YOCAM,159712,101
YOUPEE,159712,101
YURCZYK,159712,101
ZACHMEIER,159712,101
ZAGROBA,159712,101
ZALECKI,159712,101
ZARKOS,159712,101
ZAVORSKI,159712,101
ZDUNIAK,159712,101
ZEFFREN,159712,101
ZEHRINGER,159712,101
ZEIDEL,159712,101
ZERBONIA,159712,101
ZICHTERMAN,159712,101
ZIEFF,159712,101
ZIEGLAR,159712,101
ZIEMNIAK,159712,101
ZINTZUN,159712,101
ZIONS,159712,101
ZIRIN,159712,101
ZISHKA,159712,101
ZURKO,159712,101
AARSETH,160975,100
ABARRA,160975,100
ABBARNO,160975,100
ABDALIAN,160975,100
ABDIKARIM,160975,100
ABDULHAMEED,160975,100
ABELLI,160975,100
ACOTT,160975,100
ADAMCHICK,160975,100
ADDYMAN,160975,100
ADENEKAN,160975,100
AFIFY,160975,100
AGAPOV,160975,100
AGUZZI,160975,100
AIYER,160975,100
AKTURK,160975,100
ALAGOZ,160975,100
ALAZAR,160975,100
ALBANESI,160975,100
ALBERA,160975,100
ALCIBAR,160975,100
ALESZCZYK,160975,100
ALFONE,160975,100
ALLABAND,160975,100
ALLEMON,160975,100
ALOP,160975,100
ALSAEDY,160975,100
ALSING,160975,100
ALSPURO,160975,100
ALTIERO,160975,100
ALTMARK,160975,100
ALURU,160975,100
AMARANDO,160975,100
AMID,160975,100
AMMEN,160975,100
AMSPOKER,160975,100
ANANTHANARAYANA,160975,100
ANDREOTTOLA,160975,100
ANGAIAK,160975,100
ANGELIDIS,160975,100
ANGLISS,160975,100
ANSARDI,160975,100
ANSETH,160975,100
ANTANAITIS,160975,100
APPRILL,160975,100
ARAGAKI,160975,100
ARANTE,160975,100
ARDOLF,160975,100
ARELLA,160975,100
ARGERIS,160975,100
ARIPEZ,160975,100
ARLITT,160975,100
ARNEJA,160975,100
AROP,160975,100
ARROTT,160975,100
ASCIOLLA,160975,100
ASHES,160975,100
ASINAS,160975,100
ASSAN,160975,100
ATONAL,160975,100
AUDA,160975,100
AUNSPAUGH,160975,100
AVANZINO,160975,100
AYDEMIR,160975,100
BABITZKE,160975,100
BABWAH,160975,100
BACELIS,160975,100
BADRU,160975,100
BAITZ,160975,100
BANAGAS,160975,100
BANAHENE,160975,100
BANASIEWICZ,160975,100
BARCHERS,160975,100
BARIDO,160975,100
BARKI,160975,100
BARLA,160975,100
BARRIOSLOPEZ,160975,100
BASCARA,160975,100
BASENBACK,160975,100
BECKSVOORT,160975,100
BEGNER,160975,100
BEIERMEISTER,160975,100
BEIS,160975,100
BEISCHEL,160975,100
BELENSKI,160975,100
BENAMON,160975,100
BENCKENDORF,160975,100
BENNIT,160975,100
BENNTT,160975,100
BERARDIS,160975,100
BERKHAHN,160975,100
BESCHER,160975,100
BESLOW,160975,100
BEVELHYMER,160975,100
BEVERE,160975,100
BIDELSPACH,160975,100
BILLICH,160975,100
BIZETTE,160975,100
BLACKSHERE,160975,100
BLANDER,160975,100
BLANKUMSEE,160975,100
BLASKIEWICZ,160975,100
BLOCTON,160975,100
BLUDSWORTH,160975,100
BOALDIN,160975,100
BOHNEY,160975,100
BOKUN,160975,100
BOMBARDO,160975,100
BONCE,160975,100
BORDASH,160975,100
BORGSTAHL,160975,100
BORNKAMP,160975,100
BORSI,160975,100
BOSLET,160975,100
BOUCHIER,160975,100
BRABECK,160975,100
BRACAGLIA,160975,100
BRAILE,160975,100
BRATTI,160975,100
BRESSETT,160975,100
BREYNE,160975,100
BREZEE,160975,100
BRIHM,160975,100
BROFSKY,160975,100
BROMAGE,160975,100
BROWNSWORD,160975,100
BRUENER,160975,100
BRUGOS,160975,100
BUCCHIERI,160975,100
BUGLINO,160975,100
BULAR,160975,100
BULLARA,160975,100
BUNGUM,160975,100
BURGDOFF,160975,100
BUSCHINI,160975,100
BUSCHLEN,160975,100
BUTHMAN,160975,100
BUTRYMOWICZ,160975,100
BUTTACCIO,160975,100
BYROAD,160975,100
CABALLO,160975,100
CABRITO,160975,100
CADOR,160975,100
CALASCIONE,160975,100
CALONDER,160975,100
CAMARAZA,160975,100
CAMILLONE,160975,100
CANCELMO,160975,100
CANELOS,160975,100
CANNAVALE,160975,100
CAPENTER,160975,100
CAPICOTTO,160975,100
CAPOROSSI,160975,100
CARDONICK,160975,100
CARELS,160975,100
CARPINIELLO,160975,100
CASALINUOVO,160975,100
CATHOLIC,160975,100
CAVALARI,160975,100
CAVEDA,160975,100
CAYETTE,160975,100
CELICEO,160975,100
CELORIO,160975,100
CERAN,160975,100
CHALLGREN,160975,100
CHAMPI,160975,100
CHANDANAIS,160975,100
CHAPARALA,160975,100
CHARRIERE,160975,100
CHASTAINE,160975,100
CHAVIE,160975,100
CHECKI,160975,100
CHERAMY,160975,100
CHERNEGA,160975,100
CHIDICHIMO,160975,100
CHILLOGALLO,160975,100
CHLEBUS,160975,100
CHLIPALA,160975,100
CHOQUET,160975,100
CHORRO,160975,100
CHOUBEY,160975,100
CHUDIK,160975,100
CIACCIARELLI,160975,100
CIAPPONI,160975,100
CINQUINA,160975,100
CIUMMO,160975,100
CLENDON,160975,100
CLERGET,160975,100
CLODGO,160975,100
CLOSTER,160975,100
CLUKA,160975,100
CLYBORNE,160975,100
COAHRAN,160975,100
COBBADAMS,160975,100
COCHARD,160975,100
COGNEVICH,160975,100
COLARELLI,160975,100
COLARIC,160975,100
COLEMERE,160975,100
COLLATZ,160975,100
COLMONE,160975,100
COLTHORP,160975,100
COMPOLI,160975,100
CONCORD,160975,100
CONYNGHAM,160975,100
COPPERMAN,160975,100
CORATTI,160975,100
CORBEL,160975,100
CORBISIER,160975,100
CORDEIRA,160975,100
COSART,160975,100
COTHRUM,160975,100
COUSLAND,160975,100
CRACCHIOLA,160975,100
CREZEE,160975,100
CRIPPLE,160975,100
CRISOLO,160975,100
CUATIANQUIZ,160975,100
CULCLASURE,160975,100
CUPAK,160975,100
CYRIACKS,160975,100
DADKHAH,160975,100
DAHAR,160975,100
DAHLHAUSEN,160975,100
DAKOS,160975,100
DALANGIN,160975,100
DALING,160975,100
DALLAROSA,160975,100
DALU,160975,100
DAMIANOS,160975,100
DANEHOWER,160975,100
DARDER,160975,100
DASHO,160975,100
DASRAT,160975,100
DATESMAN,160975,100
DAWAHARE,160975,100
DECHANE,160975,100
DECHURCH,160975,100
DEFENDORF,160975,100
DELATEJERA,160975,100
DELBAUGH,160975,100
DELESKY,160975,100
DELIZIO,160975,100
DELLAPOLLA,160975,100
DELLEGRAZIE,160975,100
DELLENBAUGH,160975,100
DELPHONSE,160975,100
DEMANETT,160975,100
DEMERI,160975,100
DEMESSIE,160975,100
DENDEKKER,160975,100
DENETSOSIE,160975,100
DENNERLINE,160975,100
DEPPERMAN,160975,100
DERICE,160975,100
DERIVAN,160975,100
DERO,160975,100
DESANE,160975,100
DESIERTO,160975,100
DESTENO,160975,100
DEVICTORIA,160975,100
DEVORCE,160975,100
DICENT,160975,100
DIERKSHEIDE,160975,100
DIETZMANN,160975,100
DIFILLIPPO,160975,100
DIMOVA,160975,100
DIONIZIO,160975,100
DITERLIZZI,160975,100
DITLEFSEN,160975,100
DMYTRYK,160975,100
DOBBEN,160975,100
DOBRON,160975,100
DOCHNIAK,160975,100
DOKAS,160975,100
DOLIVO,160975,100
DONESKI,160975,100
DONEV,160975,100
DONITZEN,160975,100
DONLEA,160975,100
DONNERMEYER,160975,100
DORIOTT,160975,100
DORNQUAST,160975,100
DORZWEILER,160975,100
DOTAN,160975,100
DOTSTRY,160975,100
DOUTHWAITE,160975,100
DOXON,160975,100
DRACKLEY,160975,100
DRAHN,160975,100
DRIGGARS,160975,100
DROB,160975,100
DROBAC,160975,100
DRUBE,160975,100
DUBECKY,160975,100
DUBMAN,160975,100
DUBRE,160975,100
DUBREUS,160975,100
DUCETTE,160975,100
DUCKSTEIN,160975,100
DUNCALF,160975,100
DUPATY,160975,100
DURAI,160975,100
DURAKU,160975,100
DYBVIG,160975,100
DZAMBA,160975,100
DZIOMBA,160975,100
EGGELSTON,160975,100
EGUES,160975,100
EIDINGER,160975,100
EIGENHEER,160975,100
EKUNDAYO,160975,100
ELIAV,160975,100
ELLENSOHN,160975,100
ELSBERG,160975,100
ELTRICH,160975,100
ELYARD,160975,100
EMANUS,160975,100
ERAZMUS,160975,100
ERDRICH,160975,100
ERKES,160975,100
ESTBY,160975,100
ESTREICHER,160975,100
ESWARAN,160975,100
EULE,160975,100
EURICK,160975,100
EZZELLE,160975,100
FABRIGAS,160975,100
FAFALIOS,160975,100
FAICHNEY,160975,100
FAIFER,160975,100
FALGE,160975,100
FALKOSKY,160975,100
FALTO,160975,100
FAVERS,160975,100
FEATHERINGHAM,160975,100
FED,160975,100
FELICIE,160975,100
FENECK,160975,100
FENTANES,160975,100
FERAGEN,160975,100
FERNANDEZPEREZ,160975,100
FERRAGUT,160975,100
FERRALEZ,160975,100
FERRAZZI,160975,100
FETCHIK,160975,100
FETERL,160975,100
FEYRER,160975,100
FICANO,160975,100
FICHTL,160975,100
FIEGENBAUM,160975,100
FIEREK,160975,100
FINNIMORE,160975,100
FIT,160975,100
FITAK,160975,100
FITZGERLD,160975,100
FLACHBART,160975,100
FLANDERMEYER,160975,100
FLOCCARI,160975,100
FLODING,160975,100
FLORIT,160975,100
FLUGGA,160975,100
FLUMERFELT,160975,100
FLUNO,160975,100
FOGELL,160975,100
FORGHANI,160975,100
FOTIADES,160975,100
FRANSTED,160975,100
FRANXMAN,160975,100
FREAUFF,160975,100
FREETO,160975,100
FRELING,160975,100
FRENZA,160975,100
FRIESZELL,160975,100
FROELKE,160975,100
FRONNING,160975,100
FURRIER,160975,100
FURS,160975,100
FUSTING,160975,100
GAFFOOR,160975,100
GAJEWSKY,160975,100
GAJUS,160975,100
GALOWNIA,160975,100
GANCAYCO,160975,100
GANDULLA,160975,100
GANGEWERE,160975,100
GANTAN,160975,100
GARCIAROBLES,160975,100
GARCIAVILLA,160975,100
GARET,160975,100
GARRATY,160975,100
GARSOW,160975,100
GARZILLO,160975,100
GASBARRA,160975,100
GAWLICK,160975,100
GAYHARDT,160975,100
GAYLARD,160975,100
GAZARYAN,160975,100
GEISTWEIDT,160975,100
GEISWITE,160975,100
GELLERSON,160975,100
GENESE,160975,100
GENIA,160975,100
GENISE,160975,100
GENTILLON,160975,100
GEREW,160975,100
GERMINAL,160975,100
GESSELE,160975,100
GETROST,160975,100
GETTEMEIER,160975,100
GETZEL,160975,100
GEZAHEGN,160975,100
GHAITH,160975,100
GHRAMM,160975,100
GIDDING,160975,100
GIDLUND,160975,100
GIESINGER,160975,100
GILLORY,160975,100
GIMBRONE,160975,100
GINART,160975,100
GISSER,160975,100
GLADHART,160975,100
GLEIT,160975,100
GLENNING,160975,100
GOBROGGE,160975,100
GOHSMAN,160975,100
GOLANT,160975,100
GOMEZAGUILAR,160975,100
GOODGINE,160975,100
GORASH,160975,100
GORREPATI,160975,100
GOSCICKI,160975,100
GOTTSMAN,160975,100
GOVITZ,160975,100
GOZE,160975,100
GRANDAHL,160975,100
GRANDONE,160975,100
GRAYHAM,160975,100
GRAZIAN,160975,100
GREDELL,160975,100
GREGGO,160975,100
GRESKI,160975,100
GRETHEN,160975,100
GRIGORAS,160975,100
GRIGORENKO,160975,100
GRILES,160975,100
GRIMMINGER,160975,100
GRISCO,160975,100
GRISI,160975,100
GRUBOR,160975,100
GUANA,160975,100
GUARALDI,160975,100
GUDAHL,160975,100
GUDMESTAD,160975,100
GUELLA,160975,100
GUILLEBEAUX,160975,100
GUMPER,160975,100
GUMPHER,160975,100
GUZENSKI,160975,100
GWINUP,160975,100
GYLLENSKOG,160975,100
HAASZ,160975,100
HALENCAK,160975,100
HANAGRIFF,160975,100
HANDELONG,160975,100
HANDSEL,160975,100
HANKAMMER,160975,100
HANSCHU,160975,100
HAP,160975,100
HARHAY,160975,100
HARNEDY,160975,100
HASENZAHL,160975,100
HASHAW,160975,100
HASKAN,160975,100
HASSIM,160975,100
HATAM,160975,100
HATATHLIE,160975,100
HATZENBELLER,160975,100
HAUSHERR,160975,100
HAYDA,160975,100
HEALON,160975,100
HEDAYA,160975,100
HEDUM,160975,100
HEHNLY,160975,100
HEIDTBRINK,160975,100
HEILIGENTHAL,160975,100
HEIZELMAN,160975,100
HELDMANN,160975,100
HELLENBERG,160975,100
HENDRIEX,160975,100
HENING,160975,100
HENRIS,160975,100
HEPPLE,160975,100
HERDING,160975,100
HERNANDEZSILVA,160975,100
HERNS,160975,100
HESTOR,160975,100
HICHENS,160975,100
HIGDEM,160975,100
HILLISON,160975,100
HILVERDING,160975,100
HIMENES,160975,100
HINJOSA,160975,100
HINSEN,160975,100
HIPSMAN,160975,100
HIYAMA,160975,100
HNATOW,160975,100
HOBOCK,160975,100
HOCOTT,160975,100
HODGETT,160975,100
HOEFKER,160975,100
HOENIGMAN,160975,100
HOFSCHNEIDER,160975,100
HOFSESS,160975,100
HOHREIN,160975,100
HOIG,160975,100
HOISTAD,160975,100
HOLLBACK,160975,100
HOMBS,160975,100
HORSEFIELD,160975,100
HORTSCH,160975,100
HOVAGIMIAN,160975,100
HRADSKY,160975,100
HUBRIG,160975,100
HUDIBURGH,160975,100
HUERTAMARTINEZ,160975,100
HUFFSTUTTLER,160975,100
HULLS,160975,100
HUMANA,160975,100
HUMENANSKY,160975,100
HURDT,160975,100
HYSJULIEN,160975,100
ICEDO,160975,100
IDELFONSO,160975,100
IEONG,160975,100
IHNS,160975,100
ILLAN,160975,100
IMAMOTO,160975,100
IMBRIGLIO,160975,100
IONADI,160975,100
ISARD,160975,100
ISUNZA,160975,100
ITOKAZU,160975,100
IVANHOE,160975,100
IZNAGA,160975,100
IZYK,160975,100
JACKLING,160975,100
JAFFAL,160975,100
JAGNARINE,160975,100
JAR,160975,100
JAVAUX,160975,100
JAVERNICK,160975,100
JECKELL,160975,100
JENES,160975,100
JENTRY,160975,100
JERAS,160975,100
JERI,160975,100
JERICH,160975,100
JESTUS,160975,100
JOBLIN,160975,100
JOHNMEYER,160975,100
JOLLIMORE,160975,100
JONEN,160975,100
JONGUITUD,160975,100
JUCHEM,160975,100
KAHRL,160975,100
KAJFASZ,160975,100
KAMPENGA,160975,100
KAMPLING,160975,100
KAPELLEN,160975,100
KAPENGA,160975,100
KAPRON,160975,100
KARHAN,160975,100
KARLHEIM,160975,100
KARMEN,160975,100
KASPRAK,160975,100
KASTIN,160975,100
KATJE,160975,100
KATSOS,160975,100
KATZMARK,160975,100
KEERY,160975,100
KEHLEY,160975,100
KEHRIG,160975,100
KEISNER,160975,100
KEIZUR,160975,100
KELLEBREW,160975,100
KEMPERT,160975,100
KENTALA,160975,100
KEPAA,160975,100
KEREZSI,160975,100
KERZIC,160975,100
KHABRA,160975,100
KHATCHERIAN,160975,100
KHATRA,160975,100
KIECHLE,160975,100
KILGROW,160975,100
KINGREN,160975,100
KIYONO,160975,100
KLABENES,160975,100
KLEINHAUS,160975,100
KLEMCZAK,160975,100
KLEMESRUD,160975,100
KLINKMAN,160975,100
KLOUS,160975,100
KNAKMUHS,160975,100
KNESER,160975,100
KOHANTEB,160975,100
KOHLHOFER,160975,100
KOLODNER,160975,100
KOLODZIE,160975,100
KOLSCH,160975,100
KONIETZKO,160975,100
KORMENDY,160975,100
KOROSI,160975,100
KOROTKOV,160975,100
KORSLIN,160975,100
KOSEKI,160975,100
KOSIEROWSKI,160975,100
KOTIAN,160975,100
KOTTMEYER,160975,100
KREISLE,160975,100
KRENTZMAN,160975,100
KRICHMAR,160975,100
KRONBACH,160975,100
KRONISH,160975,100
KRUGLOV,160975,100
KUCABA,160975,100
KUCKS,160975,100
KUCZAJ,160975,100
KUERZI,160975,100
KURELLA,160975,100
KURIC,160975,100
KURLEY,160975,100
KUROSE,160975,100
KUSTERMANN,160975,100
KUSTKA,160975,100
KUZA,160975,100
KUZMINSKY,160975,100
KUZO,160975,100
KWATERSKI,160975,100
KWO,160975,100
LABELLO,160975,100
LABIOSA,160975,100
LABUA,160975,100
LACUNZA,160975,100
LAFERRERA,160975,100
LAGUERRA,160975,100
LAHDE,160975,100
LAKIES,160975,100
LALUMONDIER,160975,100
LAMBART,160975,100
LAMIELLE,160975,100
LAMOT,160975,100
LAMPREA,160975,100
LANGOSCH,160975,100
LANQUIST,160975,100
LANSBERG,160975,100
LANZETTI,160975,100
LARNARD,160975,100
LATCHA,160975,100
LATHRAM,160975,100
LAUDIE,160975,100
LAVANCHY,160975,100
LAZAROWITZ,160975,100
LAZCON,160975,100
LEBERKNIGHT,160975,100
LEENHEER,160975,100
LEFEW,160975,100
LEHOSIT,160975,100
LEMANN,160975,100
LEMONIS,160975,100
LENEGHAN,160975,100
LEPKA,160975,100
LESSE,160975,100
LETTENEY,160975,100
LETTERS,160975,100
LEYTHAM,160975,100
LHOTSKY,160975,100
LIDIE,160975,100
LIENKE,160975,100
LIETCH,160975,100
LILLE,160975,100
LIPPIELLO,160975,100
LLAMA,160975,100
LLEDO,160975,100
LODHIA,160975,100
LONGSTREATH,160975,100
LORIGA,160975,100
LOTHSCHUTZ,160975,100
LOUISELL,160975,100
LOUKIDES,160975,100
LOUR,160975,100
LOVRIN,160975,100
LOWTHORP,160975,100
LUESCHER,160975,100
LUETTGEN,160975,100
LUNSMANN,160975,100
LUSIS,160975,100
LWANGA,160975,100
LYDDY,160975,100
LYNGHOLM,160975,100
MABUNGA,160975,100
MACAGBA,160975,100
MACHERAS,160975,100
MACLARY,160975,100
MACMILLIN,160975,100
MADREY,160975,100
MADRIS,160975,100
MADVIG,160975,100
MAGELITZ,160975,100
MAHLAN,160975,100
MAIANI,160975,100
MAKAS,160975,100
MALANDER,160975,100
MALENDEZ,160975,100
MALIXI,160975,100
MALKOFF,160975,100
MALLIEN,160975,100
MALLOS,160975,100
MALOLES,160975,100
MALUF,160975,100
MALYSHEV,160975,100
MANHA,160975,100
MANUCCI,160975,100
MARABITO,160975,100
MARDI,160975,100
MARESCHAL,160975,100
MARIMAN,160975,100
MARITA,160975,100
MARJAMA,160975,100
MARTINAGE,160975,100
MARUDAS,160975,100
MARUF,160975,100
MARVA,160975,100
MASCAGNI,160975,100
MASDON,160975,100
MASTAW,160975,100
MATTHESEN,160975,100
MATTIUCCI,160975,100
MATTIUZ,160975,100
MAVRIDES,160975,100
MAZAIKA,160975,100
MAZEWSKI,160975,100
MCCALLOPS,160975,100
MCCLASKIE,160975,100
MCFOY,160975,100
MCGAUVRAN,160975,100
MCHELLON,160975,100
MCILHANY,160975,100
MCMYNE,160975,100
MCORMICK,160975,100
MCSPIRIT,160975,100
MCTEIGUE,160975,100
MECZYWOR,160975,100
MEDINAGOMEZ,160975,100
MELGREN,160975,100
MENHORN,160975,100
MENICHETTI,160975,100
MENICHINO,160975,100
MERALES,160975,100
MERCEREAU,160975,100
MERIMEE,160975,100
MERNIN,160975,100
MERSFELDER,160975,100
MESKAN,160975,100
MESLEY,160975,100
MEZZELL,160975,100
MICKELBERG,160975,100
MICOLTA,160975,100
MIDDLESWARTH,160975,100
MIGOYA,160975,100
MIHALOW,160975,100
MIHAS,160975,100
MIKULAN,160975,100
MIKULSKIS,160975,100
MINCHEFF,160975,100
MINNERATH,160975,100
MIQUELON,160975,100
MISAL,160975,100
MISHCHUK,160975,100
MITTLESTEADT,160975,100
MOKU,160975,100
MOLENHOUSE,160975,100
MOMCILOVIC,160975,100
MONGUIA,160975,100
MONTEFERRANTE,160975,100
MONTEREY,160975,100
MORAMARTINEZ,160975,100
MORBECK,160975,100
MORLEDGE,160975,100
MOROVICH,160975,100
MOSHEYEV,160975,100
MOSHINSKY,160975,100
MOSON,160975,100
MOTCH,160975,100
MOXCEY,160975,100
MUCKELVANEY,160975,100
MUENICH,160975,100
MULALLY,160975,100
MULLICA,160975,100
MUSTONE,160975,100
MUTTY,160975,100
MUZIC,160975,100
NAESE,160975,100
NAIDL,160975,100
NAJMABADI,160975,100
NANTELL,160975,100
NARAD,160975,100
NATTIEL,160975,100
NAZI,160975,100
NEDELKA,160975,100
NEIWERT,160975,100
NEKOBA,160975,100
NEWBOLDS,160975,100
NIEDERGESES,160975,100
NIERLING,160975,100
NIETHE,160975,100
NIPE,160975,100
NOI,160975,100
NORBACK,160975,100
NOTHUM,160975,100
NOZICKA,160975,100
NYBURG,160975,100
NYBY,160975,100
OAKE,160975,100
OBERC,160975,100
OBLON,160975,100
OCCHIALINI,160975,100
ODICHO,160975,100
ODROBINA,160975,100
OETJENS,160975,100
OGBODO,160975,100
OGNO,160975,100
OGUNNAIKE,160975,100
OHRBERG,160975,100
OLAS,160975,100
OLAYAN,160975,100
OLDNER,160975,100
OLEVSKY,160975,100
OLLENBURGER,160975,100
OMILIAN,160975,100
OMOT,160975,100
ONCAY,160975,100
ONIFADE,160975,100
ONIMUS,160975,100
ORTEGEL,160975,100
ORTIZSOTO,160975,100
ORZELL,160975,100
OSAGE,160975,100
OSAGHAE,160975,100
OSISEK,160975,100
OWSINSKI,160975,100
OZELLA,160975,100
OZERI,160975,100
PAALMAN,160975,100
PACHICO,160975,100
PACQUETTE,160975,100
PADAMA,160975,100
PAGANA,160975,100
PAGNANELLI,160975,100
PAIANO,160975,100
PAINTSIL,160975,100
PALLY,160975,100
PANCHAK,160975,100
PANGONIS,160975,100
PAPIKYAN,160975,100
PARAKH,160975,100
PARRIGON,160975,100
PASHEA,160975,100
PASSINAULT,160975,100
PAVLAKOVICH,160975,100
PAVLETIC,160975,100
PAVLOVEC,160975,100
PAZUR,160975,100
PEERBOOM,160975,100
PEGANY,160975,100
PEGORARO,160975,100
PEKIN,160975,100
PELMAN,160975,100
PEMELTON,160975,100
PENEKU,160975,100
PERRECA,160975,100
PERSA,160975,100
PERSHAD,160975,100
PERZINSKI,160975,100
PESANO,160975,100
PETETT,160975,100
PETRUNICH,160975,100
PETTIETTE,160975,100
PEZLEY,160975,100
PFLEGING,160975,100
PHAGURA,160975,100
PHRASAVATH,160975,100
PIHLSTROM,160975,100
PINCHES,160975,100
PINTLER,160975,100
PITLER,160975,100
PIZZULLI,160975,100
PLASKI,160975,100
PLOENSE,160975,100
PLUTZ,160975,100
PODOBNIK,160975,100
POLIFRONI,160975,100
POLINDER,160975,100
POLNER,160975,100
PONTORNO,160975,100
POSTEK,160975,100
POUL,160975,100
POULIOS,160975,100
POWALSKI,160975,100
POWDRELL,160975,100
PROTICH,160975,100
PSENICKA,160975,100
PUSTER,160975,100
QASSEM,160975,100
QOSAJ,160975,100
QUIET,160975,100
QUINTIERI,160975,100
RABINEAU,160975,100
RABOT,160975,100
RACHALL,160975,100
RADIO,160975,100
RAGGETT,160975,100
RAGSDILL,160975,100
RAMMACHER,160975,100
RAMSAWAK,160975,100
RANFORD,160975,100
RAPHAELSON,160975,100
RAPPO,160975,100
RASCHKO,160975,100
RASSAS,160975,100
RASZKA,160975,100
RAUSCHENDORFER,160975,100
RAZZO,160975,100
REALBIRD,160975,100
REAT,160975,100
RECHENBERG,160975,100
REGENBOGEN,160975,100
REGLI,160975,100
REITZES,160975,100
RENDERMAN,160975,100
RENGGLI,160975,100
RESPER,160975,100
REYESJIMENEZ,160975,100
REYESSANTOS,160975,100
RICHMER,160975,100
RICOTTONE,160975,100
RIGGIE,160975,100
RINGELSTEIN,160975,100
ROCKOWER,160975,100
ROCOURT,160975,100
ROCZNIAK,160975,100
RODAKOWSKI,160975,100
ROHLETTER,160975,100
RORABACHER,160975,100
ROSHA,160975,100
ROSTOMYAN,160975,100
ROZEVELD,160975,100
RUETSCH,160975,100
RUGGER,160975,100
RUSI,160975,100
RYPEL,160975,100
RZESZOTARSKI,160975,100
SAADY,160975,100
SABAR,160975,100
SACHAN,160975,100
SADJADI,160975,100
SAENA,160975,100
SAFEWRIGHT,160975,100
SAFFIE,160975,100
SALINASGARCIA,160975,100
SALOTTO,160975,100
SAMPICA,160975,100
SANECKI,160975,100
SANGI,160975,100
SANGREE,160975,100
SANOJA,160975,100
SANTIANA,160975,100
SAUVAGEOT,160975,100
SAVOURY,160975,100
SCARIMBOLO,160975,100
SCHAID,160975,100
SCHARMAN,160975,100
SCHEBEN,160975,100
SCHEIBLY,160975,100
SCHELLACK,160975,100
SCHEPPELE,160975,100
SCHERBERT,160975,100
SCHIERNBECK,160975,100
SCHIMA,160975,100
SCHLEHLEIN,160975,100
SCHLUMBRECHT,160975,100
SCHMOHL,160975,100
SCHNETTER,160975,100
SCHOBINGER,160975,100
SCHOELLMAN,160975,100
SCHOLLY,160975,100
SCHONSCHECK,160975,100
SCHUER,160975,100
SCHUTZA,160975,100
SCHWAMBACH,160975,100
SCHWICKRATH,160975,100
SEAVOLT,160975,100
SECHRIEST,160975,100
SEDIK,160975,100
SELICK,160975,100
SENNING,160975,100
SERRANOGARCIA,160975,100
SERRATELLI,160975,100
SEWEL,160975,100
SHAFMAN,160975,100
SHAINLINE,160975,100
SHAL,160975,100
SHARPEE,160975,100
SHEEKEY,160975,100
SHELLOW,160975,100
SHIRANI,160975,100
SHOLTS,160975,100
SHORTWAY,160975,100
SHULDBERG,160975,100
SHUMAC,160975,100
SHUTAK,160975,100
SIBBET,160975,100
SIEROCKI,160975,100
SIERSMA,160975,100
SINAK,160975,100
SIPPERLY,160975,100
SIRLOUIS,160975,100
SIROVATKA,160975,100
SIRUNO,160975,100
SITTINGER,160975,100
SKALBECK,160975,100
SKALETSKI,160975,100
SKEATE,160975,100
SKEDEL,160975,100
SKRABUT,160975,100
SKURNICK,160975,100
SKWIAT,160975,100
SLAKEY,160975,100
SLUTSKAYA,160975,100
SMAYDA,160975,100
SMOLARSKI,160975,100
SMRT,160975,100
SNEARL,160975,100
SOLLI,160975,100
SOLONE,160975,100
SOLVIE,160975,100
SONO,160975,100
SOPRYCH,160975,100
SORM,160975,100
SOUKI,160975,100
SOULEN,160975,100
SOVINSKY,160975,100
SPAGNOL,160975,100
SPALE,160975,100
SPEDOSKE,160975,100
SPERING,160975,100
SPINELL,160975,100
SPINNEWEBER,160975,100
SPROFERA,160975,100
STAEGE,160975,100
STANCH,160975,100
STANGROOM,160975,100
STAPLEMAN,160975,100
STARKSON,160975,100
STARTS,160975,100
STATTEL,160975,100
STAWARSKI,160975,100
STEFANAK,160975,100
STEFANOSKI,160975,100
STEINHARTER,160975,100
STENGELE,160975,100
STERGER,160975,100
STEUP,160975,100
STEVERMAN,160975,100
STIERNAGLE,160975,100
STILLMUNKES,160975,100
STILLWAGONER,160975,100
STILO,160975,100
STOLLY,160975,100
STOPPELMAN,160975,100
STORC,160975,100
STRELKA,160975,100
STRIEGLER,160975,100
STRILER,160975,100
STROO,160975,100
STRUECKER,160975,100
STRULOVITCH,160975,100
STUCKO,160975,100
SUBEDAR,160975,100
SUCILLA,160975,100
SUCO,160975,100
SUDEN,160975,100
SUMMERBELL,160975,100
SUNKETT,160975,100
SUNZERI,160975,100
SUPALLA,160975,100
SVAB,160975,100
SWIAT,160975,100
SWIATOWY,160975,100
SYENS,160975,100
SYMMANK,160975,100
SYMMONS,160975,100
TAHHAN,160975,100
TAINO,160975,100
TAKEYAMA,160975,100
TALAMONTI,160975,100
TALANCA,160975,100
TALKER,160975,100
TANEYHILL,160975,100
TANICO,160975,100
TAPIERO,160975,100
TAPKE,160975,100
TARANGELO,160975,100
TARKET,160975,100
TARTAL,160975,100
TAUALA,160975,100
TAUGNER,160975,100
TAUTEOLI,160975,100
TEETZEN,160975,100
TEMMING,160975,100
TEMPRANO,160975,100
TEPLITZKY,160975,100
THAUNG,160975,100
THEER,160975,100
THLUAI,160975,100
THORFINNSON,160975,100
THRONDSEN,160975,100
THUONG,160975,100
TILLICH,160975,100
TIMBER,160975,100
TOKA,160975,100
TOMAI,160975,100
TOMINES,160975,100
TOMIYAMA,160975,100
TOMLANOVICH,160975,100
TOMMASONE,160975,100
TORKOS,160975,100
TORRINGTON,160975,100
TORSNEY,160975,100
TOURNOUX,160975,100
TRABANT,160975,100
TRAINQUE,160975,100
TRAVELBEE,160975,100
TREYES,160975,100
TRIASSI,160975,100
TRINCADO,160975,100
TROLAN,160975,100
TSUN,160975,100
TUCHEZ,160975,100
TUENGEL,160975,100
TUFFIN,160975,100
TUFFLEY,160975,100
TUNK,160975,100
TURPEAU,160975,100
TUYA,160975,100
TYKWINSKI,160975,100
UDULUTCH,160975,100
UMAGAT,160975,100
UPPENCAMP,160975,100
UPWARD,160975,100
URDANG,160975,100
URSETTA,160975,100
USORO,160975,100
UTE,160975,100
VAKOS,160975,100
VALAVANIS,160975,100
VALDISERRI,160975,100
VALEZQUEZ,160975,100
VALUS,160975,100
VALUSEK,160975,100
VANALLMAN,160975,100
VANATER,160975,100
VANCURLER,160975,100
VANGLAHN,160975,100
VANIDESTINE,160975,100
VANNOZZI,160975,100
VARCADIPANE,160975,100
VARGOS,160975,100
VASILEVA,160975,100
VASILJ,160975,100
VEIS,160975,100
VERNAU,160975,100
VERSEN,160975,100
VERVERIS,160975,100
VIDER,160975,100
VIEHE,160975,100
VIGLIANCO,160975,100
VIKER,160975,100
VILLASANTE,160975,100
VIZCONDE,160975,100
VOGELZANG,160975,100
VOLCKO,160975,100
VONARB,160975,100
VONGPANYA,160975,100
VONGSAMPHANH,160975,100
VONGSAY,160975,100
VONSPRECKELSEN,160975,100
VOTTELER,160975,100
VOZENILEK,160975,100
VOZZOLO,160975,100
VRUNO,160975,100
WABAUNSEE,160975,100
WACHI,160975,100
WAFORD,160975,100
WANNARKA,160975,100
WATERCOTT,160975,100
WEARREN,160975,100
WEIDENBAUM,160975,100
WEISENFELS,160975,100
WEISENFLUH,160975,100
WELLENSIEK,160975,100
WERVE,160975,100
WESOLY,160975,100
WEYHER,160975,100
WHIELDON,160975,100
WHITESHIRT,160975,100
WICKERD,160975,100
WIEDENHOFT,160975,100
WIELECHOWSKI,160975,100
WIGGLETON,160975,100
WILCHECK,160975,100
WILDERNESS,160975,100
WILIS,160975,100
WILTSEE,160975,100
WINATA,160975,100
WINDAHL,160975,100
WINNINGTON,160975,100
WIOSKOWSKI,160975,100
WIRIG,160975,100
WIRSCH,160975,100
WISZNIEWSKI,160975,100
WIWI,160975,100
WODOWSKI,160975,100
WOHLLEB,160975,100
WOLEN,160975,100
WOOLEDGE,160975,100
WORSENCROFT,160975,100
WRENFROW,160975,100
WUDEL,160975,100
YACOBOZZI,160975,100
YADGAROV,160975,100
YAHAYA,160975,100
YAMAJI,160975,100
YANSICK,160975,100
YARDY,160975,100
YARMOLYUK,160975,100
YATTEAU,160975,100
YAWMAN,160975,100
YEDNOCK,160975,100
YENAWINE,160975,100
YESS,160975,100
YIZAR,160975,100
YUMA,160975,100
ZABINSKY,160975,100
ZACCAGNI,160975,100
ZAHURANEC,160975,100
ZAKHARCHUK,160975,100
ZAMBARDINO,160975,100
ZAMPANO,160975,100
ZAPON,160975,100
ZARD,160975,100
ZEHER,160975,100
ZELLI,160975,100
ZETZER,160975,100
ZIEM,160975,100
ZIFKO,160975,100
ZIKAS,160975,100
ZILLMANN,160975,100
ZIMMARO,160975,100
ZITZKA,160975,100
ZITZLOFF,160975,100
ZIYADEH,160975,100
ZOMAYA,160975,100
ZORB,160975,100
ZUBY,160975,100
ZUNEGA,160975,100
ZUROSKI,160975,100
ZWEIBEL,160975,100
