word,source,phonemes
aaliyah,cmudict,AA2 L IY1 AA2
aaron,cmudict,EH1 R AH0 N
aaron,wikipron,æ ɹ ə n
ababa,cmudict,AH0 B AA1 B AH0
abangan,wikipron,ə b æ ŋ ɡ ə n
abb,wikipron,æ b
abbe,cmudict,AE1 B IY0
abbe,wikipron,æ b e ɪ
abbey,cmudict,AE1 B IY0
abbey,wikipron,æ b i
abbie,cmudict,AE1 B IY0
abbott,cmudict,AE1 B AH0 T
abbott,wikipron,æ b ə t
abby,cmudict,AE1 B IY0
abby,wikipron,æ b i
abdul,cmudict,AE0 B D UW1 L
abdul,wikipron,æ b d ʊ l
abdullah,cmudict,AE2 B D AH1 L AH0
abdullah,wikipron,ɑ b d ʊ l ɑ
abe,cmudict,EY1 B
abe,wikipron,e ɪ b
abel,cmudict,EY1 B AH0 L
abel,wikipron,e ɪ b l̩
abide,cmudict,AH0 B AY1 D
abide,wikipron,ə b a ɪ d
abigail,cmudict,AE1 B AH0 G EY2 L
abigail,wikipron,æ b ə ɡ e ɪ l
able,cmudict,EY1 B AH0 L
able,wikipron,e ɪ b l̩
abner,cmudict,AE1 B N ER0
abner,wikipron,æ b n ɚ
abnet,wikipron,æ b n ə t
abogado,wikipron,æ b ə ɡ ɑ d o ʊ
abra,cmudict,AA1 B R AH0
abra,wikipron,æ b ɹ ə
abraham,cmudict,EY1 B R AH0 HH AE2 M
abraham,wikipron,e ɪ b ɹ ə h æ m
abram,cmudict,AH0 B R AE1 M
abram,wikipron,e ɪ b ɹ ə m
abrams,cmudict,EY1 B R AH0 M Z
abrams,wikipron,e ɪ b ɹ ə m z
abril,cmudict,AH0 B R IH1 L
abut,cmudict,AH0 B AH1 T
abut,wikipron,ə b ʌ t
acacia,cmudict,AH0 K EY1 SH AH0
acacia,wikipron,ə k e ɪ s j ə
ace,cmudict,EY1 S
ace,wikipron,e ɪ s
acevedo,cmudict,AE0 S AH0 V EY1 D OW0
acevedo,wikipron,æ s ɪ v e ɪ d ə ʊ
achebe,cmudict,AA0 CH EY1 B IY0
ack,cmudict,AE1 K
ack,wikipron,æ k
ackerman,cmudict,AE1 K ER0 M AH0 N
acks,wikipron,æ k s
acosta,cmudict,AH0 K AO1 S T AH0
acott,cmudict,EY1 K AO0 T
active,cmudict,AE1 K T IH0 V
active,wikipron,æ k t ɪ v
ada,cmudict,EY1 D AH0
ada,wikipron,e ɪ d ə
adair,cmudict,AH0 D EH1 R
adam,cmudict,AE1 D AH0 M
adam,wikipron,æ d ə m
adams,cmudict,AE1 D AH0 M Z
adams,wikipron,æ d ə m z
adan,cmudict,EY1 D AH0 N
addie,cmudict,AE1 D IY0
addison,cmudict,AE1 D AH0 S AH0 N
addison,wikipron,æ d ɪ s ə n
adel,cmudict,AH0 D EH1 L
adela,cmudict,AH0 D EH1 L AH0
adela,wikipron,æ d ə l ə
adelaide,cmudict,AE1 D AH0 L EY2 D
adelaide,wikipron,æ d ə l e ɪ d
adelbert,cmudict,AH0 D EH1 L B ER0 T
adele,cmudict,AH0 D EH1 L
adele,wikipron,ə d ɛ l
adeline,cmudict,AE1 D AH0 L AY2 N
adeline,wikipron,æ d ə l a ɪ n
adell,cmudict,AH0 D EH1 L
adelle,cmudict,AH0 D EH1 L
aden,cmudict,EY1 D AH0 N
aden,wikipron,e ɪ d ə n
adena,cmudict,AE1 D IH0 N AH0
adia,cmudict,AA1 D IY0 AH0
adin,cmudict,AH0 D IH1 N
adina,cmudict,AA0 D IY1 N AH0
adkins,cmudict,AE1 D K IH0 N Z
adkins,wikipron,æ d k ɪ n z
adlong,cmudict,AE1 D L AO0 NG
adnan,cmudict,AE1 D N AH0 N
adolf,cmudict,EY1 D AA0 L F
adolfo,cmudict,AH0 D AA1 L F OW2
adolph,cmudict,EY1 D AO0 L F
adolph,wikipron,e ɪ d ɔ l f
adolphus,cmudict,AH0 D AO1 L F AH0 S
adonis,cmudict,AH0 D AA1 N AH0 S
adonis,wikipron,ə d o ʊ n ɪ s
adora,cmudict,AA0 D AO1 R AH0
adrea,cmudict,AA1 D R IY0 AH0
adria,cmudict,AA1 D R IY0 AH0
adrian,cmudict,EY1 D R IY0 AH0 N
adriana,cmudict,EY2 D R IY0 AE1 N AH0
adriano,cmudict,AA0 D R IY0 AA1 N OW0
adriel,cmudict,AH0 D R IY1 L
adrienne,cmudict,AA0 D R IY0 EH1 N
adrienne,wikipron,e ɪ d ɹ i ɛ n
aerial,cmudict,EH1 R IY0 AH0 L
aerial,wikipron,e ɹ i ə l
afanasyev,cmudict,AE2 F AH0 N EY1 S IY0 EH0 V
afghani,cmudict,AE0 F G AA1 N IY0
afghani,wikipron,æ f ɡ ɑː n i
africa,cmudict,AE1 F R AH0 K AA0
africa,wikipron,æ f ɹ ɪ k ə
afton,wikipron,æ f t ə n
ag,cmudict,AE1 G
ag,wikipron,e ɪ̯ ɡ
agatha,cmudict,AE1 G AH0 TH AH0
agatha,wikipron,æ ɡ ə θ ə
ages,cmudict,EY1 JH AH0 Z
ages,wikipron,e ɪ d͡ʒ ɪ z
aggie,cmudict,AE1 G IY0
aggie,wikipron,æ ɡ i
agnes,cmudict,AE1 G N IH0 S
agnes,wikipron,æ ɡ n ɪ s
agostino,cmudict,AA0 G AO0 S T IY1 N OW0
agri,cmudict,AE1 G R IY0
aguilar,cmudict,AE1 G AH0 L AA0 R
aguilera,cmudict,AA0 G W IY0 L EH1 R AH0
aguilera,wikipron,æ ɡ ɪ l ɛ ə ɹ ə
aguirre,cmudict,AA0 G W IH1 R EY0
agustin,cmudict,AH0 G AO1 S T IH0 N
aharon,cmudict,AE1 HH ER0 AA0 N
ahmad,cmudict,AA1 M AA0 D
ahmad,wikipron,ɑː m æ d
ahmed,cmudict,AA1 M AH0 D
ahmed,wikipron,ɑː m ɛ d
ahren,cmudict,AA1 R AH0 N
aid,cmudict,EY1 D
aida,cmudict,AY0 IY1 D AH0
aidan,cmudict,EY1 D AA0 N
aidan,wikipron,e ɪ d ə n
aide,cmudict,EY1 D
aiden,cmudict,EY2 D EH1 N
aiesha,cmudict,AY1 SH AH0
aileen,cmudict,AY0 L IY1 N
ailene,cmudict,AY0 L IY1 N
aime,cmudict,EY1 M
aimee,cmudict,EY1 M IY1
aimee,wikipron,e ɪ m i
ainsley,cmudict,EY1 N S L IY0
ainsley,wikipron,e ɪ n z l i
airy,cmudict,EH1 R IY0
airy,wikipron,ɛ ɚ i
aisha,cmudict,AY1 SH AH0
aisha,wikipron,a ɪ iː ʃ ə
aislinn,cmudict,EY1 S L IH0 N
aitkin,wikipron,e ɪ k ɪ n
aja,cmudict,AY1 AH0
ajay,cmudict,EH1 JH EY0
ajo,wikipron,ɑː h o ʊ
akan,wikipron,æ k æ n
akao,cmudict,AH0 K EY1 OW0
akashi,cmudict,AH0 K AA1 SH IY0
akbar,cmudict,AE1 K B ER0
akers,cmudict,EY1 K ER0 Z
akers,wikipron,e ɪ k ɚ z
akiko,cmudict,AH0 K IY1 K OW0
akira,cmudict,AH0 K IY1 R AH0
akiva,cmudict,AH0 K IY1 V AH0
akkad,wikipron,æ k æ d
al,cmudict,AE1 L
al,wikipron,æ l
alabaster,cmudict,AE1 L AH0 B AE2 S T ER0
alabaster,wikipron,æ l ə b æ s t ɚ
alain,cmudict,AH0 L EY1 N
alaine,cmudict,AH0 L EY1 N
alan,cmudict,AE1 L AH0 N
alan,wikipron,æ l ə n
alana,cmudict,AA0 L AE1 N AH0
alane,cmudict,AH0 L EY1 N
alane,wikipron,æ l a ɪ n
alanna,cmudict,AA0 L AA1 N AH0
alarcon,cmudict,AH0 L AA1 R K AA2 N
alaric,cmudict,AE1 L ER0 IH0 K
alastair,cmudict,AE1 L AH0 S T EH2 R
alastair,wikipron,æ l ə s t ɚ
alayne,cmudict,AH0 L EY1 N
alb,wikipron,æ l b
alba,cmudict,AE1 L B AH0
alba,wikipron,æ l b ə
albert,cmudict,AE1 L B ER0 T
albert,wikipron,æ l b ɚ t
alberta,cmudict,AE0 L B ER1 T AH0
albertina,cmudict,AA0 L B ER0 T IY1 N AH0
albertine,cmudict,AE1 L B ER0 T IY2 N
alberto,cmudict,AE0 L B ER1 T OW0
albin,cmudict,AE1 L B IH0 N
albina,cmudict,AA0 L B IY1 N AH0
albino,cmudict,AE0 L B AY1 N OW2
albino,wikipron,æ l b a ɪ n o ʊ
albion,cmudict,AE1 L B IY0 AH0 N
albion,wikipron,æ l b i ə n
albright,cmudict,AO1 L B R AY2 T
alda,cmudict,AA1 L D AH0
alden,cmudict,AA1 L D AH0 N
aldin,cmudict,AA0 L D IY1 N
aldo,cmudict,AA1 L D OW0
aldric,cmudict,AE1 L D R IH0 K
aldridge,cmudict,AO1 L D R IH0 JH
alec,cmudict,AE1 L IH0 K
alec,wikipron,æ l ɪ k
aleda,cmudict,AA0 L EY1 D AH0
aleen,cmudict,AH0 L IY1 N
alejandro,cmudict,AA0 L EY0 Y AA1 N D R OW0
alejandro,wikipron,æ l ə h ɑ n d ɹ o ʊ
alejo,cmudict,AA0 L EY1 Y OW0
alejo,wikipron,æ l ɛ x o ʊ
aleksander,cmudict,AE2 L AH0 K S AE1 N D ER0
aleman,cmudict,EY1 L M AH0 N
alena,cmudict,AA0 L EY1 N AH0
alene,cmudict,AH0 L IY1 N
alert,cmudict,AH0 L ER1 T
alert,wikipron,ə l ɝ t
alessandra,cmudict,AE2 L EH0 S AE1 N D R AA0
alessandro,cmudict,AA0 L EY0 Z AA1 N D R OW0
aleta,cmudict,AA0 L EH1 T AH0
aletha,cmudict,AH0 L IY1 TH AH0
alethea,cmudict,AE2 L AH0 TH IY1 AH0
alethea,wikipron,æ l ə θ iː ə
alex,cmudict,AE1 L AH0 K S
alex,wikipron,æ l ɪ k s
alexa,cmudict,AH0 L EH1 K S AH0
alexander,cmudict,AE2 L AH0 G Z AE1 N D ER0
alexander,wikipron,æ l ɪ ɡ z æ n d ɚ
alexandra,cmudict,AE2 L EH0 G Z AE1 N D R AH0
alexandra,wikipron,æ l ɪ ɡ z æ n d ɹ ə
alexandre,cmudict,AE0 L IH0 K S AA1 N D ER0
alexandria,cmudict,AE2 L AH0 G Z AE1 N D R IY0 AH0
alexandria,wikipron,æ l ə k z æ n d ɹ i ə
alexi,cmudict,AH0 L EH1 K S IY0
alexia,cmudict,AH0 L EH1 K S IY0 AH0
alexia,wikipron,ə l ɛ k s i ə
alexis,cmudict,AH0 L EH1 K S IH0 S
alexis,wikipron,ə l ɛ k s ɪ s
alfaro,cmudict,AA0 L F AA1 R OW0
alfie,cmudict,AE1 L F IY0
alfonse,cmudict,AE1 L F AA0 N S
alfonso,cmudict,AE2 L F AA1 N S OW0
alfonzo,cmudict,AE2 L F AA1 N Z OW0
alford,cmudict,AE1 L F ER0 D
alfred,cmudict,AE1 L F R AH0 D
alfred,wikipron,æ l f ɹ ə d
alfredo,cmudict,AE2 L F R EY1 D OW0
algernon,cmudict,AE1 L JH ER0 N AA0 N
algie,cmudict,AO1 L G IY0
ali,cmudict,AA1 L IY0
ali,wikipron,æ l i
alicante,wikipron,ɑ l ə k ɑ n t e ɪ
alice,cmudict,AE1 L AH0 S
alice,wikipron,æ l ɪ s
alicea,cmudict,AH0 L IH1 S IY0 AH0
alicia,cmudict,AH0 L IH1 SH AH0
alicia,wikipron,ə l iː ʃ ə
alida,cmudict,AA0 L IY1 D AH0
alina,cmudict,AH0 L IY1 N AH0
aline,cmudict,AH0 L AY1 N
alisa,cmudict,AH0 L IY1 S AH0
alisha,cmudict,AA0 L IY1 SH AH0
alison,cmudict,AE1 L IH0 S AH0 N
alison,wikipron,æ l ɪ s ə n
alissa,cmudict,AH0 L IH1 S AH0
alissa,wikipron,ə l ɪ s ə
alistair,cmudict,AE1 L IH0 S T EH2 R
alistair,wikipron,æ l ɪ s t ɚ
alita,cmudict,AA0 L IY1 T AH0
alix,cmudict,AE1 L IH0 K S
aliyah,cmudict,AH0 L IY1 AH0
aliyah,wikipron,ə l iː j ɑː
allan,cmudict,AE1 L AH0 N
allegra,cmudict,AA0 L EH1 G R AH0
allegra,wikipron,æ l e ɪ ɡ ɹ ə
allen,cmudict,AE1 L AH0 N
allen,wikipron,æ l ə n
allene,cmudict,AE1 L IY2 N
allene,wikipron,æ l iː n
allie,cmudict,AE1 L IY0
allison,cmudict,AE1 L AH0 S AH0 N
allison,wikipron,æ l ɪ s ə n
allister,cmudict,AO1 L IH0 S T ER0
allister,wikipron,æ l ɪ s t ɚ
allopurinol,wikipron,æ l o ʊ p j ʊ ɹ ə n ɔ l
allred,cmudict,AE1 L R IH0 D
allyn,cmudict,AE1 L IH0 N
allyson,cmudict,AE1 L IH0 S AH0 N
alma,cmudict,AA1 L M AH0
alma,wikipron,æ l m ə
almadani,cmudict,AA2 L M AH0 D AA1 N IY0
almeda,cmudict,AA0 L M EY1 D AH0
almeria,cmudict,AA0 L M ER1 IY0 AH0
almeria,wikipron,æ l m ə ɹ i ə
almira,cmudict,AA0 L M IH1 R AH0
almon,cmudict,AA1 L M AH0 N
alois,cmudict,AA0 L OY1 S
alon,cmudict,AH0 L AA1 N
alonso,cmudict,AH0 L AA1 N S OW0
alonza,cmudict,AH0 L AA1 N Z AH0
alonzo,cmudict,AH0 L AA1 N Z OW0
alop,wikipron,ə l ɒ p
aloysius,cmudict,AE2 L OW0 IH1 SH IH0 S
alp,wikipron,æ l p
alpha,cmudict,AE1 L F AH0
alpha,wikipron,æ l f ə
alphonse,cmudict,AE0 L F AA1 N Z
alphonso,cmudict,AE0 L F AA1 N S OW0
alpin,cmudict,AH0 L P IH1 N
alpine,cmudict,AE1 L P AY2 N
alpine,wikipron,æ l p a ɪ n
alprazolam,wikipron,æ l p ɹ æ z ə l æ m
alps,cmudict,AE1 L P S
alps,wikipron,æ l p s
alston,cmudict,AO1 L S T AH0 N
alta,cmudict,AA1 L T AH0
alta,wikipron,ɑː l t ə
althea,cmudict,AE0 L TH IY1 AH0
althea,wikipron,æ l θ i ə
alton,cmudict,AO1 L T AH0 N
alton,wikipron,ɒ l t ə n
altus,cmudict,AE1 L T AH0 S
alva,cmudict,AE1 L V AH0
alva,wikipron,æ l v ə
alvah,cmudict,AE0 L V AA1
alvan,cmudict,AE1 L V AH0 N
alvarado,cmudict,AE2 L V ER0 AA1 D OW0
alvarez,cmudict,AE1 L V ER0 EH2 Z
alvarez,wikipron,æ l v ə ɹ ɛ z
alvaro,cmudict,AH0 L V AA1 R OW0
alvin,cmudict,AE1 L V IH0 N
alvin,wikipron,æ l v ɪ n
alvina,cmudict,AE0 L V AY1 N AH0
alvino,cmudict,AA0 L V IY1 N OW0
alvis,cmudict,AA1 L V IH0 S
alvita,cmudict,AA0 L V IY1 T AH0
alyce,cmudict,AE1 L IH0 S
alys,cmudict,AE1 L IY0 Z
alysia,cmudict,AH0 L IH1 S IY0 AH0
alyssa,cmudict,AH0 L IH1 S AH0
alyssa,wikipron,ə l ɪ s ə
amadeo,cmudict,AA0 M AA1 D IY0 OW0
amado,cmudict,AA0 M AA1 D OW0
amador,cmudict,AE1 M AH0 D AO2 R
amah,wikipron,ɑː m ɑ
amal,cmudict,AH0 M AA1 L
amalia,cmudict,AH0 M AA1 L Y AH0
amalia,wikipron,ə m ɑ l i ə
aman,cmudict,AA1 M AH0 N
amanda,cmudict,AH0 M AE1 N D AH0
amanda,wikipron,ə m æ n d ə
amar,cmudict,AH0 M AA1 R
amar,wikipron,ɑ m ɑ ɹ
amara,cmudict,AA0 M AA1 R AH0
amaris,cmudict,AE1 M ER0 IH0 S
amaryllis,cmudict,AE2 M ER0 IH1 L AH0 S
amaryllis,wikipron,æ m ə ɹ ɪ l ɪ s
amaya,cmudict,AA0 M AA1 Y AH0
amber,cmudict,AE1 M B ER0
amber,wikipron,æ m b ɚ
amboy,cmudict,AE1 M B OY0
ambra,cmudict,AE1 M B R AH0
ambrose,cmudict,AE1 M B R OW2 Z
ambrose,wikipron,æ m b ɹ o ʊ z
ambrosia,cmudict,AE0 M B R OW1 ZH AH0
ambrosia,wikipron,æ m b ɹ o ʊ ʒ ə
ambrosio,cmudict,AE2 M B R OW1 S IY0 OW0
ame,cmudict,EY1 M
amee,wikipron,e ɪ m i
amel,wikipron,æ m ə l
amelia,cmudict,AH0 M IY1 L Y AH0
amelia,wikipron,ə m iː l i ə
amelie,cmudict,AA2 M EH0 L IY1
amer,cmudict,EY1 M ER0
america,cmudict,AH0 M EH1 R AH0 K AH0
america,wikipron,ə m ɚ ə k ə
americo,cmudict,AH0 M ER1 AH0 K OW0
ames,cmudict,EY1 M Z
ames,wikipron,e ɪ m z
amethyst,cmudict,AE1 M IH0 TH IH0 S T
amethyst,wikipron,æ m ə θ ɪ s t
amey,cmudict,EY1 M IY0
ami,cmudict,AA1 M IY0
amid,cmudict,AH0 M IH1 D
amid,wikipron,ə m ɪ d
amie,cmudict,AE1 M IY0
amin,cmudict,AA0 M IY1 N
amir,cmudict,AH0 M IH1 R
amit,cmudict,AA2 M IY1 T
amit,wikipron,ə m ɪ t
amity,cmudict,AE1 M IH0 T IY0
amity,wikipron,æ m ɪ t i
ammeter,cmudict,AE1 M IY2 T ER0
ammon,cmudict,AE1 M AH0 N
ammon,wikipron,æ m ə n
amon,cmudict,AA0 M AO1 N
amorette,cmudict,AE1 M ER0 EH2 T
amos,cmudict,EY1 M AH0 S
amos,wikipron,e ɪ m ə s
amoxicillin,cmudict,AH0 M AO1 K S AH0 S IH2 L IH0 N
amoxicillin,wikipron,ə m a k s ɪ s ɪ lː ɪ n
amr,cmudict,AA1 M ER0
amy,cmudict,EY1 M IY0
amy,wikipron,e ɪ m i
an,cmudict,AE1 N
an,wikipron,æ n
ana,cmudict,AA1 N AH0
ana,wikipron,æ n ə
anamaria,cmudict,AE2 N AH0 M AH0 R IY1 AH0
anand,cmudict,AE1 N AH0 N D
anand,wikipron,ɑː n ə n d
ananias,wikipron,æ n ə n a ɪ ə s
anastasia,cmudict,AE0 N AH0 S T EY1 ZH AH0
anastasia,wikipron,æ n ə s t e ɪ ʃ i ə
anawalt,cmudict,AE2 N AH0 W AA1 L T
anaya,cmudict,AA0 N AA1 Y AH0
ancho,cmudict,AE1 N CH OW0
ancho,wikipron,ɑː n t͡ʃ ə ʊ
and,cmudict,AH0 N D
and,wikipron,a n d
andera,cmudict,AE1 N D ER0 AH0
anders,cmudict,AE1 N D ER0 Z
andersen,cmudict,AE1 N D ER0 S AH0 N
andersen,wikipron,æ n d ə s ə n
anderson,cmudict,AE1 N D ER0 S AH0 N
anderson,wikipron,æ n d ɚ s ə n
andi,cmudict,AE1 N D IY0
andrade,cmudict,AE1 N D R EY2 D
andrae,cmudict,AA1 N D R AY0
andre,cmudict,AA1 N D R EY2
andre,wikipron,ɑː n d ɹ e ɪ
andrea,cmudict,AE1 N D R IY2 AH0
andrea,wikipron,æ n d ɹ e ɪ ə
andreana,cmudict,AE2 N D R IY2 AA1 N AA0
andreas,cmudict,AA0 N D R EY1 AH0 S
andree,cmudict,AH0 N D R IY1
andrei,cmudict,AE1 N D R EY2
andrei,wikipron,ɑː n d ɹ e ɪ
andres,cmudict,AA1 N D R EY0 Z
andretti,cmudict,AE2 N D R EH1 T IY0
andrew,cmudict,AE1 N D R UW0
andrew,wikipron,æ n d ɹ uː
andrews,cmudict,AE1 N D R UW2 Z
andrews,wikipron,æ n d ɹ u z
andrey,cmudict,AE1 N D R IY0
andria,cmudict,AE1 N D R IY0 AH0
andriana,cmudict,AA0 N D R IY0 AE1 N AH0
andy,cmudict,AE1 N D IY0
andy,wikipron,æ n d i
anette,cmudict,AH0 N EH1 T
angel,cmudict,EY1 N JH AH0 L
angel,wikipron,e ɪ n d͡ʒ ə l
angela,cmudict,AE1 N JH AH0 L AH0
angela,wikipron,æ n d͡ʒ ə l ə
angeles,cmudict,AE1 N JH AH0 L IH0 S
angeli,cmudict,AA0 NG G EH1 L IY0
angelic,cmudict,AE2 N JH EH1 L IH0 K
angelic,wikipron,æ n d͡ʒ ɛ l ɪ k
angelica,cmudict,AE0 N JH EH1 L IH0 K AH0
angelika,cmudict,AE0 N JH EH1 L IH2 K AH0
angelina,cmudict,AE0 N JH EH0 L IY1 N AH0
angelina,wikipron,æ n d͡ʒ ə l iː n ə
angeline,cmudict,EY1 NG G IH0 L AY0 N
angelique,cmudict,AE2 N JH EH0 L IY1 K
angelita,cmudict,AA0 NG G EH0 L IY1 T AH0
angell,cmudict,EY1 N JH AH0 L
angelle,cmudict,EY0 NG G EH1 L
angelo,cmudict,AE1 N JH AH0 L OW2
angelo,wikipron,æ n d͡ʒ ə l o ʊ
angels,cmudict,EY1 N JH AH0 L Z
angels,wikipron,e ɪ n d͡ʒ ə l z
angi,cmudict,AE1 N JH IY0
angie,cmudict,AE1 N JH IY0
angie,wikipron,æ n d͡ʒ i
angle,cmudict,AE1 NG G AH0 L
angle,wikipron,æ ŋ ɡ ə l
anglia,cmudict,AE1 NG G L IY0 AH0
anglia,wikipron,e ɪ̯ ŋ ɡ l i ə
angus,cmudict,AE1 NG G AH0 S
ani,wikipron,e ɪ n a ɪ
anibal,cmudict,AE1 N IH0 B AH0 L
anick,wikipron,e ɪ n ɪ k
anil,wikipron,ə n iː l
anile,wikipron,e ɪ n a ɪ l
anisa,cmudict,AE0 N IY1 S AH0
anise,cmudict,AE1 N AH0 S
anise,wikipron,æ n i s
anita,cmudict,AH0 N IY1 T AH0
anita,wikipron,ə n iː t ə
anja,cmudict,AA1 N JH AH0
anjelica,cmudict,AE0 N JH EH1 L AH0 K AH0
ann,cmudict,AE1 N
ann,wikipron,æ n
anna,cmudict,AE1 N AH0
anna,wikipron,æ n ə
annabel,cmudict,AE1 N AH0 B EH2 L
annabel,wikipron,æ n ə b ɛ l
annabelle,cmudict,AE1 N AH0 B AH0 L
annabelle,wikipron,æ n ə b ɛ l
anne,cmudict,AE1 N
anne,wikipron,æ n
annett,cmudict,AH0 N EH1 T
annette,cmudict,AH0 N EH1 T
annette,wikipron,ə n ɛ t
annie,cmudict,AE1 N IY0
annie,wikipron,æ n i
annis,cmudict,AE1 N IY0 Z
annissa,cmudict,AE0 N IY1 S AH0
anny,cmudict,AE1 N IY0
anonymous,cmudict,AH0 N AA1 N AH0 M AH0 S
anonymous,wikipron,ə n ɑ n ə m ə s
ansel,cmudict,AH0 N S EH1 L
anselmo,cmudict,AA0 N S EH1 L M OW0
ansley,cmudict,AE1 N S L IY0
anson,cmudict,AE1 N S AH0 N
anson,wikipron,æ n s ə n
anthea,cmudict,AE1 N TH IY0 AH0
anthea,wikipron,æ n θ iː ə
anthony,cmudict,AE1 N TH AH0 N IY0
anthony,wikipron,æ n t ə n i
antoine,cmudict,AA0 N T W AA1 N
antoine,wikipron,æ n t w aː n
antoinette,cmudict,AE2 N T W AH0 N EH1 T
antoinette,wikipron,æ n t w ə n e t
anton,cmudict,AE1 N T AO2 N
antone,cmudict,AA0 N T OW1 N IY0
antoni,cmudict,AA0 N T OW1 N IY0
antonia,cmudict,AE0 N T OW1 N IY0 AH0
antonia,wikipron,æ n t ə ʊ n i ə
antonina,wikipron,a n t ɒ n iː n ə
antonino,cmudict,AE2 N T OW0 N IY1 N OW0
antonio,cmudict,AE0 N T OW1 N IY2 OW0
antonio,wikipron,æ n t o ʊ n i o ʊ
antonios,cmudict,AE0 N T OW1 N IY2 OW2 Z
antonius,cmudict,AE0 N T OW1 N IY0 AH0 S
antonius,wikipron,æ n t o ʊ n i ə s
antony,cmudict,AE1 N T AH0 N IY0
antony,wikipron,æ n t ə n i
antwine,cmudict,AE1 N T W AY2 N
anty,wikipron,æ n t i
anwar,cmudict,AE1 N W AA0 R
any,cmudict,EH1 N IY0
any,wikipron,ɛ n i
anza,cmudict,AE1 N Z AH0
apollo,cmudict,AH0 P AA1 L OW0
apollo,wikipron,ə p ɑ l o ʊ
april,cmudict,EY1 P R AH0 L
april,wikipron,e ɪ p ɹ ə l
aprile,cmudict,AA1 P R AH0 L
aquila,cmudict,AE1 K W AH0 L AH0
aquila,wikipron,æ k w ə l ə
aquino,cmudict,AH0 K IY1 N OW0
ara,cmudict,AE1 R AH0
ara,wikipron,e ɪ ɹ ə
arabe,cmudict,AA0 R AA1 B EY0
arabella,cmudict,AE2 R AH0 B EH1 L AH0
arabella,wikipron,æ ɹ ə b ɛ l ə
aragon,cmudict,EH1 R AH0 G AA2 N
aragon,wikipron,ɛ ɹ ə ɡ ɑ n
aram,wikipron,æ ɹ ə m
aramis,cmudict,EH1 R AH0 M IH0 S
aran,cmudict,EH1 R AH0 N
aran,wikipron,æ ɹ ə n
aranda,cmudict,ER0 AE1 N D AH0
arau,cmudict,AH0 R AW1
araujo,cmudict,AA0 R AW1 Y OW0
arbel,cmudict,AA1 R B AH0 L
arce,cmudict,AA1 R S
arch,cmudict,AA1 R CH
arch,wikipron,ɑ ɹ k
archer,cmudict,AA1 R CH ER0
archer,wikipron,ɑ ɹ t͡ʃ ɚ
archibald,cmudict,AA1 R CH AH0 B AO2 L D
archibald,wikipron,ɑː t͡ʃ ɪ b ɔː l d
archie,cmudict,AA1 R CH IY0
archie,wikipron,ɑ ɹ k i
ardelia,cmudict,AA0 R D EH1 L IY0 AH0
ardella,cmudict,AA2 R D EH1 L AH0
arden,cmudict,AA1 R D AH0 N
ardis,cmudict,AA1 R D IH0 S
ardith,cmudict,AA1 R D IH0 TH
arellano,cmudict,AA0 R EH0 L AA1 N OW0
aren,cmudict,AA1 R AH0 N
aretha,cmudict,ER0 IY1 TH AH0
aretta,cmudict,AA0 R EH1 T AH0
arevalo,cmudict,AA0 R EY0 V AA1 L OW0
ari,cmudict,AA1 R IY0
aria,cmudict,AA1 R IY0 AH0
aria,wikipron,ɑː ɹ i ə
ariadne,cmudict,EH2 R IY0 AE1 D N IY0
ariadne,wikipron,æ ɹ i æ d n i
arial,cmudict,EH1 R IY2 AH0 L
arian,cmudict,AE1 R IY0 AH0 N
arian,wikipron,ɛ ə ɹ i ə n
ariana,cmudict,AA0 R IY0 AE1 N AH0
ariana,wikipron,ɑː ɹ i æ n ə
ariane,cmudict,EH2 R IY0 AE1 N
arianna,cmudict,AA0 R IY0 AE1 N AH0
arians,wikipron,ɛ ə ɹ ɪ ə n z
arias,cmudict,AA1 R IY0 AH0 Z
aric,cmudict,AE1 R IH0 K
arie,cmudict,EH1 R IY0
arie,wikipron,ɑː ɹ i ɛ
ariel,cmudict,EH1 R IY0 AH0 L
ariel,wikipron,ɛ ɹ i ə l
ariela,cmudict,AA0 R IY0 EH1 L AH0
ariella,cmudict,AA0 R IY0 EH1 L AH0
aries,cmudict,EH1 R IY0 Z
aries,wikipron,ɛ ɹ i z
aris,cmudict,ER0 IY1 S
arizona,cmudict,EH2 R IH0 Z OW1 N AH0
arizona,wikipron,æ ɹ ɪ z o ʊ n ə
arjun,cmudict,AA1 R JH AH0 N
arjun,wikipron,ɑː ɹ d͡ʒ ʊ n
arla,wikipron,ɑ ɹ l ə
arlana,cmudict,AA0 R L AE1 N AH0
arleen,cmudict,AA0 R L IY1 N
arlen,cmudict,AA1 R L AH0 N
arlena,cmudict,AA1 R L IH0 N AH0
arlene,cmudict,AA1 R L IY2 N
arleta,cmudict,AA1 R L IH0 T AH0
arlette,cmudict,AA2 R L EH1 T
arley,cmudict,AA1 R L IY0
arley,wikipron,ɑ ɹ l i
arlie,cmudict,AA1 R L IY0
arlin,cmudict,AA1 R L IH0 N
arlinda,cmudict,AA2 R L IH1 N D AH0
arline,cmudict,AA1 R L AY2 N
arlington,cmudict,AA1 R L IH0 NG T AH0 N
arlington,wikipron,ɑ ɹ l ɪ ŋ t ə n
arlo,wikipron,ɑː ɹ l o ʊ
arlon,wikipron,ɑ l ɔː n
arman,cmudict,AA1 R M AH0 N
armand,cmudict,AA1 R M AH0 N D
armando,cmudict,AA0 R M AA1 N D OW0
armen,cmudict,AA1 R M AH0 N
armida,cmudict,AA0 R M IY1 D AH0
armin,cmudict,AA1 R M AH0 N
arminda,wikipron,ɑː m ɪ n d ə
armon,cmudict,AA1 R M AH0 N
armond,cmudict,AA1 R M AH0 N D
armstrong,cmudict,AA1 R M S T R AA2 NG
armstrong,wikipron,ɑ ɹ m s t ɹ ɑ ŋ
arnaldo,cmudict,AA0 R N AA1 L D OW0
arnault,cmudict,AA2 R N OW1
arne,cmudict,AA1 R N
arnell,cmudict,AA1 R N AH0 L
arnett,cmudict,AA0 R N EH1 T
arnette,cmudict,AA0 R N EH1 T
arnie,cmudict,AA1 R N IY0
arnie,wikipron,ɑ ɹ n i
arno,cmudict,AA1 R N OW0
arno,wikipron,ɑ ɹ n o ʊ
arnold,cmudict,AA1 R N AH0 L D
arnold,wikipron,ɑ ɹ n ə l d
arnulfo,cmudict,AA0 R N AH1 L F OW0
aron,cmudict,EH1 R AH0 N
arpa,cmudict,AA1 R P AH0
arpa,wikipron,ɑ ɹ p ə
arredondo,cmudict,AA0 R EH0 D OW1 N D OW0
arreola,cmudict,AA0 R IY0 AA1 L AH0
arriaga,cmudict,AA2 R IY0 AA1 G AH0
arrington,cmudict,EH1 R IH0 NG T AH0 N
arroyo,cmudict,ER0 OY1 OW0
arroyo,wikipron,ə ɹ ɔ ɪ o ʊ
arsenio,cmudict,AA2 R S IY1 N IY0 OW0
art,cmudict,AA1 R T
art,wikipron,ɑ ɹ t
arteaga,cmudict,AA2 R T IY1 G AH0
artemus,cmudict,AA1 R T AH0 M AH0 S
arthur,cmudict,AA1 R TH ER0
arthur,wikipron,ɑ ɹ θ ɚ
artie,cmudict,AA1 R T IY0
artina,wikipron,ɑ ɹ t i n ə
artis,cmudict,AA1 R T IH0 S
arturo,cmudict,AA0 R T UH1 R OW0
arty,cmudict,AA1 R T IY0
arty,wikipron,ɑ ɹ t i
arun,wikipron,ɑː ɹ ʊ n
arvel,cmudict,AA0 R V EH1 L
arvid,cmudict,AA1 R V IH0 D
arvin,cmudict,AA1 R V IH0 N
arwen,cmudict,AA1 R W AH0 N
asa,cmudict,AA1 S AH0
asa,wikipron,e ɪ s ə
ash,cmudict,AE1 SH
ash,wikipron,æ ʃ
asha,cmudict,AA1 SH AH0
ashanti,wikipron,ə ʃ æ n t iː
ashby,cmudict,AE1 SH B IY0
asher,cmudict,AE1 SH ER0
asher,wikipron,æ ʃ ɚ
ashes,cmudict,AE1 SH AH0 Z
ashes,wikipron,æ ʃ ɪ z
ashish,cmudict,AH0 SH IY1 SH
ashley,cmudict,AE1 SH L IY0
ashley,wikipron,æ ʃ l i
ashton,cmudict,AE1 SH T AH0 N
ashton,wikipron,æ ʃ t ə n
asia,cmudict,EY1 ZH AH0
asia,wikipron,e ɪ ʃ ə
asner,cmudict,AE1 S N ER0
aspen,cmudict,AE1 S P AH0 N
aspen,wikipron,æ s p ə n
asse,wikipron,æ s
astra,cmudict,AE1 S T R AH0
astrain,wikipron,ə s t ɹ e ɪ n
astrid,cmudict,AE1 S T R IH0 D
astrid,wikipron,æ s t ɹ ɪ d
at,cmudict,AE1 T
at,wikipron,æ t
ataman,wikipron,æ t ə m ə n
atenolol,wikipron,ə t ɛ n ə l ɔ l
athena,cmudict,AH0 TH IY1 N AH0
athena,wikipron,ə θ iː n ə
athie,cmudict,EY1 TH IY0
atkins,cmudict,AE1 T K IH0 N Z
atkins,wikipron,æ t k ɪ n z
atkinson,cmudict,AE1 T K AH0 N S AH0 N
atkinson,wikipron,æ t k ɪ n s ə n
atley,cmudict,AE1 T L IY0
atonal,cmudict,EY0 T OW1 N AH0 L
atonal,wikipron,e ɪ t o ʊ n ə l
attenborough,cmudict,AE1 T AH2 N B ER0 OW0
atter,wikipron,æ t ɚ
attila,cmudict,AH0 T IH1 L AH0
attila,wikipron,ə t ɪ l ə
aubrey,cmudict,AO1 B R IY0
aubrey,wikipron,ɔː b ɹ i
aubry,cmudict,AO1 B R IY0
audra,wikipron,ɔ d ɹ ə
audrey,cmudict,AO1 D R IY0
audrey,wikipron,ɔː d ɹ i
audrie,cmudict,AO1 D ER0 IY0
audry,cmudict,AO1 D R IY0
audwin,cmudict,AO1 D W IH0 N
august,cmudict,AA1 G AH0 S T
august,wikipron,ɔ ɡ ə s t
augusta,cmudict,AH0 G AH1 S T AH0
augusta,wikipron,ə ɡ ʌ s t ə
augustin,cmudict,AW0 G UW0 S T IY1 N
augustine,cmudict,AA1 G AH0 S T IY2 N
augustine,wikipron,ɑ ɡ ə s t i n
augusto,cmudict,AO2 G AH1 S T OW0
augustus,cmudict,AA0 G AH1 S T AH0 S
augustus,wikipron,ɔː ɡ ʌ s t ə s
aulis,wikipron,a ʊ l ɪ s
aura,cmudict,AO1 R AH0
aura,wikipron,o ɹ ə
aurea,cmudict,AW0 R EY1 AA0
aurelio,cmudict,AW0 R EY1 L IY0 OW0
aurora,cmudict,ER0 AO1 R AH0
aurora,wikipron,ə ɹ ɔ ɹ ə
austen,cmudict,AO1 S T IH0 N
austen,wikipron,ɔ s t ɪ n
austin,cmudict,AO1 S T AH0 N
austin,wikipron,ɑ s t ɪ n
auston,cmudict,AO1 S T AH0 N
auther,cmudict,AO1 TH ER0
author,cmudict,AO1 TH ER0
author,wikipron,ɑ θ ɚ
autry,cmudict,AO1 T R IY0
autumn,cmudict,AO1 T AH0 M
autumn,wikipron,ɑ t ə m
ava,cmudict,EY1 V AH0
ava,wikipron,e ɪ v ə
avalos,cmudict,AA0 V AA1 L OW0 Z
ave,cmudict,AA1 V EY2
ave,wikipron,e ɪ v i
avedon,cmudict,AE1 V EH0 D AA0 N
avery,cmudict,EY1 V ER0 IY0
avery,wikipron,e ɪ v ə ɹ i
avi,cmudict,AA1 V IY2
avia,cmudict,AA1 V IY0 AH0
avid,cmudict,AE1 V AH0 D
avid,wikipron,æ v ə d
avila,cmudict,AH0 V IH1 L AH0
aviles,cmudict,AA0 V IY1 L EH0 S
avis,cmudict,EY1 V IH0 S
avital,cmudict,AH0 V IY1 T AH0 L
avital,wikipron,ə v ɪ t ə l
avnet,cmudict,AE1 V N EH2 T
avon,cmudict,EY1 V AA0 N
avon,wikipron,e ɪ v ɑ n
avraham,cmudict,EY1 V R AH0 HH AE0 M
avram,cmudict,EY1 V R AH0 M
avril,cmudict,AE1 V R IH0 L
avril,wikipron,æ v ɹ ɪ l
axel,cmudict,AE1 K S AH0 L
axel,wikipron,æ k s ə l
aya,wikipron,a ɪ ə
ayala,cmudict,AH0 Y AA1 L AH0
ayers,cmudict,AY1 ER0 Z
ayesha,cmudict,AY1 S AA0
aylwin,cmudict,EY1 L W IH0 N
ayrton,wikipron,ɛ ɹ t ə n
azalea,cmudict,AH0 Z EY1 L Y AH0
azalea,wikipron,ə z e ɪ l j ə
azalia,cmudict,AA0 Z AA1 L IY0 AH0
azcarraga,cmudict,AE0 Z K AA2 R AA1 G AH0
azithromycin,wikipron,ə z ɪ θ ɹ o ʊ m a ɪ s n̩
aziz,cmudict,AH0 Z IY1 Z
azucena,wikipron,æ s u s ɛ n ə
azure,cmudict,AE1 ZH ER0
azure,wikipron,æ z j ʊ ɹ
babby,wikipron,b æ b i
babcock,cmudict,B AE1 B K AO0 K
babette,cmudict,B AH0 B EH1 T
baby,cmudict,B EY1 B IY0
baby,wikipron,b e ɪ b i
baca,cmudict,B AE1 K AH0
backers,cmudict,B AE1 K ER0 Z
backfisch,wikipron,b æ k f ɪ ʃ
bacon,cmudict,B EY1 K AH0 N
bacon,wikipron,b e ɪ k ə n
badge,cmudict,B AE1 JH
badge,wikipron,b æ d͡ʒ
bael,wikipron,b a ɪ l
baez,cmudict,B AY0 EH1 Z
baez,wikipron,b a ɪ z
baila,cmudict,B AY1 L AH0
bailey,cmudict,B EY1 L IY0
bailey,wikipron,b e ɪ l i
baird,cmudict,B EH1 R D
baird,wikipron,b ɛ ɹ d
baker,cmudict,B EY1 K ER0
baker,wikipron,b e ɪ k ɚ
balakumar,cmudict,B AA2 L AH0 K UW0 M AA1 R
baldemar,cmudict,B AA0 L D EY0 M AA1 R
baldie,wikipron,b ɔ l d i
baldor,cmudict,B AO1 L D ER0
baldrige,cmudict,B AO1 L D R IH0 JH
baldwin,cmudict,B AO1 L D W AH0 N
baldwin,wikipron,b ɔː l d w ɪ n
baler,cmudict,B EY1 L ER0
ball,cmudict,B AO1 L
ball,wikipron,b ɑ l
ballard,cmudict,B AE1 L ER0 D
ballet,cmudict,B AE0 L EY1
ballet,wikipron,b æ l e ɪ
baloney,cmudict,B AH0 L OW1 N IY0
baloney,wikipron,b ə l o ʊ n i
balsa,cmudict,B AO1 L S AH0
balsa,wikipron,b ɑ l s ə
baltazar,cmudict,B AA0 L T AA0 Z AA1 R
balthasar,cmudict,B AE1 L TH AH0 S ER0
balun,wikipron,b æ l ə n
bam,cmudict,B AE1 M
bam,wikipron,b æ m
bambi,cmudict,B AE1 M B IY0
bangel,wikipron,b e ɪ n d͡ʒ ə l
bangor,cmudict,B AE1 NG G ER0
bangor,wikipron,b e ɪ̯ ŋ ɡ ɔ ɹ
banks,cmudict,B AE1 NG K S
banks,wikipron,b e ɪ̯ ŋ k s
banuelos,cmudict,B AA0 N W EH1 L OW0 Z
bao,cmudict,B AW1
bao,wikipron,b a ʊ
barajas,cmudict,B AA0 R AA1 Y AA0 Z
barak,cmudict,B AA1 R AH0 K
barak,wikipron,b e ɪ ɹ æ k
barb,cmudict,B AA1 R B
barb,wikipron,b ɑː b
barbara,cmudict,B AA1 R B ER0 AH0
barbara,wikipron,b ɑ ɹ b ə ɹ ə
barbel,cmudict,B AA1 R B EH2 L
barbel,wikipron,b ɑː ɹ b ə l
barber,cmudict,B AA1 R B ER0
barber,wikipron,b ɑ ɹ b ɚ
barbette,cmudict,B AA0 R B EH1 T
barbie,cmudict,B AA1 R B IY0
barbie,wikipron,b ɑ ɹ b i
barbosa,cmudict,B AA0 R B OW1 S AH0
barbra,cmudict,B AA1 R B R AH0
barce,wikipron,b ɑ ɹ k e ɪ
barclay,cmudict,B AA1 R K L EY2
barclay,wikipron,b ɑ ɹ k l e ɪ
bari,cmudict,B AA1 R IY0
bari,wikipron,b e ɹ i
barillari,cmudict,B EH2 R IH0 L EH1 R IY0
barillo,cmudict,B ER0 IH1 L OW0
barken,wikipron,b ɑː k ə n
barker,cmudict,B AA1 R K ER0
barker,wikipron,b ɑ ɹ k ɚ
barloon,cmudict,B AA0 R L UW1 N
barlow,cmudict,B AA1 R L OW2
barlow,wikipron,b ɑ ɹ l o ʊ
barnaby,cmudict,B AA1 R N AH0 B IY0
barnard,cmudict,B AA1 R N AA0 R D
barnard,wikipron,b ɑ ɹ n ɑ ɹ d
barnes,cmudict,B AA1 R N Z
barnes,wikipron,b ɑ ɹ n z
barnett,cmudict,B AA0 R N EH1 T
barney,cmudict,B AA1 R N IY0
barney,wikipron,b ɑ ɹ n i
barnhart,cmudict,B AA1 R N HH AA2 R T
baron,cmudict,B AE1 R AH0 N
baron,wikipron,b æ ɹ ə n
baronet,cmudict,B EH1 R AH0 N AH0 T
barr,cmudict,B AA1 R
barr,wikipron,b ɑ ɹ
barracks,cmudict,B AE1 R AH0 K S
barracks,wikipron,b æ ɹ ə k s
barragan,cmudict,B EH1 R AH0 G AH0 N
barrera,cmudict,B AA2 R EH1 R AH0
barret,cmudict,B AE1 R IH0 T
barrett,cmudict,B AE1 R IH0 T
barrett,wikipron,b æ ɹ ɪ t
barrie,cmudict,B AE1 R IY0
barrientos,cmudict,B AA0 R IY1 N T OW0 Z
barrington,cmudict,B AE1 R IH0 NG T AH0 N
barrios,cmudict,B AA0 R IY1 OW0 Z
barron,cmudict,B AE1 R AH0 N
barry,cmudict,B AE1 R IY0
barry,wikipron,b æ ɹ i
bart,cmudict,B AA1 R T
bart,wikipron,b ɑ ɹ t
barth,cmudict,B AA1 R TH
barth,wikipron,b ɑː ɹ θ
bartholomew,cmudict,B AA0 R TH AA1 L AH0 M Y UW2
bartholomew,wikipron,b ɑ ɹ t ɑ l ə m i
bartlett,cmudict,B AA1 R T L IH0 T
bartley,cmudict,B AA1 R T L IY0
bartolo,cmudict,B AA0 R T OW1 L OW0
barton,cmudict,B AA1 R T AH0 N
baruch,cmudict,B AA2 R UW1 K
baruch,wikipron,b ɑ ɹ u x
basil,cmudict,B AE1 Z AH0 L
basil,wikipron,b æ z ə l
basilio,cmudict,B AA0 S IY1 L IY0 OW0
bass,cmudict,B AE1 S
bass,wikipron,b æ s
bassam,cmudict,B AE1 S AH0 M
bassett,cmudict,B AE1 S IH0 T
bassett,wikipron,b æ s ə t
batavia,cmudict,B AH0 T EY1 V IY0 AH0
batavia,wikipron,b ə t e ɪ v i ə
bateau,wikipron,b æ t ə ʊ
bateman,cmudict,B EY1 T M AH0 N
bates,cmudict,B EY1 T S
bates,wikipron,b e ɪ t s
bather,cmudict,B EY1 DH ER0
bathsheba,cmudict,B AE0 TH SH IY1 B AH0
batista,cmudict,B AH0 T IH1 S T AA0
battle,cmudict,B AE1 T AH0 L
battle,wikipron,b æ t l̩
bauer,cmudict,B AW1 ER0
baumhauer,cmudict,B AA1 M HH AW0 ER0
bautista,cmudict,B AO0 T IY1 S T AH0
bavin,wikipron,b æ v ɪ n
baxter,cmudict,B AE1 K S T ER0
baxter,wikipron,b æ k s t ɚ
bayar,cmudict,B EY1 ER0
bayard,cmudict,B EY1 ER0 D
bayard,wikipron,b e ɪ ɚ d
baylee,cmudict,B EY1 L IY0
baylen,cmudict,B EY1 L AH0 N
bayou,cmudict,B AY1 UW0
bayou,wikipron,b a ɪ j uː
bayze,wikipron,b e ɪ z
bea,cmudict,B IY1
bea,wikipron,b iː
beach,cmudict,B IY1 CH
beach,wikipron,b iː t͡ʃ
beady,cmudict,B IY1 D IY0
beady,wikipron,b i d i
beal,cmudict,B IY1 L
beal,wikipron,b iː l
bean,cmudict,B IY1 N
bean,wikipron,b iː n
beard,cmudict,B IH1 R D
beard,wikipron,b i ɚ d
beards,cmudict,B IH1 R D Z
beasley,cmudict,B IY1 Z L IY0
beata,cmudict,B IY0 AE1 T AH0
beatrice,cmudict,B IY1 AH0 T R AH0 S
beatrice,wikipron,b i æ t ɹ ɪ s
beats,cmudict,B IY1 T S
beats,wikipron,b iː t s
beatty,cmudict,B IY1 T IY0
beatty,wikipron,b i ɾ i
beau,cmudict,B OW1
beau,wikipron,b o ʊ
beaver,cmudict,B IY1 V ER0
beaver,wikipron,b i v ɚ
bebe,cmudict,B IY1 B IY0
bebel,wikipron,b e ɪ b ə l
becca,cmudict,B EH1 K AA0
becerra,cmudict,B EH0 CH EH1 R AA0
beck,cmudict,B EH1 K
beck,wikipron,b ɛ k
becker,cmudict,B EH1 K ER0
becker,wikipron,b ɛ k ɚ
becki,cmudict,B EH1 K IY0
beckie,cmudict,B EH1 K IY0
beckon,cmudict,B EH1 K AH0 N
becky,cmudict,B EH1 K IY0
becky,wikipron,b ɛ k i
beco,cmudict,B IY1 K OW0
bedford,cmudict,B EH1 D F ER0 D
bee,cmudict,B IY1
bee,wikipron,b iː
begel,cmudict,B EY1 G AH0 L
begelman,cmudict,B EY1 G AH0 L M AH0 N
beil,cmudict,B IY1 L
beilin,cmudict,B EH1 L IH0 N
belcher,cmudict,B EH1 L CH ER0
belcher,wikipron,b ɛ l t͡ʃ ɚ
belen,cmudict,B EH1 L AH0 N
belfast,cmudict,B EH1 L F AE2 S T
belfry,cmudict,B EH1 L F R IY0
belfry,wikipron,b ɛ l f ɹ i
belge,cmudict,B EH1 L JH IY0
belinda,cmudict,B AH0 L IH1 N D AH0
belinda,wikipron,b ə l ɪ n d ə
bell,cmudict,B EH1 L
bell,wikipron,b ɛ l
bella,cmudict,B EH1 L AH0
bella,wikipron,b ɛ l ə
belle,cmudict,B EH1 L
belle,wikipron,b ɛ l
belong,cmudict,B IH0 L AO1 NG
belong,wikipron,b ɪ l ɑ ŋ
belton,cmudict,B EH1 L T AH0 N
beltran,cmudict,B EH1 L T R AH0 N
belva,cmudict,B EY1 L V AH0
ben,cmudict,B EH1 N
ben,wikipron,b ɛ n
benard,cmudict,B IH0 N AA1 R D
benavides,cmudict,B EY0 N AA0 V IY1 D EH0 S
bender,cmudict,B EH1 N D ER0
bender,wikipron,b ɛ n d ɚ
benedetto,cmudict,B IH0 N AH0 D EH1 T OW0
benedict,cmudict,B EH1 N AH0 D IH2 K T
benedict,wikipron,b ɛ n ə d ɪ k t
benedikt,cmudict,B EH1 N AH0 D IH0 K T
bengal,cmudict,B EH1 NG G AH0 L
bengal,wikipron,b ɛ ŋ ɡ ɑ l
bengoechea,cmudict,B EH2 NG G OW0 EH0 CH IY1 AH0
benight,cmudict,B IY0 N AY1 T
benight,wikipron,b ɪ n a ɪ t
benigno,cmudict,B EH2 N IY1 N Y OW0
benita,cmudict,B AH0 N IY1 T AH0
benitez,cmudict,B EY0 N IY1 T EH0 Z
benito,cmudict,B EH0 N IY1 T OW0
benjamin,cmudict,B EH1 N JH AH0 M AH0 N
benjamin,wikipron,b ɛ n d͡ʒ ə m ɪ n
benjy,cmudict,B EH1 N JH IY0
benn,cmudict,B EH1 N
bennet,cmudict,B EH1 N IH0 T
bennett,cmudict,B EH1 N AH0 T
bennett,wikipron,b ɛ n ə t
bennie,cmudict,B EH1 N IY0
benny,cmudict,B EH1 N IY0
benny,wikipron,b ɛ n i
benoit,cmudict,B AH0 N OY1 T
benoit,wikipron,b ɛ n w ɑː
benotti,cmudict,B AH0 N AO1 T IY0
benson,cmudict,B EH1 N S AH0 N
benson,wikipron,b ɛ n s ə n
bentley,cmudict,B EH1 N T L IY0
bentley,wikipron,b ɛ n t l iː
benton,cmudict,B EH1 N T AH0 N
benton,wikipron,b ɛ n t ə n
benzine,cmudict,B EH1 N Z IY0 N
berenice,wikipron,b ɛ ɹ ə n a ɪ s i
berg,cmudict,B ER1 G
berg,wikipron,b ɝ ɡ
berger,cmudict,B ER1 G ER0
bergeron,cmudict,B ER1 G ER0 AO0 N
bergling,cmudict,B ER1 G L IH0 NG
beria,cmudict,B EH1 R IY0 AH0
berkeley,cmudict,B ER1 K L IY0
berkeley,wikipron,b ɝ k l i
berkley,cmudict,B ER1 K L IY0
berlet,cmudict,B ER2 L EH1 T
berlin,cmudict,B ER0 L IH1 N
berlin,wikipron,b ɚ l ɪ n
berls,cmudict,B ER1 L Z
bermudez,cmudict,B ER0 M Y UW1 D EH2 Z
berna,cmudict,B EH1 R N AH0
bernabe,cmudict,B ER1 N AH0 B
bernadette,cmudict,B ER0 N AH0 D EH1 T
bernadette,wikipron,b ɜ ɹ n ə d ɛ t
bernadine,cmudict,B ER0 N AH0 D IY1 N
bernal,cmudict,B ER1 N AH0 L
bernard,cmudict,B ER0 N AA1 R D
bernard,wikipron,b ə ɹ n ɑ ɹ d
bernardino,cmudict,B ER0 N AH0 D IY1 N OW0
bernardo,cmudict,B ER0 N AA1 R D OW0
bernay,cmudict,B ER0 N EY1
bernhard,cmudict,B ER1 N HH AA0 R D
bernice,cmudict,B ER0 N IY1 S
bernie,cmudict,B ER1 N IY0
bernie,wikipron,b ɝ n i
bernita,cmudict,B ER0 N IY1 T AH0
berry,cmudict,B EH1 R IY0
berry,wikipron,b ɛ ɹ i
bert,cmudict,B ER1 T
bert,wikipron,b ɝ t
berta,cmudict,B ER1 T AH0
bertha,cmudict,B ER1 TH AH0
bertha,wikipron,b ɝ θ ə
bertie,cmudict,B ER1 T IY0
berton,cmudict,B ER1 T AH0 N
bertram,cmudict,B ER1 T R AH0 M
bertram,wikipron,b ɜ ɹ t ɹ ə m
bertrand,cmudict,B ER1 T R AH0 N D
berty,cmudict,B ER1 T IY0
beryl,cmudict,B EH1 R AH0 L
beryl,wikipron,b ɛ ɹ ə l
berzin,cmudict,B ER1 Z IH0 N
bess,cmudict,B EH1 S
bess,wikipron,b ɛ s
bessie,cmudict,B EH1 S IY0
bessie,wikipron,b ɛ s i
best,cmudict,B EH1 S T
best,wikipron,b ɛ s t
beta,cmudict,B EY1 T AH0
beta,wikipron,b e ɪ t ə
betancourt,cmudict,B EH1 T AH0 N K AO0 R T
beth,cmudict,B EH1 TH
beth,wikipron,b ɛ θ
bethann,cmudict,B EH1 TH AE2 N
bethanne,cmudict,B EH1 TH AE2 N
bethany,cmudict,B EH1 TH AH0 N IY0
bethany,wikipron,b ɛ θ ə n i
bethel,cmudict,B EH1 TH AH0 L
bethel,wikipron,b ɛ θ ə l
betsey,cmudict,B EH1 T S IY0
betsy,cmudict,B EH1 T S IY0
bette,cmudict,B EH1 T IY0
bette,wikipron,b ɛ t
betti,cmudict,B EH1 T IY0
bettina,cmudict,B AH0 T IY1 N AH0
betting,cmudict,B EH1 T IH0 NG
betting,wikipron,b ɛ t ɪ ŋ
bettman,cmudict,B EH1 T M AH0 N
betts,cmudict,B EH1 T S
betty,cmudict,B EH1 T IY0
betty,wikipron,b ɛ t i
beulah,cmudict,B Y UW1 L AH0
beulah,wikipron,b j uː l ə
bev,cmudict,B EH1 V
bevan,cmudict,B EH1 V AH0 N
beverley,cmudict,B EH1 V ER0 L IY0
beverley,wikipron,b ɛ v ə l i
beverly,cmudict,B EH1 V ER0 L IY0
bevin,cmudict,B EH1 V IH0 N
beyer,cmudict,B EY1 ER0
bianca,cmudict,B IY0 AA1 NG K AH0
bianca,wikipron,b i æ ŋ k ə
bichon,cmudict,B IY2 SH AO1 N
bichon,wikipron,b i ʃ ɔ n
bidding,cmudict,B IH1 D IH0 NG
bidding,wikipron,b ɪ d ɪ ŋ
biff,cmudict,B IH1 F
biff,wikipron,b ɪ f
biggs,cmudict,B IH1 G Z
biggs,wikipron,b ɪ ɡ z
bighorn,cmudict,B IH1 G HH AO2 R N
bijan,cmudict,B IH1 JH AH0 N
bilali,wikipron,b ɪ l ɑː l i
bill,cmudict,B IH1 L
bill,wikipron,b ɪ l
billi,wikipron,b ɪ l i
billie,cmudict,B IH1 L IY0
billings,cmudict,B IH1 L IH0 NG Z
billings,wikipron,b ɪ l ɪ ŋ z
billion,cmudict,B IH1 L Y AH0 N
billion,wikipron,b ɪ l j ə n
billy,cmudict,B IH1 L IY0
billy,wikipron,b ɪ l i
bina,cmudict,B IY1 N AH0
bindley,cmudict,B IH1 N D L IY0
bingham,cmudict,B IH1 NG AH0 M
bingham,wikipron,b ɪ ŋ ə m
bingo,cmudict,B IH1 NG G OW0
bingo,wikipron,b ɪ ŋ ɡ o ʊ
bint,wikipron,b ɪ n t
bird,cmudict,B ER1 D
bird,wikipron,b eː d
birdie,cmudict,B ER1 D IY0
birdie,wikipron,b ɝ d i
birkhoff,cmudict,B ER1 K AO0 F
birse,wikipron,b ɜː s
bishop,cmudict,B IH1 SH AH0 P
bishop,wikipron,b ɪ ʃ ə p
bisoprolol,wikipron,b a ɪ s o ʊ p ɹ ə l ɔ l
bitten,cmudict,B IH1 T AH0 N
bitten,wikipron,b ɪ t ə n
bitterly,cmudict,B IH1 T ER0 L IY0
bitterly,wikipron,b ɪ t ə ɹ l i
bittermann,cmudict,B IH1 T ER0 M AH0 N
bj,wikipron,b iː d͡ʒ e ɪ
bjorn,cmudict,B Y AO1 R N
black,cmudict,B L AE1 K
black,wikipron,b l æ k
blackburn,cmudict,B L AE1 K B ER0 N
blackmon,cmudict,B L AE1 K M AH0 N
blackwell,cmudict,B L AE1 K W EH2 L
blackwell,wikipron,b l æ k w ɛ l
blady,wikipron,b l e ɪ d i
blain,cmudict,B L EY1 N
blain,wikipron,b l e ɪ n
blaine,cmudict,B L EY1 N
blaine,wikipron,b l e ɪ n
blair,cmudict,B L EH1 R
blair,wikipron,b l ɛ ɚ
blaise,cmudict,B L EY1 Z
blake,cmudict,B L EY1 K
blake,wikipron,b l e ɪ k
blakely,cmudict,B L EY1 K L IY0
blanca,cmudict,B L AA1 NG K AH0
blanch,cmudict,B L AE1 N CH
blanch,wikipron,b l æ n t͡ʃ
blanchard,cmudict,B L AE1 N CH ER0 D
blanchard,wikipron,b l æ n t ʃ ə ɹ d
blanche,cmudict,B L AE1 N CH
blanco,cmudict,B L AE1 NG K OW0
blanco,wikipron,b l æ ŋ k ə ʊ
bland,cmudict,B L AE1 N D
bland,wikipron,b l æ n d
blander,cmudict,B L AE1 N D ER0
blane,cmudict,B L EY1 N
blankenship,cmudict,B L AE1 NG K AH0 N SH IH2 P
blanton,cmudict,B L AE1 N T AH0 N
blas,cmudict,B L AA1 S
blase,cmudict,B L EY1 Z
blayne,cmudict,B L EY1 N
blaze,cmudict,B L EY1 Z
blaze,wikipron,b l e ɪ z
bledsoe,cmudict,B L EH1 D S OW0
bledsoe,wikipron,b l ɛ d s o ʊ
blenda,cmudict,B L EH1 N D AH0
blevins,cmudict,B L EH1 V IH0 N Z
bliss,cmudict,B L IH1 S
bliss,wikipron,b l ɪ s
block,cmudict,B L AA1 K
block,wikipron,b l ɑ k
blondell,cmudict,B L AA1 N D AH0 L
bloom,cmudict,B L UW1 M
bloom,wikipron,b l uː m
blossom,cmudict,B L AA1 S AH0 M
blossom,wikipron,b l ɑ s ə m
blount,cmudict,B L AW1 N T
blount,wikipron,b l ʌ n t
blue,cmudict,B L UW1
blue,wikipron,b l uː
blythe,cmudict,B L AY1 DH
blythe,wikipron,b l a ɪ ð
bo,cmudict,B OW1
bo,wikipron,b o ʊ
bob,cmudict,B AA1 B
bob,wikipron,b ɑ b
boba,wikipron,b o ʊ b ə
bobbette,cmudict,B AA1 B EH1 T
bobbi,cmudict,B AA1 B IY0
bobbie,cmudict,B AA1 B IY0
bobby,cmudict,B AA1 B IY0
bobby,wikipron,b ɑ b i
bocca,wikipron,b ɒ k ə
bodger,wikipron,b ɑ d͡ʒ ɚ
bodie,cmudict,B OW1 D IY0
boe,cmudict,B OW1
boggs,cmudict,B AO1 G Z
bogo,wikipron,b o ʊ ɡ o ʊ
bolden,cmudict,B OW1 L D AH0 N
bolden,wikipron,b o ʊ l d n
bolingbroke,wikipron,b ɒ l ɪ ŋ b ɹ o ʊ k
bolton,cmudict,B OW1 L T AH0 N
bombay,cmudict,B AA0 M B EY1
bombay,wikipron,b ɒ m b e ɪ
bonafide,cmudict,B AA1 N AH0 F AY2 D
bonce,wikipron,b ɒ n s
bond,cmudict,B AA1 N D
bond,wikipron,b ɑ n d
boni,cmudict,B OW1 N IY0
bonier,cmudict,B AA1 N Y ER0
bonifacio,cmudict,B AA2 N IH0 F EY1 S IY0 OW0
bonifacio,wikipron,b o ʊ n i f ɑː ʃ o ʊ
bonilla,cmudict,B AH0 N IH1 L AH0
boning,cmudict,B OW1 N IH0 NG
boning,wikipron,b o ʊ n ɪ ŋ
bonita,cmudict,B OW0 N IY1 T AH0
bonker,cmudict,B AO1 NG K ER0
bonner,cmudict,B AO1 N ER0
bonney,cmudict,B AA1 N IY0
bonnie,cmudict,B AA1 N IY0
bonnie,wikipron,b ɒ n i
bonny,cmudict,B AA1 N IY0
boober,wikipron,b u b ɚ
booker,cmudict,B UH1 K ER0
booker,wikipron,b ʊ k ɚ
boole,cmudict,B UW1 L
boone,cmudict,B UW1 N
boone,wikipron,b u n
booth,cmudict,B UW1 TH
booth,wikipron,b u θ
boral,cmudict,B AO1 R AH0 L
bordallo,cmudict,B AO0 R D AE1 L OW0
boris,cmudict,B AO1 R IH0 S
boris,wikipron,b ɔ ɹ ɪ s
bossy,cmudict,B AO1 S IY0
bossy,wikipron,b ɔ s i
boswell,cmudict,B AA1 Z W EH0 L
boswell,wikipron,b ɑ z w ə l
botch,cmudict,B AA1 CH
botch,wikipron,b ɑ t͡ʃ
boucher,cmudict,B UW1 SH AH0
bowden,cmudict,B OW1 D AH0 N
bowden,wikipron,b a ʊ d ə n
bowels,cmudict,B AW1 AH0 L Z
bowels,wikipron,b a ʊ ə l z
bowen,cmudict,B OW1 AH0 N
bowen,wikipron,b o ʊ w ɛ n
bower,cmudict,B AW1 ER0
bower,wikipron,b a ʊ ə
bowers,cmudict,B AW1 ER0 Z
bowles,cmudict,B OW1 L Z
bowling,cmudict,B OW1 L IH0 NG
bowling,wikipron,b o ʊ l ɪ ŋ
bowman,cmudict,B OW1 M AH0 N
bowman,wikipron,b a ʊ m ə n
boyce,cmudict,B OY1 S
boyce,wikipron,b ɔ ɪ s
boyd,cmudict,B OY1 D
boyd,wikipron,b ɔ ɪ d
boyed,wikipron,b ɔ ɪ d
boyer,cmudict,B OY1 ER0
boyer,wikipron,b ɔ ɪ ɚ
boyle,cmudict,B OY1 L
boyo,wikipron,b ɔ ɪ o ʊ
bracha,wikipron,b ɹ ʌ h ə
brad,cmudict,B R AE1 D
brad,wikipron,b ɹ æ d
braden,cmudict,B R EY1 D AH0 N
braden,wikipron,b ɹ e ɪ d ə n
bradford,cmudict,B R AE1 D F ER0 D
bradford,wikipron,b ɹ æ d f ɚ d
bradlee,cmudict,B R AE1 D L IY2
bradley,cmudict,B R AE1 D L IY0
bradley,wikipron,b ɹ æ d l i
bradshaw,cmudict,B R AE1 D SH AO2
brady,cmudict,B R EY1 D IY0
brady,wikipron,b ɹ e ɪ d i
bragg,cmudict,B R AE1 G
bragg,wikipron,b ɹ a ɡ
brahma,wikipron,b ɹ ɑː m ə
brail,wikipron,b ɹ e ɪ l
brain,cmudict,B R EY1 N
brain,wikipron,b ɹ e ɪ̯ n
bram,cmudict,B R AE1 M
brams,cmudict,B R AE1 M Z
branagh,cmudict,B R AE1 N AH0 G
branch,cmudict,B R AE1 N CH
branch,wikipron,b ɹ æ n t͡ʃ
brand,cmudict,B R AE1 N D
brand,wikipron,b ɹ æ n d
branda,cmudict,B R AE1 N D AH0
brande,cmudict,B R AE1 N D
branden,cmudict,B R AE1 N D AH0 N
brandi,cmudict,B R AE1 N D IY0
brandis,cmudict,B R AE1 N D IH0 S
brando,cmudict,B R AE1 N D OW0
brandon,cmudict,B R AE1 N D AH0 N
brandon,wikipron,b ɹ æ n d ə n
brandt,cmudict,B R AE1 N T
brandy,cmudict,B R AE1 N D IY0
brandy,wikipron,b ɹ æ n d i
branks,cmudict,B R AE1 NG K S
branks,wikipron,b ɹ æ ŋ k s
brannon,cmudict,B R AE1 N AH0 N
brans,wikipron,b ɹ æ n z
branson,cmudict,B R AE1 N S AH0 N
branson,wikipron,b ɹ æ n s ə n
brant,cmudict,B R AE1 N T
brant,wikipron,b ɹ æ n t
brantley,cmudict,B R AE1 N T L IY0
brantley,wikipron,b ɹ æ n t l i
branton,cmudict,B R AE1 N T AH0 N
braun,cmudict,B R AO1 N
braun,wikipron,b ɹ ɑː n
bravo,cmudict,B R AA1 V OW0
bravo,wikipron,b ɹ ɑ v o ʊ
braxton,cmudict,B R AE1 K S T AH0 N
braxton,wikipron,b ɹ æ k s t ə n
bray,cmudict,B R EY1
bray,wikipron,b ɹ e ɪ
brazen,cmudict,B R EY1 Z AH0 N
brazen,wikipron,b ɹ e ɪ̯ z ə n
brea,cmudict,B R IY1
break,cmudict,B R EY1 K
break,wikipron,b ɹ e ɪ k
breck,cmudict,B R EH1 K
bree,cmudict,B R IY1
bree,wikipron,b ɹ iː
breezy,cmudict,B R IY1 Z IY0
breezy,wikipron,b ɹ iː z i
bren,cmudict,B R EH1 N
bren,wikipron,b ɹ ɛ n
brenda,cmudict,B R EH1 N D AH0
brenda,wikipron,b ɹ ɛ n d ə
brendan,cmudict,B R EH1 N D AH0 N
brenden,cmudict,B R EH1 N D AH0 N
brendon,cmudict,B R EH1 N D AH0 N
brenna,cmudict,B R EH1 N AH0
brennan,cmudict,B R EH1 N AH0 N
brennen,cmudict,B R EH1 N AH0 N
brent,cmudict,B R EH1 N T
brent,wikipron,b ɹ ɛ n t
brenton,cmudict,B R EH1 N T AH0 N
breon,cmudict,B R IY1 AH0 N
breslaw,cmudict,B R EH1 S L AA0
bresse,cmudict,B R EH1 S
bret,cmudict,B R EH1 T
breton,cmudict,B R EH1 T AH0 N
breton,wikipron,b ɹ ɛ t ə n
brett,cmudict,B R EH1 T
brett,wikipron,b ɹ ɛ t
bretton,cmudict,B R EH1 T AH0 N
brewer,cmudict,B R UW1 ER0
brewster,cmudict,B R UW1 S T ER0
brewster,wikipron,b ɹ u s t ɚ
bria,cmudict,B R IY1 AH0
brian,cmudict,B R AY1 AH0 N
brian,wikipron,b ɹ a ɪ ə n
briana,cmudict,B R IY0 AE1 N AH0
brianna,cmudict,B R IY0 AE1 N AH0
brianna,wikipron,b ɹ iː æ n ə
briant,cmudict,B R AY1 AH0 N T
brice,cmudict,B R AY1 S
brice,wikipron,b ɹ a ɪ̯ s
bridges,cmudict,B R IH1 JH AH0 Z
bridges,wikipron,b ɹ ɪ d͡ʒ ɪ z
bridget,cmudict,B R IH1 JH AH0 T
bridget,wikipron,b ɹ ɪ d͡ʒ ɪ t
bridgett,cmudict,B R IH1 JH IH0 T
bridgette,cmudict,B R IH1 JH IH0 T
brie,cmudict,B R IY1
brie,wikipron,b ɹ iː
brien,cmudict,B R AY1 IH0 N
briery,wikipron,b ɹ a ɪ ə ɹ i
briggs,cmudict,B R IH1 G Z
briggs,wikipron,b ɹ ɪ ɡ z
brigham,cmudict,B R IH1 G AH0 M
bright,cmudict,B R AY1 T
bright,wikipron,b ɹ a ɪ̯ t
brigid,wikipron,b ɹ iː ɪ d
brigitte,cmudict,B R IH1 JH IH0 T
brindel,cmudict,B R IH1 N D EH2 L
brinkly,cmudict,B R IH1 NG K L IY0
brinton,cmudict,B R IH1 N T AH0 N
brion,cmudict,B R AY1 AH0 N
brit,cmudict,B R IH1 T
brit,wikipron,b ɹ ɪ t
brita,cmudict,B R IY1 T AH0
britney,cmudict,B R IY1 T N IY2
britney,wikipron,b ɹ ɪ t n i
brito,cmudict,B R IY1 T OW0
briton,cmudict,B R IH1 T AH0 N
briton,wikipron,b ɹ ɪ t ə n
britt,cmudict,B R IH1 T
britt,wikipron,b ɹ ɪ t
brittan,cmudict,B R IH1 T AH0 N
brittania,cmudict,B R IH0 T AE1 N IY0 AH0
brittany,cmudict,B R IH1 T AH0 N IY0
britton,cmudict,B R IH1 T AH0 N
broadus,cmudict,B R OW1 D AH0 S
broc,cmudict,B R AA1 K
brock,cmudict,B R AA1 K
brock,wikipron,b ɹ ɑ k
broderick,cmudict,B R AA1 D ER0 IH0 K
brodie,cmudict,B R OW1 T IY0
brodie,wikipron,b ɹ o ʊ d i
brodrick,cmudict,B R AA1 D R IH0 K
brody,cmudict,B R OW1 D IY0
brody,wikipron,b ɹ o ʊ d i
broking,cmudict,B R OW1 K IH0 NG
brolly,cmudict,B R AA1 L IY0
brolly,wikipron,b ɹ ɒ l i
bromwich,cmudict,B R AA1 M W IH0 CH
bronson,cmudict,B R AA1 N S AH0 N
bronwen,cmudict,B R AO1 N W IH0 N
bronwyn,cmudict,B R AA1 N W IH0 N
brook,cmudict,B R UH1 K
brook,wikipron,b ɹ ʊ k
brooke,cmudict,B R UH1 K
brooke,wikipron,b ɹ ʊ k
brookie,wikipron,b ɹ ʊ k i
brooklyn,cmudict,B R UH1 K L AH0 N
brooklyn,wikipron,b ɹ ʊ k l ə n
brooks,cmudict,B R UH1 K S
brooks,wikipron,b ɹ ʊ k s
broussard,cmudict,B R UW0 S AA1 R D
brown,cmudict,B R AW1 N
brown,wikipron,b ɹ a ʊ n
browne,cmudict,B R AW1 N
browning,cmudict,B R AW1 N IH0 NG
browning,wikipron,b ɹ a ʊ n ɪ ŋ
brozman,cmudict,B R AA1 Z M AH0 N
bruce,cmudict,B R UW1 S
bruce,wikipron,b ɹ uː s
brumaire,wikipron,b ɹ ʊ m ɛ ɚ
bruno,cmudict,B R UW1 N OW0
bruno,wikipron,b ɹ u n o ʊ
bryan,cmudict,B R AY1 AH0 N
bryan,wikipron,b ɹ a ɪ ə n
bryant,cmudict,B R AY1 AH0 N T
bryant,wikipron,b ɹ a ɪ ə n t
bryce,cmudict,B R AY1 S
bryn,cmudict,B R IH1 N
bryn,wikipron,b ɹ ɪ n
bryna,cmudict,B R IH1 N AH0
bryon,cmudict,B R AY1 AH0 N
bryson,cmudict,B R AY1 S AH0 N
bryson,wikipron,b ɹ a ɪ s ə n
bubba,cmudict,B AH1 B AH0
bubba,wikipron,b ʌ b ə
buc,cmudict,B AH1 K
buchanan,cmudict,B Y UW0 K AE1 N AH0 N
buchanan,wikipron,b j u k æ n ə n
buck,cmudict,B AH1 K
buck,wikipron,b ʌ k
buckley,cmudict,B AH1 K L IY0
buckley,wikipron,b ʌ k l i
buckminster,cmudict,B AH1 K M IH2 N S T ER0
buckminster,wikipron,b ʌ k m ɪ n s t ɚ
buckner,cmudict,B AH1 K N ER0
buckner,wikipron,b ʌ k n ɚ
buckwheat,cmudict,B AH1 K W IY2 T
buckwheat,wikipron,b ʌ k w iː t
bucky,cmudict,B AH1 K IY0
bucky,wikipron,b ʌ k i
bud,cmudict,B AH1 D
bud,wikipron,b ʌ d
budd,cmudict,B AH1 D
buddie,cmudict,B AH1 D IY0
buddy,cmudict,B AH1 D IY0
buddy,wikipron,b ʌ d i
buffy,cmudict,B AH1 F IY0
buffy,wikipron,b ʌ f i
buford,cmudict,B Y UW1 F ER0 D
bui,cmudict,B IH1
bullard,cmudict,B UH1 L ER0 D
bullock,cmudict,B UH1 L AH0 K
bullock,wikipron,b ʊ l ə k
bullwinkle,cmudict,B UH1 L W IH2 NG K AH0 L
bummer,cmudict,B AH1 M ER0
bummer,wikipron,b ʌ m ɚ
bumper,cmudict,B AH1 M P ER0
bumper,wikipron,b ʌ m p ɚ
bunch,cmudict,B AH1 N CH
bunch,wikipron,b ʌ n t͡ʃ
bunion,wikipron,b ʌ n j ə n
bunnie,cmudict,B AH1 N IY0
bunny,cmudict,B AH1 N IY0
bunny,wikipron,b ʌ n i
buns,cmudict,B AH1 N Z
buns,wikipron,b ʌ n z
bupropion,wikipron,b j uː p ɹ o ʊ p i ɑ n
burch,cmudict,B ER1 CH
burch,wikipron,b ɝ t͡ʃ
burdette,cmudict,B ER0 D EH1 T
burger,cmudict,B ER1 G ER0
burger,wikipron,b ɝ ɡ ɚ
burgess,cmudict,B ER1 JH AH0 S
burgess,wikipron,b ɜː d͡ʒ ɪ s
burgos,cmudict,B ER1 G OW0 Z
burgos,wikipron,b ʊ ɹ ɡ o ʊ s
burke,cmudict,B ER1 K
burke,wikipron,b ɝ k
burkett,cmudict,B ER1 K IH0 T
burks,cmudict,B ER1 K S
burkus,cmudict,B ER1 K AH0 S
burl,cmudict,B ER1 L
burl,wikipron,b ɝ l
burley,cmudict,B ER1 L IY0
burley,wikipron,b ɜː l i
burnell,cmudict,B ER1 N AH0 L
burnett,cmudict,B ER0 N EH1 T
burnette,cmudict,B ER1 N EH1 T
burney,cmudict,B ER1 N IY0
burns,cmudict,B ER1 N Z
burns,wikipron,b ɝ n z
burnup,cmudict,B ER1 N AH2 P
burque,wikipron,b ə ɹ k i
burra,wikipron,b ʌ ɹ ə
burrell,cmudict,B ER0 EH1 L
burris,cmudict,B ER1 IH0 S
burt,cmudict,B ER1 T
burt,wikipron,b ɝ t
burton,cmudict,B ER1 T AH0 N
burton,wikipron,b ɝ t ə n
bush,cmudict,B UH1 SH
bush,wikipron,b ʊ ʃ
bushing,wikipron,b ʊ ʃ ɪ ŋ
bussi,cmudict,B AH1 S IY0
bustamante,cmudict,B UW2 S T AH0 M AA1 N T IY0
buster,cmudict,B AH1 S T ER0
buster,wikipron,b ʌ s t ɚ
butch,cmudict,B UH1 CH
butch,wikipron,b ʊ t͡ʃ
butcher,cmudict,B UH1 CH ER0
butcher,wikipron,b ʊ t͡ʃ ɚ
butler,cmudict,B AH1 T L ER0
butler,wikipron,b ʌ t l ɚ
buto,wikipron,b j uː t o ʊ
butros,cmudict,B UW1 T R OW2 S
butterfly,cmudict,B AH1 T ER0 F L AY2
butterfly,wikipron,b ʌ t ə f l a ɪ
butts,cmudict,B AH1 T S
butts,wikipron,b ʌ t s
byers,cmudict,B AY1 ER0 Z
byner,cmudict,B AY1 N ER0
byrd,cmudict,B ER1 D
byrne,cmudict,B ER1 N
byron,cmudict,B AY1 R AH0 N
byron,wikipron,b a ɪ ɹ ə n
caan,cmudict,K AA1 N
caballero,cmudict,K AE2 B AH0 Y EH1 R OW0
caber,wikipron,k e ɪ b ɚ
cabral,cmudict,K AE1 B R AH0 L
cabrera,cmudict,K AA0 B R EH1 R AH0
cad,cmudict,K AE1 D
cad,wikipron,k æ d
cade,cmudict,K EY1 D
cade,wikipron,k e ɪ d
cady,cmudict,K EY1 D IY0
caesar,cmudict,S IY1 Z ER0
caesar,wikipron,k a ɪ s ɑ ɹ
cafe,cmudict,K AH0 F EY1
cafe,wikipron,k æ f e ɪ
cahill,cmudict,K EY1 HH IH2 L
cain,cmudict,K EY1 N
cain,wikipron,k e ɪ n
caine,cmudict,K EY1 N
caitlin,cmudict,K EY1 T L IH0 N
cal,cmudict,K AE1 L
cal,wikipron,k æ l
calan,cmudict,K EY1 L AH0 N
calandra,cmudict,K AH0 L AE1 N D R AH0
calderon,cmudict,K AO1 L D ER0 AA0 N
caldwell,cmudict,K AO1 L D W EH0 L
caldwell,wikipron,k ɔː l d w ɛ l
cale,cmudict,K EY1 L
caleb,cmudict,K EY1 L AH0 B
caleb,wikipron,k e ɪ l ə b
caley,cmudict,K EY1 L IY0
calhoun,cmudict,K AE0 L HH UW1 N
cali,cmudict,K AA1 L IY0
cali,wikipron,k æ l i
calista,cmudict,K AH0 L IH1 S T AH0
calla,cmudict,K AE1 L AH0
callahan,cmudict,K AE1 L AH0 HH AE2 N
callahan,wikipron,k æ l ə h æ n
callen,cmudict,K AE1 L AH0 N
calley,cmudict,K AE1 L IY0
callie,cmudict,K AO1 L IY0
callisto,wikipron,k ə l ɪ s t o ʊ̯
cally,cmudict,K AE1 L IY0
calm,cmudict,K AA1 M
calm,wikipron,k æ m
calvert,cmudict,K AE1 L V ER0 T
calvin,cmudict,K AE1 L V AH0 N
calvin,wikipron,k æ l v ɪ n
cam,cmudict,K AE1 M
cam,wikipron,k æ m
camacho,cmudict,K AH0 M AA1 CH OW0
camaro,cmudict,K AH0 M EH1 R OW0
cambria,cmudict,K AE1 M B R IY0 AH0
cambria,wikipron,k e ɪ m b ɹ i ə
camden,cmudict,K AE1 M D AH0 N
camden,wikipron,k æ m d ə n
camellia,wikipron,k ə m iː l i ə
cameo,cmudict,K AE1 M IY0 OW2
cameo,wikipron,k æ m i o ʊ
cameron,cmudict,K AE1 M ER0 AH0 N
cameron,wikipron,k æ m ə ɹ ə n
camilla,cmudict,K AH0 M IH1 L AH0
camilla,wikipron,k ə m ɪ l ə
camille,cmudict,K AH0 M IY1 L
cammie,cmudict,K AE1 M IY0
cammy,cmudict,K AE1 M IY0
cammy,wikipron,k æ m i
camo,wikipron,k æ m o ʊ
camomile,cmudict,K AE2 M AH0 M AY1 L
camomile,wikipron,k æ m ə m a ɪ l
camp,cmudict,K AE1 M P
camp,wikipron,k e ə̯ m p
campbell,cmudict,K AE1 M B AH0 L
campbell,wikipron,k æ m b ə l
campos,cmudict,K AE1 M P OW0 Z
canaan,cmudict,K EY1 N AH0 N
canaan,wikipron,k e ɪ n e ɪ ə n
canales,cmudict,K AE1 N AH0 L Z
candace,cmudict,K AE1 N D AH0 S
candace,wikipron,k æ n d ɪ s
candee,cmudict,K AE1 N D IY1
candelaria,cmudict,K AA0 N D EH0 L AA1 R IY0 AH0
candelario,cmudict,K AA0 N D EH0 L AA1 R IY0 OW0
candia,cmudict,K AE1 N D IY0 AH0
candia,wikipron,k æ n d i ə
candice,cmudict,K AE1 N D IH0 S
candida,cmudict,K AE1 N D IH0 D AH0
candido,cmudict,K AE0 N D IY1 D OW0
candie,cmudict,K AE1 N D IY0
candy,cmudict,K AE1 N D IY0
candy,wikipron,k æ n d i
cannon,cmudict,K AE1 N AH0 N
cannon,wikipron,k æ n ə n
cano,cmudict,K AA1 N OW0
cantrell,cmudict,K AE0 N T R EH1 L
cantu,cmudict,K AE1 N T UW0
cao,cmudict,K AW1
capellini,wikipron,k æ p ə l i n i
capps,cmudict,K AE1 P S
capri,cmudict,K AE1 P R IY0
capri,wikipron,k æ p ɹ i
caprice,cmudict,K AH0 P R IY1 S
caprice,wikipron,k ə p ɹ iː s
cara,cmudict,K EH1 R AH0
carabine,wikipron,k æ ɹ ə b ɪ n
caracas,cmudict,K ER0 AA1 K AH0 S
caracas,wikipron,k ə ɹ æ k ə s
caravan,cmudict,K AE1 R AH0 V AE2 N
caravan,wikipron,k æ ɹ ə v æ n
carbajal,cmudict,K AA0 R B AA0 Y AE1 L
carbamazepine,wikipron,k ɑ ɹ b ə m æ z ə p i n
carbidopa,wikipron,k ɑ ɹ b ɪ d o ʊ p ə
carboy,cmudict,K AA1 R B OY2
carboy,wikipron,k ɑ ɹ b o ɪ
cardell,cmudict,K AA0 R D EY1 L
cardenas,cmudict,K AA0 R D IY1 N AH0 S
cardenas,wikipron,k ɑ ɹ d e ɪ n ɑ s
cardia,cmudict,K AA1 R D IY0 AH0
cardona,cmudict,K AA0 R D OW1 N AH0
carey,cmudict,K EH1 R IY0
carey,wikipron,k ɛ ɚ i
caria,wikipron,k ɛ ɹ i ə
carian,wikipron,k ɛ ɚ i ə n
caridad,cmudict,K AE1 R AH0 D AE2 D
carie,cmudict,K EH1 R IY0
carillon,cmudict,K EH1 R AH0 L AA2 N
carillon,wikipron,k ɛ ɹ ɪ l ɑ n
carin,cmudict,K AE1 R IH0 N
carina,wikipron,k ə ɹ a ɪ n ə
carine,cmudict,K AA0 R IY1 N IY0
carissa,cmudict,K AA0 R IY1 S AH0
carita,cmudict,K AA0 R IY1 T AH0
carl,cmudict,K AA1 R L
carl,wikipron,k ɑ ɹ l̩
carla,cmudict,K AA1 R L AA0
carla,wikipron,k ɑ ɹ l ə
carleen,cmudict,K AA0 R L IY1 N
carlen,cmudict,K AA1 R L AH0 N
carlene,cmudict,K AA1 R L IY2 N
carles,cmudict,K AA1 R L Z
carleton,cmudict,K AA1 R L T AH0 N
carleton,wikipron,k ɑ ɹ l t ə n
carley,cmudict,K AA1 R L IY0
carli,cmudict,K AA1 R L IY0
carlin,cmudict,K AA1 R L IH0 N
carlin,wikipron,k ɑː l ɪ n
carline,wikipron,k ɑː l a ɪ n
carlisle,cmudict,K AA1 R L AY2 L
carlisle,wikipron,k ɑː ɹ l a ɪ l
carlita,cmudict,K AA0 R L IY1 T AA0
carlo,cmudict,K AA1 R L OW0
carlo,wikipron,k ɑ ɹ l o ʊ
carlon,cmudict,K AA1 R L AH0 N
carlos,cmudict,K AA1 R L OW0 S
carlos,wikipron,k ɑ ɹ l o ʊ s
carlotta,cmudict,K AA0 R L AO1 T AA0
carlson,cmudict,K AA1 R L S AH0 N
carlton,cmudict,K AA1 R L T AH0 N
carlton,wikipron,k ɑ ɹ l t ə n
carly,cmudict,K AA1 R L IY0
carly,wikipron,k ɑ ɹ l i
carlyle,cmudict,K AA1 R L AY2 L
carlyon,cmudict,K AA1 R L IY0 AA0 N
carma,cmudict,K AA1 R M AA0
carman,cmudict,K AA1 R M AH0 N
carmel,cmudict,K AA0 R M EH1 L
carmel,wikipron,k ɑ ɹ m ə l
carmela,cmudict,K AA0 R M EH1 L AA0
carmelita,cmudict,K AA0 R M AH0 L IY1 T AA0
carmelo,cmudict,K AA0 R M EH1 L OW0
carmen,cmudict,K AA1 R M AH0 N
carmen,wikipron,k ɑː m ə n
carmichael,cmudict,K AA1 R M AY2 K AH0 L
carmichael,wikipron,k ɑ ɹ m a ɪ k ə l
carmine,cmudict,K AA1 R M AH0 N
carmine,wikipron,k ɑ ɹ m a ɪ n
carmon,cmudict,K AA1 R M AH0 N
carmona,cmudict,K AA0 R M OW1 N AA0
carnell,cmudict,K AA1 R N AH0 L
carney,cmudict,K AA1 R N IY0
carol,cmudict,K AE1 R AH0 L
carol,wikipron,k æ ɹ ə l
carole,cmudict,K AE1 R AH0 L
carolina,cmudict,K EH2 R AH0 L AY1 N AH0
carolina,wikipron,k æ ɹ ə l a ɪ n ə
caroline,cmudict,K EH1 R AH0 L AY2 N
caroline,wikipron,k æ ɹ ə l a ɪ n
carolyn,cmudict,K EH1 R AH0 L IH0 N
carolyn,wikipron,k ɛ ɹ ə l ɪ n
carolyne,cmudict,K EH1 R AH0 L IH0 N
caron,cmudict,K AA0 R AO1 N
caron,wikipron,k æ ɹ ə n
carpenter,cmudict,K AA1 R P AH0 N T ER0
carpenter,wikipron,k ɑ ɹ p ə n d ɚ
carr,cmudict,K AA1 R
carr,wikipron,k ɑː
carra,cmudict,K AA1 R AH0
carranza,cmudict,K AA0 R AA1 N Z AH0
carrasco,cmudict,K AA0 R AA1 S K OW0
carrie,cmudict,K EH1 R IY0
carrie,wikipron,k æ ɹ i
carrillo,cmudict,K ER0 IH1 L OW0
carrillo,wikipron,k ə ɹ ɪ l o ʊ
carrington,cmudict,K EH1 R IH0 NG T AH0 N
carrol,cmudict,K AE1 R AH0 L
carrol,wikipron,k ɛ ɹ ə l
carroll,cmudict,K AE1 R AH0 L
carroll,wikipron,k æ ɹ ə l
carron,cmudict,K AE1 R AH0 N
carry,cmudict,K AE1 R IY0
carry,wikipron,k e ɹ i
carson,cmudict,K AA1 R S AH0 N
carson,wikipron,k ɑ ɹ s ə n
carsten,cmudict,K AA1 R S T AH0 N
carter,cmudict,K AA1 R T ER0
carter,wikipron,k ɑ ɹ t ɚ
cartland,cmudict,K AA1 R T L AH0 N D
cartwright,cmudict,K AA1 R T R AY2 T
cartwright,wikipron,k ɑ ɹ t ɹ a ɪ t
caruso,cmudict,K ER0 UW1 S OW0
carver,cmudict,K AA1 R V ER0
carver,wikipron,k ɑ ɹ v ɚ
carvin,cmudict,K AA1 R V IH0 N
cary,cmudict,K EH1 R IY0
caryl,cmudict,K EH1 R AH0 L
caryn,cmudict,K AA1 R IH0 N
casas,cmudict,K AA1 S AH0 Z
case,cmudict,K EY1 S
case,wikipron,k e ɪ s
casey,cmudict,K EY1 S IY0
casey,wikipron,k e ɪ s i
cash,cmudict,K AE1 SH
cash,wikipron,k æ ʃ
casillas,cmudict,K AA0 S IH1 L AH0 Z
casimir,cmudict,K AE1 S IH0 M IY2 R
casimir,wikipron,k æ z ɪ m ɪ ɚ
casimiro,cmudict,K AA0 S IY0 M IH1 R OW0
cason,cmudict,K AE1 S AH0 N
casper,cmudict,K AE1 S P ER0
casper,wikipron,k æ s p ɚ
cass,cmudict,K AE1 S
cassandra,cmudict,K AH0 S AE1 N D R AH0
cassandra,wikipron,k ə s æ n d ɹ ə
cassia,cmudict,K AE1 SH IY0 AH0
cassia,wikipron,k æ s i ə
cassidy,cmudict,K AE1 S IH0 D IY0
cassidy,wikipron,k æ s ə d i
cassie,cmudict,K AE1 S IY0
cassie,wikipron,k æ s i
cassius,wikipron,k æ s i ə s
castaneda,cmudict,K AA0 S T AA0 N EH1 D AH0
castellanos,cmudict,K AA0 S T EY0 L AA1 N OW0 Z
castillo,cmudict,K AE2 S T IY1 OW0
castle,cmudict,K AE1 S AH0 L
castle,wikipron,k æ s l̩
castro,cmudict,K AE1 S T R OW0
castro,wikipron,k æ s t ɹ o ʊ
catalina,cmudict,K AE2 T AH0 L IY1 N AH0
catalina,wikipron,k æ t ə l iː n ə
catches,cmudict,K AE1 CH AH0 Z
cates,cmudict,K EY1 T S
catharine,cmudict,K AE1 TH R IH0 N
catherina,cmudict,K AA0 TH ER0 IY1 N AH0
catherine,cmudict,K AE1 TH ER0 AH0 N
catherine,wikipron,k æ θ ə ɹ ɪ n
cathey,cmudict,K AE1 DH IY0
cathie,cmudict,K AE1 TH IY0
cathleen,cmudict,K AE2 TH L IY1 N
catholic,cmudict,K AE1 TH L IH0 K
catholic,wikipron,k æ θ l ɪ k
cathy,cmudict,K AE1 TH IY0
cathy,wikipron,k æ θ i
catlin,cmudict,K AE1 T L IH0 N
cattle,cmudict,K AE1 T AH0 L
cattle,wikipron,k æ ɾ ə l
caudill,cmudict,K AO1 D AH0 L
caudron,wikipron,k ɔː d ɹ ə n
cause,cmudict,K AA1 Z
cause,wikipron,k ɑ z
cavan,cmudict,K EY1 V AH0 N
cavan,wikipron,k æ v ə n
cavin,cmudict,K AE1 V IH0 N
cay,cmudict,K EY1
cay,wikipron,k e ɪ
cayce,cmudict,K EY1 S
ceara,cmudict,S IY1 R AH0
ceasar,cmudict,S AH0 S AA1 R
ceasar,wikipron,s iː z ɚ
ceaser,cmudict,S IY1 S ER0
cecelia,cmudict,S IH0 S IY1 L Y AH0
cecil,cmudict,S IY1 S AH0 L
cecil,wikipron,s iː s ə l
cecile,cmudict,S IH0 S IY1 L
cecile,wikipron,s ə s iː l
cecilia,cmudict,S IH0 S IY1 L Y AH0
cecilia,wikipron,s ɪ s iː l i ə
cedric,cmudict,S EH1 D R IH0 K
cedric,wikipron,s ɛ d ɹ ɪ k
celebre,cmudict,S EH1 L AH0 B R AH0
celena,cmudict,CH EH0 L EH1 N AH0
celene,cmudict,CH EH1 L IY0 N
celesta,cmudict,S IH0 L EH1 S T AH0
celesta,wikipron,s ə l ɛ s t ə
celeste,cmudict,S AH0 L EH1 S T
celeste,wikipron,s ə l ɛ s t
celestina,cmudict,CH EH0 L EH0 S T IY1 N AH0
celestine,cmudict,CH EH0 L EH0 S T IY1 N IY0
celestino,cmudict,CH EH0 L EH0 S T IY1 N OW0
celia,cmudict,S IY1 L Y AH0
celina,cmudict,S AH0 L IY1 N AH0
celinda,cmudict,CH EH0 L IY1 N D AH0
celine,cmudict,S AH0 L IY1 N
celine,wikipron,s ə l iː n
celo,cmudict,S EH1 L OW0
celso,cmudict,S EH1 L S OW0
censor,cmudict,S EH1 N S ER0
censor,wikipron,s ɛ n s ɚ
century,cmudict,S EH1 N CH ER0 IY0
century,wikipron,s ɛ n t ʃ ə ɹ i
cephas,cmudict,S EH1 F AH0 Z
cephas,wikipron,s i f ə s
cephus,cmudict,S EH1 F AH0 S
cereno,cmudict,S ER0 EY1 N OW0
cerise,cmudict,S ER0 IY1 S
cerise,wikipron,s ə ɹ iː s
cervantes,cmudict,S EH0 R V AA1 N T EH0 S
cervantes,wikipron,s ɚ v æ n t iː z
cesar,cmudict,S IY1 Z ER0
cesare,cmudict,CH EY0 Z AA1 R EY0
cesario,cmudict,CH EH0 S AA1 R IY0 OW0
cesca,wikipron,t ʃ ɛ s k ə
cetirizine,wikipron,s ɛ t ɪ ɹ ɪ z i n
chace,cmudict,CH EY1 S
chacon,cmudict,CH AE1 K AH0 N
chad,cmudict,CH AE1 D
chad,wikipron,t͡ʃ æ d
chadd,cmudict,CH AE1 D
chadwick,cmudict,CH AE1 D W IH0 K
chadwick,wikipron,t͡ʃ æ d w ɪ k
chaffinch,wikipron,t͡ʃ æ f ɪ n t͡ʃ
chaim,cmudict,HH AY1 IH0 M
chalmers,cmudict,CH AA1 M ER0 Z
chamberlain,cmudict,CH EY1 M B ER0 L AH0 N
chamberlain,wikipron,t͡ʃ e ɪ m b ɚ l ɪ n
chambers,cmudict,CH EY1 M B ER0 Z
chambers,wikipron,t͡ʃ e ɪ m b ɚ z
champs,cmudict,CH AE1 M P S
chan,cmudict,CH AE1 N
chan,wikipron,t ʃ æ n
chana,cmudict,CH AE1 N AH0
chana,wikipron,t͡ʃ ɑː n ə
chance,cmudict,CH AE1 N S
chance,wikipron,t͡ʃ æ n s
chancellor,cmudict,CH AE1 N S AH0 L ER0
chancellor,wikipron,t͡ʃ æ n s l ɚ
chancey,cmudict,CH AE1 N S IY0
chancy,cmudict,CH AE1 N S IY0
chancy,wikipron,t ʃ æ n s i
chanda,cmudict,CH AE1 N D AH0
chandler,cmudict,CH AE1 N D L ER0
chandler,wikipron,t͡ʃ æ n d l ɚ
chandra,cmudict,CH AE1 N D R AH0
chanel,cmudict,SH AH0 N EH1 L
chaney,cmudict,CH EY1 N IY0
chang,cmudict,CH AE1 NG
change,cmudict,CH EY1 N JH
change,wikipron,t͡ʃ e ɪ n d͡ʒ
chanin,cmudict,CH AE1 N IH0 N
channel,cmudict,CH AE1 N AH0 L
channel,wikipron,t͡ʃ e ə̯ n ə l
channell,cmudict,CH AE1 N AH0 L
channing,cmudict,CH AE1 N IH0 NG
channing,wikipron,t͡ʃ æ n ɪ ŋ
channon,cmudict,CH AE1 N AH0 N
chanson,cmudict,SH AA1 N S AO2 N
chanson,wikipron,ʃ ɑ̃ s ɔ̃
chantal,cmudict,CH AE1 N T AH0 L
chanter,wikipron,t͡ʃ æ n t ɚ
chao,cmudict,CH AW1
chao,wikipron,t͡ʃ a ʊ
chapman,cmudict,CH AE1 P M AH0 N
chapman,wikipron,t͡ʃ æ p m ə n
chappell,cmudict,CH AE1 P AH0 L
chappie,cmudict,CH AE1 P IY0
char,cmudict,CH AA1 R
char,wikipron,k ɑ ɹ
chara,cmudict,CH AA1 R AH0
chara,wikipron,k ɑː ɹ ə
charging,cmudict,CH AA1 R JH IH0 NG
charging,wikipron,t͡ʃ ɑ ɹ d͡ʒ ɪ ŋ
charis,wikipron,k e ɪ ɹ ɪ s
charisma,cmudict,K ER0 IH1 Z M AH0
charisma,wikipron,k ə ɹ ɪ z m ə
charissa,cmudict,K AA0 R IY1 S AH0
charita,cmudict,K AA0 R IY1 T AH0
charity,cmudict,CH EH1 R IH0 T IY0
charity,wikipron,t͡ʃ æ ɹ ə t i
chark,wikipron,t͡ʃ ɑː k
charla,cmudict,CH AA1 R L AH0
charle,cmudict,CH AA1 R L
charleen,cmudict,CH AA0 R L IY1 N
charlene,cmudict,SH AA0 R L IY1 N
charlene,wikipron,ʃ ɑ ɹ l i n
charles,cmudict,CH AA1 R L Z
charles,wikipron,t͡ʃ ɑ ɹ l z
charleston,cmudict,CH AA1 R L S T AH0 N
charleston,wikipron,t ʃ ɑ ɹ l s t ə n
charlet,cmudict,CH AA1 R L IH0 T
charley,cmudict,CH AA1 R L IY0
charley,wikipron,t͡ʃ ɑː l i
charlie,cmudict,CH AA1 R L IY0
charlie,wikipron,t ʃ ɑ ɹ l i
charline,cmudict,SH AA0 R L IY1 N
charlotte,cmudict,SH AA1 R L AH0 T
charlotte,wikipron,ʃ ɑ ɹ l ə t
charlton,cmudict,CH AA1 R L T AH0 N
charlton,wikipron,t ʃ ɑː l t ə n
charlyne,wikipron,t͡ʃ ɑ ɹ l i n
charm,cmudict,CH AA1 R M
charm,wikipron,t͡ʃ ɑ ɹ m
charmain,cmudict,SH AA0 R M EY1 N
charmaine,cmudict,SH AA0 R M EY1 N
charmian,cmudict,CH AA1 R M IY0 AH0 N
charon,cmudict,K EH1 R AH0 N
charon,wikipron,k ɛ ə ɹ ɑ n
charpie,cmudict,CH AA1 R P IY0
charpie,wikipron,t͡ʃ ɑ ɹ p i
charron,cmudict,CH EH1 R AH0 N
charyl,cmudict,CH AE1 R AH0 L
chas,cmudict,CH AA1 Z
chase,cmudict,CH EY1 S
chase,wikipron,t͡ʃ e ɪ s
chasen,cmudict,CH EY1 S AH0 N
chason,cmudict,CH AE1 S AH0 N
chastity,cmudict,CH AE1 S T AH0 T IY0
chastity,wikipron,t͡ʃ e ɪ s t ɪ t i
chato,cmudict,CH EY1 T OW0
chatter,cmudict,CH AE1 T ER0
chatter,wikipron,t͡ʃ æ t ɚ
chaun,wikipron,t͡ʃ ɔː n
chauncey,cmudict,CH AO1 N S IY0
chauncy,cmudict,CH AO1 N S IY0
chavarria,cmudict,CH AH0 V AE1 R IY0 AH0
chavel,wikipron,t͡ʃ æ v ə l
chaver,wikipron,x ɑ v ɛ ɹ
chavez,cmudict,SH AA1 V EH0 Z
chavin,cmudict,CH EY1 V IH0 N
chavis,cmudict,CH AE1 V IH0 S
chaz,cmudict,CH AE1 Z
chaz,wikipron,t͡ʃ æ z
che,cmudict,CH EY1
cheer,cmudict,CH IH1 R
cheer,wikipron,t͡ʃ ɪ ɹ
chela,wikipron,k i l ə
chelsea,cmudict,CH EH1 L S IY0
chelsea,wikipron,t͡ʃ ɛ l s i
chen,cmudict,CH EH1 N
chen,wikipron,t͡ʃ ɛ n
cheng,cmudict,CH EH1 NG
cheng,wikipron,t͡ʃ æ ŋ
cher,cmudict,SH EH1 R
cher,wikipron,ʃ ɛ ɹ
cheri,cmudict,SH EH1 R IY0
cheri,wikipron,ʃ ə ɹ iː
cherie,cmudict,SH EH1 R IY0
cherish,cmudict,CH EH1 R IH0 SH
cherish,wikipron,t͡ʃ ɛ ɹ ɪ ʃ
cherokee,cmudict,CH EH1 R AH0 K IY2
cherokee,wikipron,t͡ʃ ɛ ɹ ə k iː
cherry,cmudict,CH EH1 R IY0
cherry,wikipron,t͡ʃ ɛ ɹ i
chertoff,cmudict,CH ER1 T AA0 F
chery,cmudict,CH EH1 R IY0
cheryl,cmudict,SH EH1 R AH0 L
cheryl,wikipron,ʃ ɛ ɹ ə l
chesley,cmudict,CH EH1 S L IY0
chesney,cmudict,CH EH1 S N IY0
chester,cmudict,CH EH1 S T ER0
chester,wikipron,t͡ʃ ɛ s t ɚ
chesters,cmudict,CH EH1 S T ER0 Z
cheston,cmudict,CH EH1 S T AH0 N
cheswick,wikipron,t͡ʃ ɛ z ɪ k
chet,cmudict,CH EH1 T
chet,wikipron,t͡ʃ ɛ t
cheung,cmudict,CH Y UW1 NG
cheung,wikipron,t͡ʃ uː ŋ
chevon,wikipron,ʃ ɛ v ə n
chevy,cmudict,SH EH1 V IY2
chevy,wikipron,ʃ ɛ v i
cheyenne,cmudict,SH AY0 EH1 N
cheyenne,wikipron,ʃ a ɪ e ə̯ n
cheyne,cmudict,CH EY1 N
cheyne,wikipron,t͡ʃ e ɪ n
chi,cmudict,K AY1
chi,wikipron,t͡ʃ a ɪ
chian,wikipron,k i ə n
chianti,cmudict,CH IY0 AE1 N T IY0
chianti,wikipron,k i æ n t i
chiara,cmudict,K Y AA1 R AH0
chicano,cmudict,CH IH0 K AA1 N OW0
chicano,wikipron,t͡ʃ ɪ k ɑ n o ʊ
chico,cmudict,CH IY1 K OW2
chiffon,cmudict,SH IH0 F AA1 N
chiffon,wikipron,ʃ ɪ f ɑ n
childers,cmudict,CH IH1 L D ER0 Z
childress,cmudict,CH IH1 L D R IH0 S
childs,cmudict,CH AY1 L D Z
chimes,cmudict,CH AY1 M Z
chimes,wikipron,t͡ʃ a ɪ m z
chin,cmudict,CH IH1 N
chin,wikipron,t͡ʃ ɪ n
china,cmudict,CH AY1 N AH0
china,wikipron,t ʃ i n ɑː
chine,wikipron,t͡ʃ a ɪ n
chip,cmudict,CH IH1 P
chip,wikipron,t͡ʃ ɪ p
chiquita,cmudict,K IH0 K W IY1 T AH0
chiro,wikipron,k a ɪ ɹ o ʊ
chivas,cmudict,CH IY1 V AH0 S
chloe,cmudict,K L OW1 IY0
chloe,wikipron,k l o ʊ i
chlorpromazine,wikipron,k l ɔ ɹ p ɹ o ʊ m ə z iː n
cho,cmudict,CH OW1
cho,wikipron,t͡ʃ o ʊ
choi,cmudict,CH OY1
choi,wikipron,t ʃ ɔ ɪ
chok,cmudict,CH AA1 K
chok,wikipron,x o k
chope,wikipron,t͡ʃ ə ʊ p
chopper,cmudict,CH AA1 P ER0
chopper,wikipron,t͡ʃ ɑ p ɚ
chris,cmudict,K R IH1 S
chris,wikipron,k ɹ ɪ s
chriss,cmudict,K R IH1 S
chrissie,cmudict,K R IH1 S IY0
chrissie,wikipron,k ɹ ɪ s i
chrissy,cmudict,K R IH1 S IY0
chrissy,wikipron,k ɹ ɪ s i
christ,cmudict,K R AY1 S T
christ,wikipron,k ɹ a ɪ s t
christa,cmudict,K R IH1 S T AH0
christal,cmudict,K R IH1 S T AH0 L
christel,cmudict,K R IH1 S T AH0 L
christen,cmudict,K R IH1 S AH0 N
christen,wikipron,k ɹ ɪ s ə n
christensen,cmudict,K R IH1 S T AH0 N S AH0 N
christer,wikipron,k ɹ a ɪ s t ɚ
christi,cmudict,K R IH1 S T IY0
christiaan,cmudict,K R IH1 S T IY0 AA2 N
christian,cmudict,K R IH1 S CH AH0 N
christian,wikipron,k ɹ ɪ s t i ə n
christiana,cmudict,K R IH2 S T IY0 AE1 N AH0
christiana,wikipron,k ɹ ɪ s t i æ n ə
christiane,cmudict,K R IH0 S T IY0 AA1 N
christianna,cmudict,K R IH2 S T IY0 AE1 N AH0
christianne,cmudict,K R IH0 S T IY0 AA1 N
christiansen,cmudict,K R IH1 S CH AH0 N S AH0 N
christie,cmudict,K R IH1 S T IY0
christie,wikipron,k ɹ ɪ s t i
christina,cmudict,K R IH0 S T IY1 N AH0
christina,wikipron,k ɹ ɪ s t iː n ə
christine,cmudict,K R IH0 S T IY1 N
christine,wikipron,k ɹ ɪ s t iː n
christo,cmudict,K R IH1 S T OW0
christon,cmudict,K R IH1 S T AH0 N
christoph,cmudict,K R IH1 S T AO0 F
christophe,cmudict,K R IH0 S T AO1 F
christopher,cmudict,K R IH1 S T AH0 F ER0
christopher,wikipron,k ɹ ɪ s t ə f ɚ
christy,cmudict,K R IH1 S T IY0
christy,wikipron,k ɹ ɪ s t i
chronic,cmudict,K R AA1 N IH0 K
chronic,wikipron,k ɹ ɑ n ɪ k
chrystal,cmudict,K R IH1 S T AH0 L
chu,cmudict,CH UW1
chu,wikipron,t ʃ u
chub,wikipron,t͡ʃ ʌ b
chuck,cmudict,CH AH1 K
chuck,wikipron,t͡ʃ ʌ k
chuckie,cmudict,CH AH1 K IY0
chucky,wikipron,t͡ʃ ʌ k i
chula,cmudict,CH UW1 L AH0
chung,cmudict,CH AH1 NG
chung,wikipron,t͡ʃ ʌ ŋ
church,cmudict,CH ER1 CH
church,wikipron,t͡ʃ ɝ t͡ʃ
chyle,wikipron,k a ɪ l
cian,cmudict,SH IY1 N
ciara,wikipron,k i ə ɹ ɑ
cicely,cmudict,S IH1 S AH0 L IY0
cicely,wikipron,s ɪ s ə l i
cicero,cmudict,S IH1 S ER0 OW2
cicero,wikipron,k ɪ k ɛ ɹ o ʊ
cicily,cmudict,CH IH1 CH AH0 L IY0
ciera,cmudict,S IY1 R AA0
ciera,wikipron,s i ɛ ɹ ə
cinderella,cmudict,S IH2 N D ER0 EH1 L AH0
cinderella,wikipron,s ɪ n d ə ɹ ɛ l ə
cindie,cmudict,S AY1 N D IY0
cindy,cmudict,S IH1 N D IY0
cindy,wikipron,s ɪ n d i
cingle,wikipron,s ɪ ŋ ɡ ə l
cinnamon,cmudict,S IH1 N AH0 M AH0 N
cinnamon,wikipron,s ɪ m ɪ n
cipriano,cmudict,CH IY0 P R IY0 AA1 N OW0
ciprofloxacin,wikipron,s ɪ p ɹ ə f l ɑ k s ə s ɪ n
cisco,cmudict,S IH1 S K OW2
cisco,wikipron,s ɪ s k o ʊ
cisneros,cmudict,S IH0 S N EH1 R OW2 S
cissy,wikipron,s ɪ s i
cital,wikipron,s a ɪ d ə l
city,cmudict,S IH1 T IY0
city,wikipron,s ɪ t i
civic,cmudict,S IH1 V IH0 K
civic,wikipron,s ɪ v ɪ k
claiborne,cmudict,K L EY1 B ER0 N
clair,cmudict,K L EH1 R
claire,cmudict,K L EH1 R
claire,wikipron,k l e ɹ
clancy,cmudict,K L AE1 N S IY0
clancy,wikipron,k l æ n s i
clara,cmudict,K L AE1 R AH0
clara,wikipron,k l æ ɹ ə
clare,cmudict,K L EH1 R
clare,wikipron,k l ɛ ɚ
clarence,cmudict,K L EH1 R AH0 N S
clarence,wikipron,k l æ ɹ ə n s
claret,wikipron,k l æ ɹ ə t
claretha,wikipron,k l ə ɹ iː θ ə
claribel,cmudict,K L EH1 R AH0 B EH2 L
claribel,wikipron,k l æ ɹ ə b ɛ l
clarice,cmudict,K L ER0 IY1 S
clarice,wikipron,k l æ ɹ ɪ s
clarinda,cmudict,K L ER0 IH1 N D AH0
clarinda,wikipron,k l ə ɹ ɪ n d ə
clarine,cmudict,K L EH1 R IY0 N
clarissa,cmudict,K L ER0 IH1 S AH0
clarissa,wikipron,k l ə ɹ ɪ s ə
clarisse,cmudict,K L AE1 R IH0 S
clarisse,wikipron,k l e ɪ ɹ iː s
clarita,cmudict,K L AA0 R IY1 T AH0
clarity,cmudict,K L EH1 R AH0 T IY0
clarity,wikipron,k l æ ɹ ɪ t i
clark,cmudict,K L AA1 R K
clarke,cmudict,K L AA1 R K
clarridge,cmudict,K L AE1 R IH0 JH
claud,cmudict,K L AO1 D
claude,cmudict,K L AO1 D
claude,wikipron,k l ɑ d
claudette,cmudict,K L OW0 D EH1 T
claudia,cmudict,K L AO1 D IY0 AH0
claudie,cmudict,K L AO1 D IY0
claudina,cmudict,K L AO1 D IH0 N AH0
claudine,cmudict,K L AO0 D IY1 N
claudio,cmudict,K L AO1 D IY0 OW2
claudius,cmudict,K L AO1 D IY0 AH0 S
claudius,wikipron,k l ɔ d i ə s
clave,wikipron,k l e ɪ v
clay,cmudict,K L EY1
clay,wikipron,k l e ɪ
clayborn,cmudict,K L EY1 B ER0 N
clays,cmudict,K L EY1 Z
clays,wikipron,k l e ɪ z
clayton,cmudict,K L EY1 T AH0 N
clayton,wikipron,k l e ɪ t ə n
clell,cmudict,K L EH1 L
clem,cmudict,K L EH1 M
clem,wikipron,k l ɛ m
clement,cmudict,K L EH1 M AH0 N T
clement,wikipron,k l ɛ m ə n t
clemente,cmudict,K L AH0 M EH1 N T EY0
clementine,cmudict,K L EH1 M AH0 N T AY2 N
clementine,wikipron,k l ɛ m ə n t a ɪ n
clements,cmudict,K L EH1 M AH0 N T S
clemmie,cmudict,K L EH1 M IY0
clemons,cmudict,K L EH1 M AH0 N Z
cleo,cmudict,K L IY1 OW0
cleo,wikipron,k l iː o ʊ
cleopatra,cmudict,K L IY2 AH0 P AE1 T R AH0
cleopatra,wikipron,k l iː o ʊ p æ t ɹ ə
cleta,wikipron,k l iː t ə
cletus,wikipron,k l iː t ə s
cleve,cmudict,K L IY1 V
cleveland,cmudict,K L IY1 V L AH0 N D
cleveland,wikipron,k l iː v l ə n d
cliff,cmudict,K L IH1 F
cliff,wikipron,k l ɪ f
clifford,cmudict,K L IH1 F ER0 D
clifford,wikipron,k l ɪ f ə ɹ d
clifton,cmudict,K L IH1 F T AH0 N
clifton,wikipron,k l ɪ f t ə n
cline,cmudict,K L AY1 N
cline,wikipron,k l a ɪ n
cling,cmudict,K L IH1 NG
cling,wikipron,k l ɪ ŋ
clint,cmudict,K L IH1 N T
clint,wikipron,k l ɪ n t
clinton,cmudict,K L IH1 N T AH0 N
clinton,wikipron,k l ɪ n t n̩
clive,cmudict,K L AY1 V
clive,wikipron,k l a ɪ v
clocker,cmudict,K L AA1 K ER0
clonidine,cmudict,K L AA1 N IH0 D IY2 N
clonidine,wikipron,k l ɑ n ə d iː n
clopidogrel,wikipron,k l o ʊ p ɪ d ə ɡ ɹ ɛ l
clorinda,cmudict,K L AO0 R IY1 N D AH0
closen,wikipron,k l o ʊ s ə n
clover,cmudict,K L OW1 V ER0
clover,wikipron,k l o ʊ v ɚ
clovis,cmudict,K L OW1 V IH0 S
clovis,wikipron,k l o ʊ v ɪ s
clown,cmudict,K L AW1 N
clown,wikipron,k l a ʊ̯ n
cloyd,cmudict,K L OY1 D
cloyed,wikipron,k l ɔ ɪ d
clue,cmudict,K L UW1
clue,wikipron,k l uː
cluse,wikipron,k l u z
clyde,cmudict,K L AY1 D
clyde,wikipron,k l a ɪ d
coaster,cmudict,K OW1 S T ER0
coaster,wikipron,k o ʊ̯ s t ɚ
coates,cmudict,K OW1 EY1 T S
coates,wikipron,k o ʊ t s
cob,cmudict,K AA1 B
cob,wikipron,k ɑ b
cobb,cmudict,K AA1 B
coby,cmudict,K OW1 B IY0
cochran,cmudict,K AA1 K R AH0 N
cocos,cmudict,K OW1 K OW2 Z
cody,cmudict,K OW1 D IY0
cody,wikipron,k o ʊ d i
coeburn,cmudict,K OW1 B ER0 N
coffey,cmudict,K AA1 F IY0
coffman,cmudict,K AO1 F M AH0 N
cohen,cmudict,K OW1 AH0 N
cohen,wikipron,k o ʊ ə n
coker,cmudict,K OW1 K ER0
colander,cmudict,K AA1 L AH0 N D ER0
colander,wikipron,k ɑ l ə n d ɚ
colbert,cmudict,K OW1 L B ER0 T
colbert,wikipron,k o ʊ l b ɚ t
colborne,cmudict,K OW1 L B AO0 R N
colby,cmudict,K OW1 L B IY0
colby,wikipron,k o ʊ l b i
coldwater,cmudict,K OW1 L D W AO2 T ER0
cole,cmudict,K OW1 L
cole,wikipron,k o ʊ l
coleen,cmudict,K AO0 L IY1 N
coleman,cmudict,K OW1 L M AH0 N
coleman,wikipron,k o ʊ l m ə n
colen,cmudict,K OW1 L AH0 N
colesevelam,wikipron,k o ʊ l ə s ɛ v ə l æ m
coletta,cmudict,K OW0 L EH1 T AH0
colette,cmudict,K OW1 L EH1 T
coley,cmudict,K OW1 L IY0
colier,cmudict,K OW1 L IY0 ER0
colin,cmudict,K OW1 L IH0 N
colin,wikipron,k o ʊ l ɪ n
colleen,cmudict,K AA2 L IY1 N
colleen,wikipron,k ɑ l i n
collen,cmudict,K AA1 L AH0 N
collette,cmudict,K AH0 L EH1 T
collie,cmudict,K AA1 L IY0
collie,wikipron,k ɑ l i
collier,cmudict,K AA1 L Y ER0
collier,wikipron,k ɑ l i ɚ
collin,cmudict,K AA1 L IH0 N
collins,cmudict,K AA1 L IH0 N Z
collins,wikipron,k ɑ l ɪ n z
collis,cmudict,K AA1 L IH0 S
colodny,cmudict,K AH0 L AA1 D N IY0
colon,cmudict,K OW1 L AH0 N
colon,wikipron,k o ʊ l o ʊ n
colonel,cmudict,K ER1 N AH0 L
colonel,wikipron,k ɝ n l̩
colt,cmudict,K OW1 L T
colt,wikipron,k o ʊ l t
colter,cmudict,K OW1 L T ER0
colter,wikipron,k o ʊ l t ɚ
colton,cmudict,K OW1 L T AH0 N
colton,wikipron,k o ʊ l t ə n
columbus,cmudict,K AH0 L AH1 M B AH0 S
columbus,wikipron,k ə l ʌ m b ə s
colvin,cmudict,K OW1 L V IH0 N
comanche,cmudict,K AH0 M AE1 N CH IY0
comanche,wikipron,k ə m æ n t͡ʃ i
combs,cmudict,K OW1 M Z
combs,wikipron,k o ʊ m z
comden,cmudict,K AA1 M D IH0 N
compaore,cmudict,K AA2 M P AH0 AO1 R IY0
compass,cmudict,K AH1 M P AH0 S
compass,wikipron,k ʌ m p ə s
compton,cmudict,K AA1 M P T AH0 N
compton,wikipron,k ɒ m p t ə n
conable,cmudict,K OW1 N AH0 B AH0 L
conan,cmudict,K OW1 N AH0 N
conan,wikipron,k o ʊ n ə n
concepcion,cmudict,K AH0 N S EH2 P S IY0 OW1 N
concha,cmudict,K AA1 N CH AH0
concha,wikipron,k ɑ ŋ k ə
conchita,cmudict,K AH0 N CH IY1 T AH0
concord,cmudict,K AA1 N K AO2 R D
concord,wikipron,k ɑ n k ɔ ɹ d
conic,cmudict,K AA1 N IH0 K
conic,wikipron,k ɑ n ɪ k
conklin,cmudict,K AA1 NG K L IH0 N
conley,cmudict,K AA1 N L IY0
conley,wikipron,k ɒ n l i
conlow,cmudict,K AA1 N L OW0
connell,cmudict,K AA1 N AH0 L
connell,wikipron,k ɑ n ə l
connelly,cmudict,K AA1 N AH0 L IY0
connelly,wikipron,k ɒ n ə l i
conner,cmudict,K AA1 N ER0
connie,cmudict,K AO1 N IY0
connie,wikipron,k ɒ n i
connolly,cmudict,K AO1 N AH0 L IY0
connor,cmudict,K AA1 N ER0
connor,wikipron,k ɒ n ə
connors,cmudict,K AA1 N ER0 Z
conny,cmudict,K AA1 N IY0
conrad,cmudict,K AA1 N R AE0 D
conrad,wikipron,k ɑ n ɹ æ d
conseco,cmudict,K AA0 N S EY1 K OW0
conserve,cmudict,K AH0 N S ER1 V
conserve,wikipron,k ɒ n s ɜː v
constance,cmudict,K AA1 N S T AH0 N S
constantina,cmudict,K AA0 N S T AA0 N T IY1 N AH0
constantine,cmudict,K AA1 N S T AH0 N T IY2 N
constantine,wikipron,k ɑ n s t ə n t i n
constantino,cmudict,K AA2 N S T AH0 N T IY1 N OW0
constantinos,cmudict,K AA2 N S T AH0 N T IY1 N OW0 S
consuela,cmudict,K AH0 N S W EY1 L AH0
contessa,wikipron,k ə n t ɛ s ə
contreras,cmudict,K AA0 N T R EH1 R AA0 Z
conway,cmudict,K AA1 N W EY2
conway,wikipron,k ɒ n w e ɪ
cook,cmudict,K UH1 K
cook,wikipron,k uː k
cooke,cmudict,K UH1 K
cookie,cmudict,K UH1 K IY0
cookie,wikipron,k ʊ k i
cooley,cmudict,K UW1 L IY0
cooley,wikipron,k u l i
cooper,cmudict,K UW1 P ER0
cooper,wikipron,k u p ɚ
cope,cmudict,K OW1 P
cope,wikipron,k o ʊ p
copeland,cmudict,K OW1 P L AH0 N D
copeland,wikipron,k o p l ə n d
copperman,cmudict,K AA1 P ER0 M AH0 N
copperman,wikipron,k ɑ p ɚ m ə n
coq,wikipron,k o ʊ k
cora,cmudict,K AO1 R AH0
cora,wikipron,k o ɹ ə
coral,cmudict,K AO1 R AH0 L
coral,wikipron,k ɔ ɹ ə l
coralie,cmudict,K AO1 R AH0 L IY0
corazon,cmudict,K AO1 R AH0 Z OW2 N
corb,wikipron,k ɔː b
corbel,cmudict,K AO1 R B AH0 L
corbett,cmudict,K AO1 R B IH0 T
corbin,cmudict,K AO1 R B IH0 N
corby,cmudict,K AO1 R B IY0
cord,cmudict,K AO1 R D
cord,wikipron,k o ɹ d
cordaro,cmudict,K ER0 D AA1 R OW0
cordelia,cmudict,K AO2 R D IY1 L IY2 AH0
cordelia,wikipron,k ɔ ɹ d i l i ə
cordell,cmudict,K AO2 R D EH1 L
cordero,cmudict,K ER0 D EH1 R OW0
cordie,cmudict,K AO1 R D IY0
cordova,cmudict,K AO2 R D OW1 V AH0
coretta,cmudict,K AO0 R EH1 T AH0
corey,cmudict,K AO1 R IY0
corey,wikipron,k ɔ ɹ i
corina,cmudict,K AO2 R IY1 N AH0
corinn,cmudict,K AO1 R IH0 N
corinna,cmudict,K AO2 R IH1 N AH0
corinne,cmudict,K ER0 IY1 N
corinne,wikipron,k ə ɹ ɪ n
corinthia,wikipron,k ə ɹ ɪ n θ i ə
corissa,cmudict,K AO2 R IH1 S AH0
corky,cmudict,K AO1 R K IY0
corliss,cmudict,K AO1 R L IH0 S
corneal,cmudict,K AO2 R N IY1 L
corneal,wikipron,k ɔː n i ə l
cornel,cmudict,K AO1 R N AH0 L
cornelia,cmudict,K AO0 R N IY1 L Y AH0
cornelia,wikipron,k ɔ ɹ n i l i ə
cornelio,cmudict,K ER0 N EH1 L IY0 OW0
cornelious,cmudict,K AO1 R N IH0 L IY0 IH0 S
cornelius,cmudict,K AO0 R N IY1 L Y AH0 S
cornelius,wikipron,k ɔ ɹ n i l i ə s
cornell,cmudict,K AO0 R N EH1 L
corners,cmudict,K AO1 R N ER0 Z
corners,wikipron,k ɔ ɹ n ɚ z
corolla,cmudict,K ER0 AA1 L AH0
corolla,wikipron,k ə ɹ o ʊ l ə
corona,cmudict,K ER0 OW1 N AH0
corona,wikipron,k ə ɹ o ʊ n ə
coronado,cmudict,K ER0 OW0 N AA1 D OW0
coronado,wikipron,k ɒ ɹ ə n ɑː d ə ʊ
correa,cmudict,K AO1 R IY0 AH0
corrie,cmudict,K AO1 R IY0
corrie,wikipron,k ɒ ɹ i
corrin,cmudict,K AO1 R IH0 N
corrina,cmudict,K ER0 IY1 N AH0
corry,cmudict,K AO1 R IY0
cort,cmudict,K AO1 R T
cortado,wikipron,k ɔ ɹ t ɑ d o ʊ
cortes,cmudict,K AO2 R T EH1 Z
cortez,cmudict,K AO0 R T EH1 Z
cortina,cmudict,K ER0 T IY1 N AH0
cortland,cmudict,K AO1 R T L AH0 N D
corwin,cmudict,K AO1 R W IH2 N
cory,cmudict,K AO1 R IY2
cory,wikipron,k ɔ ɹ i
cosette,cmudict,K AH0 S EH1 T
cosme,cmudict,K OW1 Z M EY1
cosmo,cmudict,K AO1 Z M OW0
costa,cmudict,K AO1 S T AA0
costa,wikipron,k ɑ s t ə
costello,cmudict,K AO2 S T EH1 L OW0
costello,wikipron,k ɑ s t ɛ l o ʊ
cote,cmudict,K OW1 T
cote,wikipron,k o ʊ t
cottee,cmudict,K OW0 T IY1
cotton,cmudict,K AA1 T AH0 N
cotton,wikipron,k ɑ t n̩
coty,cmudict,K OW1 T IY0
couch,cmudict,K AW1 CH
couch,wikipron,k uː t͡ʃ
coulter,cmudict,K OW1 L T ER0
coulter,wikipron,k o ʊ l t ɚ
councilor,cmudict,K AW1 N S AH0 L ER0
counsel,cmudict,K AW1 N S AH0 L
counsel,wikipron,k a ʊ n s ə l
courant,cmudict,K UH1 R AH0 N T
courant,wikipron,k ʊ ɹ ə n t
courtenay,cmudict,K ER1 T AH0 N EY0
courtland,cmudict,K AO1 R T L AE0 N D
courtney,cmudict,K AO1 R T N IY0
courtney,wikipron,k ɔː t n i
covarrubias,cmudict,K OW0 V AA0 R UW0 B IY1 AH0 Z
covington,cmudict,K AH1 V IH0 NG T AH0 N
cowan,cmudict,K AW1 AH0 N
cowan,wikipron,k a ʊ ə n
cower,cmudict,K AW1 ER0
cower,wikipron,k a ʊ ɚ
cowl,cmudict,K AW1 L
cowl,wikipron,k a ʊ l
cox,cmudict,K AA1 K S
cox,wikipron,k ɑ k s
coy,cmudict,K OY1
coy,wikipron,k ɔ ɪ
coyle,cmudict,K OY1 L
cozy,cmudict,K OW1 Z IY0
crabtree,cmudict,K R AE1 B T R IY2
cradock,cmudict,K R AE1 D AH0 K
craft,cmudict,K R AE1 F T
craft,wikipron,k ɹ æ f t
craig,cmudict,K R EY1 G
craig,wikipron,k ɹ e ɪ̯ ɡ
cramer,cmudict,K R EY1 M ER0
crandall,cmudict,K R AE1 N D AH0 L
crane,cmudict,K R EY1 N
crane,wikipron,k ɹ e ɪ n
cranston,cmudict,K R AE1 N S T AH0 N
cranston,wikipron,k ɹ æ n s t ə n
crawford,cmudict,K R AO1 F ER0 D
crawford,wikipron,k ɹ ɑ f ɚ d
creed,cmudict,K R IY1 D
creed,wikipron,k ɹ iː d
creighton,cmudict,K R EY1 T AH0 N
creighton,wikipron,k ɹ e ɪ t ə n
creme,cmudict,K R IY1 M
crenshaw,cmudict,K R EH1 N SH AO2
crews,cmudict,K R UW1 Z
crews,wikipron,k ɹ uː z
cricket,cmudict,K R IH1 K AH0 T
cricket,wikipron,k ɹ ɪ k ɪ t
cripple,cmudict,K R IH1 P AH0 L
cripple,wikipron,k ɹ ɪ p l
cris,cmudict,K R IH1 S
cris,wikipron,k ɹ ɪ s
crispin,cmudict,K R IH1 S P IH0 N
crispin,wikipron,k ɹ ɪ s p ɪ n
criss,cmudict,K R IH1 S
crist,cmudict,K R IH1 S T
crista,cmudict,K R IH1 S T AH0
crista,wikipron,k ɹ ɪ s t ə
cristal,cmudict,K R IH1 S T AH0 L
cristi,wikipron,k ɹ ɪ s t i
cristian,wikipron,k ɹ ɪ s t j ə n
cristina,cmudict,K R IH0 S T IY1 N AH0
cristobal,cmudict,K R IH1 S T AH0 B AH0 L
croat,cmudict,K R OW1 AA2 T
croat,wikipron,k ɹ o ʊ æ t
crocker,cmudict,K R AA1 K ER0
crockett,cmudict,K R AA1 K IH0 T
croix,cmudict,K R OY1
cronin,cmudict,K R OW1 N IH0 N
crop,cmudict,K R AA1 P
crop,wikipron,k ɹ ɑ p
crosby,cmudict,K R AO1 Z B IY0
crosby,wikipron,k ɹ ɑ z b i
cross,cmudict,K R AO1 S
cross,wikipron,k ɹ ɔ s
crouch,cmudict,K R AW1 CH
crouch,wikipron,k ɹ a ʊ̯ t͡ʃ
crow,cmudict,K R OW1
crow,wikipron,k ɹ o ʊ
crowder,cmudict,K R AW1 D ER0
crowder,wikipron,k ɹ a ʊ d ɚ
crowe,cmudict,K R OW1
crowley,cmudict,K R AW1 L IY0
crowley,wikipron,k ɹ a ʊ l i
croze,wikipron,k ɹ o ʊ z
crump,cmudict,K R AH1 M P
crump,wikipron,k ɹ ʌ m p
cruz,cmudict,K R UW1 Z
cruz,wikipron,k ɹ uː z
crystal,cmudict,K R IH1 S T AH0 L
crystal,wikipron,k ɹ ɪ s t ə l
cuauhtemoc,cmudict,K Y UW0 AW1 T AH0 M AA0 K
cuban,cmudict,K Y UW1 B AH0 N
cuban,wikipron,k j uː b ə n
cuellar,cmudict,K Y UW1 L ER0
cuevas,cmudict,K W EH1 V AA0 Z
cullen,cmudict,K AH1 L AH0 N
cullen,wikipron,k ʌ l ə n
cummings,cmudict,K AH1 M IH0 NG Z
cummings,wikipron,k ʌ m ɪ ŋ z
cummins,cmudict,K AH1 M IH0 N Z
cummins,wikipron,k ʌ m ɪ n z
cunningham,cmudict,K AH1 N IH0 NG HH AE2 M
cuong,cmudict,K W AO1 NG
cup,cmudict,K AH1 P
cup,wikipron,k ʌ p
cur,cmudict,K ER1
cur,wikipron,k ɝ
curley,cmudict,K ER1 L IY0
curran,cmudict,K ER1 AH0 N
curry,cmudict,K AH1 R IY0
curry,wikipron,k ɝ i
curt,cmudict,K ER1 T
curt,wikipron,k ɝ t
curtis,cmudict,K ER1 T AH0 S
curtis,wikipron,k ɝ t ɪ s
curtiss,cmudict,K ER1 T IH0 S
cushey,cmudict,K UH1 SH IY0
cuttle,wikipron,k ʌ t ə l
cutugno,cmudict,K Y UW0 T AH1 N Y OW0
cuz,wikipron,k ɒ z
cy,cmudict,S AY1
cy,wikipron,s a ɪ
cyd,cmudict,S IH1 D
cymbal,cmudict,S IH1 M B AH0 L
cymbal,wikipron,s ɪ m b ə l
cyndi,cmudict,S IH1 N D IY0
cynthia,cmudict,S IH1 N TH IY0 AH0
cynthia,wikipron,s ɪ n θ i ə
cyrena,cmudict,K IH0 R IY1 N AH0
cyril,cmudict,S IH1 R AH0 L
cyril,wikipron,s ɪ ɹ ə l
cyrus,cmudict,S AY1 R AH0 S
cyrus,wikipron,s a ɪ ɹ ə s
czartoryski,cmudict,S AA2 R T AO0 R IY1 S K IY0
dabah,cmudict,D AE1 B AH0
dabney,cmudict,D AE1 B N IY0
dacia,cmudict,D EY1 SH IY0 AH0
dacia,wikipron,d e ɪ ʃ ə
dacre,wikipron,d e ɪ k ɚ
dagmar,cmudict,D AE1 G M AA2 R
dahl,cmudict,D AA1 L
dahlia,cmudict,D AE1 L Y AH0
dahlia,wikipron,d e ɪ l j ə
dailey,cmudict,D EY1 L IY0
dain,cmudict,D EY1 N
daisey,cmudict,D EY1 S IY0
daisy,cmudict,D EY1 Z IY0
daisy,wikipron,d e ɪ z i
dakota,cmudict,D AH0 K OW1 T AH0
dal,cmudict,D AE1 L
dale,cmudict,D EY1 L
dale,wikipron,d e ɪ l
dalen,cmudict,D AE1 L AH0 N
daley,cmudict,D EY1 L IY0
daley,wikipron,d e ɪ l i
dalia,cmudict,D AA1 L Y AH0
dalila,cmudict,D AH0 L AY1 L AH0
dalis,cmudict,D AE1 L IH0 S
dallas,cmudict,D AE1 L AH0 S
dallas,wikipron,d æ l ə s
dalton,cmudict,D AO1 L T AH0 N
dalton,wikipron,d ɔ l t ə n
daly,cmudict,D EY1 L IY0
daly,wikipron,d æ l i
daman,cmudict,D EY1 M AH0 N
daman,wikipron,d ə m ɑː n
damaris,cmudict,D AH0 M AA1 R AH0 S
damian,cmudict,D EY1 M IY0 AH0 N
damianos,cmudict,D AA0 M IY2 AA1 N OW0 S
damien,cmudict,D EY1 M IY0 AH0 N
damita,cmudict,D AA0 M IY1 T AH0
damon,cmudict,D EY1 M AH0 N
damon,wikipron,d e ɪ m ə n
damone,cmudict,D AH0 M OW1 N
damons,cmudict,D EY1 M AH0 N Z
dan,cmudict,D AE1 N
dan,wikipron,d æ n
dana,cmudict,D EY1 N AH0
dana,wikipron,d e ɪ n ə
danae,wikipron,d æ n e ɪ iː
dandrea,cmudict,D AE1 N D R IY0 AH0
dane,cmudict,D EY1 N
danell,cmudict,D AH0 N EH1 L
danella,cmudict,D AH0 N EH1 L AH0
danelle,cmudict,D AH0 N EH1 L
dang,cmudict,D AE1 NG
dang,wikipron,d æ ŋ
dangelo,cmudict,D AE1 N JH AH0 L OW0
dani,cmudict,D AA1 N IY0
dania,cmudict,D EY1 N Y AH0
danica,cmudict,D AE1 N IH0 K AH0
danica,wikipron,d æ n ɪ k ə
daniel,cmudict,D AE1 N Y AH0 L
daniel,wikipron,d æ n j ə l
daniela,cmudict,D AE0 N Y EH1 L AH0
daniela,wikipron,d æ n j ɛ l ə
daniele,cmudict,D AE0 N Y EH1 L
daniell,cmudict,D AE1 N IY0 L
daniella,cmudict,D AE2 N Y EH1 L AH0
danielle,cmudict,D AE2 N IY0 EH1 L
danielle,wikipron,d æ n j ɛ l
daniels,cmudict,D AE1 N Y AH0 L Z
daniels,wikipron,d æ n j ə l z
daniloff,cmudict,D AE1 N AH0 L AO0 F
dankner,cmudict,D AE1 NG K N ER0
dann,cmudict,D AE1 N
danna,cmudict,D AE1 N AH0
dannie,cmudict,D AE1 N IY0
dannie,wikipron,d æ n i
danny,cmudict,D AE1 N IY0
danny,wikipron,d æ n i
dante,cmudict,D AA1 N T EY0
dante,wikipron,d ɑ n t e ɪ
danton,cmudict,D AE1 N T AH0 N
dapagliflozin,wikipron,d æ p ə ɡ l ə f l o ʊ z ɪ n
daphne,cmudict,D AE1 F N IY0
daphne,wikipron,d æ f n i
dara,cmudict,D AE1 R AH0
darby,cmudict,D AA1 R B IY0
darcey,cmudict,D AA1 R S IY0
darcie,cmudict,D AA1 R K IY0
darcy,cmudict,D AA1 R S IY0
darcy,wikipron,d ɑ ɹ s i
daren,cmudict,D AE1 R IH0 N
dari,wikipron,d ɑː ɹ i
daria,cmudict,D AA1 R IY0 AH0
darian,wikipron,d ɛ ɹ i ə n
darice,cmudict,D AA1 R IH0 S
darien,cmudict,D EH1 R IY0 AH0 N
darien,wikipron,d ɛ ɹ i ə n
darin,cmudict,D AE1 R IH0 N
dario,cmudict,D EH1 R IY0 OW2
darius,cmudict,D ER0 AY1 AH0 S
darius,wikipron,d æ ɹ i ə s
darla,cmudict,D AA1 R L AH0
darleen,cmudict,D AA1 R L IY2 N
darlene,cmudict,D AA1 R L IY2 N
darline,cmudict,D AA1 R L AY2 N
darling,cmudict,D AA1 R L IH0 NG
darling,wikipron,d ɑ ɹ l ɪ ŋ
darman,cmudict,D AA1 R M AH0 N
darnel,cmudict,D AA1 R N AH0 L
darnell,cmudict,D AA0 R N EH1 L
darrah,cmudict,D AE1 R AH0
darrel,cmudict,D EH1 R AH0 L
darrell,cmudict,D EH1 R AH0 L
darren,cmudict,D AA1 R AH0 N
darrick,cmudict,D AE1 R IH0 K
darrin,cmudict,D AE1 R IH0 N
darrow,cmudict,D EH1 R OW0
darryl,cmudict,D EH1 R AH0 L
darwin,cmudict,D AA1 R W IH0 N
darwin,wikipron,d ɑ ɹ w ɪ n
daryl,cmudict,D EH1 R AH0 L
dasilva,cmudict,D AH0 S IH1 L V AH0
dassie,wikipron,d æ s i
dater,wikipron,d e ɪ t ə
daugherty,cmudict,D AA1 K ER0 T IY0
daughter,cmudict,D AO1 T ER0
daughter,wikipron,d ɑ t ɚ
daun,cmudict,D AO1 N
dave,cmudict,D EY1 V
dave,wikipron,d e ɪ v
daven,wikipron,d ɑː v ə n
davenport,cmudict,D AE1 V AH0 N P AO2 R T
davenport,wikipron,d æ v ɪ n p ɔ ɹ t
davey,cmudict,D EY1 V IY0
davi,cmudict,D AA1 V IY0
davia,cmudict,D AA1 V IY0 AH0
david,cmudict,D EY1 V IH0 D
david,wikipron,d e ɪ v ə d
davida,cmudict,D AA0 V IY1 D AH0
davide,cmudict,D AH2 V IY1 D EY2
davidman,wikipron,d e ɪ v ɪ d m ə n
davidson,cmudict,D EY1 V IH0 D S AH0 N
davie,cmudict,D EY1 V IY0
davies,cmudict,D EY1 V IY0 Z
davila,cmudict,D AH0 V IH1 L AH0
davin,cmudict,D AE1 V IH0 N
davina,cmudict,D AA0 V IY1 N AH0
davis,cmudict,D EY1 V AH0 S
davis,wikipron,d e ɪ v ɪ s
davison,cmudict,D EY1 V IH0 S AH0 N
davit,wikipron,d e ɪ v ɪ t
davy,cmudict,D EY1 V IY0
davy,wikipron,d e ɪ v i
dawn,cmudict,D AO1 N
dawn,wikipron,d ɑ n
dawson,cmudict,D AO1 S AH0 N
dawson,wikipron,d ɔː s ə n
dax,cmudict,D AE1 K S
day,cmudict,D EY1
day,wikipron,d e ɪ
dayle,cmudict,D EY1 L
daylong,cmudict,D EY1 L AO2 NG
dayne,cmudict,D EY1 N
dayton,cmudict,D EY1 T AH0 N
dayton,wikipron,d e ɪ t ə n
de,cmudict,D IY1
de,wikipron,d ɛ
dea,cmudict,D IY1
deacons,cmudict,D IY1 K AH0 N Z
deal,cmudict,D IY1 L
deal,wikipron,d iː l
dean,cmudict,D IY1 N
dean,wikipron,d iː n
deana,cmudict,D IY2 AE1 N AH0
deandrea,cmudict,D AE1 D R IY0 AH0
deane,cmudict,D IY1 N
deangelo,cmudict,D AH0 NG G EH1 L OW0
deanna,cmudict,D IY2 AE1 N AH0
deb,cmudict,D EH1 B
deb,wikipron,d ɛ b
debate,cmudict,D AH0 B EY1 T
debate,wikipron,d ɪ b e ɪ t
debbie,cmudict,D EH1 B IY0
debbie,wikipron,d ɛ b i
debby,cmudict,D EH1 B IY0
debi,cmudict,D EH1 B IY0
debora,cmudict,D EH1 B R AH0
deborah,cmudict,D EH1 B ER0 AH0
debra,cmudict,D EH1 B R AH0
decan,wikipron,d i k æ n
decarlo,cmudict,D IH0 K AA1 R L OW0
december,cmudict,D IH0 S EH1 M B ER0
december,wikipron,d ɪ s ɛ m b ɚ
decker,cmudict,D EH1 K ER0
decker,wikipron,d ɛ k ɚ
declan,wikipron,d ɛ k l ə n
dede,cmudict,D IY1 D
dedrick,cmudict,D EH1 D R IH0 K
dee,cmudict,D IY1
dee,wikipron,d iː
deedee,cmudict,D IY1 D IY1
deedy,cmudict,D IY1 D IY0
deepak,cmudict,D IY1 P AE2 K
define,cmudict,D IH0 F AY1 N
define,wikipron,d ɪ f a ɪ n
deidre,cmudict,D IY1 D R AH0
deion,cmudict,D IY1 Y AA0 N
deirdre,cmudict,D IY1 R D R AH0
deirdre,wikipron,d eː ɹ d ɹ ə
deja,cmudict,D IY1 JH AH0
dejesus,cmudict,D IH0 JH IY1 Z AH0 S
deke,wikipron,d iː k
del,cmudict,D EH1 L
del,wikipron,d ɛ l
delacruz,cmudict,D EY0 L AA1 K R UW0 Z
delaine,cmudict,D IH0 L EY1 N
deland,cmudict,D IH0 L AE1 N D
delane,cmudict,D EH1 L AH0 N
delaney,cmudict,D AH0 L EY1 N IY0
delano,cmudict,D IH0 L AA1 N OW0
delano,wikipron,d ɛ l ə n ə ʊ
delarosa,cmudict,D EH0 L AA0 R OW1 S AH0
delatorre,cmudict,D EH0 L AA0 T AO1 R IY0
delaurentiis,cmudict,D IY0 L AO0 R EH1 N T IY2 Z
delbert,cmudict,D EH1 L B ER0 T
deleon,cmudict,D EH1 L IY0 AH0 N
deleon,wikipron,d ə l i ɑ n
delfina,cmudict,D EH2 L F IY1 N AH0
delfino,cmudict,D EH2 L F IY1 N OW0
delgado,cmudict,D EH0 L G AA1 D OW0
deli,cmudict,D EH1 L IY0
deli,wikipron,d ɛ l i
delia,cmudict,D IY1 L Y AH0
delicia,cmudict,D EH0 L IY1 CH AH0
delight,cmudict,D IH0 L AY1 T
delight,wikipron,d ə l a ɪ t
delila,cmudict,D EH0 L IY1 L AH0
delilah,cmudict,D AH0 L AY1 L AH0
delisa,cmudict,D EH0 L IY1 S AH0
delise,cmudict,D EH1 L AY0 Z
dell,cmudict,D EH1 L
dell,wikipron,d ɛ l
della,cmudict,D EH1 L AH0
della,wikipron,d ɛ l ə
delma,cmudict,D EH1 L M AH0
delmar,cmudict,D EH1 L M ER0
delmas,cmudict,D EH1 L M AH0 Z
delmer,cmudict,D EH1 L M ER0
delora,cmudict,D EH0 L AO1 R AH0
delores,cmudict,D AH0 L AO1 R IH0 S
deloria,cmudict,D EH0 L AO1 R IY0 AH0
deloris,cmudict,D EH1 L ER0 IH0 S
delossantos,cmudict,D EY0 L OW0 S AA1 N T OW0 Z
delphia,cmudict,D EH1 L F IY0 AH0
delphina,cmudict,D EH0 L F IY1 N AH0
delphine,cmudict,D EH0 L F IY1 N IY0
delray,cmudict,D EH2 L R EY1
delta,cmudict,D EH1 L T AH0
delta,wikipron,d ɛ l t ə
delves,cmudict,D EH1 L V Z
delves,wikipron,d ɛ l v z
delvin,cmudict,D EH1 L V IH0 N
delwin,cmudict,D EH1 L W IH0 N
delwyn,cmudict,D EH1 L W IH0 N
demar,cmudict,D IH0 M AA1 R
demarco,cmudict,D IH0 M AA1 R K OW0
demarcus,cmudict,D EH1 M AA0 R K IH0 S
demario,cmudict,D IH0 M AA1 R IY0 OW0
demaris,cmudict,D EH1 M ER0 IH0 S
demetria,cmudict,D IH0 M EH1 T R IY0 AH0
demetria,wikipron,d ɪ m iː t ɹ i ə
demetrio,cmudict,D IH0 M EH1 T R IY0 OW0
demetrius,cmudict,D IH0 M IY1 T R IY0 AH0 S
demi,cmudict,D EH1 M IY0
demi,wikipron,d ə m iː
demin,wikipron,d i m ɪ n
demirel,cmudict,D AH0 M IH1 R AH0 L
demon,cmudict,D IY1 M AH0 N
demon,wikipron,d iː m ə n
demond,cmudict,D AH0 M AA1 N D
demont,cmudict,D EH1 M AH0 N T
demonte,cmudict,D AH0 M AA1 N T IY0
dempsey,cmudict,D EH1 M P S IY0
dena,cmudict,D IY1 N AH0
denard,cmudict,D IH0 N AA1 R D
dene,wikipron,d ɛ n e ɪ
deneen,cmudict,D IH0 N IY1 N
denice,cmudict,D IH0 N IY1 S
denis,cmudict,D EH1 N IH0 S
denise,cmudict,D IH0 N IY1 S
denise,wikipron,d ə n iː s
denko,cmudict,D EH1 NG K OW0
dennie,cmudict,D EH1 N IY0
dennis,cmudict,D EH1 N IH0 S
dennison,cmudict,D EH1 N IH0 S AH0 N
denny,cmudict,D EH1 N IY0
deno,cmudict,D IY1 N OW0
denton,cmudict,D EH1 N T AH0 N
denton,wikipron,d ɛ n t ə n
dents,cmudict,D EH1 N T S
dents,wikipron,d ɛ n t s
denver,cmudict,D EH1 N V ER0
denver,wikipron,d ɛ n v ɚ
denys,cmudict,D EH1 N IH2 S
denyse,cmudict,D EH1 N AY0 S
denzel,cmudict,D EH1 N Z AH0 L
denzil,cmudict,D EH1 N Z AH0 L
deon,cmudict,D IY1 AA0 N
derek,cmudict,D EH1 R IH0 K
derek,wikipron,d ɛ ɹ ɪ k
derick,cmudict,D EH1 R IH0 K
derik,cmudict,D EH1 R IH0 K
derk,cmudict,D ER1 K
dermot,cmudict,D ER1 M AH0 T
dermot,wikipron,d ɝ m ə t
derrick,cmudict,D EH1 R IH0 K
derrick,wikipron,d ɛ ɹ ɪ k
derry,cmudict,D EH1 R IY0
derry,wikipron,d ɛ ɹ i
derwin,cmudict,D ER1 W IH0 N
deryck,cmudict,D EH1 R IH0 K
desai,cmudict,D EY0 S AA1 IY0
descartes,cmudict,D EY0 K AA1 R T
desert,cmudict,D EH1 Z ER0 T
desert,wikipron,d ə z ɝ t
desha,cmudict,D EH1 SH AH0
deshon,cmudict,D EH1 SH AH0 N
desi,cmudict,D EH1 Z IY0
desi,wikipron,d e ɪ s i
desiderio,cmudict,D IH0 S IY0 D EH1 R IY0 OW0
desire,cmudict,D IH0 Z AY1 ER0
desire,wikipron,d i z a ɪ ɚ
desiree,cmudict,D EH1 S AY0 R IY0
desma,cmudict,D IY1 S M AH0
desmond,cmudict,D EH1 Z M AH0 N D
desmond,wikipron,d ɛ z m ə n d
destin,cmudict,D EH1 S T IH0 N
destin,wikipron,d ɛ s t ɪ n
destiny,cmudict,D EH1 S T AH0 N IY0
destiny,wikipron,d ɛ s t ɪ n i
detour,cmudict,D IH0 T UH1 R
detour,wikipron,d i t o ɹ
detrick,cmudict,D EH1 T R IH0 K
deva,cmudict,D EY1 V AH0
deva,wikipron,d e ɪ v ə
devan,cmudict,D EH1 V AH0 N
devaughn,cmudict,D EH1 V AO0 N
devera,cmudict,D EY0 V EH1 R AH0
devi,wikipron,d e ɪ v i
devin,cmudict,D EH1 V IH0 N
devin,wikipron,d ɛ v ɪ n
devine,cmudict,D AH0 V AY1 N
devita,cmudict,D IH0 V IY1 T AH0
devlin,cmudict,D EH1 V L IH0 N
devlin,wikipron,d ɛ v l ɪ n
devon,cmudict,D EH1 V AH0 N
devon,wikipron,d iː v ə n
devona,cmudict,D EH1 V AH0 N AH0
dewan,cmudict,D UW1 AH0 N
dewan,wikipron,d e ɪ w ɑː n
deware,cmudict,D UW1 EH0 R
dewayne,cmudict,D IH0 W EY1 N
dewey,cmudict,D UW1 IY0
dewey,wikipron,d uː i
dewitt,cmudict,D AH0 W IH1 T
dewsbury,wikipron,d j uː z b ə ɹ i
dexter,cmudict,D EH1 K S T ER0
dexter,wikipron,d ɛ k s t ɚ
dia,cmudict,D IY1 AH0
diahann,cmudict,D AY2 AE1 N
diamond,cmudict,D AY1 M AH0 N D
diamond,wikipron,d a ɪ m ə n d
dian,cmudict,D AY1 AH0 N
diana,cmudict,D AY0 AE1 N AH0
diana,wikipron,d a ɪ æ n ə
diane,cmudict,D AY0 AE1 N
dianna,cmudict,D AY2 AE1 N AH0
dianne,cmudict,D AY0 AE1 N
diantha,cmudict,D AY2 AE1 N TH AH0
diaz,cmudict,D IY1 AE2 Z
dick,cmudict,D IH1 K
dick,wikipron,d ɪ k
dickens,cmudict,D IH1 K AH0 N Z
dickens,wikipron,d ɪ k ɪ n z
dickerson,cmudict,D IH1 K ER0 S AH0 N
dickey,cmudict,D IH1 K IY0
dickey,wikipron,d ɪ k i
dickie,cmudict,D IH1 K IY0
dickie,wikipron,d ɪ k i
dickinson,cmudict,D IH1 K IH0 N S AH0 N
dickinson,wikipron,d ɪ k ɪ n s ə n
dickson,cmudict,D IH1 K S AH0 N
dickson,wikipron,d ɪ k s ə n
dicky,cmudict,D IH1 K IY0
dicky,wikipron,d ɪ k i
diedre,cmudict,D IY1 D R AH0
diedre,wikipron,d ɪ ə d ɹ i
diego,cmudict,D IY0 EY1 G OW0
diego,wikipron,d i e ɪ ɡ o ʊ
diehl,cmudict,D IY1 L
dieter,cmudict,D IY1 T ER0
dietrich,cmudict,D IY1 T R IH0 K
diets,cmudict,D AY1 IH0 T S
dietz,cmudict,D IY1 T S
differ,cmudict,D IH1 F ER0
differ,wikipron,d ɪ f ɚ
dight,wikipron,d a ɪ t
dijkstra,wikipron,d a ɪ k s t ɹ ə
dijon,cmudict,D IY1 ZH AA2 N
dill,cmudict,D IH1 L
dill,wikipron,d ɪ l
dillard,cmudict,D IH1 L ER0 D
dillon,cmudict,D IH1 L AH0 N
dillon,wikipron,d ɪ l ə n
dimas,cmudict,D AY1 M AH0 Z
dime,cmudict,D AY1 M
dime,wikipron,d a ɪ m
dimenhydrinate,wikipron,d a ɪ m ɛ n h a ɪ d ɹ ɪ n e ɪ t
dimitri,cmudict,D IH0 M IY1 T R IY0
dimitrios,cmudict,D IH0 M IY1 T R IY0 OW2 S
dimitrius,cmudict,D IH0 M IY1 T R IY0 AH2 S
dimple,cmudict,D IH1 M P AH0 L
dimple,wikipron,d ɪ m p ə l
dina,cmudict,D IY1 N AH0
dina,wikipron,d iː n ə
dinah,cmudict,D AY1 N AH0
dinah,wikipron,d a ɪ n ə
dineen,cmudict,D IH0 N IY1 N
dino,cmudict,D IY1 N OW0
dino,wikipron,d i n o ʊ
dins,wikipron,d ɪ n z
dion,cmudict,D AY1 AH0 N
dion,wikipron,d iː ɑ n
diona,cmudict,D IY0 OW1 N AH0
dione,cmudict,D IY1 AA0 N
dione,wikipron,d a ɪ o ʊ n i
dionisio,cmudict,D AY2 AH0 N IH1 S IY0 OW2
dionne,cmudict,D IY1 AA0 N
dior,cmudict,D IY2 AO1 R
dirk,cmudict,D ER1 K
dirk,wikipron,d ɝ k
disa,cmudict,D IH1 S AH0
distance,cmudict,D IH1 S T AH0 N S
distance,wikipron,d ɪ s t n s
dith,cmudict,D IH1 TH
ditlow,cmudict,D IH1 T L OW0
dixie,cmudict,D IH1 K S IY0
dixie,wikipron,d ɪ k s i
dixon,cmudict,D IH1 K S AH0 N
dixon,wikipron,d ɪ k s ə n
dj,cmudict,D IY1 JH EY1
dj,wikipron,d i d͡ʒ e ɪ
djurdjevic,cmudict,JH ER1 JH AH0 V IH0 K
dmitri,cmudict,D AH0 M IY1 T R IY0
do,cmudict,D UW1
do,wikipron,d o ʊ
doan,cmudict,D OW1 N
dobbs,cmudict,D AA1 B Z
dobson,cmudict,D AA1 B S AH0 N
dobson,wikipron,d ɑ b s ə n
dock,cmudict,D AA1 K
dock,wikipron,d ɑ k
dodd,cmudict,D AA1 D
dodge,cmudict,D AA1 JH
dodge,wikipron,d ɑ d͡ʒ
dodi,cmudict,D OW1 D IY0
dodie,wikipron,d o ʊ d i
dodson,cmudict,D AA1 D S AH0 N
dodson,wikipron,d ɑ d s ə n
doers,cmudict,D UW1 ER0 Z
does,cmudict,D AH1 Z
does,wikipron,d o ʊ z
doherty,cmudict,D OW1 ER0 T IY0
dohme,cmudict,D OW1 M
dol,cmudict,D AA1 L
dolan,cmudict,D OW1 L AH0 N
dolan,wikipron,d o ʊ l ə n
dollie,cmudict,D AA1 L IY0
dolly,cmudict,D AA1 L IY0
dolly,wikipron,d ɑ l i
dolores,cmudict,D AH0 L AO1 R IH0 S
dolores,wikipron,d ə l ɔ ɹ ɪ s
domecq,cmudict,D OW2 M EH1 K
domenick,cmudict,D AA1 M IH0 N IH0 K
domenico,cmudict,D OW0 M EY1 N IY0 K OW0
dominelli,cmudict,D OW2 M IH0 N EH1 L IY0
domingo,cmudict,D OW0 M IH1 NG G OW0
dominguez,cmudict,D AH0 M IH1 NG IH0 Z
dominic,cmudict,D AA1 M AH0 N IH0 K
dominic,wikipron,d ɒ m ɪ n ɪ k
dominica,cmudict,D AH0 M IH1 N IH0 K AH0
dominica,wikipron,d ɑ m ɪ n iː k ə
dominick,cmudict,D AA1 M AH0 N IH0 K
dominik,cmudict,D AH0 M IH1 N IH0 K
dominique,cmudict,D AO0 M IH0 N IY1 K
don,cmudict,D AA1 N
don,wikipron,d ɑ n
dona,cmudict,D OW1 N AH0
donahue,cmudict,D AA1 N AH0 HH Y UW2
donald,cmudict,D AA1 N AH0 L D
donald,wikipron,d ɑ n ə l d
donalda,cmudict,D OW0 N AA1 L D AH0
donaldson,cmudict,D AA1 N AH0 L D S AH0 N
donata,cmudict,D AH0 N AA1 T AH0
donato,cmudict,D AH0 N AA1 T OW0
donavan,cmudict,D AA1 N AH0 V AE2 N
donella,cmudict,D OW0 N EH1 L AH0
donia,cmudict,D OW1 N IY0 AH0
donica,cmudict,D AA1 N IH0 K AH0
donjon,wikipron,d ʌ n d͡ʒ ə n
donn,cmudict,D AA1 N
donna,cmudict,D AA1 N AH0
donna,wikipron,d ä nː ə
donnell,cmudict,D AA1 N IH0 L
donnelly,cmudict,D AA1 N AH0 L IY0
donnie,cmudict,D AA1 N IY0
donnie,wikipron,d ɒ n i
donny,cmudict,D AA1 N IY0
donny,wikipron,d ɒ n i
donovan,cmudict,D AA1 N AH0 V AH0 N
donovan,wikipron,d ɒ n ə v ɪ n
dooley,cmudict,D UW1 L IY0
dop,wikipron,d ɑ p
dora,cmudict,D AO1 R AH0
dora,wikipron,d o ɹ ə
doran,cmudict,D AO0 R AE1 N
dorcas,cmudict,D AO1 R K AH0 S
dorcas,wikipron,d ɔ ɹ k ə s
doreen,cmudict,D AO0 R IY1 N
doreen,wikipron,d ɔː ɹ iː n
dorena,cmudict,D AO1 R IH0 N AH0
dorene,cmudict,D AO1 R IY0 N
dorette,cmudict,D ER0 EH1 T
dori,cmudict,D AO1 R IY0
doria,cmudict,D AO1 R IY0 AH0
dorian,cmudict,D AO1 R IY0 AH0 N
dorian,wikipron,d ɔː ɹ i ə n
dorice,cmudict,D AO1 R IH0 S
dorie,cmudict,D AO1 R IY0
dorinda,cmudict,D AO0 R IY1 N D AH0
dorinda,wikipron,d ɔː ɹ ɪ n d ə
dorine,cmudict,D AO0 R IY1 N IY0
doris,cmudict,D AO1 R AH0 S
doris,wikipron,d ɔ ɹ ɪ s
dorise,cmudict,D AO1 R AY0 Z
dorm,cmudict,D AO1 R M
dorm,wikipron,d o ɹ m
dorman,cmudict,D AO1 R M AH0 N
dornier,cmudict,D AO2 R N IH1 R
dornin,cmudict,D AO1 N IH0 N
doron,cmudict,D AO1 R AH0 N
dorothea,cmudict,D AO2 R AH0 TH IY1 AH0
dorothy,cmudict,D AO1 R AH0 TH IY0
dorothy,wikipron,d ɔ ɹ ə θ i
dorrie,cmudict,D AO1 R IY0
dorris,cmudict,D AO1 R IH0 S
dorsey,cmudict,D AO1 R S IY0
dorthea,cmudict,D AO1 R DH IY0 AH0
dorthy,cmudict,D AO1 R TH IY0
dory,cmudict,D AO1 R IY0
dory,wikipron,d ɔː ɹ i
dosa,wikipron,d o ʊ s ə
doss,cmudict,D AO1 S
doss,wikipron,b ɔ s
dotan,cmudict,D OW1 T AH0 N
dotson,cmudict,D AA1 T S AH0 N
dottie,cmudict,D AA1 T IY0
dotty,cmudict,D AA1 T IY0
dotty,wikipron,d ɑ t i
doublet,wikipron,d ʌ b l ə t
doug,cmudict,D AH1 G
doug,wikipron,d ʌ ɡ
dougherty,cmudict,D OW1 ER0 T IY0
douglas,cmudict,D AH1 G L AH0 S
douglas,wikipron,d ʌ ɡ l ə s
douglass,cmudict,D AH1 G L AH0 S
dov,cmudict,D AA1 V
dove,cmudict,D AH1 V
dove,wikipron,d ʌ v
dow,cmudict,D AW1
dow,wikipron,d a ʊ
downey,cmudict,D AW1 N IY0
downey,wikipron,d a ʊ n i
downing,cmudict,D AW1 N IH0 NG
downing,wikipron,d a ʊ n ɪ ŋ
downs,cmudict,D AW1 N Z
downs,wikipron,d a ʊ n z
doxycycline,wikipron,d a k s i s a ɪː k l i n
doy,wikipron,d ɔ ɪ
doyal,cmudict,D OY0 AA1 L
doyle,cmudict,D OY1 L
doyle,wikipron,d ɔ ɪ l
drake,cmudict,D R EY1 K
drake,wikipron,d ɹ e ɪ k
drap,wikipron,d ɹ æ p
draper,cmudict,D R EY1 P ER0
draper,wikipron,d ɹ e ɪ p ɚ
drayton,cmudict,D R EY1 T AH0 N
drayton,wikipron,d ɹ e ɪ t ə n
dread,cmudict,D R EH1 D
dread,wikipron,d ɹ ɛ d
drew,cmudict,D R UW1
drew,wikipron,d ɹ u ʊ̯
drexel,cmudict,D R EH1 K S AH0 L
driller,cmudict,D R IH1 L ER0
driller,wikipron,d ɹ ɪ l ɚ
drinker,cmudict,D R IH1 NG K ER0
drinker,wikipron,d ɹ ɪ ŋ k ɚ
driscoll,cmudict,D R IH1 S K AH0 L
driscoll,wikipron,d ɹ ɪ s k ə l
droppers,cmudict,D R AA1 P ER0 Z
dru,cmudict,D R UW1
dru,wikipron,d ɹ uː
drumming,cmudict,D R AH1 M IH0 NG
drumming,wikipron,d ɹ ʌ m ɪ ŋ
drusilla,cmudict,D R UW2 S IH1 L AH0
drusilla,wikipron,d ɹ u s ɪ l ə
duan,cmudict,D W AE1 N
duana,cmudict,D UW0 AE1 N AH0
duane,cmudict,D W EY1 N
duarte,cmudict,D W AA1 R T EY2
dubois,cmudict,D UW0 B OY1 S
dubois,wikipron,d u b w ɑ
duc,cmudict,D AH1 K
dudley,cmudict,D AH1 D L IY0
dudley,wikipron,d ʌ d l i
dueling,cmudict,D UW1 L IH0 NG
duff,cmudict,D AH1 F
duff,wikipron,d ʌ f
duffala,cmudict,D AH0 F AE1 L AH0
duffy,cmudict,D AH1 F IY0
duffy,wikipron,d ʌ f i
dugan,cmudict,D AH1 G AH0 N
duke,cmudict,D UW1 K
duke,wikipron,d uː k
dukes,cmudict,D UW1 K S
dulce,cmudict,D AH1 L S
dulce,wikipron,d ʌ l s
dulcie,cmudict,D AH1 L K IY0
dullard,wikipron,d ʌ l ɚ d
duloxetine,wikipron,d uː l ɑ k s ə t iː n
dunbar,cmudict,D AH1 N B AA0 R
duncan,cmudict,D AH1 NG K AH0 N
duncan,wikipron,d ʌ ŋ k ə n
dung,cmudict,D AH1 NG
dung,wikipron,d ʌ ŋ
dunham,cmudict,D AH1 N AH0 M
dunham,wikipron,d ʌ n ə m
dunhill,cmudict,D AH1 N HH IH2 L
dunlap,cmudict,D AH1 N L AE0 P
dunlap,wikipron,d ʌ n l æ p
dunn,cmudict,D AH1 N
dunn,wikipron,d ʌ n
dunnock,wikipron,d ʌ n ə k
duo,cmudict,D UW1 OW0
duo,wikipron,d j u o ʊ
duong,cmudict,D UW1 OW0 NG
dupree,cmudict,D AH0 P R IY1
duquesne,cmudict,D UW0 K EY1 N
duquesne,wikipron,d uː k e ɪ n
dur,wikipron,d uː ɹ
duran,cmudict,D ER0 AE1 N
durand,cmudict,D UH0 R AA1 N D
durch,cmudict,D ER1 CH
durell,cmudict,D Y UW1 R AH0 L
durenberger,cmudict,D UH1 R AH0 N B ER0 G ER0
durham,cmudict,D ER1 AH0 M
durham,wikipron,d ɝ ə m
duron,cmudict,D Y UW1 R AH0 N
duroy,wikipron,d ə ɹ ɔ ɪ
durrell,cmudict,D UH1 R AH0 L
durry,wikipron,d ɝ i
durward,cmudict,D ER1 W ER0 D
durwin,cmudict,D ER1 W IH0 N
dusett,cmudict,D UW1 S AH0 T
dusten,wikipron,d ʌ s t ə n
dustin,cmudict,D AH1 S T IH0 N
dustin,wikipron,d ʌ s t ɪ n
duston,cmudict,D AH1 S T AH0 N
dusty,cmudict,D AH1 S T IY0
dusty,wikipron,d ʌ s t i
dutch,cmudict,D AH1 CH
dutch,wikipron,d ʌ t͡ʃ
duval,cmudict,D UW0 V AE1 L
duvall,cmudict,D UW0 V AA1 L
duwayne,cmudict,D UW0 W EY1 N
dwan,cmudict,D W AA1 N
dwana,cmudict,D W AA1 N AH0
dwayne,cmudict,D W EY1 N
dwight,cmudict,D W AY1 T
dwyer,cmudict,D W AY1 ER0
dyan,cmudict,D AY0 AE1 N
dyana,cmudict,D AY0 AE1 N AH0
dyane,cmudict,D AY0 AE1 N
dye,cmudict,D AY1
dye,wikipron,d a ɪ
dyer,cmudict,D AY1 ER0
dyer,wikipron,d a ɪ ɚ
dyke,cmudict,D AY1 K
dyke,wikipron,d a ɪ̯ k
dylan,cmudict,D IH1 L AH0 N
dylan,wikipron,d ɪ l ə n
eamon,cmudict,IY1 M AH0 N
eamon,wikipron,e ɪ̯ m ə n
earby,wikipron,ɪ ə b i
earl,cmudict,ER1 L
earl,wikipron,ɝ l
earle,cmudict,ER1 L
earlene,cmudict,ER1 L IY0 N
earlie,cmudict,ER1 L IY0
earline,cmudict,ER1 L AY0 N
early,cmudict,ER1 L IY0
early,wikipron,ɚ̞ l i
earnest,cmudict,ER1 N IH0 S T
earnest,wikipron,ɝ n ɪ s t
earnie,wikipron,ɝ n i
eartha,cmudict,ER1 TH AH0
eartha,wikipron,ɝ θ ə
earvin,cmudict,ER1 V IH0 N
easter,cmudict,IY1 S T ER0
easter,wikipron,i s t ɚ
eastern,cmudict,IY1 S T ER0 N
eastern,wikipron,i s t ɚ n
easton,cmudict,IY1 S T AH0 N
easton,wikipron,iː s t ə n
eaton,cmudict,IY1 T AH0 N
eaton,wikipron,iː t ə n
eben,cmudict,EH1 B AH0 N
ebony,cmudict,EH1 B AH0 N IY0
ebony,wikipron,ɛ b ə n i
echo,cmudict,EH1 K OW0
echo,wikipron,ɛ k o ʊ
echohawk,cmudict,EH1 K OW0 HH AO2 K
eco,cmudict,IY1 K OW0
eco,wikipron,i k o ʊ
ector,cmudict,EH1 K T ER0
ed,cmudict,EH1 D
ed,wikipron,ɛ d
eda,cmudict,IY1 D AH0
eda,wikipron,iː d ə
edda,wikipron,ɛ d ə
eddie,cmudict,EH1 D IY0
eddie,wikipron,ɛ d i
eddy,cmudict,EH1 D IY0
eddy,wikipron,ɛ d i
edema,cmudict,IH0 D IY1 M AH0
edema,wikipron,ɪ d iː m ə
eden,cmudict,IY1 D AH0 N
eden,wikipron,iː d ə n
edenton,cmudict,EH1 D AH0 N T AH0 N
eder,cmudict,EH1 D ER0
edgar,cmudict,EH1 D G ER0
edgar,wikipron,ɛ d ɡ ɚ
edgy,cmudict,EH1 JH IY0
edgy,wikipron,ɛ d͡ʒ i
edie,cmudict,EH1 D IY0
edie,wikipron,iː d i
edina,cmudict,AH0 D IY1 N AH0
edison,cmudict,EH1 D IH0 S AH0 N
edison,wikipron,ɛ d ɪ s ə n
edith,cmudict,IY1 D IH0 TH
edith,wikipron,i d ɪ θ
edmond,cmudict,EH1 D M AH0 N D
edmonds,cmudict,EH1 D M AH0 N D Z
edmund,cmudict,EH1 D M AH0 N D
edmund,wikipron,ɛ d m ə n d
edmundo,cmudict,EH2 D M AH1 N D OW0
edna,cmudict,EH1 D N AH0
edna,wikipron,ɛ d n ə
edom,wikipron,i d ə m
edra,cmudict,EH1 D R AH0
edric,cmudict,EH1 D R IH0 K
edsel,cmudict,EH1 D S AH0 L
edson,cmudict,EH1 D S AH0 N
eduard,cmudict,EH1 D W ER0 D
eduardo,cmudict,EH0 D W AA1 R D OW0
eduardo,wikipron,ɛ d w ɑ ɹ d o ʊ
edward,cmudict,EH1 D W ER0 D
edward,wikipron,ɛ d w ɚ d
edwardo,wikipron,ɛ d w ɑː d ə ʊ
edwards,cmudict,EH1 D W ER0 D Z
edwards,wikipron,ɛ d w ɚ d z
edwin,cmudict,EH1 D W AH0 N
edwin,wikipron,ɛ d w ɪ n
edwina,cmudict,EH0 D W IY1 N AH0
edyth,cmudict,EH1 D IH0 TH
edythe,cmudict,EH1 D AY0 DH
een,wikipron,iː n
effie,cmudict,EH1 F IY0
effie,wikipron,ɛ f i
efren,wikipron,ɛ f ɹ ɛ n
eft,wikipron,ɛ f t
egan,cmudict,IY1 G AH0 N
egan,wikipron,iː ɡ ə n
egbert,cmudict,EH1 G B ER0 T
ehren,cmudict,EH1 R AH0 N
eider,wikipron,a ɪ d ə
eileen,cmudict,AY0 L IY1 N
eileen,wikipron,a ɪ l iː n
ein,cmudict,AY1 N
einar,cmudict,AY1 N ER0
eko,cmudict,EH1 K OW0
elaina,cmudict,IH0 L EY1 N AH0
elaine,cmudict,IH0 L EY1 N
elaine,wikipron,iː l e ɪ n
elam,cmudict,EH1 L AH0 M
elam,wikipron,iː l ə m
elan,cmudict,IY1 L AH0 N
elane,cmudict,IH0 L EY1 N
elayne,cmudict,IH0 L EY1 N
elba,wikipron,ɛ l b ə
elber,cmudict,EH1 L B ER0
elbert,cmudict,EH1 L B ER0 T
elden,cmudict,EH1 L D AH0 N
elden,wikipron,ɛ l d ə n
elder,cmudict,EH1 L D ER0
elder,wikipron,ɛ l d ɚ
eldin,cmudict,EH1 L D IH0 N
eldon,cmudict,IH0 L D AA1 N
eldon,wikipron,ɛ l d ə n
eldora,cmudict,EH0 L D AO1 R AH0
eldred,cmudict,EH1 L D ER0 D
eldridge,cmudict,EH1 L D R IH2 JH
eleanor,cmudict,EH1 L AH0 N AO0 R
eleanor,wikipron,ɛ l ə n o ɹ
eleanora,cmudict,EH2 L AH0 N AO1 R AH0
eleanore,cmudict,EH1 L AH0 N AO0 R
eleazar,wikipron,ɛ l i e ɪ z ɚ
electra,cmudict,IH0 L EH1 K T R AH0
electra,wikipron,ɪ l ɛ k t ɹ ə
elena,cmudict,EH1 L AH0 N AA0
elene,cmudict,EH1 L IY0 N
elexis,cmudict,EH0 L EH1 K S IH0 S
elf,cmudict,EH1 L F
elf,wikipron,ɛ l f
elgin,cmudict,EH1 L JH IH0 N
elgin,wikipron,ɛ l d ʒ ɪ n
eli,cmudict,IY1 L AY0
eli,wikipron,i l a ɪ
elia,cmudict,AH0 L AY1 AH0
elias,cmudict,AH0 L AY1 AH0 S
elie,cmudict,EH1 L IY0
elie,wikipron,ɛ l i
eliezer,wikipron,ɛ l i iː z ə
elijah,cmudict,EH0 L AY1 JH AH0
elijah,wikipron,ɪ l a ɪ d͡ʒ ə
elinor,cmudict,EH1 L IH0 N ER0
elio,cmudict,EH1 L IY0 OW0
eliot,cmudict,EH1 L IY0 AH0 T
eliott,cmudict,EH1 L IY0 AA0 T
elisa,cmudict,AH0 L IY1 S AH0
elisa,wikipron,ɪ l ʌ ɪ z ə
elisabeth,cmudict,IH0 L IH1 Z AH0 B IH0 TH
elisabeth,wikipron,ᵻ l ɪ s ə b ə θ
elise,cmudict,AH0 L IY1 S
elise,wikipron,iː l iː s
elisha,cmudict,EH1 L IH0 SH AH0
elisha,wikipron,ə l iː ʃ ə
elissa,cmudict,EH0 L IY1 S AH0
elissa,wikipron,ə l i s ə
eliza,cmudict,IH0 L AY1 Z AH0
eliza,wikipron,ɪ l a ɪ z ə
elizabeth,cmudict,IH0 L IH1 Z AH0 B AH0 TH
elizabeth,wikipron,ɪ l ɪ z ə b ə θ
elkins,cmudict,EH1 L K IH0 N Z
elkins,wikipron,ɛ l k ɪ n z
ella,cmudict,EH1 L AH0
ella,wikipron,ɛ l ə
elle,cmudict,EH1 L
ellen,cmudict,EH1 L AH0 N
ellen,wikipron,ɛ l ə n
ellena,cmudict,EH0 L EH1 N AH0
ellery,cmudict,EH1 L ER0 IY0
ellice,cmudict,EH1 L IH0 S
ellie,cmudict,EH1 L IY0
elliot,cmudict,EH1 L IY0 AH0 T
elliot,wikipron,ɛ l iː ə t
elliott,cmudict,EH1 L IY0 AH0 T
elliott,wikipron,ɛ l iː ə t
ellis,cmudict,EH1 L IH0 S
ellis,wikipron,ɛ l ɪ s
ellison,cmudict,EH1 L IH0 S AH0 N
ellison,wikipron,ɛ l ɪ s ə n
ellsworth,cmudict,EH1 L Z W ER0 TH
ellsworth,wikipron,ɛ l z w ɚ θ
ellwood,cmudict,EH1 L W UH2 D
elly,cmudict,EH1 L IY0
ellyn,cmudict,EH1 L IH0 N
elma,cmudict,EH1 L M AH0
elmer,cmudict,EH1 L M ER0
elmer,wikipron,ɛ l m ɚ
elmira,cmudict,EH0 L M AY1 R AH0
elmira,wikipron,ɛ l m a ɪ ɹ ə
elmo,cmudict,EH1 L M OW0
elmo,wikipron,ɛ l m o ʊ
elmore,cmudict,EH1 L M AO0 R
elna,cmudict,IH0 L N AA1
elnora,cmudict,EH0 L N AO1 R AH0
elois,wikipron,ɛ l ə w iː z
eloisa,cmudict,EH0 L OY1 S AH0
eloise,cmudict,IH0 L OY1 Z
eloise,wikipron,ɛ l ə w iː z
elon,wikipron,iː l ɒ n
elouise,cmudict,EH1 L AH0 W IY2 Z
eloy,cmudict,IY1 L OY0
elroy,cmudict,IH0 L R OY1
elroy,wikipron,ɛ l ɹ o ɪ
elsa,cmudict,EH1 L S AH0
elsa,wikipron,ɛ l s ə
elsie,cmudict,EH1 L S IY0
elson,cmudict,EH1 L S AH0 N
elson,wikipron,ɛ l s ə n
elston,cmudict,IH0 L S T AA1 N
elton,cmudict,EH1 L T AH0 N
elton,wikipron,ɛ l t ə n
elva,cmudict,EH1 L V AH0
elvera,cmudict,EY0 L V EH1 R AH0
elvia,cmudict,EH1 L V IY0 AH0
elvin,cmudict,EH1 L V IH0 N
elvina,cmudict,EH0 L V IY1 N AH0
elvira,cmudict,EH0 L V AY1 R AH0
elvis,cmudict,EH1 L V IH0 S
elvis,wikipron,ɛ l v ɪ s
elwin,cmudict,EH1 L W IH0 N
elwood,cmudict,EH1 L W UH2 D
elwood,wikipron,ɛ l w ʊ d
ely,cmudict,IY1 L AY0
elyse,cmudict,EH1 L AY0 S
elysia,cmudict,IH0 L IH1 ZH IY0 AH0
elyssa,wikipron,ə l i s ə
elza,cmudict,EH1 L Z AH0
ema,cmudict,IY1 M AH0
emanuel,cmudict,IH0 M AE1 N Y UW0 AH0 L
ember,cmudict,EH1 M B ER0
ember,wikipron,ɛ m b ɚ
embody,cmudict,IH0 M B AA1 D IY0
embody,wikipron,ɪ m b ɑ d i
emelda,cmudict,EH0 M EH1 L D AH0
emelie,cmudict,EH1 M AH0 L IY0
emeline,cmudict,EH1 M IH0 L AY2 N
emerald,cmudict,EH1 M R AH0 L D
emerald,wikipron,ɛ m ə ɹ ə l d
emerson,cmudict,EH1 M ER0 S AH0 N
emerson,wikipron,ɛ m ɚ s ə n
emery,cmudict,EH1 M ER0 IY0
emery,wikipron,ɛ m ə ɹ i
emil,cmudict,EH0 M IY1 L
emile,cmudict,EY0 M IY1 L
emilia,cmudict,AH0 M IY1 L IY0 AH0
emilie,cmudict,EH1 M AH0 L IY0
emilio,cmudict,AH0 M IY1 L IY0 OW0
emily,cmudict,EH1 M IH0 L IY0
emma,cmudict,EH1 M AH0
emma,wikipron,ɛ m ə
emmaline,cmudict,EH0 M AA0 L IY1 N IY0
emmanuel,cmudict,IH0 M AE1 N Y UW0 AH0 L
emmanuel,wikipron,ɪ m æ n j u ə l
emmeline,cmudict,EH1 M AH0 L AY2 N
emmet,cmudict,EH1 M IH0 T
emmet,wikipron,ɛ m ɪ t
emmett,cmudict,EH1 M IH0 T
emmie,cmudict,EH1 M IY0
emmit,cmudict,EH1 M IH0 T
emmitt,cmudict,EH1 M IH0 T
emmy,cmudict,EH1 M IY0
emmy,wikipron,ɛ m i
emon,wikipron,iː m ɒ n
emory,cmudict,EH1 M ER0 IY0
empagliflozin,wikipron,ɛ m p ə ɡ l ə f l o ʊ z ɪ n
ena,cmudict,EH1 N AH0
encarnacion,cmudict,IH0 N K AA0 R N AA0 S IY0 AO1 N
engel,cmudict,EH1 N G AH0 L
england,cmudict,IH1 NG G L AH0 N D
england,wikipron,ɪ ŋ l ə n d
engle,cmudict,EH1 NG G AH0 L
engle,wikipron,ɛ ŋ ɡ ə l
english,cmudict,IH1 NG G L IH0 SH
english,wikipron,i ŋ l ɪ ʃ
enholm,cmudict,EH1 N HH OW2 L M
enid,cmudict,IY1 N IH0 D
enid,wikipron,iː n ɪ d
ennis,cmudict,EH1 N IH0 S
enoch,cmudict,IY1 N AH0 K
enoch,wikipron,iː n ɒ k
enola,cmudict,IH0 N OW1 L AH0
enos,cmudict,IY1 N AH0 S
enow,wikipron,ə n a ʊ
enrico,cmudict,EH0 N R IY1 K OW0
enrique,cmudict,EH0 N R IY1 K EY0
enriquez,cmudict,IH0 N R IY1 K W EH0 Z
enters,cmudict,EH1 N T ER0 Z
enters,wikipron,ɛ n t ɚ z
enzo,cmudict,EH1 N Z OW0
enzo,wikipron,ɛ n z ə ʊ
eon,cmudict,IY1 AH0 N
eon,wikipron,e ɪ ɑ n
ephraim,cmudict,IY1 F R AH0 M
ephraim,wikipron,i f ɹ i ə m
epps,cmudict,EH1 P S
era,cmudict,EH1 R AH0
era,wikipron,ɛ ɹ ə
erdrich,cmudict,ER1 D R IH0 K
eric,cmudict,EH1 R IH0 K
eric,wikipron,ɛ ɹ ɪ k
erica,cmudict,EH1 R IH0 K AH0
erice,wikipron,ɛ ə ɹ ɪ t ʃ e ɪ
erich,cmudict,EH1 R IH0 K
erick,cmudict,EH1 R IH0 K
ericka,cmudict,EH1 R IH0 K AH0
erickson,cmudict,EH1 R IH0 K S AH0 N
erickson,wikipron,ɛ ɹ ɪ k s ə n
erie,cmudict,IH1 R IY0
erie,wikipron,i ɹ i
erik,cmudict,EH1 R IH0 K
erika,cmudict,EH1 R IH0 K AH0
erin,cmudict,EH1 R IH0 N
erin,wikipron,ɛ ɹ ɪ n
erina,cmudict,ER0 IY1 N AH0
erl,cmudict,ER1 L
erle,cmudict,EH1 R L AH0
erlene,cmudict,ER1 L IY0 N
erlick,cmudict,ER1 L IH0 K
erma,cmudict,ER1 M AH0
erminia,cmudict,ER0 M IY1 N IY0 AH0
ern,wikipron,ɝ n
erna,cmudict,ER1 N AH0
ernest,cmudict,ER1 N AH0 S T
ernestine,cmudict,ER1 N IH0 S T IY2 N
ernesto,cmudict,ER0 N EH1 S T OW0
ernie,cmudict,ER1 N IY0
ernie,wikipron,ɝ n i
ernst,cmudict,ER1 N S T
erol,cmudict,EH1 R AH0 L
eron,cmudict,IH1 R AA0 N
erra,cmudict,EH1 R AH0
errol,cmudict,EH1 R AH0 L
errol,wikipron,ɛ ɹ ə l
erskine,cmudict,ER1 S K AY2 N
ervin,cmudict,ER1 V IH2 N
erving,cmudict,ER1 V IH2 NG
erwin,cmudict,ER1 W IH2 N
erwin,wikipron,ɝ w ɪ n
esau,cmudict,IY1 S AO2
esau,wikipron,i s ɑ
escalante,cmudict,EH0 S K AA0 L AA1 N T IY0
escamilla,cmudict,EH0 S K AA0 M IH1 L AH0
escitalopram,wikipron,ɛ s ə t æ l ə p ɹ æ m
escobar,cmudict,EH1 S K OW0 B AA2 R
escobar,wikipron,ɛ s k ə b ɑː ɹ
escobedo,cmudict,EH0 S K OW0 B EY1 D OW0
escort,cmudict,EH0 S K AO1 R T
escort,wikipron,ɛ s k ɔ ɹ t
esen,wikipron,ɛ s ɛ n
eskandarian,cmudict,EH2 S K AH0 N D EH1 R IY0 AH0 N
esmeralda,wikipron,ɛ z m ə ɹ ɑː l d ə
esomeprazole,wikipron,ɛ s o ʊ m ɛ p ɹ ə z o ʊ l
esparza,cmudict,EH0 S P AA1 R Z AH0
espinosa,cmudict,EH0 S P IH0 N OW1 Z AH0
espinoza,cmudict,EY0 S P IY0 N OW1 Z AH0
esposito,cmudict,EH0 S P AH0 Z IY1 T OW0
esquivel,cmudict,EY0 S K W IY0 V EH1 L
essence,cmudict,EH1 S AH0 N S
essence,wikipron,ɛ s ə n s
essie,cmudict,EH1 S IY0
esta,cmudict,EH1 S T AH0
esteban,cmudict,EH1 S T AH0 B AA0 N
estee,cmudict,EH1 S T IY0
estee,wikipron,ɛ s t e ɪ
estel,cmudict,EH1 S T AH0 L
estell,cmudict,EH1 S T AH0 L
estella,cmudict,EH0 S T EH1 L AH0
estelle,cmudict,EH0 S T EH1 L
estelle,wikipron,ɛ s t ɛ l
ester,cmudict,EH1 S T ER0
ester,wikipron,ɛ s t ɚ
estes,cmudict,EH1 S T IY0 Z
estes,wikipron,ɛ s t i z
esther,cmudict,EH1 S T ER0
esther,wikipron,ɛ s t ɚ
estill,cmudict,EH0 S T IY1 L
eston,wikipron,ɛ s t ə n
estrada,cmudict,EH0 S T R AA1 D AH0
estrade,wikipron,ɪ s t ɹ ɑː d
estrella,cmudict,EH2 S T R EH1 L AH0
ethan,cmudict,IY1 TH AH0 N
ethan,wikipron,iː θ ə n
ethel,cmudict,EH1 TH AH0 L
ethel,wikipron,ɛ θ ɪ l
ethelyn,cmudict,EH1 TH IH0 L IH0 N
ether,cmudict,IY1 TH ER0
ether,wikipron,i θ ɚ
etienne,cmudict,EH1 T IY0 EH0 N
eton,cmudict,IY1 T AH0 N
eton,wikipron,iː ʔ n̩
etta,cmudict,EH1 T AH0
etta,wikipron,ɛ t ə
eu,cmudict,IY1 Y UW2
eubanks,cmudict,Y UW1 B AE0 NG K S
eudora,cmudict,Y UW0 D AO1 R AH0
eudora,wikipron,j uː d ɔ ə ɹ ə
eugene,cmudict,Y UW0 JH IY1 N
eugene,wikipron,j u d͡ʒ i n
eugenia,cmudict,Y UW2 JH IY1 N IY0 AH0
eugenia,wikipron,j uː d͡ʒ iː n i ə
eugenie,cmudict,Y UW2 JH IY1 N IY0
eugenie,wikipron,j uː d ʒ iː n i
eugenio,cmudict,Y UW2 JH IY1 N IY0 OW0
eula,cmudict,Y UW1 L AH0
eula,wikipron,j uː l ə
eunice,cmudict,Y UW1 N AH0 S
eunice,wikipron,j uː n ɪ s
eureka,cmudict,Y UH0 R IY1 K AH0
eureka,wikipron,j ʊ ɹ iː k ə
eusebio,cmudict,Y UW2 S IY1 B IY0 OW0
eva,cmudict,EY1 V AH0
eva,wikipron,e ɪ v ə
evan,cmudict,EH1 V AH0 N
evan,wikipron,ɛ v ə n
evander,cmudict,IY2 V AE1 N D ER0
evander,wikipron,ɪ v æ n d ɚ
evangelina,wikipron,ɪ v æ n d͡ʒ ə l iː n ə
evangeline,cmudict,IH0 V AE1 N JH IH0 L AY2 N
evangeline,wikipron,ɪ v æ n d͡ʒ ə l iː n
evans,cmudict,EH1 V AH0 N Z
evans,wikipron,ɛ v ə n z
eve,cmudict,IY1 V
eve,wikipron,iː v
evelina,cmudict,EH2 V EH0 L IY1 N AH0
eveline,cmudict,EH1 V AH0 L IH0 N
evelyn,cmudict,EH1 V AH0 L AH0 N
evelyn,wikipron,iː v l ɪ n
ever,cmudict,EH1 V ER0
ever,wikipron,ɛ v ɚ
everett,cmudict,EH1 V ER0 AH0 T
everett,wikipron,ɛ v ə ɹ ɪ t
everette,cmudict,EH1 V ER0 EH1 T
everington,cmudict,EH1 V ER0 IH2 NG T AH0 N
evert,cmudict,IH0 V ER1 T
evert,wikipron,i v ɝ t
evett,cmudict,EH1 V IH0 T
evie,wikipron,iː v iː
evin,cmudict,EH1 V IH0 N
evita,cmudict,EH0 V IY1 T AH0
evo,wikipron,i v o ʊ
evon,cmudict,EH1 V AH0 N
evonne,cmudict,EH2 V AA1 N
ewell,cmudict,Y UW1 AH0 L
ewing,cmudict,Y UW1 IH0 NG
ewing,wikipron,j uː w ɪ ŋ
eyde,cmudict,EY1 D
eydie,cmudict,EY1 D IY0
ezekiel,cmudict,EH1 Z IH0 K IY2 L
ezekiel,wikipron,ɪ z iː k i ə l
ezell,cmudict,AH0 Z EH1 L
ezra,cmudict,EH1 Z R AH0
ezra,wikipron,ɛ z ɹ ə
fabe,wikipron,f e ɪ b
fabian,cmudict,F EY1 B IY0 AH0 N
fabian,wikipron,f e ɪ b i ə n
fabio,cmudict,F AA1 B IY0 OW0
facon,wikipron,f e ɪ k ə n
facto,cmudict,F AE1 K T OW0
fae,cmudict,F AY1
fair,cmudict,F EH1 R
fair,wikipron,f e ɾ
faisal,cmudict,F EY1 Z AH0 L
faith,cmudict,F EY1 TH
faith,wikipron,f e ɪ θ
faker,cmudict,F EY1 K ER0
faker,wikipron,f e ɪ k ɚ
fakir,wikipron,f e ɪ k ɚ
fallon,cmudict,F AE1 L AH0 N
fallon,wikipron,f æ l ə n
famotidine,wikipron,f ə m o ʊ t ɪ d i n
fannie,cmudict,F AE1 N IY0
fanny,cmudict,F AE1 N IY0
fanny,wikipron,f æ n i
fanta,cmudict,F AA1 N T AH0
fanta,wikipron,f e ɪ n t ə
farah,cmudict,F EH1 R AH0
farah,wikipron,f æ ɹ ə
farer,wikipron,f ɛ ɹ ɚ
faris,cmudict,F EH1 R IH0 S
farley,cmudict,F AA1 R L IY0
farley,wikipron,f ɑ ɹ l i
farmer,cmudict,F AA1 R M ER0
farmer,wikipron,f ɑ ɹ m ɚ
farms,cmudict,F AA1 R M Z
farms,wikipron,f ɑ ɹ m z
faron,cmudict,F EH1 R AH0 N
farr,cmudict,F AA1 R
farrah,cmudict,F EH1 R AH0
farrel,cmudict,F EH1 R AH0 L
farrell,cmudict,F EH1 R IH0 L
farrell,wikipron,f æ ɹ ə l
farren,cmudict,F EH1 R AH0 N
farris,cmudict,F EH1 R IH0 S
farron,cmudict,F EH1 R AH0 N
farsi,cmudict,F AA1 R S IY0
farsi,wikipron,f ɑː s i
fasten,cmudict,F AE1 S AH0 N
fasten,wikipron,f æ s n̩
fat,cmudict,F AE1 T
fat,wikipron,f æ t
fateh,cmudict,F AA1 T EH0
fatigate,wikipron,f æ t ɪ ɡ e ɪ t
fatima,cmudict,F AE1 TH IH0 M AH0
fatima,wikipron,f ɑ t i m ə
fatimah,cmudict,F AE1 TH IH0 M AH0
faulkner,cmudict,F AO1 K N ER0
faulkner,wikipron,f ɑ k n ɚ
faustina,cmudict,F AO2 S T IY1 N AH0
faustine,cmudict,F AW1 S T IY0 N
faustino,cmudict,F AO2 S T IY1 N OW0
fausto,cmudict,F AO1 S T OW0
favour,cmudict,F EY1 V ER0
fawn,cmudict,F AO1 N
fawn,wikipron,f ɑ n
fay,cmudict,F EY1
fay,wikipron,f e ɪ
faye,cmudict,F EY1
fayette,cmudict,F EY1 EH1 T
fayette,wikipron,f e ɪ ɛ t
feather,cmudict,F EH1 DH ER0
feather,wikipron,f ɛ ð ə ɾ
fed,cmudict,F EH1 D
fed,wikipron,f ɛ d
federico,cmudict,F EH0 D ER0 IY1 K OW0
feighan,cmudict,F EY1 G AH0 N
feitz,cmudict,F AY1 T S
feldman,cmudict,F EH1 L D M AH0 N
felice,cmudict,F AH0 L IY1 S
felicia,cmudict,F AH0 L IY1 SH AH0
felicia,wikipron,f ə l i ʃ ə
feliciano,cmudict,F AH0 L IY0 S IY0 AA1 N OW0
felicity,cmudict,F IH0 L IH1 S AH0 T IY0
felicity,wikipron,f ə l ɪ s ə t i
felipe,cmudict,F AH0 L IY1 P
felipe,wikipron,f ə l iː p e ɪ
felis,cmudict,F EH1 L IH0 S
felis,wikipron,f i l ɪ s
felix,cmudict,F IY1 L IH0 K S
felix,wikipron,f iː l ɪ k s
felton,cmudict,F EH1 L T AH0 N
fen,cmudict,F EH1 N
fen,wikipron,f ɛ n
fenton,cmudict,F EH1 N T AH0 N
fenton,wikipron,f ɛ n t ə n
ferdinand,cmudict,F ER1 D IH0 N AE2 N D
ferdinand,wikipron,f ɝ d n̩ æ n d
ferguson,cmudict,F ER1 G AH0 S AH0 N
ferguson,wikipron,f ɝ ɡ ə s ə n
ferman,cmudict,F ER1 M AH0 N
fermin,cmudict,F ER1 M IH0 N
fern,cmudict,F ER1 N
fern,wikipron,f ɝː n
fernand,cmudict,F ER0 N AE1 N D
fernanda,cmudict,F ER0 N AE1 N D AH0
fernandez,cmudict,F ER0 N AE1 N D EH0 Z
fernandez,wikipron,f ɚ n æ n d ɛ z
fernando,cmudict,F ER0 N AE1 N D OW0
fernando,wikipron,f ɝ n æ n d o ʊ
fernberg,cmudict,F ER1 N B ER0 G
ferrant,cmudict,F EH1 R AH0 N T
ferreira,cmudict,F EH0 R EY1 R AH0
ferrell,cmudict,F EH1 R IH0 L
ferrell,wikipron,f ɛ ɹ ə l
ferret,cmudict,F EH1 R AH0 T
ferret,wikipron,f ɛ ɹ ɪ t
ferris,cmudict,F EH1 R IH0 S
ferruzzi,cmudict,F EH0 R UW1 Z IY0
fete,cmudict,F EY1 T
fete,wikipron,f e ɪ t
fiber,cmudict,F AY1 B ER0
fiber,wikipron,f a ɪ b ɚ
fidel,cmudict,F IH0 D EH1 L
fidel,wikipron,f ɪ d ɛ l
field,cmudict,F IY1 L D
field,wikipron,f i l d
fielders,cmudict,F IY1 L D ER0 Z
fields,cmudict,F IY1 L D Z
fields,wikipron,f iː l d z
figallo,cmudict,F IH0 G AA1 L OW0
fights,cmudict,F AY1 T S
fights,wikipron,f a ɪ t s
figueroa,cmudict,F IY0 G EH0 R OW1 AH0
filippo,cmudict,F IH0 L IY1 P OW0
film,cmudict,F IH1 L M
film,wikipron,f ɪ l m
filomena,cmudict,F IH2 L AH0 M IY1 N AH0
finch,cmudict,F IH1 N CH
finch,wikipron,f ɪ n t͡ʃ
finely,cmudict,F AY1 N L IY0
finely,wikipron,f a ɪ n l i
finis,wikipron,f iː n iː
fink,cmudict,F IH1 NG K
fink,wikipron,f ɪ ŋ k
finkelson,cmudict,F IH1 NG K AH0 L S AH0 N
finley,cmudict,F IH1 N L IY0
finley,wikipron,f ɪ n l i
finn,cmudict,F IH1 N
finn,wikipron,f ɪ n
fiona,cmudict,F IY0 OW1 N AH0
fiona,wikipron,f i o ʊ n ə
fis,cmudict,F IH1 S
fischer,cmudict,F IH1 SH ER0
fish,cmudict,F IH1 SH
fish,wikipron,f ɪ ʃ
fisher,cmudict,F IH1 SH ER0
fisher,wikipron,f ɪ ʃ ɚ
fit,cmudict,F IH1 T
fit,wikipron,f ɪ t
fitak,cmudict,F IH1 T AE2 K
fitch,cmudict,F IH1 CH
fitzgerald,cmudict,F IH0 T S JH EH1 R AH0 L D
fitzgerald,wikipron,f ɪ t s d͡ʒ ɛ ɹ ə l d
fitzpatrick,cmudict,F IH2 T S P AE1 T R IH0 K
fitzpatrick,wikipron,f ɪ t s p æ t ɹ ɪ k
flanagan,cmudict,F L AE1 N AH0 G AH0 N
flank,cmudict,F L AE1 NG K
flank,wikipron,f l e ɪ̯ ŋ k
flato,cmudict,F L AE1 T OW0
flavia,cmudict,F L AE1 V IY0 AH0
flavio,cmudict,F L AA1 V IY0 OW0
flay,cmudict,F L EY1
flay,wikipron,f l e ɪ
fleeting,cmudict,F L IY1 T IH0 NG
fleeting,wikipron,f l iː t ɪ ŋ
fleiss,cmudict,F L AY1 SH
fleming,cmudict,F L EH1 M IH0 NG
fleming,wikipron,f l ɛ m ɪ ŋ
flesh,cmudict,F L EH1 SH
flesh,wikipron,f l ɛ ʃ
fletcher,cmudict,F L EH1 CH ER0
fletcher,wikipron,f l ɛ t͡ʃ ɚ
flex,cmudict,F L EH1 K S
flex,wikipron,f l ɛ k s
flint,cmudict,F L IH1 N T
flint,wikipron,f l ɪ n t
flo,cmudict,F L OW1
flo,wikipron,f l o ʊ
floe,cmudict,F L OW1
floe,wikipron,f l o ʊ
flor,cmudict,F L AO1 R
flora,cmudict,F L AO1 R AH0
flora,wikipron,f l ɔː ɹ ə
florance,cmudict,F L AO1 R AH0 N S
florence,cmudict,F L AO1 R AH0 N S
florence,wikipron,f l o ɹ ə n s
florentina,cmudict,F L AO2 R EH0 N T IY1 N AA0
florentino,cmudict,F L AO0 R EH0 N T IY1 N OW0
flores,cmudict,F L AO1 R EH2 Z
floria,cmudict,F L AO1 R IY0 AH0
florian,cmudict,F L AO1 R IY0 AH0 N
florida,cmudict,F L AO1 R AH0 D AH0
florida,wikipron,f l o ɹ d ə
florinda,cmudict,F L AO0 R IY1 N D AH0
florinda,wikipron,f l ɔː ɹ ɪ n d ə
florine,cmudict,F L AO0 R IY1 N
flossie,cmudict,F L AO1 S IY0
flossie,wikipron,f l ɑ s i
flowers,cmudict,F L AW1 ER0 Z
flowers,wikipron,f l a ʊ ɚ z
floy,cmudict,F L OY1
floyd,cmudict,F L OY1 D
floyd,wikipron,f l ɔ ɪ d
fluoxetine,wikipron,f l uː a k s ə t iː n
flynn,cmudict,F L IH1 N
flynn,wikipron,f l ɪ n
foley,cmudict,F OW1 L IY0
foley,wikipron,f o ʊ l i
fond,cmudict,F AA1 N D
fond,wikipron,f ɑ n d
fonda,cmudict,F AA1 N D AH0
fonseca,cmudict,F OW0 N S EH1 K AH0
fontenot,cmudict,F AA1 N T IH0 N AH0 T
foon,wikipron,f uː n
for,cmudict,F AO1 R
for,wikipron,f oː
forbes,cmudict,F AO1 R B Z
forbes,wikipron,f ɔ ɹ b z
ford,cmudict,F AO1 R D
ford,wikipron,f ɔ ɹ d
foreman,cmudict,F AO1 R M AH0 N
foreman,wikipron,f ɔː m ə n
forest,cmudict,F AO1 R AH0 S T
forest,wikipron,f ɔ ɹ s t
former,cmudict,F AO1 R M ER0
former,wikipron,f ɔ ɹ m ɚ
forrest,cmudict,F AO1 R AH0 S T
forschner,cmudict,F AO1 R SH N ER0
fortino,cmudict,F AO0 R T IY1 N OW0
fortunato,cmudict,F AO0 R T UW0 N AA1 T OW0
fortuny,cmudict,F AO0 R CH UW1 N IY0
foster,cmudict,F AA1 S T ER0
foster,wikipron,f ɑ s t ɚ
fouhy,cmudict,F UW1 IY0
found,cmudict,F AW1 N D
found,wikipron,f a ʊ̯ n d
fountain,cmudict,F AW1 N T AH0 N
fowler,cmudict,F AW1 L ER0
fowler,wikipron,f a ʊ l ɚ
fowls,wikipron,f a ʊ l z
fox,cmudict,F AA1 K S
fox,wikipron,f ɑ k s
foy,cmudict,F OY1
fra,wikipron,f ɹ ɑː
fran,cmudict,F R AE1 N
fran,wikipron,f ɹ æ n
franca,cmudict,F R AE1 NG K AH0
france,cmudict,F R AE1 N S
france,wikipron,f ɹ æ n s
frances,cmudict,F R AE1 N S IH0 S
frances,wikipron,f ɹ æ n s ɪ z
francesca,cmudict,F R AE0 N CH EH1 S K AH0
francesca,wikipron,f ɹ æ n s ɛ s k ə
francesco,cmudict,F R AE0 N CH EH1 S K OW0
francesco,wikipron,f ɹ æ n t ʃ ɛ s k o ʊ
francia,cmudict,F R AA1 N CH AH0
francia,wikipron,f ɹ æ n s i ə
francie,cmudict,F R AE1 NG K IY0
francine,cmudict,F R AE0 N S IY1 N
francis,cmudict,F R AE1 N S AH0 S
francis,wikipron,f ɹ a n s ɪ s
francisco,cmudict,F R AE0 N S IH1 S K OW0
francisco,wikipron,f ɹ e ə̯ n s ɪ s k o ʊ̯
franciso,cmudict,F R AE0 N S IY1 S OW0
franco,cmudict,F R AE1 NG K OW0
francois,cmudict,F R AA0 N S W AA1
francoise,cmudict,F R AE0 N S W AA1 Z
frank,cmudict,F R AE1 NG K
frank,wikipron,f ɹ e ɪ̯ ŋ k
frankian,wikipron,f ɹ æ ŋ k i ə n
frankie,cmudict,F R AE1 NG K IY0
frankie,wikipron,f ɹ æ ŋ k i
franklin,cmudict,F R AE1 NG K L IH0 N
franklin,wikipron,f ɹ æ ŋ k l ɪ n
franklyn,cmudict,F R AE1 NG K L IH0 N
franks,cmudict,F R AE1 NG K S
frantz,cmudict,F R AE1 N T S
franz,cmudict,F R AE1 N Z
fraser,cmudict,F R EY1 Z ER0
fraser,wikipron,f ɹ e ɪ z ə
frazier,cmudict,F R EY1 ZH ER0
fred,cmudict,F R EH1 D
fred,wikipron,f ɹ ɛ d
freda,cmudict,F R EH1 D
freddie,cmudict,F R EH1 D IY0
freddie,wikipron,f ɹ ɛ d i
freddy,cmudict,F R EH1 D IY0
freddy,wikipron,f ɹ ɛ d i
frederic,cmudict,F R EH1 D R IH0 K
frederica,cmudict,F R EH2 D ER0 IY1 K AH0
frederick,cmudict,F R EH1 D R IH0 K
frederick,wikipron,f ɹ ɛ d ə ɹ ɪ k
fredericka,cmudict,F R EY0 D EH0 R IY1 K AH0
frederico,cmudict,F R EH0 D ER0 IY1 K OW0
fredric,cmudict,F R EH1 D R IH0 K
fredrich,cmudict,F R EH1 D R IH0 K
fredrick,cmudict,F R EH1 D R IH0 K
freedom,cmudict,F R IY1 D AH0 M
freedom,wikipron,f ɹ i d ə m
freeman,cmudict,F R IY1 M AH0 N
freeman,wikipron,f ɹ iː m ə n
french,cmudict,F R EH1 N CH
french,wikipron,f ɹ ɛ n t͡ʃ
freston,cmudict,F R EH1 S T AH0 N
fretter,cmudict,F R EH1 T ER0
frey,cmudict,F R EY1
frey,wikipron,f ɹ a ɪ
freya,cmudict,F R EY1 AH0
freya,wikipron,f ɹ e ɪ ə
fribourg,cmudict,F R AY1 B AO2 R G
frieda,cmudict,F R IY1 D AH0
frieda,wikipron,f ɹ iː d ə
friedman,cmudict,F R IY1 D M AH0 N
friedrich,cmudict,F R IY1 D R IH0 K
fritz,cmudict,F R IH1 T S
fritz,wikipron,f ɹ ɪ t s
frost,cmudict,F R AO1 S T
frost,wikipron,f ɹ ɑ s t
froylan,cmudict,F R OY1 L AH0 N
fry,cmudict,F R AY1
fry,wikipron,f ɹ a ɪ
frye,cmudict,F R AY1
fuentes,cmudict,F W EH1 N T EY2 Z
fuji,cmudict,F UW1 JH IY0
fuji,wikipron,f uː d͡ʒ i
fujisawa,cmudict,F UW2 JH IH0 S AA1 W AH0
fuller,cmudict,F UH1 L ER0
fuller,wikipron,f ʊ l ɚ
fulton,cmudict,F UH1 L T AH0 N
fulton,wikipron,f ʊ l t ə n
funk,cmudict,F AH1 NG K
funk,wikipron,f ʌ ŋ k
furan,wikipron,f j ʊ ɹ æ n
furl,wikipron,f ɝ l
furman,cmudict,F ER1 M AE2 N
furosemide,wikipron,f j ʊ ɹ o ʊ s ə m a ɪ d
furrier,cmudict,F ER1 IY0 ER0
furrier,wikipron,f eː ɹ i ə
furs,cmudict,F ER1 Z
furs,wikipron,f ɝ z
fusilli,cmudict,F Y UW0 S IH1 L IY0
fusilli,wikipron,f j uː s ɪ l i
fusner,cmudict,F UW1 Z N ER0
gabapentin,wikipron,ɡ æ b ə p ɛ n t ɪ n
gabbai,wikipron,ɡ æ b a ɪ
gabe,cmudict,G EY1 B
gabe,wikipron,ɡ e ɪ b
gabon,cmudict,G AH0 B AA1 N
gabon,wikipron,ɡ ə b ɒ n
gabriel,cmudict,G EY1 B R IY0 AH0 L
gabriel,wikipron,ɡ e ɪ b ɹ i ə l
gabriela,cmudict,G AA2 B R IY0 EH1 L AA2
gabriele,cmudict,G AA0 B R IY0 EH1 L
gabriella,cmudict,G AA2 B R IY0 EH1 L AA2
gabriella,wikipron,ɡ æ b ɹ i ɛ l ə
gabrielle,cmudict,G AE1 B R IY0 EH0 L
gabrielle,wikipron,ɡ æ b ɹ iː ɛ l
gae,cmudict,G AY1
gael,cmudict,G EY1 L
gael,wikipron,ɡ e ɪ l
gaetano,cmudict,G AY0 T AA1 N OW0
gaffer,wikipron,ɡ æ f ɚ
gage,cmudict,G EY1 JH
gage,wikipron,ɡ e ɪ d͡ʒ
gagnon,cmudict,G AE1 N Y AH0 N
gagnon,wikipron,ɡ æ n j ɔ̃
gail,cmudict,G EY1 L
gail,wikipron,ɡ e ɪ l
gaile,cmudict,G EY1 L
gaines,cmudict,G EY1 N Z
gaines,wikipron,ɡ e ɪ n z
gala,cmudict,G AE1 L AH0
gala,wikipron,ɡ e ɪ l ə
gale,cmudict,G EY1 L
gale,wikipron,ɡ e ɪ l
galen,cmudict,G EY1 L AH0 N
galen,wikipron,ɡ e ɪ l ə n
galindo,cmudict,G AA0 L IY1 N D OW0
gallagher,cmudict,G AE1 L AH0 G ER0
gallagher,wikipron,ɡ æ l ə ɡ ɚ
gallardo,cmudict,G AA0 L AA1 R D OW0
gallegos,cmudict,G AE1 L IH0 G OW0 Z
gallic,cmudict,G AE1 L IH0 K
gallic,wikipron,ɡ æ l ɪ k
gallo,cmudict,G AE1 L OW0
galloway,cmudict,G AE1 L OW0 W EY2
galotti,cmudict,G AH0 L AA1 T IY0
galvan,cmudict,G AA0 L V AA1 N
galvez,cmudict,G AA0 L V EH1 Z
galvin,cmudict,G AE1 L V IH0 N
gamal,cmudict,G AH0 M AA1 L
gamaliel,wikipron,ɡ æ m ə l iː ə l
gamble,cmudict,G AE1 M B AH0 L
gamble,wikipron,ɡ æ m b ə l
gambling,cmudict,G AE1 M B AH0 L IH0 NG
gambling,wikipron,ɡ æ m b l ɪ ŋ
gamboa,cmudict,G AA0 M B OW1 AH0
gamez,cmudict,G AA0 M EH1 Z
ganges,cmudict,G AE1 N JH IY0 Z
ganges,wikipron,ɡ æ n d͡ʒ i z
ganic,cmudict,G AE1 N IH0 K
gannon,cmudict,G AE1 N AH0 N
gantos,cmudict,G AE1 N T OW0 S
gara,cmudict,G AE1 R AH0
garcia,cmudict,G AA2 R S IY1 AH0
garcia,wikipron,ɡ ɑ ɹ s iː ə
gardenia,cmudict,G AA0 R D IY1 N Y AH0
gardenia,wikipron,ɡ ɑ ɹ d i n j ə
gardner,cmudict,G AA1 R D N ER0
gardner,wikipron,ɡ ɑ ɹ d n ɚ
gareth,cmudict,G EH1 R IH0 TH
gareth,wikipron,ɡ æ ɹ ə θ
garett,cmudict,G AE1 R IH0 T
garey,cmudict,G AE1 R IY0
garfield,cmudict,G AA1 R F IY2 L D
garfield,wikipron,ɡ ɑ ɹ f i l d
gari,cmudict,G AA1 R IY0
garin,cmudict,G EH1 R IH0 N
garland,cmudict,G AA1 R L AH0 N D
garland,wikipron,ɡ ɑ ɹ l ə n d
garnell,cmudict,G AA0 R N EH1 L
garner,cmudict,G AA1 R N ER0
garner,wikipron,ɡ ɑː ɹ n ɚ
garnet,cmudict,G AA1 R N AH0 T
garnett,cmudict,G AA1 R N IH0 T
garon,cmudict,G AA0 R AO1 N
garonzik,cmudict,G ER0 AA1 N Z IH0 K
garren,cmudict,G AA1 R AH0 N
garret,cmudict,G EH1 R IH0 T
garret,wikipron,ɡ æ ɹ ɪ t
garrett,cmudict,G AE1 R IH0 T
garrett,wikipron,ɡ æ ɹ ɪ t
garrey,cmudict,G AE1 R IY0
garrick,cmudict,G EH1 R IH0 K
garrick,wikipron,ɡ æ ɹ ɪ k
garrison,cmudict,G AE1 R IH0 S AH0 N
garrison,wikipron,ɡ æ ɹ ɪ s ə n
garron,cmudict,G AE1 R AH0 N
garry,cmudict,G AE1 R IY0
garth,cmudict,G AA1 R TH
garth,wikipron,ɡ ɑː ɹ θ
garvin,cmudict,G AA1 R V IH0 N
gary,cmudict,G EH1 R IY0
gary,wikipron,ɡ e ɹ i
garza,cmudict,G AA1 R Z AH0
garzarelli,cmudict,G AA1 R Z ER0 EH2 L IY0
gaspar,cmudict,G AE1 S P ER0
gasper,cmudict,G AE1 S P ER0
gaston,cmudict,G AE1 S T AH0 N
gaston,wikipron,ɡ æ s t ə n
gateau,cmudict,G AA0 T OW1
gates,cmudict,G EY1 T S
gates,wikipron,ɡ e ɪ t s
gavin,cmudict,G AE1 V IH0 N
gavin,wikipron,ɡ æ v ɪ n
gawf,wikipron,ɡ ɔː f
gay,cmudict,G EY1
gay,wikipron,ɡ e ɪ
gaye,cmudict,G EY1
gayle,cmudict,G EY1 L
gayle,wikipron,ɡ e ɪ l
gaylord,cmudict,G EY1 L AO2 R D
gaylord,wikipron,ɡ e ɪ l ɔ ɹ d
gazelle,cmudict,G AH0 Z EH1 L
gazelle,wikipron,ɡ ə z ɛ l
geary,cmudict,G IH1 R IY0
gee,cmudict,JH IY1
gee,wikipron,d͡ʒ iː
geiger,cmudict,G AY1 G ER0
geiger,wikipron,ɡ a ɪ ɡ ə
gels,cmudict,JH EH1 L Z
gels,wikipron,d͡ʒ ɛ l z
gemma,cmudict,JH EH1 M AH0
gemma,wikipron,d͡ʒ ɛ m ə
gena,cmudict,JH EH1 N AH0
gena,wikipron,d͡ʒ ɛ n ə
gene,cmudict,JH IY1 N
gene,wikipron,d͡ʒ iː n
geneen,cmudict,JH AH0 N IY1 N
general,cmudict,JH EH1 N ER0 AH0 L
general,wikipron,d͡ʒ ɛ n ə ɹ ə l
generali,cmudict,JH EH2 N ER0 AA1 L IY0
genero,cmudict,JH AH0 N ER1 OW0
genesis,cmudict,JH EH1 N AH0 S AH0 S
genesis,wikipron,d͡ʒ ɛ n ə s ə s
geneva,cmudict,JH AH0 N IY1 V AH0
geneva,wikipron,d͡ʒ ə n iː v ə
genevieve,cmudict,JH EH1 N AH0 V IY2 V
genevieve,wikipron,d ʒ ɛ n ɪ v iː v
genie,cmudict,JH IY1 N IY0
genie,wikipron,d͡ʒ iː n i
genius,cmudict,JH IY1 N Y AH0 S
genius,wikipron,d͡ʒ i n i ə s
genna,cmudict,JH EH1 N AH0
gennaro,cmudict,JH AH0 N AA1 R OW0
gennifer,cmudict,JH EH1 N IH0 F ER0
genny,wikipron,d͡ʒ ɛ n i
geno,cmudict,JH IY1 N OW0
gentry,cmudict,JH EH1 N T R IY0
gentry,wikipron,d͡ʒ ɛ n t ɹ i
geoff,cmudict,JH EH1 F
geoff,wikipron,d͡ʒ ɛ f
geoffrey,cmudict,JH EH1 F R IY0
geoffrey,wikipron,d͡ʒ ɛ f ɹ i
georg,cmudict,G EY1 AO0 R G
georgakis,cmudict,JH AO2 R JH AA1 K AH0 S
georgann,cmudict,JH AO2 R JH AE1 N
george,cmudict,JH AO1 R JH
georgene,cmudict,JH AO1 R JH IY2 N
georges,cmudict,JH AO1 R JH AH0 Z
georgette,cmudict,JH AO0 R JH EH1 T
georgi,cmudict,JH IY0 AA1 R JH IY0
georgia,cmudict,JH AO1 R JH AH0
georgia,wikipron,d͡ʒ ɔ ɹ d͡ʒ ə
georgiana,cmudict,JH AO2 R JH IY0 AE1 N AH0
georgie,cmudict,JH AO1 R JH IY0
georgie,wikipron,d͡ʒ ɔ ɹ d͡ʒ i
georgina,cmudict,JH AO2 R JH IY1 N AH0
georgine,cmudict,JH AO2 R JH IY1 N
gerald,cmudict,JH EH1 R AH0 L D
gerald,wikipron,d͡ʒ ɛ ɹ ə l d
geraldine,cmudict,JH EH0 R AH0 L D IY1 N
geraldo,cmudict,JH ER0 AA1 L D OW0
gerard,cmudict,JH ER0 AA1 R D
gerard,wikipron,d͡ʒ ə ɹ ɑ ɹ d
gerardo,cmudict,JH ER0 AA1 R D OW0
gerbrandt,cmudict,G ER1 B R AE2 N T
gerhard,cmudict,G ER1 HH AA2 R D
geri,cmudict,JH EH1 R IY2
germain,cmudict,JH ER0 M EY1 N
germaine,cmudict,ZH ER0 M EY1 N
germaine,wikipron,d͡ʒ ə m e ɪ n
german,cmudict,JH ER1 M AH0 N
german,wikipron,d͡ʒ ɝ m ə n
germinal,wikipron,d͡ʒ ɝ m ə n ə l
gerold,cmudict,G EH1 R OW0 L D
gerome,cmudict,G EH1 R AH0 M
geronimo,cmudict,JH AH0 R AO1 N IH0 M OW2
geronimo,wikipron,d͡ʒ ə ɹ ɑ n ɪ m o ʊ
gerri,cmudict,JH EH1 R IY0
gerrick,cmudict,JH EH1 R IH0 K
gerrie,cmudict,JH EH1 R IY0
gerrie,wikipron,d͡ʒ ɛ ɹ i
gerrit,cmudict,JH EH1 R IH0 T
gerrit,wikipron,ɡ ɛ ɹ ɪ t
gerry,cmudict,JH EH1 R IY0
gerry,wikipron,d͡ʒ ɛ ɹ i
gershon,cmudict,G ER1 SH AH0 N
gershon,wikipron,ɡ ɝ ʃ ɑ n
gerson,cmudict,JH ER1 S AH0 N
gertie,cmudict,JH ER1 T IY0
gertrude,cmudict,G ER1 T R UW0 D
gertrude,wikipron,ɡ ɝ t ɹ u d
gery,cmudict,JH EH1 R IY0
geva,cmudict,G EY1 V AH0
geyser,cmudict,G AY1 Z ER0
geyser,wikipron,ɡ a ɪ s ɚ
giacomo,cmudict,JH AA1 K AH0 M OW2
gian,cmudict,JH IY1 AA0 N
giancarlo,cmudict,JH IY2 AE0 NG K AA1 R L OW2
gianini,cmudict,JH AH0 N IY1 N IY2
gianni,cmudict,JH AA1 N IY2
giant,cmudict,JH AY1 AH0 N T
giant,wikipron,d͡ʒ a ɪ ə n t
gibber,wikipron,d͡ʒ ɪ b ə
gibbons,cmudict,G IH1 B IH0 N Z
gibbs,cmudict,G IH1 B Z
gibbs,wikipron,ɡ ɪ b z
gibran,cmudict,JH IH0 B R AA1 N
gibson,cmudict,G IH1 B S AH0 N
gibson,wikipron,ɡ ɪ b s ə n
gidel,cmudict,G AY1 D EH2 L
gideon,cmudict,G IH1 D IY0 AH0 N
gideon,wikipron,ɡ ɪ d i ə n
gidget,cmudict,G IH1 JH AH0 T
giff,cmudict,G IH1 F
gifford,cmudict,G IH1 F ER0 D
gigi,cmudict,JH IY1 JH IY0
gigi,wikipron,d͡ʒ i d͡ʒ i
gil,cmudict,G IH1 L
gil,wikipron,ɡ ɪ l
gila,cmudict,G IY1 L AH0
gila,wikipron,h iː l ə
gilbert,cmudict,G IH1 L B ER0 T
gilbert,wikipron,ɡ ɪ l b ɚ t
gilberto,cmudict,G IH0 L B EH1 R T OW2
gilbey,cmudict,G IH1 L B IY0
gilda,cmudict,G IH1 L D AH0
gilead,cmudict,G IH0 L IY1 D
gilead,wikipron,ɡ ɪ l i æ d
giles,cmudict,JH AY1 L Z
giles,wikipron,d͡ʒ a ɪ l z
gilet,wikipron,ʒ ɪ l e ɪ
gilford,cmudict,G IH1 L F ER0 D
gilgore,cmudict,G IH2 L G AO1 R
gill,cmudict,G IH1 L
gill,wikipron,d͡ʒ ɪ l
gillespie,cmudict,G AH0 L EH1 S P IY0
gillespie,wikipron,ɡ ɪ l ɛ s p i
gilliam,cmudict,G IH1 L IY0 AH0 M
gillian,cmudict,JH IH1 L IY0 AH0 N
gillian,wikipron,d͡ʒ ɪ l i ə n
gillis,cmudict,G IH1 L IH0 S
gilmore,cmudict,G IH1 L M AO0 R
gina,cmudict,JH IY1 N AH0
gina,wikipron,d͡ʒ iː n ə
ginger,cmudict,JH IH1 N JH ER0
ginger,wikipron,d͡ʒ ɪ n d͡ʒ ɚ
gini,wikipron,d͡ʒ iː n i
ginnie,cmudict,JH IH1 N IY0
ginnie,wikipron,d͡ʒ ɪ n i
ginny,cmudict,JH IH1 N IY0
ginny,wikipron,d͡ʒ ɪ n i
gino,cmudict,JH IY1 N OW0
gino,wikipron,d͡ʒ i n o ʊ
ginzberg,cmudict,G IH1 N Z B ER0 G
gioia,cmudict,JH OW1 Y AH0
giorgio,cmudict,JH AO1 R JH IY0 OW0
giovanni,cmudict,JH IY2 OW0 V AA1 N IY0
giovanni,wikipron,d͡ʒ iː ə v ɑ n i
gipson,cmudict,G IY1 P S AH0 N
girard,cmudict,JH ER0 AA1 R D
girl,cmudict,G ER1 L
girl,wikipron,ɡ ɜ ɹ l
gisela,cmudict,G IY1 Z AH0 L AH0
gisella,cmudict,JH IH0 S EH1 L AH0
giselle,cmudict,ZH IH0 S EH1 L
giselle,wikipron,d ʒ ɪ z ɛ l
giulio,cmudict,JH UW1 L IY0 OW0
giuseppe,cmudict,JH IH0 S EH1 P IY0
givens,cmudict,G IH1 V AH0 N Z
givens,wikipron,ɡ ɪ v ə n z
gizelle,wikipron,d ʒ ɪ z ɛ l
glade,cmudict,G L EY1 D
glade,wikipron,ɡ l e ɪ d
gladis,cmudict,G L AE1 D IH0 S
gladys,cmudict,G L AE1 D IH0 S
gladys,wikipron,ɡ l æ d ɪ s
gland,cmudict,G L AE1 N D
gland,wikipron,ɡ l æ n d
glass,cmudict,G L AE1 S
glass,wikipron,ɡ l æ s
glassmaker,cmudict,G L AE1 S M EY2 K ER0
gleason,cmudict,G L IY1 S AH0 N
gleason,wikipron,ɡ l iː s ə n
glen,cmudict,G L EH1 N
glen,wikipron,ɡ l ɛ n
glenda,cmudict,G L EH1 N D AH0
glenda,wikipron,ɡ l ɛ n d ə
glendale,cmudict,G L EH1 N D EY2 L
glendale,wikipron,ɡ l ɛ n d e ɪ l
glendon,cmudict,G L EH1 N D OW0 N
glenn,cmudict,G L EH1 N
glenn,wikipron,ɡ l ɛ n
glenna,cmudict,G L EH1 N AH0
glenna,wikipron,ɡ l ɛ n ə
glennie,cmudict,G L EH1 N IY0
glennon,cmudict,G L EH1 N AH0 N
glenwood,cmudict,G L EH1 N W UH2 D
glenwood,wikipron,ɡ l ɛ n w ʊ d
glider,cmudict,G L AY1 D ER0
glider,wikipron,ɡ l a ɪ d ɚ
glori,cmudict,G L AO1 R IY0
gloria,cmudict,G L AO1 R IY0 AH0
gloria,wikipron,ɡ l ɔ ɹ i ə
glory,cmudict,G L AO1 R IY0
glory,wikipron,ɡ l o ɹ i
glover,cmudict,G L AH1 V ER0
glover,wikipron,ɡ l ʌ v ɚ
glum,cmudict,G L AH1 M
glum,wikipron,ɡ l ʌ m
gluskin,cmudict,G L AH1 S K IH0 N
glyn,cmudict,G L IH1 N
glyn,wikipron,ɡ l ɪ n
glynis,cmudict,G L IH1 N IH0 S
glynn,cmudict,G L IH1 N
glynnis,cmudict,G L IH1 N IH0 S
goatee,cmudict,G OW1 T IY1
goatee,wikipron,ɡ o ʊ t iː
godet,wikipron,ɡ ə ʊ d e ɪ
godfrey,cmudict,G AA1 D F R IY0
godfrey,wikipron,ɡ ɑ d f ɹ i
godinez,cmudict,G OW0 D IY1 N EH0 Z
godwin,cmudict,G AA1 D W IH0 N
goff,cmudict,G AO1 F
goins,cmudict,G OY1 N Z
gold,cmudict,G OW1 L D
gold,wikipron,ɡ o ʊ l d
golda,cmudict,G OW1 L D AH0
goldberg,cmudict,G OW1 L D B ER0 G
goldberg,wikipron,ɡ o ʊ l d b ɚ ɡ
golden,cmudict,G OW1 L D AH0 N
golden,wikipron,ɡ o ʊ l d ə n
goldenson,cmudict,G OW1 L D AH0 N S AH0 N
goldenthal,cmudict,G OW1 L D AH0 N TH AA2 L
goldie,cmudict,G OW1 L D IY0
goldman,cmudict,G OW1 L D M AH0 N
goldstein,cmudict,G OW1 L D S T AY2 N
golle,cmudict,G AA1 L
gomes,cmudict,G OW1 M EH2 Z
gomez,cmudict,G OW1 M EH0 Z
gomez,wikipron,ɡ o ʊ m ɛ z
gonzales,cmudict,G AA0 N Z AA1 L AH0 S
gonzalez,cmudict,G AA0 N Z AA1 L AH0 Z
gonzalo,cmudict,G AA0 N Z AA1 L OW0
good,cmudict,G UH1 D
good,wikipron,ɡ ʊ d
goode,cmudict,G UH1 D
goodman,cmudict,G UH1 D M AH0 N
goodman,wikipron,ɡ ʊ d m ə n
goodrich,cmudict,G UH1 D R IH2 CH
goodrich,wikipron,ɡ ʊ d ɹ ɪ t͡ʃ
goodwin,cmudict,G UH1 D W IH0 N
goodwin,wikipron,ɡ ʊ d w ɪ n
gooseberry,cmudict,G UW1 S B EH2 R IY0
gooseberry,wikipron,ɡ u s b ɛ ɹ i
gordan,cmudict,G AO1 R D AH0 N
gorden,cmudict,G AO1 R D AH0 N
gordon,cmudict,G AO1 R D AH0 N
gordon,wikipron,ɡ ɔ ɹ d n̩
gordy,cmudict,G AO1 R D IY0
gore,cmudict,G AO1 R
gore,wikipron,ɡ ɔː ɹ
gorge,cmudict,G AO1 R JH
gorge,wikipron,ɡ ɔ ɹ d͡ʒ
gorgon,cmudict,G AO1 R G AH0 N
gorgon,wikipron,ɡ ɔː ɹ ɡ ə n
gorman,cmudict,G AO1 R M AH0 N
goss,cmudict,G AO1 S
gould,cmudict,G UW1 L D
grabber,cmudict,G R AE1 B ER0
grabber,wikipron,ɡ ɹ æ b ə
grace,cmudict,G R EY1 S
grace,wikipron,ɡ ɹ e ɪ s
gracia,cmudict,G R AA1 CH AH0
gracie,cmudict,G R EY1 S IY0
gracie,wikipron,ɡ ɹ e ɪ s i
grady,cmudict,G R EY1 D IY0
grady,wikipron,ɡ ɹ e ɪ d i
graeme,cmudict,G R EY1 M
graeme,wikipron,ɡ ɹ e ɪ ə m
grafton,cmudict,G R AE1 F T AH0 N
graham,cmudict,G R EY1 AH0 M
graham,wikipron,ɡ ɹ e ɪ ə m
grail,cmudict,G R EY1 L
grail,wikipron,ɡ ɹ e ɪ l
granados,cmudict,G R AA0 N AA1 D OW0 Z
grandis,cmudict,G R AE1 N D IH0 S
grant,cmudict,G R AE1 N T
grant,wikipron,ɡ ɹ æ n t
granville,cmudict,G R AE1 N V IH0 L
grapevine,cmudict,G R EY1 P V AY2 N
grapevine,wikipron,ɡ ɹ e ɪ p v a ɪ n
gratiot,wikipron,ɡ ɹ æ ʃ ɪ t
gravenstein,wikipron,ɡ ɹ ɑː v n s t a ɪ n
graves,cmudict,G R EY1 V Z
graves,wikipron,ɡ ɹ e ɪ v z
gray,cmudict,G R EY1
gray,wikipron,ɡ ɹ e ɪ
graydon,cmudict,G R EY1 D AH0 N
grayling,cmudict,G R EY1 L IH0 NG
grayson,cmudict,G R EY1 S AH0 N
grayson,wikipron,ɡ ɹ e ɪ s ə n
gree,wikipron,ɡ ɹ iː
greece,cmudict,G R IY1 S
greece,wikipron,ɡ ɹ iː s
greedy,cmudict,G R IY1 D IY0
greedy,wikipron,ɡ ɹ iː d i
green,cmudict,G R IY1 N
green,wikipron,ɡ ɹ iː n
greenberg,cmudict,G R IY1 N B ER0 G
greenbush,cmudict,G R IY1 N B UH0 SH
greene,cmudict,G R IY1 N
greene,wikipron,ɡ ɹ iː n
greenham,cmudict,G R IY1 N AH0 M
greenville,cmudict,G R IY1 N V IH0 L
greenville,wikipron,ɡ ɹ iː n v ɪ l
greenwood,cmudict,G R IY1 N W UH2 D
greenwood,wikipron,ɡ ɹ i n w ʊ d
greer,cmudict,G R IH1 R
greetham,cmudict,G R IY1 TH AH0 M
greg,cmudict,G R EH1 G
greg,wikipron,ɡ ɹ ɛ ɡ
gregg,cmudict,G R EH1 G
gregg,wikipron,ɡ ɹ ɛ ɡ
gregor,cmudict,G R EH1 G ER0
gregoria,cmudict,G R EH0 G AO1 R IY0 AH0
gregorio,cmudict,G R IH0 G AO1 R IY0 OW0
gregory,cmudict,G R EH1 G ER0 IY0
gregory,wikipron,ɡ ɹ ɛ ɡ ə ɹ i
greig,cmudict,G R IY1 G
grenville,wikipron,ɡ ɹ ɛ n v ɪ l
greta,cmudict,G R IY1 T AH0
gretchen,cmudict,G R EH1 CH AH0 N
gretchen,wikipron,ɡ ɹ ɛ t͡ʃ ə n
gretel,cmudict,G R EH1 T AH0 L
grey,cmudict,G R EY1
grey,wikipron,ɡ ɹ e ɪ
griffin,cmudict,G R IH1 F IH0 N
griffin,wikipron,ɡ ɹ ɪ f ɪ n
griffith,cmudict,G R IH1 F AH0 TH
griffith,wikipron,ɡ ɹ ɪ f ɪ θ
griggs,cmudict,G R IH1 G Z
grille,cmudict,G R IH1 L
grille,wikipron,ɡ ɹ ɪ l
grimes,cmudict,G R AY1 M Z
grimes,wikipron,ɡ ɹ a ɪ m z
grimm,cmudict,G R IH1 M
gripe,cmudict,G R AY1 P
gripe,wikipron,ɡ ɹ a ɪ p
gross,cmudict,G R OW1 S
gross,wikipron,ɡ ɹ o ʊ s
grot,wikipron,ɡ ɹ ɑ t
groundwater,cmudict,G R AW1 N D W AA2 T ER0
grove,cmudict,G R OW1 V
grove,wikipron,ɡ ɹ o ʊ v
groveman,cmudict,G R OW1 V M AH0 N
grover,cmudict,G R OW1 V ER0
grover,wikipron,ɡ ɹ o ʊ v ɚ
groves,cmudict,G R OW1 V Z
groves,wikipron,ɡ ɹ o ʊ v z
grows,cmudict,G R OW1 Z
grows,wikipron,ɡ ɹ o ʊ z
grubs,cmudict,G R AH1 B Z
grubs,wikipron,ɡ ɹ ʌ b z
grumman,cmudict,G R AH1 M AH0 N
gruppo,cmudict,G R UW1 P OW0
guadalupe,cmudict,G W AA2 D AH0 L UW1 P
guadalupe,wikipron,ɡ w ɑ d ə l u p
guaifenesin,wikipron,ɡ w a ɪ f ɛ n ɪ s ɪ n
guelda,wikipron,ɡ w ɛ l d ə
guerra,cmudict,G W EH1 R AH0
guerrero,cmudict,G ER0 EH1 R OW0
guerrero,wikipron,ɡ ə ɹ ɛ ɹ o ʊ
guetta,wikipron,ɡ ɛ t ə
guevara,cmudict,G EY0 V AA1 R AH0
guez,cmudict,G EH1 Z
guido,cmudict,G W IY1 D OW0
guido,wikipron,ɡ w i d o ʊ
guidon,wikipron,ɡ a ɪ d n̩
guidry,cmudict,G IH1 D ER0 IY0
guillen,cmudict,G IH1 L AH0 N
guillermo,cmudict,G W IH0 L Y EH1 R M OW0
guinevere,wikipron,ɡ w ɪ n ə v ɪ ɹ
guisewite,cmudict,G AY1 S W AY2 T
gulch,cmudict,G AH1 L CH
gulch,wikipron,ɡ ʌ l t͡ʃ
gunn,cmudict,G AH1 N
gunn,wikipron,ɡ ʌ n
gunnar,cmudict,G AH1 N ER0
gunter,cmudict,G AH1 N T ER0
gunther,cmudict,G AH1 N TH ER0
gunther,wikipron,ɡ uː n t ɚ
gupta,cmudict,G UH1 P T AH0
gurion,cmudict,G Y UH1 R IY0 AH0 N
gus,cmudict,G AH1 S
gus,wikipron,ɡ uː z
gussie,cmudict,G AH1 S IY0
gust,cmudict,G AH1 S T
gust,wikipron,ɡ ʌ s t
gustaf,cmudict,G UW1 S T AA0 F
gustafson,cmudict,G AH1 S T AH0 F S AH0 N
gustav,cmudict,G UH1 S T AA0 F
gustave,cmudict,G UW0 S T AA1 V IY0
gustavo,cmudict,G AH0 S T AA1 V OW0
gusto,cmudict,G AH1 S T OW2
gusto,wikipron,ɡ ʌ s t o ʊ
guston,cmudict,G AH1 S T AH0 N
gutenberg,cmudict,G UW1 T AH0 N B ER0 G
gutenberg,wikipron,ɡ u t n̩ b ɝ ɡ
guthrie,cmudict,G AH1 TH R IY0
guthrie,wikipron,ɡ ʌ θ ɹ i
gutierrez,cmudict,G UW0 T Y EH1 R EH0 Z
guy,cmudict,G AY1
guy,wikipron,ɡ a ɪ
guzman,cmudict,G AH1 Z M AH0 N
guzman,wikipron,ɡ u z m ɑ n
gwen,cmudict,G W EH1 N
gwen,wikipron,ɡ w ɛ n
gwenda,cmudict,G W EH1 N D AH0
gwendolyn,cmudict,G W EH1 N D AH0 L IH0 N
gwyn,cmudict,G W IH1 N
gwyn,wikipron,ɡ w ɪ n
gwyneth,cmudict,G W IH1 N AH0 TH
gwyneth,wikipron,ɡ w ɪ n ə θ
gwynn,cmudict,G W IH1 N
gwynne,cmudict,G W IH1 N
gypsy,cmudict,JH IH1 P S IY0
gypsy,wikipron,d͡ʒ ɪ p s i
ha,cmudict,HH AA1
ha,wikipron,h ɑː
haas,cmudict,HH AA1 S
hackett,cmudict,HH AE1 K IH0 T
hadassah,wikipron,h ə d æ s ə
hadley,cmudict,HH AE1 D L IY0
hadley,wikipron,h æ d l i
hagan,cmudict,HH EY1 G AH0 N
hagen,cmudict,HH EY1 G AH0 N
hagen,wikipron,h ɑː ɡ ə n
hager,cmudict,HH EY1 G ER0
hahn,cmudict,HH AA1 N
hahn,wikipron,h ɑ n
hai,wikipron,h a ɪ̯
hail,cmudict,HH EY1 L
hail,wikipron,h e ɪ l
hailey,cmudict,HH EY1 L IY0
hailey,wikipron,h e ɪ l i
haines,cmudict,HH EY1 N Z
haines,wikipron,h e ɪ n z
haka,wikipron,h ɑ k ə
hakeem,cmudict,HH AA0 K IY1 M
hakim,cmudict,HH AA0 K IY1 M
hakim,wikipron,h ɑː k iː m
hal,cmudict,HH AE1 L
hal,wikipron,h æ l
halbert,cmudict,HH AE1 L B ER0 T
hale,cmudict,HH EY1 L
hale,wikipron,h e ɪ l
haley,cmudict,HH EY1 L IY0
halima,cmudict,HH AH0 L IY1 M AH0
hall,cmudict,HH AO1 L
hall,wikipron,h ɑ l
halle,cmudict,HH AE1 L
halle,wikipron,h æ l i
halley,cmudict,HH AE1 L IY0
halley,wikipron,h æ l i
hallie,cmudict,HH AO1 L IY0
hallwood,cmudict,HH AO1 L W UH2 D
hally,cmudict,HH AE1 L IY0
hally,wikipron,h æ l i
halston,cmudict,HH AO1 L S T AH0 N
hamal,cmudict,HH EY1 M AH0 L
hamal,wikipron,h ə m ɒ l
hamanaka,cmudict,HH AH0 M AH0 N AA1 K AH0
hamas,cmudict,HH AA2 M AA1 S
hamas,wikipron,h ə m ɑ s
hamid,cmudict,HH AH0 M IY1 D
hamilton,cmudict,HH AE1 M AH0 L T AH0 N
hamilton,wikipron,h æ m ə l t ə n
hamm,cmudict,HH AE1 M
hammer,cmudict,HH AE1 M ER0
hammer,wikipron,h æ m ɚ
hammond,cmudict,HH AE1 M AH0 N D
hammond,wikipron,h æ m ə n d
hampton,cmudict,HH AE1 M P T AH0 N
han,cmudict,HH AA1 N
han,wikipron,h ɑ n
hana,cmudict,HH AE1 N AH0
hanan,cmudict,HH EY1 N AH0 N
hancock,cmudict,HH AE1 N K AA2 K
hancock,wikipron,h æ ŋ k ɒ k
hand,cmudict,HH AE1 N D
hand,wikipron,h æ n d
haney,cmudict,HH EY1 N IY0
hang,cmudict,HH AE1 NG
hang,wikipron,h æ ŋ
hank,cmudict,HH AE1 NG K
hank,wikipron,h e ɪ̯ ŋ k
hankins,cmudict,HH AE1 NG K IH0 N Z
hanley,cmudict,HH AE1 N L IY0
hanna,cmudict,HH AE1 N AH0
hannah,cmudict,HH AE1 N AH0
hannah,wikipron,h æ n ə
hannesson,cmudict,HH AE1 N AH0 S AH0 N
hannibal,cmudict,HH AE1 N IH0 B AH0 L
hannibal,wikipron,h æ n ɪ b ə l
hanoian,wikipron,h ɑː n ɔ ɪ ə n
hans,cmudict,HH AA1 N S
hans,wikipron,h æ n s
hansel,cmudict,HH AE1 N S AH0 L
hansen,cmudict,HH AE1 N S AH0 N
hansma,cmudict,HH AE1 N S M AH0
hansom,cmudict,HH AE1 N S AH0 M
hanson,cmudict,HH AE1 N S AH0 N
hanson,wikipron,h æ n s ə n
hap,cmudict,HH AE1 P
hap,wikipron,h æ p
harahan,cmudict,HH AE1 R AH0 HH AE2 N
harald,cmudict,HH AA1 R AH0 L D
harden,cmudict,HH AA1 R D AH0 N
harden,wikipron,h ɑ ɹ d n̩
hardin,cmudict,HH AA1 R D IH0 N
harding,cmudict,HH AA1 R D IH0 NG
harding,wikipron,h ɑ ɹ d ɪ ŋ
hardy,cmudict,HH AA1 R D IY0
hardy,wikipron,h ɑ ɹ d i
hargrove,cmudict,HH AA1 R G R OW2 V
harlan,cmudict,HH AA1 R L AH0 N
harland,cmudict,HH AA1 R L AH0 N D
harley,cmudict,HH AA1 R L IY0
harley,wikipron,h ɑ ɹ l i
harlin,cmudict,HH AA1 R L IH0 N
harlow,cmudict,HH AA1 R L OW0
harlow,wikipron,h a ɹ l o ʊ
harmon,cmudict,HH AA1 R M AH0 N
harmony,cmudict,HH AA1 R M AH0 N IY0
harmony,wikipron,h ɑ̟ ɹ m ə n i
harold,cmudict,HH EH1 R AH0 L D
harold,wikipron,h æ ɹ ə l d
harper,cmudict,HH AA1 R P ER0
harper,wikipron,h ɑ ɹ p ɚ
harras,wikipron,h æ ɹ ə s
harrell,cmudict,HH EH1 R AH0 L
harriet,cmudict,HH EH1 R IY0 AH0 T
harriet,wikipron,h æ ɹ i ɛ t
harriette,cmudict,HH AE1 R IY0 EH0 T
harrington,cmudict,HH EH1 R IH0 NG T AH0 N
harris,cmudict,HH EH1 R IH0 S
harris,wikipron,h æ ɹ ɪ s
harrison,cmudict,HH EH1 R IH0 S AH0 N
harrison,wikipron,h æ ɹ ɪ s ə n
harry,cmudict,HH EH1 R IY0
harry,wikipron,h æ ɹ i
hart,cmudict,HH AA1 R T
hart,wikipron,h ɑ ɹ t
hartley,cmudict,HH AA1 R T L IY0
hartley,wikipron,h ɑ ɹ t l i
hartman,cmudict,HH AA1 R T M AH0 N
harvester,cmudict,HH AA1 R V AH0 S T ER0
harvey,cmudict,HH AA1 R V IY0
harvey,wikipron,h ɑ v i
harvie,cmudict,HH AA1 R V IY0
hasan,cmudict,HH EY1 Z AH0 N
hashim,cmudict,HH AE1 SH IH0 M
haskell,cmudict,HH AE1 S K AH0 L
haskell,wikipron,h æ s k ə l
hassan,cmudict,HH AH0 S AA1 N
hastings,cmudict,HH EY1 S T IH0 NG Z
hastings,wikipron,h e ɪ s t ɪ ŋ z
hatch,cmudict,HH AE1 CH
hatch,wikipron,h æ t͡ʃ
hatcher,cmudict,HH AE1 CH ER0
hatfield,cmudict,HH AE1 T F IY2 L D
hatfield,wikipron,h æ t f i l d
hath,cmudict,HH AE1 TH
hath,wikipron,h æ θ
hathaway,cmudict,HH AE1 TH AH0 W EY2
hathaway,wikipron,h æ θ ə w e ɪ
hattie,cmudict,HH AE1 T IY0
hattie,wikipron,h æ t i
havelock,cmudict,HH AE1 V L AA2 K
haven,cmudict,HH EY1 V AH0 N
haven,wikipron,h e ɪ v ə n
hawkings,wikipron,h ɑ k ɪ ŋ z
hawkins,cmudict,HH AO1 K IH0 N Z
hawkins,wikipron,h ɑ k ɪ n z
hawley,cmudict,HH AO1 L IY0
hax,wikipron,h æ k s
hayden,cmudict,HH EY1 D AH0 N
hayden,wikipron,h e ɪ d n̩
hayes,cmudict,HH EY1 Z
hayes,wikipron,h e ɪ z
hayley,cmudict,HH EY1 L IY0
hayley,wikipron,h e ɪ l i
haynes,cmudict,HH EY1 N Z
haynsworth,cmudict,HH EY1 N Z W ER0 TH
hays,cmudict,HH EY1 Z
hays,wikipron,h e ɪ z
hayward,cmudict,HH EY1 W ER0 D
hayward,wikipron,h e ɪ w ə d
haywood,cmudict,HH EY1 W UH2 D
haywood,wikipron,h e ɪ w ʊ d
hazel,cmudict,HH EY1 Z AH0 L
hazel,wikipron,h e ɪ z ə l
hazen,cmudict,HH EY1 Z AH0 N
head,cmudict,HH EH1 D
head,wikipron,h ɛ d
header,cmudict,HH EH1 D ER0
header,wikipron,h ɛ d ɚ
healing,cmudict,HH IY1 L IH0 NG
healing,wikipron,h iː l ɪ ŋ
healy,cmudict,HH IY1 L IY0
heard,cmudict,HH ER1 D
heard,wikipron,h ɝ d
heath,cmudict,HH IY1 TH
heath,wikipron,h iː θ
heather,cmudict,HH EH1 DH ER0
heather,wikipron,h iː ð ə
heaven,cmudict,HH EH1 V AH0 N
heaven,wikipron,h ɛ v ə n
heavenly,cmudict,HH EH1 V AH0 N L IY0
heavenly,wikipron,h ɛ v ə n l i
heber,cmudict,HH IY1 B ER0
heber,wikipron,h i b ɚ
hebert,cmudict,HH EH1 B ER0 T
hector,cmudict,HH EH1 K T ER0
hector,wikipron,h ɛ k t ɚ
heddle,wikipron,h ɛ d ə l
hedrick,cmudict,HH EH1 D R IH0 K
hedrick,wikipron,h ɛ d ɹ ɪ k
hedy,cmudict,HH IY1 D IY0
hefferman,cmudict,HH EH1 F ER0 M AH0 N
hehe,wikipron,h i h i
hehmeyer,cmudict,HH EH1 M AY2 R
heide,cmudict,HH AY1 D
heidi,cmudict,HH AY1 D IY0
heidi,wikipron,h a ɪ d i
heinz,cmudict,HH AY1 N Z
hekker,cmudict,HH EH1 K ER0
helen,cmudict,HH EH1 L AH0 N
helen,wikipron,h ɛ l ə n
helena,cmudict,HH EH1 L AH0 N AH0
helena,wikipron,h ɛ l iː n ə
helene,cmudict,HH AH0 L IY1 N
helene,wikipron,h ɛ l iː n
helga,cmudict,HH EH1 L G AH0
helga,wikipron,h ɛ l ɡ ə
hellen,cmudict,HH EH1 L AH0 N
hellen,wikipron,h ɛ l ə n
heller,cmudict,HH EH1 L ER0
hellerman,cmudict,HH EH1 L ER0 M AH0 N
helma,cmudict,HH EH1 L M AH0
helmerich,cmudict,HH EH1 L M ER0 IH0 K
helms,cmudict,HH EH1 L M Z
helms,wikipron,h ɛ l m z
helmut,cmudict,HH EH1 L M AH0 T
helter,cmudict,HH EH1 L T ER0
helton,cmudict,HH EH1 L T AH0 N
helton,wikipron,h ɛ l t ə n
hemel,cmudict,HH EH1 M AH0 L
hems,cmudict,HH EH1 M Z
henderson,cmudict,HH EH1 N D ER0 S AH0 N
henderson,wikipron,h ɛ n d ɚ s ə n
hendrick,cmudict,HH EH1 N D R IH0 K
hendricks,cmudict,HH EH1 N D R IH0 K S
hendricks,wikipron,h ɛ n d ɹ ɪ k s
hendrickson,cmudict,HH EH1 N D R IH0 K S AH0 N
hendrix,cmudict,HH EH1 N D R IH0 K S
hendrix,wikipron,h ɛ n d ɹ ɪ k s
henery,cmudict,HH EH1 N ER0 IY0
henley,cmudict,HH EH1 N L IY0
hennan,cmudict,HH EH1 N AH0 N
henri,cmudict,HH EH1 N R IY0
henrietta,cmudict,HH EH2 N R IY0 EH1 T AH0
henrietta,wikipron,h ɛ n ɹ i ɛ t ə
henry,cmudict,HH EH1 N R IY0
henry,wikipron,h ɛ n ɹ i
hensley,cmudict,HH EH1 N Z L IY0
henson,cmudict,HH EH1 N S AH0 N
henson,wikipron,h ɛ n s ə n
herb,cmudict,ER1 B
herb,wikipron,h ɜː b
herbert,cmudict,HH ER1 B ER0 T
herbert,wikipron,h ɝ b ɚ t
herbie,cmudict,HH ER1 B IY0
herbie,wikipron,h ɝ b i
herby,wikipron,h ɝ b i
hercules,cmudict,HH ER1 K Y AH0 L IY2 Z
hercules,wikipron,h ɝː k j ə l iː z
herding,cmudict,HH ER1 D IH0 NG
herk,cmudict,HH ER1 K
herman,cmudict,HH ER1 M AH0 N
herman,wikipron,h ɝ m ə n
hermina,cmudict,HH ER1 M IH0 N AH0
herminia,cmudict,HH EH0 R M IY1 N IY0 AH0
hermon,cmudict,HH ER1 M AH0 N
hernan,cmudict,HH ER1 N AH0 N
hernandez,cmudict,HH ER0 N AE1 N D EH0 Z
hernando,cmudict,HH ER0 N AA1 N D OW0
herndon,cmudict,HH ER1 N D AH0 N
herrera,cmudict,HH ER0 EH1 R AH0
herring,cmudict,HH EH1 R IH0 NG
herring,wikipron,h ɛ ɹ ɪ ŋ
herron,cmudict,HH EH1 R AH0 N
herschel,cmudict,HH ER1 SH AH0 L
herschel,wikipron,h ɝ ʃ l̩
herschell,cmudict,HH ER1 SH AH0 L
hertog,cmudict,HH ER1 T AA0 G
herve,cmudict,HH ER1 V
hervey,cmudict,HH ER0 V EY1
hess,cmudict,HH EH1 S
hess,wikipron,h ɛ s
hester,cmudict,HH EH1 S T ER0
hester,wikipron,h ɛ s t ɚ
hettie,cmudict,HH EH1 T IY0
hettie,wikipron,h ɛ t i
hewitt,cmudict,HH Y UW1 IH0 T
hewitt,wikipron,h j uː ɪ t
heyward,cmudict,HH EY1 W ER0 D
hezekiah,wikipron,h ɛ z ə k a ɪ ə
hiawatha,cmudict,HH AY2 AH0 W AA1 TH AH0
hiawatha,wikipron,h a ɪ ə w ɑː θ ə
hichens,cmudict,HH IH1 K AH0 N Z
hickey,cmudict,HH IH1 K IY0
hickman,cmudict,HH IH1 K M AH0 N
hickman,wikipron,h ɪ k m ə n
hicks,cmudict,HH IH1 K S
hicks,wikipron,h ɪ k s
hidalgo,cmudict,HH AH0 D AE1 L G OW2
hide,cmudict,HH AY1 D
hide,wikipron,h a ɪ d
higgins,cmudict,HH IH1 G IH0 N Z
higgins,wikipron,h ɪ ɡ ɪ n z
hightower,cmudict,HH AY1 T AW2 ER0
hilaria,cmudict,HH IY0 L AA1 R IY0 AH0
hilaria,wikipron,h ɪ l ɛ ɹ i ə
hilario,cmudict,HH IY0 L AA1 R IY0 OW0
hilary,cmudict,HH IH1 L ER0 IY0
hilary,wikipron,h ɪ l ə ɹ i
hilb,cmudict,HH IH1 L B
hilbert,cmudict,HH IH1 L B ER0 T
hilda,cmudict,HH IH1 L D AH0
hilda,wikipron,h ɪ l d ə
hill,cmudict,HH IH1 L
hill,wikipron,h ɪ l
hillard,cmudict,HH IH1 L ER0 D
hillary,cmudict,HH IH1 L ER0 IY0
hillary,wikipron,h ɪ l ə ɹ i
hillel,cmudict,HH IH2 L EH1 L
hillel,wikipron,h ɪ l ə l
hillery,cmudict,HH IH1 L ER0 IY0
hilliard,cmudict,HH IH1 L Y AA0 R D
hilton,cmudict,HH IH1 L T AH0 N
hilton,wikipron,h ɪ l t ə n
hines,cmudict,HH AY1 N Z
hines,wikipron,h a ɪ n z
hinkle,cmudict,HH IH1 NG K AH0 L
hinojosa,cmudict,HH IY0 N OW0 JH OW1 S AH0
hinson,cmudict,HH IH1 N S AH0 N
hint,cmudict,HH IH1 N T
hint,wikipron,h ɪ n t
hinton,cmudict,HH IH1 N T AH0 N
hipolito,cmudict,IY1 P OW0 L IY1 T OW0
hiram,cmudict,HH AY1 R AH0 M
hiram,wikipron,h a ɪ ɹ ə m
hithe,wikipron,h ʌ ɪ ð
ho,cmudict,HH OW1
ho,wikipron,h o ʊ
hoa,wikipron,h o ʊ
hoang,cmudict,HH OW1 NG
hoang,wikipron,h w æ ŋ
hobart,cmudict,HH OW1 B AA2 R T
hobart,wikipron,h ə ʊ b ɑː t
hobble,cmudict,HH AA1 B AH0 L
hobble,wikipron,h ɒ b ə l
hobbs,cmudict,HH AA1 B Z
hobert,cmudict,HH AA1 B ER0 T
hode,wikipron,h o ʊ d
hodge,cmudict,HH AA1 JH
hodge,wikipron,h ɑ d͡ʒ
hodges,cmudict,HH AA1 JH IH0 Z
hoevet,cmudict,HH OW1 V EH2 T
hoffman,cmudict,HH AO1 F M AH0 N
hogan,cmudict,HH OW1 G AA2 N
hogan,wikipron,h o ʊ ɡ ə n
hohorst,cmudict,HH OW1 HH AO2 R S T
holbrook,cmudict,HH OW1 L B R UH2 K
holcomb,cmudict,HH OW1 L K AH0 M
holden,cmudict,HH OW1 L D AH0 N
holden,wikipron,h o ʊ l d ə n
holder,cmudict,HH OW1 L D ER0
holder,wikipron,h o ʊ l d ɚ
holla,wikipron,h ɑ l ə
holland,cmudict,HH AA1 L AH0 N D
holland,wikipron,h ɑ l ə n d
holley,cmudict,HH AA1 L IY0
holliday,cmudict,HH AA1 L IH0 D EY2
hollie,cmudict,HH AA1 L IY0
hollingsworth,cmudict,HH AA1 L IH0 NG Z W ER2 TH
hollis,cmudict,HH AA1 L IH0 S
holloway,cmudict,HH AA1 L OW0 W EY2
holly,cmudict,HH AA1 L IY0
holly,wikipron,h ɑ l i
holman,cmudict,HH AA1 L M AH0 N
holmes,cmudict,HH OW1 M Z
holmes,wikipron,h o ʊ l m z
holt,cmudict,HH OW1 L T
holt,wikipron,h o ʊ l t
homer,cmudict,HH OW1 M ER0
homer,wikipron,h o ʊ m ɚ
hondel,wikipron,h ɒ n d ə l
honey,cmudict,HH AH1 N IY0
honey,wikipron,h ʌ n i
honeysuckle,cmudict,HH AH1 N IY0 S AH2 K AH0 L
honeysuckle,wikipron,h ʌ n i s ʌ k ə l
hong,cmudict,HH AO1 NG
hong,wikipron,h ɑ ŋ
honor,cmudict,AA1 N ER0
honor,wikipron,ɑ n ɚ
honora,cmudict,AO0 N AO1 R AH0
honors,cmudict,AA1 N ER0 Z
honors,wikipron,ɑ n ɚ z
hood,cmudict,HH UH1 D
hood,wikipron,h ʊ d
hooper,cmudict,HH UW1 P ER0
hooper,wikipron,h u p ɚ
hoover,cmudict,HH UW1 V ER0
hoover,wikipron,h u v ɚ
hope,cmudict,HH OW1 P
hope,wikipron,h o ʊ p
hopkins,cmudict,HH AA1 P K IH0 N Z
hopkins,wikipron,h ɑ p k ɪ n z
hopper,cmudict,HH AA1 P ER0
hopper,wikipron,h ɑ p ɚ
horace,cmudict,HH AO1 R AH0 S
horace,wikipron,h ɔ ɹ ə s
horacio,cmudict,HH AO0 R EY1 S IY0 OW0
horatio,cmudict,HH ER0 EY1 SH OW0
horatio,wikipron,h ə ɹ e ɪ ʃ i ə ʊ
horelick,cmudict,HH AO1 R AH0 L IH0 K
horn,cmudict,HH AO1 R N
horn,wikipron,h ɔ ɹ n
hornblower,cmudict,HH AO1 R N B L OW2 ER0
horne,cmudict,HH AO1 R N
horner,cmudict,HH AO1 R N ER0
horsely,cmudict,HH AO1 R S L IY0
horsham,cmudict,HH AO1 R SH AH0 M
hortense,wikipron,h ɔː t ɑ̃ s
hortensia,wikipron,h ɔː t ɛ n z i ə
horton,cmudict,HH AO1 R T AH0 N
horton,wikipron,h ɔ ɹ t ə n
hosea,cmudict,HH OW0 S IY1 AH0
hosea,wikipron,h o ʊ z e ɪ ə
hosie,cmudict,HH OW1 Z IY0
hoskins,cmudict,HH AA1 S K IH0 N Z
house,cmudict,HH AW1 S
house,wikipron,h a w s
houser,cmudict,HH AW1 Z ER0
houston,cmudict,HH Y UW1 S T AH0 N
houston,wikipron,h a ʊ s t ə n
howard,cmudict,HH AW1 ER0 D
howard,wikipron,h a ʊ ɚ d
howe,cmudict,HH AW1
howell,cmudict,HH AW1 AH0 L
howell,wikipron,h a ʊ w ə ɫ
howie,cmudict,HH AW1 IY0
howie,wikipron,h a ʊ i
howling,cmudict,HH AW1 L IH0 NG
howling,wikipron,h a ʊ l ɪ ŋ
hoyt,cmudict,HH OY1 T
hu,cmudict,HH UW1
hu,wikipron,h u
huang,cmudict,HH W AE1 NG
huang,wikipron,h w ɑː ŋ
hubbard,cmudict,HH AH1 B ER0 D
hubbard,wikipron,h ʌ b ɚ d
hubber,wikipron,h ʌ b ɚ
huber,cmudict,HH Y UW1 B ER0
hubert,cmudict,HH Y UW1 B ER0 T
hubert,wikipron,h j u b ɚ t
hudson,cmudict,HH AH1 D S AH0 N
hudson,wikipron,h ʌ d s ə n
huerta,cmudict,HH W EH1 R T AH2
huey,cmudict,HH Y UW1 IY0
huey,wikipron,h j uː i
huff,cmudict,HH AH1 F
huff,wikipron,h ʌ f
huffman,cmudict,HH AH1 F M AH0 N
huffman,wikipron,h ʌ f m ə n
huggins,cmudict,HH AH1 G IH0 N Z
hugh,cmudict,HH Y UW1
hugh,wikipron,h j uː
hughes,cmudict,HH Y UW1 Z
hughes,wikipron,h j uː z
hughie,cmudict,HH Y UW1 IY0
hugo,cmudict,HH Y UW1 G OW0
hugo,wikipron,h j u ɡ o ʊ
hugs,cmudict,HH AH1 G Z
hugs,wikipron,h ʌ ɡ z
hull,cmudict,HH AH1 L
hull,wikipron,h ʌ l
hulls,cmudict,HH AH1 L Z
hulls,wikipron,h ʌ l z
hulon,cmudict,HH Y UW1 L AH0 N
humana,cmudict,HH Y UW0 M AE1 N AH0
humberto,cmudict,HH AH0 M B ER1 T OW2
humphrey,cmudict,HH AH1 M F R IY0
humphrey,wikipron,h ʌ m f ɹ i
humphries,cmudict,HH AH1 M F ER0 IY0 Z
hung,cmudict,HH AH1 NG
hung,wikipron,h ʌ ŋ
hunt,cmudict,HH AH1 N T
hunt,wikipron,h ʌ n t
hunter,cmudict,HH AH1 N T ER0
hunter,wikipron,h ʌ n t ɚ
hurd,cmudict,HH ER1 D
hurley,cmudict,HH ER1 L IY0
hurley,wikipron,h ɝ l i
hurly,cmudict,HH ER1 L IY0
hurly,wikipron,h ɜː l i
hurst,cmudict,HH ER1 S T
hurst,wikipron,h ɝ s t
hurt,cmudict,HH ER1 T
hurt,wikipron,h ɝ t
hurtado,cmudict,HH ER0 T AA1 D OW0
hussein,cmudict,HH UW0 S EY1 N
hustler,cmudict,HH AH1 S AH0 L ER0
hustler,wikipron,h ʌ s l ɚ
huston,cmudict,HH AH1 S T AH0 N
hutchins,cmudict,HH AH1 T CH IH2 N Z
hutchins,wikipron,h ʌ t͡ʃ ɪ n z
hutchinson,cmudict,HH AH1 CH IH0 N S AH0 N
hutchinson,wikipron,h ʌ t͡ʃ ɪ n s ə n
hutchison,cmudict,HH AH1 CH IH0 S AH0 N
hutchison,wikipron,h ʌ t͡ʃ ɪ s ə n
hutton,cmudict,HH AH1 T AH0 N
hutton,wikipron,h ʌ t ə n
huynh,cmudict,HH AY1 N
huynh,wikipron,h j uː ɪ n
hyatt,cmudict,HH AY1 AH0 T
hyatt,wikipron,h a ɪ ə t
hyde,cmudict,HH AY1 D
hyde,wikipron,h a ɪ d
hydrochlorothiazide,wikipron,h a ɪ d ɹ ə k l ɔ ɹ ə θ a ɪ ə z a ɪ d
hydroxychloroquine,wikipron,h a ɪ d ɹ ɑ k s i k l ɔ ɹ ə k w i n
hydroxyzine,wikipron,h a ɪ d ɹ ɑ k s ə z iː n
hyman,cmudict,HH AY1 M AH0 N
hymen,cmudict,HH AY1 M AH0 N
hymen,wikipron,h a ɪ m ə n
ia,cmudict,IY1 AH0
iain,cmudict,IY0 EY1 N
ian,cmudict,IY1 AH0 N
ian,wikipron,a ɪ ə n
ibarra,cmudict,IH2 B AA1 R AH0
ibn,cmudict,IH1 B AH0 N
ibrahim,cmudict,IH2 B R AA0 HH IY1 M
ibuprofen,cmudict,AY2 B Y UW0 P R OW1 F AH0 N
ibuprofen,wikipron,a ɪ b j u p ɹ o ʊ f ə n
ida,cmudict,AY1 D AH0
ida,wikipron,a ɪ d ə
idalia,cmudict,IH2 D AA1 L Y AH0
ido,cmudict,IY1 D OW2
ido,wikipron,a ɪ d o ʊ
ignacio,cmudict,IH2 G N AA1 S IY0 OW0
ignatius,cmudict,IH2 G N EY1 SH AH0 S
ignatius,wikipron,ɪ ɡ n e ɪ ʃ ə s
ihasz,cmudict,AY1 HH AE0 S
ike,cmudict,AY1 K
ike,wikipron,a ɪ k
ikea,cmudict,AY2 K IY1 AH0
ikea,wikipron,a ɪ k i ə
ila,cmudict,IY1 L AH0
ilan,cmudict,IY2 L AA1 N
ilana,cmudict,IH2 L AA1 N AH0
ileana,cmudict,IH2 L IY0 AE1 N AH0
ilene,cmudict,IH1 L IY0 N
ilk,cmudict,IH1 L K
ilk,wikipron,ɪ l k
ilka,cmudict,IH1 L K AH0
ilona,cmudict,IH2 L OW1 N AH0
ilsa,cmudict,IH1 L S AH0
ilse,cmudict,IH1 L S
iman,cmudict,AY1 M AH0 N
imani,wikipron,ɪ m ɑ n i
imelda,cmudict,IH2 M EH1 L D AH0
immanuel,cmudict,IH1 M AH0 N UH0 L
immanuel,wikipron,ɪ m æ n j u ə l
imogene,cmudict,IH1 M AH0 JH IY2 N
ina,cmudict,IY1 N AH0
inches,cmudict,IH1 N CH AH0 Z
inches,wikipron,ɪ n t͡ʃ ɪ z
incognito,cmudict,IH2 N K AO0 G N IY1 T OW0
incognito,wikipron,ɪ n k ɒ ɡ n iː t o ʊ
inda,cmudict,IY1 N D AH0
india,cmudict,IH1 N D IY0 AH0
india,wikipron,ɪ n d i ə
indira,cmudict,IH2 N D IH1 R AH0
ines,cmudict,IH1 N IH0 S
inez,cmudict,IH2 N EH1 Z
infant,cmudict,IH1 N F AH0 N T
infant,wikipron,ɪ n f ə n t
inga,cmudict,IY1 NG G AH0
inga,wikipron,ɪ ŋ ɡ ə
inge,cmudict,IH1 N JH
inger,cmudict,IH1 NG ER0
ingram,cmudict,IH1 NG G R AH0 M
ingram,wikipron,ɪ ŋ ɡ ɹ ə m
ingrid,cmudict,IH1 NG G R IH0 D
inman,cmudict,IH1 N M AH0 N
inman,wikipron,ɪ n m ə n
inns,cmudict,IH1 N Z
inns,wikipron,ɪ n z
inocencio,cmudict,IH2 N OW0 CH EH1 N CH IY0 OW0
instone,cmudict,IH1 N S T OW2 N
inwards,wikipron,ɪ n w ɚ d z
iola,cmudict,AY0 OW1 L AH0
iona,cmudict,AY0 OW1 N AH0
iona,wikipron,a ɪ o ʊ n ə
ione,cmudict,AY0 OW1 N IY0
ione,wikipron,a ɪ o ʊ n
ira,cmudict,AY1 R AH0
ira,wikipron,a ɪ ɹ ə
iran,cmudict,IH2 R AA1 N
iran,wikipron,a ɪ ɹ æ n
irby,cmudict,ER1 B IY0
irena,cmudict,IH2 R EY1 N AH0
irene,cmudict,AY0 R IY1 N
irene,wikipron,a ɪ ɹ iː n
irina,cmudict,IH2 R IY1 N AH0
iris,cmudict,AY1 R AH0 S
iris,wikipron,a ɪ ɹ ɪ s
irish,cmudict,AY1 R IH0 SH
irish,wikipron,a ɪ ə ɹ ɪ ʃ
irma,cmudict,ER1 M AH0
irvin,cmudict,ER1 V IH0 N
irvin,wikipron,ɝ v ɪ n
irving,cmudict,ER1 V IH0 NG
irving,wikipron,ɝ v ɪ ŋ
irwin,cmudict,ER1 W AH0 N
irwin,wikipron,ɝ w ɪ n
isa,cmudict,IY1 S AH0
isa,wikipron,a ɪ s ə
isaac,cmudict,AY1 Z AH0 K
isaac,wikipron,a ɪ z ə k
isabel,cmudict,IH1 Z AH0 B EH2 L
isabel,wikipron,ɪ z ə b ɛ l
isabell,cmudict,IH2 S AA0 B EH1 L
isabella,cmudict,IH2 Z AH0 B EH1 L AH0
isabella,wikipron,ɪ z ə b ɛ l ə
isabelle,cmudict,IH1 Z AH0 B EH2 L
isadore,cmudict,IH2 S AA0 D AO1 R EY0
isadore,wikipron,ɪ z ə d ɔ ɹ
isaiah,cmudict,AY2 Z EY1 AH0
isaiah,wikipron,a ɪ z e ɪ ə
ishmael,cmudict,IH1 SH M IY0 L
ishmael,wikipron,ɪ ʃ m e ɪ l
ishmail,cmudict,IH1 SH M EY0 L
isic,wikipron,a ɪ s ɪ k
isidore,cmudict,IH1 Z IH0 D AO2 R
isis,cmudict,AY1 S AH0 S
isis,wikipron,a ɪ s ɪ s
ismael,cmudict,IH1 S M EY0 L
ismael,wikipron,ɪ z m e ɪ l
ismail,cmudict,IH1 S M EY0 L
isoda,cmudict,IY2 S OW1 D AH0
isom,cmudict,AY1 S AH0 M
israel,cmudict,IH1 Z R IY0 AH0 L
israel,wikipron,ɪ z ɹ e ɪ ə l
issa,cmudict,IH1 S AH0
issa,wikipron,ɪ s ə
issac,cmudict,IH1 S AH0 K
issah,cmudict,IH1 S AH0
itami,cmudict,IH2 T AA1 M IY2
iva,cmudict,IY1 V AH0
ivan,cmudict,AY1 V AH0 N
ivan,wikipron,a ɪ v ə n
ivana,cmudict,IH2 V AA1 N AH0
ivanhoe,cmudict,AY1 V AH0 N HH OW2
ivanhoe,wikipron,a ɪ v ə n h o ʊ
ivanko,cmudict,IY0 V AA1 N K OW0
ivery,cmudict,AY1 V ER0 IY0
ivey,cmudict,AY1 V IY0
ivor,cmudict,AY1 V ER0
ivory,cmudict,AY1 V ER0 IY0
ivory,wikipron,a ɪ v ə ɹ i
ivy,cmudict,AY1 V IY0
ivy,wikipron,a ɪ v i
iwaki,cmudict,AY0 W AA1 K IY0
jabar,cmudict,JH AH0 B AA1 R
jabbar,cmudict,JH AH0 B AA1 R
jac,cmudict,JH AE1 K
jace,wikipron,d͡ʒ e ɪ s
jacinda,cmudict,JH AH0 S IH1 N D AH0
jacinda,wikipron,d͡ʒ ə s ɪ n d ə
jacinta,cmudict,JH AH0 S IH1 N T AH0
jacinto,cmudict,JH AH0 S IH1 N T OW0
jack,cmudict,JH AE1 K
jack,wikipron,d͡ʒ æ k
jackelyn,cmudict,JH AE1 K IH0 L IH0 N
jacki,cmudict,JH AE1 K IY0
jacki,wikipron,d͡ʒ æ k i
jackie,cmudict,JH AE1 K IY0
jackie,wikipron,d͡ʒ æ k i
jacklin,cmudict,JH AE1 K L IH0 N
jacklyn,cmudict,JH AE1 K L IH0 N
jackson,cmudict,JH AE1 K S AH0 N
jackson,wikipron,d͡ʒ æ k s ə n
jacky,cmudict,JH AE1 K IY0
jacky,wikipron,d͡ʒ æ k i
jaclyn,cmudict,JH AE1 K L IH0 N
jacob,cmudict,JH EY1 K AH0 B
jacob,wikipron,d͡ʒ e ɪ k ə b
jacoba,cmudict,Y AA0 K OW1 B AH0
jacobi,cmudict,Y AA0 K OW1 B IY0
jacobo,cmudict,Y AA0 K OW1 B OW0
jacoboski,cmudict,JH AE2 K OW0 B AO1 S K IY0
jacobs,cmudict,JH EY1 K AH0 B Z
jacobs,wikipron,d͡ʒ e ɪ k ə b z
jacobsen,cmudict,JH EY1 K AH0 B S AH0 N
jacobson,cmudict,JH EY1 K AH0 B S AH0 N
jacobson,wikipron,d͡ʒ e ɪ k ə b s ə n
jacoby,cmudict,JH AH0 K OW1 B IY0
jacoby,wikipron,d ʒ ə k o ʊ b i
jacque,cmudict,ZH EY1 K
jacqueline,cmudict,JH AE1 K W AH0 L IH0 N
jacqueline,wikipron,d ʒ æ k ə l ɪ n
jacquelyn,cmudict,JH AE1 K W IH0 L IH0 N
jacques,cmudict,ZH AA1 K
jacques,wikipron,ʒ æ k
jacquetta,cmudict,JH AA0 K EH1 T AH0
jacquie,cmudict,JH AE1 K W IY0
jade,cmudict,JH EY1 D
jade,wikipron,d͡ʒ e ɪ d
jae,cmudict,JH EY1
jaffrey,cmudict,JH AE1 F R IY0
jai,cmudict,JH AY1
jai,wikipron,d͡ʒ e ɪ
jaime,cmudict,HH AY1 M IY0
jaime,wikipron,h a ɪ m e ɪ
jaimie,cmudict,JH EY1 M IY0
jake,cmudict,JH EY1 K
jake,wikipron,d͡ʒ e ɪ k
jakie,cmudict,JH AE1 K IY0
jakie,wikipron,d͡ʒ e ɪ k i
jakob,cmudict,JH AE1 K AH0 B
jama,cmudict,JH AE1 M AH0
jamaica,cmudict,JH AH0 M EY1 K AH0
jamaica,wikipron,d͡ʒ ə m e ɪ k ə
jamal,cmudict,JH AH0 M AA1 L
jamar,cmudict,Y AA0 M AA1 R
jamerson,cmudict,JH AE1 M ER0 S AH0 N
james,cmudict,JH EY1 M Z
james,wikipron,d͡ʒ e ɪ m z
jameson,cmudict,JH EY1 M S AH0 N
jameson,wikipron,d͡ʒ e ɪ m ə s ə n
jami,cmudict,JH EY1 M IY0
jamie,cmudict,JH EY1 M IY0
jamie,wikipron,d͡ʒ e ɪ m i
jamieson,cmudict,JH EY1 M IH0 S AH0 N
jamieson,wikipron,d͡ʒ e ɪ m ɪ s ə n
jamila,cmudict,JH AH0 M IH1 L AH0
jamison,cmudict,JH EY1 M IH0 S AH0 N
jammu,cmudict,JH AH0 M UW1
jammu,wikipron,d͡ʒ ʌ m u
jammy,wikipron,d͡ʒ æ m i
jan,cmudict,JH AE1 N
jan,wikipron,d͡ʒ æ n
jana,cmudict,JH AE1 N AH0
janata,cmudict,JH AH0 N AA1 T AH0
janda,cmudict,JH AE1 N D AH0
jane,cmudict,JH EY1 N
jane,wikipron,d͡ʒ e ɪ n
janeane,cmudict,JH EY1 N AE2 N
janel,cmudict,JH AE1 N AH0 L
janella,cmudict,JH AH0 N EH1 L AH0
janelle,cmudict,ZH AH0 N EH1 L
janet,cmudict,JH AE1 N AH0 T
janet,wikipron,d͡ʒ æ n ɪ t
janette,cmudict,JH AH0 N EH1 T
janey,cmudict,JH EY1 N IY0
jani,cmudict,Y AA1 N IY0
janice,cmudict,JH AE1 N AH0 S
janice,wikipron,d͡ʒ æ n ɪ s
janie,cmudict,JH EY1 N IY0
janina,cmudict,JH AH0 N IY1 N AH0
janine,cmudict,JH AH0 N IY1 N
janine,wikipron,d͡ʒ ə n iː n
janis,cmudict,JH AE1 N IH0 S
janis,wikipron,d͡ʒ æ n ɪ s
janky,wikipron,d͡ʒ e ɪ̯ ŋ k i
jann,cmudict,JH AE1 N
jann,wikipron,d͡ʒ æ n
janna,cmudict,JH AE1 N AH0
jansen,cmudict,JH AE1 N S AH0 N
jansen,wikipron,d͡ʒ æ n s ə n
janson,cmudict,JH AE1 N S AH0 N
january,cmudict,JH AE1 N Y UW0 EH2 R IY0
january,wikipron,d͡ʒ æ n j u æ ɹ i
japheth,wikipron,d͡ʒ e ɪ f ɛ ð
jar,cmudict,JH AA1 R
jar,wikipron,d͡ʒ ɐː
jara,cmudict,JH AA1 R AH0
jaramillo,cmudict,JH AE2 R AH0 M IH1 L OW0
jared,cmudict,JH EH1 R IH0 D
jared,wikipron,d͡ʒ æ ɹ ə d
jarred,cmudict,JH AA1 R D
jarrell,cmudict,Y AA0 R EY1 L
jarrett,cmudict,JH EH1 R AH0 T
jarrod,cmudict,JH AE1 R AH0
jarryd,cmudict,JH AE1 R IH0 D
jarvis,cmudict,JH AA1 R V AH0 S
jarvis,wikipron,d͡ʒ ɑ ɹ v ɪ s
jas,cmudict,JH AE1 S
jase,wikipron,d͡ʒ e ɪ s
jasmin,cmudict,JH AE1 Z M IH0 N
jasmina,cmudict,Y AH0 S M AY1 N AH0
jasmine,cmudict,JH AE1 Z M AH0 N
jasmine,wikipron,d͡ʒ æ z m ə n
jason,cmudict,JH EY1 S AH0 N
jaspal,cmudict,JH AE1 S P AA0 L
jasper,cmudict,JH AE1 S P ER0
jasper,wikipron,d͡ʒ æ s p ɚ
jaun,wikipron,d ʒ ɔ n
javan,cmudict,JH AH0 V AA1 N
javan,wikipron,d͡ʒ e ɪ v ə n
javier,cmudict,HH AA2 V IY0 EH1 R
jawan,wikipron,d͡ʒ ə w ɑː n
jay,cmudict,JH EY1
jay,wikipron,d͡ʒ e ɪ
jaya,cmudict,JH AY1 AH0
jaycee,cmudict,JH EY1 S IY1
jayden,cmudict,JH EY1 D AH0 N
jayden,wikipron,d͡ʒ e ɪ d n̩
jaye,cmudict,JH EY1
jayla,wikipron,d͡ʒ e ɪ l ə
jayme,cmudict,JH EY1 M IY0
jaymes,cmudict,JH EY1 M IY0 Z
jayne,cmudict,JH EY1 N
jayson,cmudict,JH EY1 Z AH0 N
jazmin,cmudict,JH AE1 Z M IH0 N
jean,cmudict,JH IY1 N
jean,wikipron,d͡ʒ iː n
jeana,cmudict,JH IY1 N AH0
jeane,cmudict,JH IY1 N
jeanette,cmudict,JH AH0 N EH1 T
jeanie,cmudict,JH IY1 N IY0
jeanine,cmudict,JH AH0 N IY1 N
jeanne,cmudict,JH IY1 N
jeannette,cmudict,JH AH0 N EH1 T
jeannette,wikipron,d͡ʒ ə n ɛ t
jeannie,cmudict,JH IY1 N IY0
jeanpierre,cmudict,ZH AO0 N P IY0 EH1 R
jeb,cmudict,JH EH1 B
jeb,wikipron,d͡ʒ ɛ b
jed,cmudict,JH EH1 D
jed,wikipron,d͡ʒ ɛ d
jedidiah,wikipron,d͡ʒ ɛ d ɪ d a ɪ ə
jeet,wikipron,d͡ʒ i t
jeeter,cmudict,JH IY1 T ER0
jeff,cmudict,JH EH1 F
jeff,wikipron,d͡ʒ ɛ f
jefferey,cmudict,JH EH1 F ER0 IY0
jefferson,cmudict,JH EH1 F ER0 S AH0 N
jefferson,wikipron,d͡ʒ ɛ f ɚ s ə n
jeffery,cmudict,JH EH1 F ER0 IY0
jeffrey,cmudict,JH EH1 F R IY0
jeffrey,wikipron,d͡ʒ ɛ f ɹ i
jeffries,cmudict,JH EH1 F R IY0 Z
jeffry,cmudict,JH EH1 F R IY0
jelena,wikipron,d͡ʒ ə l iː n ə
jemima,cmudict,JH EH0 M IY1 M AH0
jemima,wikipron,d͡ʒ ə m a ɪ m ə
jen,cmudict,JH EH1 N
jen,wikipron,d͡ʒ ɛ n
jena,cmudict,JH IY1 N AH0
jena,wikipron,d͡ʒ iː n ə
jenkins,cmudict,JH EH1 NG K AH0 N Z
jenkins,wikipron,d͡ʒ ɛ ŋ k ɪ n z
jenna,cmudict,JH EH1 N AH0
jenna,wikipron,d͡ʒ ɛ n ə
jenne,cmudict,JH EH1 N
jennett,cmudict,JH EH1 N IH0 T
jennette,cmudict,ZH IH0 N EH1 T
jenney,cmudict,JH EH1 N IY0
jenni,cmudict,JH EH1 N IY0
jennie,cmudict,JH EH1 N IY0
jennifer,cmudict,JH EH1 N AH0 F ER0
jennifer,wikipron,d͡ʒ ɛ n ɪ f ɚ
jennings,cmudict,JH EH1 N IH0 NG Z
jennings,wikipron,d͡ʒ ɛ n ɪ ŋ z
jenny,cmudict,JH EH1 N IY0
jenny,wikipron,d͡ʒ ɛ n i
jens,cmudict,JH EH1 N Z
jensen,cmudict,JH EH1 N S AH0 N
jensen,wikipron,d͡ʒ ɛ n s ə n
jerald,cmudict,JH EH1 R AH0 L D
jere,cmudict,JH EH1 R IY0
jerel,cmudict,JH EH1 R AH0 L
jeremia,cmudict,Y EH0 R IY1 M IY0 AH0
jeremiah,cmudict,JH EH2 R AH0 M AY1 AH0
jeremiah,wikipron,d͡ʒ ɛ ɹ ə m a ɪ ə
jeremias,wikipron,d͡ʒ ɛ ɹ ə m a ɪ ə s
jeremy,cmudict,JH EH1 R AH0 M IY2
jeremy,wikipron,d͡ʒ ɛ ɹ m i
jeri,cmudict,JH EH1 R IY0
jericho,cmudict,JH EH1 R IH0 K OW2
jericho,wikipron,d͡ʒ ɛ ɹ ɪ k o ʊ
jermaine,cmudict,JH ER0 M EY1 N
jerod,cmudict,JH EH1 R AH0 D
jerold,cmudict,JH EH1 R OW0 L D
jerome,cmudict,JH ER0 OW1 M
jerome,wikipron,d͡ʒ ə ɹ o ʊ m
jerrell,cmudict,Y EH0 R EY1 L
jerri,cmudict,JH EH1 R IY0
jerrie,cmudict,JH EH1 R IY0
jerrie,wikipron,d͡ʒ ɛ ɹ i
jerrold,cmudict,JH EH1 R AH0 L D
jerry,cmudict,JH EH1 R IY0
jerry,wikipron,d͡ʒ ɛ ɹ i
jerusha,cmudict,JH EH1 R AH0 SH AH0
jeshua,wikipron,d͡ʒ ɛ ʃ uː ə
jess,cmudict,JH EH1 S
jess,wikipron,d͡ʒ ɛ s
jessamyn,cmudict,JH EH1 S AH0 M IH0 N
jesse,cmudict,JH EH1 S IY0
jesse,wikipron,d͡ʒ ɛ s i
jessee,cmudict,JH EH1 S IY1
jessica,cmudict,JH EH1 S IH0 K AH0
jessica,wikipron,d͡ʒ ɛ s ɪ k ə
jessie,cmudict,JH EH1 S IY0
jessy,cmudict,JH EH1 S IY0
jesus,cmudict,JH IY1 Z AH0 S
jesus,wikipron,d͡ʒ i z ə s
jethro,cmudict,JH EH1 TH R OW0
jethro,wikipron,d͡ʒ ɛ θ ɹ o ʊ
jetson,cmudict,JH EH1 T S AH0 N
jett,cmudict,JH EH1 T
jetta,cmudict,JH EH1 T AH0
jewel,cmudict,JH UW1 AH0 L
jewel,wikipron,d͡ʒ u l
jewell,cmudict,JH UW1 IH0 L
jiang,cmudict,JH AA1 NG
jiang,wikipron,d ʒ i æ ŋ
jihad,cmudict,JH IY1 HH AE0 D
jihad,wikipron,d͡ʒ iː h æ d
jil,cmudict,JH IH1 L
jill,cmudict,JH IH1 L
jill,wikipron,d͡ʒ ɪ l
jillian,cmudict,JH IH1 L IY0 AH0 N
jillian,wikipron,d ʒ ɪ l j ə n
jim,cmudict,JH IH1 M
jim,wikipron,d͡ʒ ɪ m
jima,cmudict,JH IY1 M AH0
jimenez,cmudict,HH IH2 M EH1 N EH2 Z
jimi,cmudict,JH IH1 M IY0
jimmie,cmudict,JH IH1 M IY0
jimmie,wikipron,d͡ʒ ɪ m i
jimmy,cmudict,JH IH1 M IY0
jimmy,wikipron,d͡ʒ ɪ m i
jin,cmudict,JH IH1 N
jin,wikipron,d͡ʒ ɪ n
jo,cmudict,JH OW1
jo,wikipron,d͡ʒ o ʊ
joachim,cmudict,Y OW2 AA1 K IH0 M
joachim,wikipron,d͡ʒ o ʊ̯ ə k ɪ m
joan,cmudict,JH OW1 N
joan,wikipron,d͡ʒ o ʊ n
joanie,cmudict,JH OW1 N IY2
joann,cmudict,JH OW2 AE1 N
joanna,cmudict,JH OW0 AE1 N AH0
joanna,wikipron,d͡ʒ o ʊ æ n ə
joanne,cmudict,JH OW2 AE1 N
joanne,wikipron,d͡ʒ o ʊ n
joao,cmudict,JH OW1 OW0
joao,wikipron,d͡ʒ o ʊ a ʊ
joaquin,cmudict,W AA2 K IY1 N
joaquin,wikipron,h w ɑ k iː n
job,cmudict,JH AA1 B
job,wikipron,d͡ʒ ə ʊ b
jobe,cmudict,JH OW1 B
jobe,wikipron,d͡ʒ ə ʊ b
jocelin,cmudict,JH AO1 S L IH2 N
jocelyn,cmudict,JH AO1 S L IH2 N
jocelyn,wikipron,d͡ʒ ɒ s l ɪ n
jocelyne,cmudict,JH AO1 S L IH2 N
jock,cmudict,JH AA1 K
jock,wikipron,d͡ʒ ɑ k
jodi,cmudict,JH OW1 D IY0
jodie,cmudict,JH OW1 D IY0
jody,cmudict,JH OW1 D IY0
jody,wikipron,d͡ʒ o ʊ d i
joe,cmudict,JH OW1
joe,wikipron,d͡ʒ o ʊ
joel,cmudict,JH OW1 AH0 L
joel,wikipron,d͡ʒ o ʊ l
joelle,cmudict,JH OW0 EH1 L
joette,cmudict,ZH OW0 EH1 T
joey,cmudict,JH OW1 IY0
joey,wikipron,d͡ʒ o ʊ i
jog,cmudict,JH AA1 G
jog,wikipron,d͡ʒ ɑ ɡ
joh,cmudict,JH OW1
joh,wikipron,d͡ʒ ə ʊ
johan,cmudict,Y OW0 HH AA1 N
johann,cmudict,Y OW1 HH AA0 N
johanna,cmudict,JH AH0 HH AE1 N AH0
johanna,wikipron,d͡ʒ ə ʊ h æ n ə
johannes,cmudict,JH OW0 HH AE1 N AH0 S
johannes,wikipron,d ʒ ə ʊ h æ n ɪ s
john,cmudict,JH AA1 N
john,wikipron,d͡ʒ ɑ n
johnathan,cmudict,JH AA1 N AH0 TH AH0 N
johnathon,cmudict,JH AA1 N AH0 TH AH0 N
johnie,cmudict,JH AA1 N IY0
johnnie,cmudict,JH AA1 N IY0
johnny,cmudict,JH AA1 N IY0
johnny,wikipron,d͡ʒ ɑ n i
johns,cmudict,JH AA1 N Z
johnson,cmudict,JH AA1 N S AH0 N
johnson,wikipron,d͡ʒ ɑ n s ə n
johnston,cmudict,JH AA1 N S T AH0 N
johnston,wikipron,d͡ʒ ɑ n s t ə n
johny,cmudict,JH AA1 N IY0
joie,cmudict,ZH W AA1
jolene,cmudict,JH OW0 L IY1 N
jolene,wikipron,d͡ʒ o ʊ l iː n
joletta,cmudict,JH OW0 L EH1 T AH0
jolie,cmudict,JH OW2 L IY1
jolson,cmudict,JH OW1 L S AH0 N
jomo,wikipron,d͡ʒ o ʊ m o ʊ
jon,cmudict,JH AA1 N
jonah,cmudict,JH OW1 N AH0
jonah,wikipron,d͡ʒ o ʊ n ə
jonas,cmudict,JH OW1 N AH0 S
jonathan,cmudict,JH AA1 N AH0 TH AH0 N
jonathan,wikipron,d͡ʒ ɑ n ə θ ə n
jonathon,cmudict,JH AA1 N AH0 TH AH0 N
jone,cmudict,JH OW1 N
jone,wikipron,d͡ʒ o ʊ n
jones,cmudict,JH OW1 N Z
jones,wikipron,d͡ʒ o ʊ n z
joni,cmudict,JH OW1 N IY0
jonn,cmudict,JH AA1 N
jonothan,cmudict,JH AA1 N AH0 TH AH0 N
jordan,cmudict,JH AO1 R D AH0 N
jordan,wikipron,d͡ʒ ɔ ɹ d ə n
jordana,cmudict,Y AO0 R D AE1 N AH0
jorden,cmudict,JH AO1 R D AH0 N
jordi,cmudict,JH AO1 R D IY0
jordon,cmudict,JH AO1 R D AH0 N
jordy,cmudict,JH AO1 R D IY0
jorge,cmudict,HH AO1 R HH EY0
jorge,wikipron,d͡ʒ ɔ d͡ʒ
jorgensen,cmudict,JH AO1 R G IH0 N S AH0 N
jory,cmudict,JH AO1 R IY0
joscelyn,cmudict,JH AA1 S IH0 L IH0 N
jose,cmudict,HH OW2 Z EY1
jose,wikipron,d ʒ oː s
josef,cmudict,JH OW1 S AH0 F
josefina,cmudict,Y OW0 S IH0 F IY1 N AH0
joseph,cmudict,JH OW1 S AH0 F
joseph,wikipron,d͡ʒ o ʊ s ə f
josephina,cmudict,JH AA0 S IH0 F AY1 N AH0
josephine,cmudict,JH OW1 S AH0 F IY2 N
josephine,wikipron,d͡ʒ o ʊ s ə f iː n
josephus,cmudict,JH OW0 S IY1 F AH0 S
josette,cmudict,ZH AH0 S EH1 T
josey,cmudict,JH OW1 Z IY0
josh,cmudict,JH AA1 SH
josh,wikipron,d͡ʒ ɑ ʃ
joshua,cmudict,JH AA1 SH UW2 AH0
joshua,wikipron,d͡ʒ ɑ ʃ j u ə
josiah,cmudict,JH OW0 S AY1 AH0
josiah,wikipron,d͡ʒ o ʊ z a ɪ ə
josie,cmudict,JH OW1 Z IY0
josleyn,cmudict,JH AA1 S L IH2 N
joslin,cmudict,JH AA1 S L IH0 N
joslyn,cmudict,JH AO1 S L IH0 N
josue,wikipron,d͡ʒ ɒ s j u iː
joule,cmudict,JH UW1 L
joule,wikipron,d͡ʒ a ʊ l
jourdan,cmudict,ZH UH0 R D AE1 N
jovan,cmudict,JH OW1 V AH0 N
jovita,cmudict,Y AH0 V AY1 T AH0
joy,cmudict,JH OY1
joy,wikipron,d͡ʒ ɔ ɪ
joyce,cmudict,JH OY1 S
joyce,wikipron,d͡ʒ ɔ ɪ s
joycelyn,cmudict,JH OY1 S L IH2 N
joye,cmudict,JH OY1
joyner,cmudict,JH OY1 N ER0
jr,cmudict,JH UW1 N Y ER0
juan,cmudict,W AA1 N
juan,wikipron,w ɑː n
juana,cmudict,W AA1 N AH0
juanita,cmudict,W AA0 N IY1 T AH0
juarez,cmudict,W AA1 R EH2 Z
judah,cmudict,JH UW1 D AH0
judah,wikipron,d͡ʒ uː d ə
judd,cmudict,JH AH1 D
judd,wikipron,d͡ʒ ʌ d
jude,cmudict,JH UW1 D
jude,wikipron,d͡ʒ uː d
judge,cmudict,JH AH1 JH
judge,wikipron,d͡ʒ ʌ d͡ʒ
judi,cmudict,JH UW1 D IY0
judie,cmudict,JH AH1 D IY0
judith,cmudict,JH UW1 D AH0 TH
judith,wikipron,d͡ʒ uː d ɪ θ
judson,cmudict,JH AH1 D S AH0 N
judson,wikipron,d͡ʒ ʌ d s ə n
judy,cmudict,JH UW1 D IY0
judy,wikipron,d͡ʒ uː d i
jule,cmudict,JH UW1 L
jules,cmudict,JH UW1 L Z
jules,wikipron,d͡ʒ uː l z
juli,cmudict,JH UW1 L IY0
julia,cmudict,JH UW1 L Y AH0
julia,wikipron,d͡ʒ u l j ə
julian,cmudict,JH UW1 L IY0 AH0 N
julian,wikipron,d͡ʒ uː l i æ n
juliana,cmudict,JH UW2 L IY0 AE1 N AH0
juliann,cmudict,JH UW1 L IY0 AE0 N
julianne,cmudict,JH UW1 L IY0 EH2 N
julie,cmudict,JH UW1 L IY0
julie,wikipron,d͡ʒ uː l i
julien,cmudict,JH UW1 L IY0 AH0 N
julienne,wikipron,d ʒ uː l i ɛ n
juliet,cmudict,JH UW1 L IY0 EH2 T
juliet,wikipron,d͡ʒ u l i ə t
julieta,cmudict,Y UW0 L IY1 T AH0
julietta,cmudict,JH UW0 L IY0 EH1 T AH0
juliette,cmudict,JH UW0 L IY0 EH1 T
julio,cmudict,JH UW1 L IY0 OW0
julius,cmudict,JH UW1 L Y AH0 S
julius,wikipron,d͡ʒ uː l i ə s
july,cmudict,JH UW2 L AY1
july,wikipron,d͡ʒ u l a ɪ
jun,cmudict,JH AH1 N
jun,wikipron,d ʒ ʌ n
june,cmudict,JH UW1 N
june,wikipron,d͡ʒ u n
jung,cmudict,Y UH1 NG
jung,wikipron,d͡ʒ ʌ ŋ
junior,cmudict,JH UW1 N Y ER0
junior,wikipron,d͡ʒ u n i ɚ
junius,cmudict,JH UW1 N IY0 IH0 S
jurgen,cmudict,JH ER1 G AH0 N
justen,cmudict,JH AH1 S T AH0 N
justice,cmudict,JH AH1 S T AH0 S
justice,wikipron,d͡ʒ ʌ s t ɪ s
justin,cmudict,JH AH1 S T AH0 N
justin,wikipron,d͡ʒ ʌ s t ɪ n
justina,cmudict,Y UW0 S T IY1 N AH0
justine,cmudict,JH AH0 S T IY1 N
justino,cmudict,JH AH0 S T IY1 N OW0
justo,cmudict,JH AH1 S T OW0
justus,cmudict,JH AH1 S T AH0 S
juwan,cmudict,JH UW1 AA0 N
ka,cmudict,K AA1
ka,wikipron,k ɑː
kade,cmudict,K EY1 D
kady,cmudict,K EY1 D IY0
kady,wikipron,k e ɪ d i
kagler,cmudict,K AE1 G L ER0
kai,cmudict,K AY1
kaiser,cmudict,K AY1 Z ER0
kaiser,wikipron,k a ɪ z ɚ
kaisha,cmudict,K EY1 SH AH0
kakimoto,cmudict,K AA2 K IH0 M OW1 T OW0
kal,cmudict,K AE1 L
kalan,cmudict,K EY1 L AH0 N
kalani,wikipron,k ə l ɑː n i
kale,cmudict,K EY1 L
kale,wikipron,k e ɪ l i
kaleb,wikipron,k e ɪ l ə b
kalen,cmudict,K EY1 L AH0 N
kaley,cmudict,K EY1 L IY0
kali,cmudict,K AA1 L IY2
kali,wikipron,k æ l i
kalin,cmudict,K AE1 L IH0 N
kalina,cmudict,K AH0 L AY1 N AH0
kalman,cmudict,K AE1 L M AH0 N
kalonji,wikipron,k ə l ɒ n d͡ʒ i
kam,cmudict,K AE1 M
kama,cmudict,K AA1 M AH0
kama,wikipron,k ɑ m ə
kamal,cmudict,K EY1 M AH0 L
kamala,wikipron,k æ m ə l ə
kamenar,cmudict,K AE1 M AH0 N ER0
kamran,cmudict,K AE1 M R AH0 N
kana,cmudict,K AE1 N AH0
kana,wikipron,k ɑː n ə
kane,cmudict,K EY1 N
kane,wikipron,k e ɪ n
kanell,cmudict,K AH0 N EH1 L
kang,cmudict,K AE1 NG
kanon,cmudict,K EY1 N AH0 N
kansas,cmudict,K AE1 N Z AH0 S
kansas,wikipron,k æ n z ə s
kanuri,wikipron,k ə n uː ɹ i
kao,cmudict,K AW1
kaplan,cmudict,K AE1 P L AH0 N
kapnick,cmudict,K AE1 P N IH0 K
kara,cmudict,K EH1 R AH0
karan,cmudict,K EH1 R AH0 N
kareem,cmudict,K ER0 IY1 M
kareem,wikipron,k ə ɹ iː m
karel,cmudict,K EH1 R AH0 L
karen,cmudict,K EH1 R AH0 N
karen,wikipron,k ə ɹ ɛ n
kari,cmudict,K EH1 R IY0
kari,wikipron,k æ ɹ i
karim,cmudict,K ER0 IY1 M
karim,wikipron,k ə ɹ iː m
karin,cmudict,K EH1 R IH0 N
karin,wikipron,k æ ɹ ɪ n
karina,cmudict,K AA0 R IY1 N AH0
karis,cmudict,K EH1 R IY0 Z
karl,cmudict,K AA1 R L
karla,cmudict,K AA1 R L AH0
karlene,wikipron,k ɑ ɹ l i n
karma,cmudict,K AA1 R M AH0
karma,wikipron,k ɑː m ə
karman,cmudict,K AA1 R M AH0 N
karol,cmudict,K EH1 R AO0 L
karolina,cmudict,K EH2 R AH0 L AY1 N AH0
karoline,cmudict,K EH1 R AH0 L AY2 N
karolyn,cmudict,K AE1 R AH0 L IH0 N
karon,cmudict,K EH1 R AH0 N
karon,wikipron,k e ɹ ə n
karren,cmudict,K AE1 R AH0 N
karry,cmudict,K EH1 R IY0
karsten,cmudict,K AA1 R S T AH0 N
kary,cmudict,K EH1 R IY0
karyn,cmudict,K AE1 R IH0 N
kasey,cmudict,K AE1 S IY0
kasey,wikipron,k e ɪ s i
kasha,cmudict,K AA1 SH AH0
kasha,wikipron,k ɑ ʃ ə
kashmiri,cmudict,K AE0 SH M IY1 R IY0
kashmiri,wikipron,k æ ʃ m ɪ ɹ i
kasi,cmudict,K AA1 Z IY0
kasick,cmudict,K AA1 S IH0 K
katara,wikipron,k ə t ɑ ɹ
katarina,cmudict,K AA2 T ER0 IY1 N AH0
kate,cmudict,K EY1 T
kate,wikipron,k e ɪ t
katerina,wikipron,k æ t ə ɹ iː n ə
katey,cmudict,K EY1 T IY0
katha,cmudict,K AE1 TH AH0
katharina,cmudict,K AE2 TH EH0 R IY1 N AH0
katharine,cmudict,K AE1 TH R IH0 N
katherine,cmudict,K AE1 TH ER0 IH0 N
katherine,wikipron,k æ θ ə ɹ ɪ n
kathi,cmudict,K AE1 TH IY0
kathie,cmudict,K AE1 TH IY0
kathleen,cmudict,K AE0 TH L IY1 N
kathleen,wikipron,k æ θ l i n
kathlene,cmudict,K AE1 TH L IY2 N
kathryn,cmudict,K AE1 TH R IH0 N
kathy,cmudict,K AE1 TH IY0
kati,cmudict,K EY1 T IY0
katia,cmudict,K AA1 T IY0 AH0
katie,cmudict,K EY1 T IY0
katie,wikipron,k e ɪ t i
katja,cmudict,K AA1 T Y AH0
katrina,cmudict,K AH0 T R IY1 N AH0
katrina,wikipron,k ə t ɹ i n ə
katryna,wikipron,k ə t ɹ iː n ə
katy,cmudict,K EY1 T IY0
katy,wikipron,k e ɪ t i
katya,cmudict,K AA1 T Y AH0
katz,cmudict,K AE1 T S
katz,wikipron,k æ t s
kauffman,cmudict,K AO1 F M AH0 N
kaufman,cmudict,K AO1 F M AH0 N
kavanah,wikipron,k ɑː v ɑː n ɑː
kay,cmudict,K EY1
kay,wikipron,k e ɪ
kaya,cmudict,K AA1 Y AH0
kaya,wikipron,k æ j ə
kaye,cmudict,K EY1
kaye,wikipron,k e ɪ
kayla,cmudict,K EY1 L AH0
kayla,wikipron,k e ɪ l ə
kaylea,wikipron,k e ɪ l i
kaylee,wikipron,k e ɪ l i
kayleigh,wikipron,k e ɪ l i
kayley,wikipron,k e ɪ l i
kaylie,cmudict,K EY1 L IY0
kaylie,wikipron,k e ɪ l i
kaylynn,cmudict,K EY0 L IH1 N
kayo,cmudict,K EY0 OW1
kea,cmudict,K IY1
kea,wikipron,k e ɪ ə
kean,cmudict,K IY1 N
keane,cmudict,K IY1 N
keane,wikipron,k iː n
kearney,cmudict,K ER1 N IY0
keary,cmudict,K IH1 R IY0
keaton,cmudict,K IY1 T AH0 N
keaton,wikipron,k i t ə n
kedar,cmudict,K IY1 D ER0
kee,cmudict,K IY1
kee,wikipron,k iː
keefe,cmudict,K IY1 F
keegan,cmudict,K IY1 G AH0 N
keegan,wikipron,k i ɡ ə n
keelan,cmudict,K IY1 L AH0 N
keeley,cmudict,K IY1 L IY0
keelie,wikipron,k iː l i
keely,cmudict,K IY1 L IY0
keen,cmudict,K IY1 N
keen,wikipron,k i n
keena,cmudict,K IY1 N AH0
keenan,cmudict,K IY1 N AH0 N
keet,wikipron,k iː t
keiko,cmudict,K EY1 K OW0
keil,cmudict,K IY1 L
keir,cmudict,K IY1 R
keir,wikipron,k ɪ ɚ
keisha,wikipron,k iː ʃ ə
keith,cmudict,K IY1 TH
keith,wikipron,k iː θ
kelby,cmudict,K EH1 L B IY0
kelcey,cmudict,K EH1 L S IY0
kelda,cmudict,K EH1 L D AH0
kelk,wikipron,k ɛ l k
kellan,cmudict,K EH1 L AH0 N
kellen,cmudict,K EH1 L AH0 N
keller,cmudict,K EH1 L ER0
kelley,cmudict,K EH1 L IY0
kelli,cmudict,K EH1 L IY0
kellie,cmudict,K EH1 L IY0
kelly,cmudict,K EH1 L IY0
kelly,wikipron,k ɛ l i
kellyanne,cmudict,K EH1 L IY0 AE1 N
kelsey,cmudict,K EH1 L S IY0
kelsey,wikipron,k ɛ l s i
kelton,cmudict,K EH1 L T AH0 N
kelvin,cmudict,K EH1 L V AH0 N
kelvin,wikipron,k ɛ l v ɪ n
kem,cmudict,K EH1 M
kemal,cmudict,K AH0 M AA1 L
kemp,cmudict,K EH1 M P
kemp,wikipron,k ɛ m p
kemper,cmudict,K EH1 M P ER0
ken,cmudict,K EH1 N
ken,wikipron,k ɛ n
kenan,cmudict,K IY1 N AH0 N
kendal,cmudict,K EH1 N D AH0 L
kendall,cmudict,K EH1 N D AH0 L
kendell,cmudict,K EH1 N D AH0 L
kendell,wikipron,k ɛ n d ə l
kendra,cmudict,K EH1 N D R AH0
kendra,wikipron,k ɛ n d ɹ ə
kendrick,cmudict,K EH1 N D R IH0 K
kendrick,wikipron,k ɛ n d ɹ ɪ k
kenji,cmudict,K EH1 N JH IY0
kenley,cmudict,K EH1 N L IY0
kenmore,cmudict,K EH1 N M AO2 R
kenn,cmudict,K EH1 N
kenna,cmudict,K EH1 N AH0
kenna,wikipron,k ɛ n ə
kennan,cmudict,K EH1 N AH0 N
kennard,cmudict,K EH1 N ER0 D
kennedy,cmudict,K EH1 N AH0 D IY0
kennedy,wikipron,k ɛ n ə d i
kenneth,cmudict,K EH1 N IH0 TH
kenneth,wikipron,k ɛ n ə θ
kenney,cmudict,K EH1 N IY0
kennon,cmudict,K EH1 N AH0 N
kenny,cmudict,K EH1 N IY2
kenny,wikipron,k ɛ n i
keno,cmudict,K IY1 N OW0
kenosha,cmudict,K IH0 N OW1 SH AH0
kenosha,wikipron,k ə n o ʊ ʃ ə
kenrick,cmudict,K EH1 N R IH0 K
kent,cmudict,K EH1 N T
kent,wikipron,k ɛ n t
kenton,cmudict,K EH1 N T AH0 N
kenton,wikipron,k ɛ n t ə n
kenya,cmudict,K EH1 N Y AH0
kenya,wikipron,k iː n j ə
kenyon,cmudict,K EH1 N Y AH0 N
kenzie,cmudict,K EH1 N Z IY0
kera,cmudict,K EH1 R AH0
kerby,cmudict,K ER1 B IY0
kerby,wikipron,k ɝ b i
keren,cmudict,K EH1 R EH2 N
keres,wikipron,k e ɪ ɹ e ɪ s
kerin,cmudict,K EH1 R IH0 N
kermit,cmudict,K ER1 M IH0 T
kermit,wikipron,k ɝ m ɪ t
kern,cmudict,K ER1 N
kern,wikipron,k ɝ n
kerr,cmudict,K ER1
kerr,wikipron,k ɛ ɹ
kerri,cmudict,K EH1 R IY0
kerrick,cmudict,K EH1 R IH0 K
kerry,cmudict,K EH1 R IY0
kerry,wikipron,k ɛ ɹ i
kersten,cmudict,K ER1 S T AH0 N
kervin,cmudict,K ER1 V IH0 N
kerwin,cmudict,K ER1 W IH0 N
kessler,cmudict,K EH1 S L ER0
keturah,wikipron,k ɪ t ʊ ə ɹ ə
kevan,cmudict,K EH1 V AH0 N
keven,cmudict,K IY1 V AH0 N
kevin,cmudict,K EH1 V IH0 N
kevin,wikipron,k ɛ v ə n
key,cmudict,K IY1
key,wikipron,k i
keyes,cmudict,K IY1 Z
keyes,wikipron,k iː z
keys,cmudict,K IY1 Z
keys,wikipron,k iː z
khachaturian,wikipron,k æ t ʃ ə t ʊ ɹ i ə n
khadija,wikipron,x ə d iː d͡ʒ ə
khaki,cmudict,K AA1 K IY0
khaki,wikipron,k æ k i
khaled,cmudict,HH AH1 L AH0 D
khalid,cmudict,K AA1 L IH0 D
khalil,cmudict,K AE1 L AH0 L
khan,cmudict,K AA1 N
khan,wikipron,k ɑː n
khat,cmudict,K AA1 T
khat,wikipron,k a t
kia,cmudict,K IY1 ER0
kia,wikipron,k e ɪ a ɪ e ɪ
kian,cmudict,K IY1 AH0 N
kid,cmudict,K IH1 D
kid,wikipron,k ɪ d
kidd,cmudict,K IH1 D
kiddie,cmudict,K IH1 D IY0
kiddie,wikipron,k ɪ d i
kiel,cmudict,K IY1 L
kieran,cmudict,K IY1 R AH0 N
kieran,wikipron,k ɪ ɹ ɔ n
kiewit,cmudict,K IY1 W IH0 T
kiki,cmudict,K IY1 K IY0
kiki,wikipron,k iː k iː
kila,cmudict,K IH1 L AH0
kile,cmudict,K AY1 L
kile,wikipron,k a ɪ l
kiley,cmudict,K AY1 L IY0
kilgore,cmudict,K IH1 L G AO0 R
kilgore,wikipron,k ɪ l ɡ ɔ ɹ
kim,cmudict,K IH1 M
kim,wikipron,k ɪ m
kimball,cmudict,K IH1 M B AH0 L
kimber,cmudict,K IH1 M B ER0
kimberley,cmudict,K IH1 M B ER0 L IY0
kimberley,wikipron,k ɪ m b ɚ l i
kimberlin,cmudict,K IH1 M B ER0 L IH0 N
kimberly,cmudict,K IH1 M B ER0 L IY0
kimble,cmudict,K IH1 M B AH0 L
kimbley,cmudict,K IH1 M B L IY0
kimm,cmudict,K IH1 M
kimmy,wikipron,k ɪ m i
kincaid,cmudict,K IH2 N K EY1 D
kincaid,wikipron,k ɪ n k e ɪ d
kinda,cmudict,K IH1 N D AH0
kinda,wikipron,k a ɪ n d ə
king,cmudict,K IH1 NG
king,wikipron,k ɪ ŋ
kingsley,cmudict,K IH1 NG Z L IY0
kingsley,wikipron,k ɪ ŋ z l i
kinney,cmudict,K IH1 N IY0
kinney,wikipron,k ɪ n i
kinsey,cmudict,K IH1 N Z IY0
kinsey,wikipron,k ɪ n z i
kip,cmudict,K IH1 P
kip,wikipron,k ɪ p
kipling,cmudict,K IH1 P L IH0 NG
kipling,wikipron,k ɪ p l ɪ ŋ
kipp,cmudict,K IH1 P
kira,cmudict,K IH1 R AA0
kira,wikipron,k iː ɹ ə
kirby,cmudict,K ER1 B IY0
kirby,wikipron,k ɝ b i
kiri,cmudict,K IH1 R IY0
kirk,cmudict,K ER1 K
kirk,wikipron,k ɜ ɹ k
kirkland,cmudict,K ER1 K L AH0 N D
kirkpatrick,cmudict,K ER0 K P AE1 T R IH0 K
kirsten,cmudict,K ER1 S T AH0 N
kirsten,wikipron,k ɝ s t ə n
kirstie,cmudict,K ER1 S T IY0
kirstin,cmudict,K ER1 S T IH0 N
kirsty,wikipron,k ɝ s t iː
kirt,cmudict,K ER1 T
kiser,cmudict,K AY1 Z ER0
kisha,cmudict,K IH1 SH AH0
kit,cmudict,K IH1 T
kit,wikipron,k ɪ t
kitty,cmudict,K IH1 T IY0
kitty,wikipron,k ɪ t i
kiva,wikipron,k iː v ə
kizzy,wikipron,k ɪ z i
kjell,cmudict,K Y EH1 L
klatsky,cmudict,K L AE1 T S K IY0
klaus,cmudict,K L AW1 S
klay,cmudict,K L EY1
klein,cmudict,K L AY1 N
klein,wikipron,k l a ɪ n
klevan,wikipron,k l ɛ ʋ ɐ nʲ
kline,cmudict,K L AY1 N
klint,cmudict,K L IH1 N T
knapp,cmudict,N AE1 P
kneafsey,cmudict,N IY1 F S IY0
knight,cmudict,N AY1 T
knight,wikipron,n a ɪ t
knot,cmudict,N AA1 T
knot,wikipron,n ɑ t
knowles,cmudict,N OW1 L Z
knowles,wikipron,n o ʊ l z
knox,cmudict,N AA1 K S
knox,wikipron,n ɑ k s
knuff,wikipron,n ʌ f
knute,cmudict,K N UW1 T
kob,wikipron,k ɒ b
koby,cmudict,K OW1 B IY0
koch,cmudict,K AO1 CH
koch,wikipron,k o ʊ k
koehler,cmudict,K OW1 L ER0
koenig,cmudict,K ER1 N IH0 G
koenig,wikipron,k e ɪ n ɪ ɡ
kofi,cmudict,K OW1 F IY0
koji,cmudict,K OW1 JH IY0
koji,wikipron,k o ʊ d͡ʒ i
kole,cmudict,K OW1 L
kolin,cmudict,K OW1 L IH0 N
kong,cmudict,K AO1 NG
kong,wikipron,k ɑ ŋ
konger,cmudict,K AA1 NG G ER0
konrad,cmudict,K AA1 N R AH0 D
kontor,wikipron,k ɑ n t ɔ ɹ
kopit,cmudict,K AA1 P IH0 T
koplan,cmudict,K AA1 P L AH0 N
korban,wikipron,k ɔː b ə n
koren,cmudict,K AO1 R AH0 N
korey,cmudict,K AO1 R IY0
korry,cmudict,K AO1 R IY0
kory,cmudict,K AO1 R IY2
kosciusko,wikipron,k ɒ s i ʌ s k o ʊ
kostas,cmudict,K OW1 S T AH0 Z
koto,cmudict,K OW1 T OW0
kouros,wikipron,k uː ɹ ɒ s
kowalski,cmudict,K AH0 W AA1 L S K IY0
kozemchak,cmudict,K OW2 Z EH1 M CH AE2 K
kozo,cmudict,K OW1 Z OW0
kraal,wikipron,k ɹ ɑː l
kraft,cmudict,K R AE1 F T
krain,cmudict,K R EY1 N
kramer,cmudict,K R EY1 M ER0
kramer,wikipron,k ɹ e ɪ m ɚ
kraus,cmudict,K R AW1 S
krause,cmudict,K R AO1 S
kreg,cmudict,K R EH1 G
kreitzberg,cmudict,K R AY1 T S B ER0 G
kris,cmudict,K R IH1 S
krishna,cmudict,K R IH1 SH N AH0
krishna,wikipron,k ɹ ɪ ʃ n ə
kriss,cmudict,K R IH1 S
krista,cmudict,K R IH1 S T AH0
kristen,cmudict,K R IH1 S T AH0 N
kristi,cmudict,K R IH1 S T IY0
kristi,wikipron,k ɹ ɪ s t i
kristie,cmudict,K R IH1 S T IY0
kristie,wikipron,k ɹ ɪ s t i
kristin,cmudict,K R IH1 S T IH0 N
kristina,cmudict,K R IH0 S T IY1 N AH0
kristine,cmudict,K R IH0 S T IY1 N
kristol,cmudict,K R IH1 S T AH0 L
kristopher,cmudict,K R IH1 S T AH0 F ER0
kristy,cmudict,K R IH1 S T IY0
kristy,wikipron,k ɹ ɪ s t i
kroc,cmudict,K R AA1 K
krona,cmudict,K R OW1 N AH0
kronish,cmudict,K R AA1 N IH0 SH
krueger,cmudict,K R UW1 G ER0
kruse,cmudict,K R UW1 Z
krystal,cmudict,K R IH1 S T AH0 L
kshatriya,wikipron,k ʃ a t ɹ i ə
kuhlenschmidt,cmudict,K Y UW1 L AH0 N SH M IH2 T
kuhn,cmudict,K UW1 N
kulon,cmudict,K UW1 L AO2 N
kumar,cmudict,K UW0 M AA1 R
kunstler,cmudict,K AH1 N S T L ER0
kurk,cmudict,K ER1 K
kurt,cmudict,K ER1 T
kurt,wikipron,k ɝ t
kurtis,cmudict,K ER1 T IH0 S
kurtz,cmudict,K ER1 T S
kusa,cmudict,K UW1 Z AH0
kwame,wikipron,k w ɑː m e ɪ
kwan,cmudict,K W AA1 N
kwik,cmudict,K W IH1 K
kye,wikipron,k a ɪ
kyla,wikipron,k a ɪ l ə
kyle,cmudict,K AY1 L
kyle,wikipron,k a ɪ l
kyler,cmudict,K AY1 L ER0
kylie,cmudict,K AY1 L IY2
kylie,wikipron,k a ɪ l i
kym,cmudict,K IH1 M
kyna,cmudict,K IH1 N AH0
kyong,cmudict,K Y AO1 NG
kyra,cmudict,K AY1 R AH0
kyra,wikipron,k a ɪ ɹ ə
kyron,cmudict,K AY1 R AH0 N
la,cmudict,L AA1
la,wikipron,l ɑː
labant,cmudict,L AH0 B AE1 N T
labour,cmudict,L EY1 B ER0
labour,wikipron,l e ɪ b ɚ
lacey,cmudict,L EY1 S IY0
lackey,cmudict,L AE1 K IY0
lackey,wikipron,l æ k i
lacking,cmudict,L AE1 K IH0 NG
lacking,wikipron,l æ k ɪ ŋ
lacy,cmudict,L EY1 S IY0
ladd,cmudict,L AE1 D
laddie,wikipron,l æ d i
ladenburg,cmudict,L EY1 D AH0 N B ER0 G
lading,cmudict,L EY1 D IH0 NG
lading,wikipron,l e ɪ d ɪ ŋ
ladle,cmudict,L EY1 D AH0 L
ladle,wikipron,l e ɪ d ə l
lady,cmudict,L EY1 D IY0
lady,wikipron,l e ɪ d i
lafavre,cmudict,L AH0 F EY1 V ER0
lafayette,cmudict,L AA2 F IY0 EH1 T
lafayette,wikipron,l æ f iː ɛ t
laff,cmudict,L AE1 F
laffer,cmudict,L AE1 F ER0
lai,cmudict,L AY1
lai,wikipron,l a ɪ
laila,wikipron,l a ɪ l ə
laine,cmudict,L EY1 N
laird,cmudict,L EH1 R D
laird,wikipron,l ɛ ə ɹ d
lake,cmudict,L EY1 K
lake,wikipron,l e ɪ k
lala,cmudict,L AA1 L AH0
lalita,cmudict,L AH0 L IY1 T AH0
lam,cmudict,L AE1 M
lam,wikipron,l æ m
lamar,cmudict,L AH0 M AA1 R
lamar,wikipron,l ə m ɑː
lamarr,cmudict,L AH0 M AA1 R
lamb,cmudict,L AE1 M
lamb,wikipron,l æ m
lamber,wikipron,l æ m ɚ
lambert,cmudict,L AE1 M B ER0 T
lambert,wikipron,l æ m b ɚ t
lambro,cmudict,L AE1 M B R OW0
lamia,cmudict,L EY1 M IY0 AH0
lamia,wikipron,l e ɪ m i ə
lamon,cmudict,L AA0 M AO1 N
lamond,cmudict,L AH0 M AA1 N D
lamonica,cmudict,L AA0 M OW0 N IY1 K AH0
lamont,cmudict,L AH0 M AA1 N T
lamonte,cmudict,L AA0 M AA1 N T
lamotrigine,wikipron,l ə m ɑ t ɹ ɪ d͡ʒ i n
lan,cmudict,L AE1 N
lan,wikipron,l æ n
lana,cmudict,L AE1 N AH0
lana,wikipron,l ɑː n ə
lancashire,cmudict,L AE1 NG K AH0 SH AY2 R
lancaster,cmudict,L AE1 N K AE2 S T ER0
lancaster,wikipron,l æ n k æ s t ɚ
lance,cmudict,L AE1 N S
lance,wikipron,l æ n s
lancelot,cmudict,L AE1 N S AH0 L AA2 T
lancelot,wikipron,l æ n s ə l ɒ t
land,cmudict,L AE1 N D
land,wikipron,l æ n d
landa,cmudict,L AE1 N D AH0
landen,cmudict,L AE1 N D AH0 N
landers,cmudict,L AE1 N D ER0 Z
landers,wikipron,l æ n d ɚ z
landis,cmudict,L AE1 N D IH0 S
landon,cmudict,L AE1 N D AH0 N
landon,wikipron,l æ n d ə n
landry,cmudict,L AE1 N D R IY0
landy,cmudict,L AE1 N D IY0
lane,cmudict,L EY1 N
lane,wikipron,l e ɪ n
laney,cmudict,L EY1 N IY0
laney,wikipron,l e ɪ n i
lang,cmudict,L AE1 NG
langdon,cmudict,L AE1 NG D AH0 N
lange,cmudict,L AE1 NG
langford,cmudict,L AE1 NG F ER0 D
langley,cmudict,L AE1 NG L IY0
langley,wikipron,l æ ŋ l i
langston,cmudict,L AE1 NG S T AH0 N
lani,cmudict,L AA1 N IY0
lanier,cmudict,L AH0 N IH1 R
lanier,wikipron,l e ɪ n j ə
lanna,cmudict,L AE1 N AH0
lanny,cmudict,L AE1 N IY0
lansbury,cmudict,L AE1 N Z B ER2 IY0
lansing,cmudict,L AE1 N S IH0 NG
lansing,wikipron,l æ n s ɪ ŋ
lantz,cmudict,L AE1 N T S
lap,cmudict,L AE1 P
lap,wikipron,l æ p
lara,cmudict,L AA1 R AH0
laraine,cmudict,L ER0 EY1 N
laramie,cmudict,L EH1 R AH0 M IY0
lareina,cmudict,L AA0 R EY0 IY1 N AH0
larena,cmudict,L AA0 R EH1 N AH0
larina,cmudict,L AA0 R IY1 N AH0
larissa,cmudict,L AA0 R IY1 S AH0
larissa,wikipron,l ə ɹ ɪ s ə
larizza,cmudict,L ER0 IH1 Z AH0
lark,cmudict,L AA1 R K
lark,wikipron,l ɑ ɹ k
larkin,cmudict,L AA1 R K IH0 N
larkin,wikipron,l ɑ ɹ k ɪ n
larry,cmudict,L EH1 R IY0
larry,wikipron,l æ ɹ i
lars,cmudict,L AA1 R Z
larsen,cmudict,L AA1 R S AH0 N
larsen,wikipron,l ɑ ɹ s ə n
larson,cmudict,L AA1 R S AH0 N
larson,wikipron,l ɑ ɹ s ə n
larue,cmudict,L ER0 UW1
lary,cmudict,L EH1 R IY0
lasalle,cmudict,L AH0 S AE1 L
lasalle,wikipron,l ə s æ l
lasik,cmudict,L EY1 S IH2 K
lasik,wikipron,l e ɪ s ɪ k
lassi,wikipron,l æ s i
lassner,cmudict,L AE1 S N ER0
laszlo,cmudict,L AE1 Z L OW0
latasha,cmudict,L AH0 T AA1 SH AH0
late,cmudict,L EY1 T
late,wikipron,l e ɪ t
latham,cmudict,L AE1 TH AH0 M
latham,wikipron,l e ɪ θ ə m
lathan,cmudict,L AE1 TH AH0 N
latina,cmudict,L AA0 T IY1 N AH0
latina,wikipron,l ɑː
latisha,cmudict,L AH0 T IH1 SH AH0
latona,cmudict,L AA0 T OW1 N AH0
latonia,cmudict,L AA0 T OW1 N IY0 AH0
latoya,cmudict,L AH0 T OY1 AH0
lau,cmudict,L AW1
lau,wikipron,l a ʊ
laura,cmudict,L AO1 R AH0
laura,wikipron,l ɑː ɹ ə
laurance,cmudict,L AO1 R AH0 N S
laure,cmudict,L AO1 R
laureen,cmudict,L AO0 R IY1 N
laurel,cmudict,L AO1 R AH0 L
laurel,wikipron,l ɔ ɹ ə l
lauren,cmudict,L AO1 R AH0 N
lauren,wikipron,l ɔ ɹ ə n
laurena,cmudict,L AO0 R EH1 N AH0
laurence,cmudict,L AO1 R AH0 N S
laurence,wikipron,l ɔ ɹ ə n s
laurene,cmudict,L AO0 R IY1 N
laurent,cmudict,L AO1 R AH0 N T
lauretta,cmudict,L ER0 EH1 T AH0
lauretta,wikipron,l ə ɹ ɛ t ə
laurette,cmudict,L AO0 R EH1 T
laurey,cmudict,L AO1 R IY0
lauri,cmudict,L AO1 R IY0
lauria,cmudict,L AO1 R IY0 AH0
laurice,cmudict,L AO1 R IH0 S
laurie,cmudict,L AO1 R IY0
laurie,wikipron,l ɒ ɹ i
laurin,cmudict,L AO1 R IH0 N
laurin,wikipron,l ɔː ɹ ɪ n
laurinda,wikipron,l ɔː ɹ ɪ n d ə
lauro,cmudict,L AO1 R OW0
laury,cmudict,L AO1 R IY0
laveda,cmudict,L AA0 V EY1 D AH0
lavell,cmudict,L AA0 V EY1 L
lavelle,cmudict,L AH0 V EH1 L
laverne,cmudict,L AH0 V ER1 N
lavetta,cmudict,L AA0 V EH1 T AH0
lavette,cmudict,L AH0 V EH1 T
lavina,cmudict,L AA0 V IY1 N AH0
lavinia,cmudict,L AH0 V IH1 N Y AH0
law,cmudict,L AO1
law,wikipron,l ɑ
lawford,cmudict,L AO1 F ER0 D
lawford,wikipron,l ɔː f ə d
lawrance,cmudict,L AO1 R AH0 N S
lawrence,cmudict,L AO1 R AH0 N S
lawrence,wikipron,l ɔ ɹ ə n s
lawson,cmudict,L AO1 S AH0 N
lawson,wikipron,l ɑ s ə n
lawton,cmudict,L AO1 T AH0 N
lay,cmudict,L EY1
lay,wikipron,l e ɪ
layla,cmudict,L EY1 L AA0
layla,wikipron,l e ɪ l ə
laymon,cmudict,L EY1 M AH0 N
layne,cmudict,L EY1 N
layton,cmudict,L EY1 T AH0 N
layton,wikipron,l e ɪ t n̩
lazaro,cmudict,L AH0 Z AA1 R OW0
lazarus,cmudict,L AE1 Z ER0 AH0 S
lazarus,wikipron,l æ z ə ɹ ə s
le,cmudict,L AH0
le,wikipron,l e ɪ
lea,cmudict,L IY1
lea,wikipron,l e ɪ
leach,cmudict,L IY1 CH
leach,wikipron,l iː t͡ʃ
lead,cmudict,L EH1 D
lead,wikipron,l iː d
leadman,wikipron,l iː d m ə n
leah,cmudict,L IY1 AH0
leah,wikipron,l iː ə
leal,cmudict,L IY1 L
leal,wikipron,l iː l
leamon,cmudict,L IY1 M AH0 N
lean,cmudict,L IY1 N
lean,wikipron,l iː n
leana,cmudict,L IY1 N AH0
leander,cmudict,L IY0 AE1 N D ER0
leander,wikipron,l iː æ n d ɚ
leandro,cmudict,L IY0 AA1 N D R OW0
leann,cmudict,L IY0 AE1 N
leathery,cmudict,L EH1 DH ER0 IY0
leathery,wikipron,l ɛ ð ə ɹ i
leatrice,cmudict,L IY1 T R IH0 S
leavings,cmudict,L IY1 V IH0 NG Z
leblanc,cmudict,L AH0 B L AE1 NG K
lebron,cmudict,L EH1 B R AH0 N
leda,cmudict,L IY1 D AH0
leda,wikipron,l iː d ə
ledbetter,cmudict,L EH1 D B ER0 T ER0
lede,wikipron,l i d
ledesma,cmudict,L EH0 D EH1 S M AH0
ledford,cmudict,L EH1 D F ER0 D
lee,cmudict,L IY1
lee,wikipron,l iː
leena,cmudict,L IY1 N AH0
leeroy,wikipron,l iː ɹ ɔ ɪ
left,cmudict,L EH1 F T
left,wikipron,l ɛ f
lehi,wikipron,l iː h a ɪ
lehman,cmudict,L IY1 M AH0 N
lei,cmudict,L EY1
lei,wikipron,l e ɪ
leia,cmudict,L IY1 AA0
leia,wikipron,l e ɪ̯ ə
leicester,cmudict,L EH1 S T ER0
leicester,wikipron,l ɛ s t ɚ
leif,cmudict,L IY1 F
leigh,cmudict,L IY1
leigh,wikipron,l a ɪ
leighton,cmudict,L EY1 T AH0 N
leiken,cmudict,L AY1 K AH0 N
leila,cmudict,L IY1 L AH0
leila,wikipron,l e ɪ l ə
leilani,cmudict,L AH0 L AA1 N IY0
leith,cmudict,L IY1 TH
leith,wikipron,l iː θ
leitha,cmudict,L IY1 DH AH0
lela,cmudict,L IY1 L AH0
lelah,cmudict,L EH1 L AH0
leland,cmudict,L IY1 L AH0 N D
leland,wikipron,l iː l ə n d
lelia,cmudict,L IY1 L Y AH0
lemar,cmudict,L EH0 M AA1 R
lemont,cmudict,L AH0 M AA1 N T
lemuel,wikipron,l ɛ m j ə l
lemus,cmudict,L IY1 M AH0 S
len,cmudict,L EH1 N
lena,cmudict,L IY1 N AH0
lena,wikipron,l i n a
lenard,cmudict,L EH1 N ER0 D
lene,cmudict,L IY1 N
lene,wikipron,l iː n
lenin,cmudict,L EH1 N AH0 N
lenin,wikipron,l ɛ n ɪ n
lenita,cmudict,L EH0 N IY1 T AH0
lennard,cmudict,L EH1 N ER0 D
lennie,cmudict,L EH1 N IY0
lennon,cmudict,L EH1 N AH0 N
lennon,wikipron,l ɛ n ə n
lennox,cmudict,L EH1 N AH0 K S
lenny,cmudict,L EH1 N IY0
lenny,wikipron,l ɛ n i
lenora,cmudict,L EH1 N ER0 AH0
lenore,cmudict,L AH0 N AO1 R
lenore,wikipron,l ə n o ɹ
lenos,cmudict,L IY1 N OW0 Z
lenton,cmudict,L EH1 N T AH0 N
lenton,wikipron,l ɛ n t ə n
leny,cmudict,L EH1 N IY0
leo,cmudict,L IY1 OW0
leo,wikipron,l iː o ʊ
leola,cmudict,L EH1 L AH0
leon,cmudict,L IY1 AA0 N
leon,wikipron,l i ɑ n
leona,cmudict,L IY1 OW0 N AH0
leona,wikipron,l i o ʊ n ə
leonard,cmudict,L EH1 N ER0 D
leonard,wikipron,l ɛ n ɚ d
leonarda,cmudict,L EH0 N AA1 R D AH0
leonardo,cmudict,L IY2 AH0 N AA1 R D OW0
leone,cmudict,L IY0 OW1 N
leonel,cmudict,L IY1 OW0 N AH0 L
leonidas,cmudict,L IY0 AO1 N IH0 D AH0 Z
leonie,cmudict,L EH1 N IY0
leonora,cmudict,L IY2 AH0 N AO1 R AH0
leonora,wikipron,l i ə n ɔ ɹ ə
leonore,cmudict,L IY1 AH0 N AO0 R
leontyne,cmudict,L IY1 AA0 N T AY0 N
leopold,cmudict,L IY1 AH0 P OW2 L D
leopold,wikipron,l iː ə p o ʊ l d
leopoldo,cmudict,L IY2 AH0 P OW1 L D OW0
leora,cmudict,L EH1 R AH0
leota,cmudict,L EH1 T AH0
leroy,cmudict,L IY1 R OY2
leroy,wikipron,l iː ɹ ɔ ɪ
les,cmudict,L EH1 S
les,wikipron,l ɛ z
lesa,cmudict,L IY1 S AH0
lesley,cmudict,L EH1 S L IY0
leslie,cmudict,L EH1 S L IY0
leslie,wikipron,l ɛ s l i
lester,cmudict,L EH1 S T ER0
lester,wikipron,l ɛ s t ɚ
leta,cmudict,L EH1 T AH0
letha,cmudict,L EH1 TH AH0
lethia,cmudict,L EH1 TH IY0 AH0
leticia,cmudict,L AH0 T IH1 SH AH0
letitia,cmudict,L IH0 T IH1 SH IY0 AH0
letters,cmudict,L EH1 T ER0 Z
letters,wikipron,l ɛ t ɚ z
lettie,cmudict,L EH1 T IY0
letty,cmudict,L EH1 T IY0
leung,cmudict,L UW1 NG
leung,wikipron,l i ʌ ŋ
levan,cmudict,L EH1 V AH0 N
levell,cmudict,L EY0 V EY1 L
levert,cmudict,L EH1 V ER0 T
levetiracetam,wikipron,l ɛ v ɪ t ɪ ɹ æ s ɪ t æ m
levi,cmudict,L IY1 V AY0
levi,wikipron,l iː v a ɪ
levin,cmudict,L EH1 V IH0 N
levine,cmudict,L AH0 V IY1 N
levine,wikipron,l ə v iː n
leviticus,cmudict,L AH0 V IH1 T AH0 K AH0 S
leviticus,wikipron,l ə v ɪ t ɪ k ə s
levodopa,wikipron,l ɛ v ə d o ʊ p ə
levothyroxine,wikipron,l i v o ʊ θ a ɪ ɹ ɑ k s i n
levy,cmudict,L EH1 V IY0
levy,wikipron,l iː v a ɪ
lew,cmudict,L UW1
lew,wikipron,l j uː
lewes,wikipron,l uː ɪ s
lewis,cmudict,L UW1 IH0 S
lewis,wikipron,l uː ɪ s
lex,cmudict,L EH1 K S
lex,wikipron,l ɛ k s
lexi,wikipron,l ɛ k s i
lexie,cmudict,L EH1 K S IY0
lexie,wikipron,l ɛ k s i
leya,cmudict,L EY1 AH0
leyva,cmudict,L EY1 V AH0
li,cmudict,L IY1
li,wikipron,l iː
lia,cmudict,L IY1 AH0
liam,cmudict,L IY1 AH0 M
liam,wikipron,l iː ə m
liana,cmudict,L IY0 AA1 N AH0
liana,wikipron,l iː ɑː n ə
liane,cmudict,L IY0 AE1 N
liang,cmudict,L Y AE1 NG
lianna,cmudict,L IY0 AA1 N AH0
lianne,cmudict,L IY0 AE1 N
libby,cmudict,L IH1 B IY2
libby,wikipron,l ɪ b i
liberty,cmudict,L IH1 B ER0 T IY2
liberty,wikipron,l ɪ b ɚ t i
libra,cmudict,L IY1 B R AA0
libra,wikipron,l iː b ɹ ə
lida,cmudict,L IY1 D AH0
lien,cmudict,L IY1 N
lien,wikipron,l a ɪ i n
lifland,cmudict,L IH1 F L AH0 N D
liger,wikipron,l a ɪ ɡ ɚ
lighthouse,cmudict,L AY1 T HH AW2 S
lighthouse,wikipron,l a ɪ t h a ʊ s
lights,cmudict,L AY1 T S
lights,wikipron,l a ɪ t s
lightstone,cmudict,L AY1 T S T OW2 N
liken,cmudict,L AY1 K AH0 N
liken,wikipron,l a ɪ k ə n
lila,cmudict,L IY1 L AH0
lilac,cmudict,L AY1 L AE2 K
lilac,wikipron,l a ɪ l æ k
lilah,cmudict,L IH1 L AH0
lili,cmudict,L IH1 L IY0
lilia,cmudict,L IY1 L IY0 AH0
lilian,cmudict,L IH1 L IY0 AH0 N
lilian,wikipron,l ɪ l i ə n
liliana,cmudict,L IH2 L IY0 AE1 N AH0
liliana,wikipron,l ɪ l i ɑ n ə
lilla,cmudict,L IH1 L AH0
lille,cmudict,L IH1 L
lille,wikipron,l i l
lilli,cmudict,L IH1 L IY0
lillian,cmudict,L IH1 L IY0 AH0 N
lilliana,cmudict,L IH0 L IY0 AE1 N AH0
lillie,cmudict,L IH1 L IY0
lilly,cmudict,L IH1 L IY0
lilly,wikipron,l ɪ l i
lily,cmudict,L IH1 L IY0
lily,wikipron,l ɪ l i
lim,cmudict,L IH1 M
lima,cmudict,L AY1 M AH0
lima,wikipron,l a ɪ m ə
liman,cmudict,L AY1 M AH0 N
liman,wikipron,l iː m ə n
limber,cmudict,L IH1 M B ER0
limber,wikipron,l ɪ m b ə
lin,cmudict,L IH1 N
lin,wikipron,l ɪ n
lina,cmudict,L IY1 N AH0
linares,cmudict,L IH1 N ER0 Z
linares,wikipron,l ɪ n ɑː ɹ ɛ s
lincoln,cmudict,L IH1 NG K AH0 N
lincoln,wikipron,l ɪ ŋ k ə n
linda,cmudict,L IH1 N D AH0
linda,wikipron,l ɪ n d ə
linde,cmudict,L IH1 N D
lindell,cmudict,L IH1 N D AH0 L
linden,cmudict,L IH1 N D AH0 N
linden,wikipron,l ɪ n d ə n
linder,cmudict,L IH1 N D ER0
lindley,cmudict,L IH1 N D L IY0
lindon,cmudict,L IH1 N D AH0 N
lindsay,cmudict,L IH1 N D Z IY0
lindsay,wikipron,l ɪ n z i
lindsey,cmudict,L IH1 N D Z IY0
lindsey,wikipron,l ɪ n z i
lindy,cmudict,L IH1 N D IY0
lindy,wikipron,l ɪ n d i
linette,cmudict,L IH0 N EH1 T
linford,cmudict,L IH1 N F ER0 D
linh,cmudict,L IH1 N
link,cmudict,L IH1 NG K
link,wikipron,l ɪ ŋ k
linn,cmudict,L IH1 N
linn,wikipron,l ɪ n
linnea,cmudict,L IH1 N IY0 AH0
lino,cmudict,L IY1 N OW0
lino,wikipron,l a ɪ n ə ʊ
linsay,cmudict,L IH1 N S EY0
linsey,cmudict,L IH1 N Z IY0
linton,cmudict,L IH1 N T AH0 N
linton,wikipron,l ɪ n t ə n
linus,cmudict,L AY1 N AH0 S
linus,wikipron,l a ɪ n ə s
linwood,cmudict,L IH1 N W UH2 D
linwood,wikipron,l ɪ n w ʊ d
linzy,cmudict,L IH1 N Z IY0
lionel,cmudict,L AY1 AH0 N AH0 L
lionel,wikipron,l a ɪ ə n l
lippo,cmudict,L IH1 P OW0
lis,cmudict,L IH1 S
lisa,cmudict,L IY1 S AH0
lisa,wikipron,l iː z ə
lisabeth,cmudict,L IH1 S AH0 B EH0 TH
lisbeth,cmudict,L IH1 S B IH0 TH
lise,cmudict,L AY1 Z
lisette,cmudict,L IH0 S EH1 T
lisinopril,wikipron,l a ɪ s ɪ n ə p ɹ ɪ l
lissa,cmudict,L IH1 S AH0
liston,cmudict,L IH1 S T AH0 N
liston,wikipron,l ɪ s t ə n
lita,cmudict,L IY1 T AH0
litter,cmudict,L IH1 T ER0
litter,wikipron,l ɪ t ɚ
little,cmudict,L IH1 T AH0 L
little,wikipron,l ɪ t ə l
liu,cmudict,L Y UW1
liu,wikipron,l i o ʊ
liv,cmudict,L IH1 V
liv,wikipron,l iː v
live,cmudict,L AY1 V
live,wikipron,l a ɪ̯ v
livia,cmudict,L IH1 V IY0 AH0
livingston,cmudict,L IH1 V IH0 NG S T AH0 N
livingston,wikipron,l ɪ v ɪ ŋ s t ə n
liz,cmudict,L IH1 Z
liz,wikipron,l ɪ z
liza,cmudict,L IY1 Z AH0
lizabeth,cmudict,L IH1 Z AH0 B EH0 TH
lizzie,cmudict,L IH1 Z IY0
lizzie,wikipron,l ɪ z i
llama,cmudict,L AA1 M AH0
llama,wikipron,j ɑ m ə
llewellyn,cmudict,L UW2 EH1 L IH0 N
llewellyn,wikipron,l u ɛ l ɪ n
lloyd,cmudict,L OY1 D
loadman,cmudict,L OW1 D M AH0 N
loan,cmudict,L OW1 N
loan,wikipron,l o ʊ n
lob,cmudict,L AA1 B
lob,wikipron,l ɒ b
lobes,cmudict,L OW1 B Z
locke,cmudict,L AA1 K
locke,wikipron,l ɑ k
lockhart,cmudict,L AA1 K HH AA2 R T
locklear,cmudict,L AA1 K L ER0
lockwood,cmudict,L AA1 K W UH2 D
loehmann,cmudict,L OW1 M AH0 N
logan,cmudict,L OW1 G AH0 N
logan,wikipron,l o ʊ ɡ ə n
login,cmudict,L AO1 G IH2 N
login,wikipron,l ɒ ɡ ɪ n
lois,cmudict,L OW1 AH0 S
lois,wikipron,l ə ʊ ɪ s
lola,cmudict,L OW1 L AH0
lola,wikipron,l o ʊ l ə
loleta,cmudict,L OW0 L EH1 T AH0
lolita,cmudict,L OW0 L IY1 T AH0
lolita,wikipron,l o ʊ l l i ɾ ə
lolling,cmudict,L AA1 L IH0 NG
loma,cmudict,L OW1 M AH0
lon,cmudict,L AA1 N
lona,cmudict,L OW1 N AH0
london,cmudict,L AH1 N D AH0 N
london,wikipron,l ʌ n d ə n
lonesome,cmudict,L OW1 N S AH0 M
lonesome,wikipron,l o ʊ n s ə m
long,cmudict,L AO1 NG
long,wikipron,l ɒ ŋ
longus,wikipron,l ɔ ŋ ɡ ə s
loni,cmudict,L AA1 N IY0
lonnie,cmudict,L AO1 N IY0
lonny,cmudict,L AO1 N IY0
lons,cmudict,L AA1 N Z
lonsky,cmudict,L AA1 N S K IY0
lopes,cmudict,L OW1 P S
lopes,wikipron,l o ʊ p s
lopez,cmudict,L OW1 P EH0 Z
lopez,wikipron,l o ʊ p ɛ z
lora,cmudict,L AO1 R AH0
lorain,cmudict,L ER0 EY1 N
loraine,cmudict,L ER0 EY1 N
loran,cmudict,L AO1 R AE2 N
loratadine,wikipron,l ə ɹ æ t ɪ d iː n
lord,cmudict,L AO1 R D
lord,wikipron,l ɔ ɹ d
lore,cmudict,L AO1 R
lore,wikipron,l o ɹ
lorean,cmudict,L AO1 R IY0 AH0 N
loree,cmudict,L AO1 R IY1
lorelei,cmudict,L AO1 R IH0 L AY2
lorelei,wikipron,l ɔː ɹ ə l a ɪ
loren,cmudict,L AO1 R AH0 N
lorena,cmudict,L AO0 R EH1 N AH0
lorene,cmudict,L AO0 R IY1 N
lorenz,cmudict,L ER0 EH1 N T S
lorenz,wikipron,l ə ɹ ɛ n z
lorenza,cmudict,L AO0 R EH1 N Z AH0
lorenzo,cmudict,L ER0 EH1 N Z OW0
loretta,cmudict,L ER0 EH1 T AH0
loretta,wikipron,l ə ɹ ɛ t ə
lorette,cmudict,L AO0 R EH1 T
lorey,cmudict,L AO1 R IY0
lori,cmudict,L AO1 R IY0
lori,wikipron,l o ɹ i
loria,cmudict,L AO1 R IY0 AH0
lorie,cmudict,L AO1 R IY0
lorin,cmudict,L AO1 R IH0 N
loring,cmudict,L AO1 R IH0 NG
loris,cmudict,L AO1 R IH0 S
loris,wikipron,l ɔ ɹ ɪ s
lorita,cmudict,L AO0 R IY1 T AH0
lorn,wikipron,l ɔ ɹ n
lorna,cmudict,L AO1 R N AH0
lorne,cmudict,L AO1 R N
lorra,wikipron,l ɒ ɹ ə
lorraine,cmudict,L ER0 EY1 N
lorraine,wikipron,l ɔ ɹ e ɪ n
lorrie,cmudict,L AO1 R IY0
lorry,cmudict,L AO1 R IY0
lorry,wikipron,l ɔ ɹ i
lory,cmudict,L AO1 R IY0
lory,wikipron,l ɒ ɹ i
losartan,wikipron,l o ʊ s ɑ ɹ t æ n
lott,cmudict,L AA1 T
lott,wikipron,l ɒ t
lottie,cmudict,L AA1 T IY0
lottie,wikipron,l ɒ t i
lou,cmudict,L UW1
lou,wikipron,l uː
louanna,cmudict,L AW0 AA1 N AH0
louanne,cmudict,L UW0 AE1 N
louella,cmudict,L AW0 EH1 L AH0
loughborough,wikipron,l ʌ f b ə ɹ ə
louie,cmudict,L UW0 IY1
louie,wikipron,l uː i
louis,cmudict,L UW1 IH0 S
louis,wikipron,l u ə s
louisa,cmudict,L UW0 IY1 Z AH0
louisa,wikipron,l uː iː z ə
louise,cmudict,L UW0 IY1 Z
louise,wikipron,l uː iː z
louisville,cmudict,L UW1 IY0 V IH2 L
louisville,wikipron,l uː i v ɪ l
lour,cmudict,L AW1 R
lour,wikipron,l a ʊ ɚ
lourdes,cmudict,L AO1 R D Z
lourdes,wikipron,l ʊ ɹ d
lourie,cmudict,L AW1 R IY0
love,cmudict,L AH1 V
love,wikipron,l ʌ v
lovell,cmudict,L AH1 V AH0 L
lovell,wikipron,l ʌ v ə l
lovely,cmudict,L AH1 V L IY0
lovely,wikipron,l ʌ v l i
lovett,cmudict,L AH1 V IH0 T
lovette,cmudict,L AH1 V EH1 T
lovie,cmudict,L AH1 V IY0
lovie,wikipron,l ʌ v i
loville,cmudict,L OW1 V IH0 L
lowe,cmudict,L OW1
lowe,wikipron,l o ʊ
lowell,cmudict,L OW1 AH0 L
lowell,wikipron,l ə ʊ l
lowery,cmudict,L AW1 ER0 IY0
lowery,wikipron,l a ʊ ə ɹ i
lowry,cmudict,L AW1 R IY0
lowry,wikipron,l ɑ ɹ i
lows,cmudict,L OW1 Z
loy,cmudict,L OY1
loyal,cmudict,L OY1 AH0 L
loyal,wikipron,l ɔ ɪ ə l
loyce,cmudict,L OY1 S
loyd,cmudict,L OY1 D
lozano,cmudict,L OW0 Z AA1 N OW0
lu,cmudict,L UW1
lu,wikipron,l i o ʊ
luan,wikipron,l u w ɑ n
luana,cmudict,L UW0 AE1 N AH0
luba,cmudict,L UW1 B AH0
luc,cmudict,L UW1 K
luca,cmudict,L UW1 K AH0
luca,wikipron,l uː k ə
lucan,wikipron,l uː k ə n
lucas,cmudict,L UW1 K AH0 S
lucas,wikipron,l uː k ə s
lucero,cmudict,L UW0 CH EH1 R OW0
lucia,cmudict,L UW1 SH AH0
lucia,wikipron,l u s iː ə
lucian,cmudict,L UW1 SH AH0 N
luciano,cmudict,L UW0 CH IY0 AA1 N OW0
lucie,cmudict,L UW1 S IY0
lucien,cmudict,L UW1 S IY0 AH0 N
lucienne,cmudict,L UW0 CH IY1 EH0 N
lucile,cmudict,L UW0 S IY1 L
lucille,cmudict,L UW0 S IY1 L
lucille,wikipron,l u s iː l
lucina,wikipron,l u s a ɪ n ə
lucinda,cmudict,L UW0 S IH1 N D AH0
lucinda,wikipron,l u s ɪ n d ə
lucio,cmudict,L UW1 S IY0 OW0
lucius,cmudict,L UW1 SH AH0 S
luciw,cmudict,L UW1 S IH0
lucky,cmudict,L AH1 K IY0
lucky,wikipron,l ʌ k i
lucrecia,cmudict,L UW0 K R IY1 SH AH0
lucretia,cmudict,L UW0 K R IY1 SH AH0
lucus,cmudict,L UW1 K AH0 S
lucy,cmudict,L UW1 S IY0
lucy,wikipron,l u s i
ludwig,cmudict,L AH1 D W IH0 G
ludwig,wikipron,l u d v ɪ ɡ
lue,cmudict,L UW1
lue,wikipron,l j uː
luella,cmudict,L UW2 EH1 L AH0
luellen,cmudict,L UH1 L AH0 N
lugo,cmudict,L UW1 G OW0
lugo,wikipron,l u ɡ o ʊ
luigi,cmudict,L UW0 IY1 JH IY0
luigi,wikipron,l u iː d͡ʒ i
luis,cmudict,L UW0 IY1 S
luisa,cmudict,L UW0 IY1 Z AH0
luiz,cmudict,L UW1 Z
lujan,cmudict,L UW0 Y AA1 N
lukas,cmudict,L UW1 K AH0 Z
lukash,cmudict,L UW0 K AE1 SH
luke,cmudict,L UW1 K
luke,wikipron,l u k
lukman,cmudict,L AH1 K M AH0 N
lukyanov,cmudict,L UW1 K Y AH0 N AA0 V
lula,cmudict,L UW1 L AH0
lulu,cmudict,L UW1 L UW2
lulu,wikipron,l uː l uː
luly,wikipron,l uː l i
lump,cmudict,L AH1 M P
lump,wikipron,l ʌ m p
luna,cmudict,L UW1 N AH0
luna,wikipron,l uː n ə
lunch,cmudict,L AH1 N CH
lunch,wikipron,l ʌ n t͡ʃ
lund,cmudict,L AH1 N D
lund,wikipron,l ʌ n d
lupe,cmudict,L UW1 P
lupita,cmudict,L UW0 P IY1 T AH0
lura,cmudict,L UH1 R AH0
lurk,cmudict,L ER1 K
lurk,wikipron,l ɝ k
luster,cmudict,L AH1 S T ER0
luster,wikipron,l ʌ s t ɚ
luther,cmudict,L UW1 TH ER0
luther,wikipron,l u θ ɚ
lutz,cmudict,L AH1 T S
lutz,wikipron,l ʌ t s
luvian,wikipron,l uː v i ə n
luwana,cmudict,L AH0 W AE1 N AH0
luz,cmudict,L AH1 Z
ly,cmudict,L AY1
lyda,cmudict,L AY1 D AH0
lydia,cmudict,L IH1 D IY0 AH0
lydia,wikipron,l ɪ d i ə
lyla,wikipron,l a ɪ l ə
lyle,cmudict,L AY1 L
lyle,wikipron,l a ɪ l
lyman,cmudict,L AY1 M AH0 N
lyman,wikipron,l a ɪ m ə n
lyn,cmudict,L IH1 N
lyn,wikipron,l ɪ n
lynch,cmudict,L IH1 N CH
lynch,wikipron,l ɪ n t͡ʃ
lynda,cmudict,L IH1 N D AH0
lynde,cmudict,L IH1 N D
lynden,cmudict,L IH1 N D AH0 N
lyndon,cmudict,L IH1 N D AH0 N
lyndon,wikipron,l ɪ n d ə n
lynette,cmudict,L AY2 N EH1 T
lynette,wikipron,l ɪ n ɛ t
lynn,cmudict,L IH1 N
lynn,wikipron,l ɪ n
lynna,cmudict,L AY1 N AH0
lynne,cmudict,L IH1 N
lynwood,wikipron,l ɪ n w ʊ d
lyon,cmudict,L AY1 AH0 N
lyons,cmudict,L AY1 AH0 N Z
lyra,cmudict,L AY1 R AH0
lysandra,cmudict,L AY2 S AE1 N D R AH0
lyssa,wikipron,l ɪ s ə
ma,cmudict,M AA1
ma,wikipron,m ɑː
mabel,cmudict,M EY1 B AH0 L
mabel,wikipron,m e ɪ b l̩
mabis,cmudict,M AE1 B IH0 S
mable,cmudict,M EY1 B AH0 L
mabley,cmudict,M AE1 B L IY0
mac,cmudict,M AE1 K
mac,wikipron,m æ k
macarena,cmudict,M AE0 K AH0 R IY1 N AH0
macarena,wikipron,m ɑ k ə ɹ e ɪ n ə
macarthur,cmudict,M AH0 K AA1 R TH ER0
macarthur,wikipron,m ə k ɑː ɹ θ ə
macco,wikipron,m æ k ə ʊ
macdonald,cmudict,M AH0 K D AA1 N AH0 L D
macdonald,wikipron,m ə k d ɑ n ə l d
mace,cmudict,M EY1 S
mace,wikipron,m e ɪ s
macey,cmudict,M EY1 S IY0
machado,cmudict,M AH0 CH AA1 D OW0
machold,cmudict,M AH0 HH OW1 L D
macias,cmudict,M AA0 S IY1 AH0 S
mack,cmudict,M AE1 K
mack,wikipron,m æ k
mackenzie,cmudict,M AH0 K EH1 N Z IY0
mackenzie,wikipron,m ə k ɛ n z i
mackey,cmudict,M AE1 K IY0
mackey,wikipron,m æ k i
mackie,cmudict,M AE1 K IY0
mackie,wikipron,m æ k i
mackinaw,cmudict,M AE1 K AH0 N AO2
mackinaw,wikipron,m æ k ə n ɔ
maclaine,cmudict,M AH0 K L EY1 N
macon,cmudict,M EY1 K AH0 N
macon,wikipron,m e ɪ k ə n
macro,cmudict,M AE1 K R OW0
macro,wikipron,m æ k ɹ o ʊ
macy,cmudict,M EY1 S IY0
macy,wikipron,m e ɪ s i
maddalena,cmudict,M AA0 D AA0 L EH1 N AH0
madden,cmudict,M AE1 D AH0 N
madden,wikipron,m æ d ə n
maddie,cmudict,M AE1 D IY0
maddie,wikipron,m æ d i
maddox,cmudict,M AE1 D AH0 K S
maddox,wikipron,m æ d ə k s
madelaine,cmudict,M AE1 D IH0 L EY0 N
madeleine,cmudict,M AE2 D AH0 L EH1 N
madeleine,wikipron,m æ d l ɪ n
madelene,cmudict,M AE0 D AH0 L IY1 N
madelin,cmudict,M AE1 D AH0 L IH0 N
madeline,cmudict,M AE1 D AH0 L IH0 N
madeline,wikipron,m æ d l ɪ n
madelon,cmudict,M AA0 D EY0 L AO1 N
madelyn,cmudict,M AE1 D IH0 L IH0 N
madge,cmudict,M AE1 JH
madge,wikipron,m æ d͡ʒ
madison,cmudict,M AE1 D AH0 S AH0 N
madison,wikipron,m æ d ɪ s ə n
madlin,cmudict,M AE1 D L IH0 N
madoff,cmudict,M AE1 D AO2 F
madonna,cmudict,M AH0 D AA1 N AH0
madonna,wikipron,m ə d ɒ n ə
madre,cmudict,M AA1 D R EY2
madrid,cmudict,M AH0 D R IH1 D
madrid,wikipron,m æ d ɹ ɪ d
madrigal,cmudict,M AE1 D R AH0 G AH0 L
madrigal,wikipron,m æ d͡ɹ ɪ ɡ ə l
mae,cmudict,M EY1
maeve,cmudict,M AH0 EH1 V
maeve,wikipron,m e ɪ v
mag,cmudict,M AE1 G
mag,wikipron,m e ɪ̯ ɡ
magan,cmudict,M EY1 G AH0 N
magana,cmudict,M AA0 G AE1 N AH0
magda,cmudict,M AE1 G D AH0
magdalen,cmudict,M AE1 G D AH0 L AH0 N
magdalen,wikipron,m æ ɡ d ə l ɪ n
magdalena,cmudict,M AE2 G D AH0 L IY1 N AH0
magdalena,wikipron,m æ ɡ d ə l ɛ n ə
magdalene,cmudict,M AE1 G D AH0 L IY2 N
magdalene,wikipron,m e ɪ̯ ɡ d ə l i n
magdaleno,cmudict,M AA0 G D AA0 L EY1 N OW0
magee,cmudict,M AH0 G IY1
magee,wikipron,m ə ɡ i
maggi,cmudict,M AE1 JH IY2
maggi,wikipron,m æ ɡ i
maggie,cmudict,M AE1 G IY2
maggie,wikipron,m æ ɡ i
magnolia,cmudict,M AE0 G N OW1 L Y AH0
magnolia,wikipron,m æ ɡ n o ʊ l i ə
magnum,cmudict,M AE1 G N AH0 M
magnum,wikipron,m e ɪ̯ ɡ n ə m
maha,wikipron,m ɑ h ə
mahala,cmudict,M AE1 HH AH0 L AH0
mahalia,cmudict,M AH0 HH AE1 L IY0 AH0
maher,cmudict,M AA1 R
maher,wikipron,m ɑː
mahlon,cmudict,M EY1 L AO2 N
mahmoud,cmudict,M AE1 M UW0 D
mahogany,cmudict,M AH0 HH AA1 G AH0 N IY0
mahogany,wikipron,m ə h ɑ ɡ ə n i
mahoney,cmudict,M AH0 HH OW1 N IY0
mahoney,wikipron,m ɑ h ə n i
mai,cmudict,M AY1
mai,wikipron,m a ɪ
maia,cmudict,M AY1 AH0
maia,wikipron,m a ɪ ə
maida,cmudict,M EY1 D AH0
maile,cmudict,M EY1 L
maire,cmudict,M EH1 R
maisie,cmudict,M EY1 Z IY0
maisie,wikipron,m e ɪ z i
maiti,cmudict,M EY1 T IY0
major,cmudict,M EY1 JH ER0
major,wikipron,m e ɪ d͡ʒ ə
makings,cmudict,M EY1 K IH0 NG Z
makita,cmudict,M AH0 K IY1 T AH0
maksoud,cmudict,M AE0 K S UW1 D
mala,cmudict,M AA1 L AH0
mala,wikipron,m e ɪ l ə
malachi,wikipron,m æ l ə k a ɪ
malcolm,cmudict,M AE1 L K AH0 M
malcolm,wikipron,m æ l k ə m
malcom,cmudict,M AE1 L K AH0 M
maldonado,cmudict,M AE0 L D AH0 N AA1 D OW0
malena,cmudict,M AE1 L IH0 N AH0
malia,cmudict,M AA1 L IY0 AH0
malia,wikipron,m ə l iː ə
malik,cmudict,M AE1 L IH0 K
malik,wikipron,m ɑ l i k
malina,cmudict,M AA0 L IY1 N AH0
malinda,cmudict,M AA0 L IY1 N D AH0
malinger,wikipron,m ə l ɪ ŋ ɡ ɚ
malino,cmudict,M AH0 L IY1 N OW0
malison,wikipron,m æ l ɪ s ə n
mallie,cmudict,M AO1 L IY0
mallinckrodt,cmudict,M AE1 L IH0 NG K R AA2 T
mallorca,wikipron,m a ɪ ɔ ɹ k ə
mallory,cmudict,M AE1 L ER0 IY0
mallory,wikipron,m æ l ə ɹ i
malone,cmudict,M AH0 L OW1 N
malone,wikipron,m ə l o ʊ n
maloney,cmudict,M AH0 L OW1 N IY0
malvern,cmudict,M AE1 L V ER0 N
malvin,cmudict,M AE1 L V IH0 N
mamie,cmudict,M EY1 M IY0
mammon,wikipron,m æ m ə n
manda,cmudict,M AE1 N D AH0
mandel,cmudict,M AE1 N D AH0 L
mandell,cmudict,M AE1 N D AH0 L
mandi,cmudict,M AE1 N D IY0
mandie,cmudict,M AE1 N D IY0
mandy,cmudict,M AE1 N D IY0
mandy,wikipron,m æ n d i
manette,cmudict,M AH0 N EH1 T
manford,cmudict,M AE1 N F ER0 D
manfred,cmudict,M AE1 N F R IH0 D
mangles,cmudict,M AE1 NG G AH0 L Z
manish,cmudict,M AE1 N IH0 SH
manley,cmudict,M AE1 N L IY0
mann,cmudict,M AE1 N
mannheim,cmudict,M AE1 N HH AY0 M
mannie,cmudict,M AE1 N IY0
manning,cmudict,M AE1 N IH0 NG
manny,cmudict,M AE1 N IY0
manny,wikipron,m æ n i
manon,cmudict,M AA0 N AO1 N
manse,wikipron,m æ n s
mansfield,cmudict,M AE1 N Z F IY2 L D
manteca,cmudict,M AA0 N T EH1 K AH0
mantua,cmudict,M AE1 N CH UW0 AH0
mantua,wikipron,m æ n t j u ə
manual,cmudict,M AE1 N Y UW0 AH0 L
manual,wikipron,m æ n j u ə l
manuel,cmudict,M AA0 N W EH1 L
manuel,wikipron,m æ n w ɛ l
manuela,cmudict,M AE0 N W EY1 L AH0
maple,cmudict,M EY1 P AH0 L
maple,wikipron,m e ɪ p l
mara,cmudict,M AA1 R AH0
mara,wikipron,m ɑː ɹ ə
marah,wikipron,m ɑː ɹ ə
maranda,cmudict,M ER0 AE1 N D AH0
marbella,cmudict,M AA2 R B EH1 L AH0
marbella,wikipron,m ɑː b e ɪ j ə
marc,cmudict,M AA1 R K
marc,wikipron,m ɑ ɹ k
marceca,cmudict,M AA0 R S EH1 K AH0
marcel,cmudict,M AA0 R S EH1 L
marcel,wikipron,m ɑ ɹ s ɛ l
marcela,cmudict,M AA0 R CH EH1 L AH0
marceline,wikipron,m ɑ ɹ s ə l i n
marcelino,cmudict,M AA0 R CH EH0 L IY1 N OW0
marcell,cmudict,M AA0 R S EY1 L
marcella,cmudict,M AA0 R S EH1 L AH0
marcelle,cmudict,M AA0 R S EH1 L
marcellina,cmudict,M AA0 R CH EH0 L IY1 N AH0
marcello,cmudict,M AA2 R S EH1 L OW0
marcellus,cmudict,M AA0 R S EH1 L AH0 S
marcelo,cmudict,M AA0 R CH EH1 L OW0
marci,cmudict,M AA1 R S IY0
marcia,cmudict,M AA1 R SH AH0
marcia,wikipron,m ɑ ɹ ʃ ə
marcial,cmudict,M AA0 R S IY0 AA1 L
marciano,cmudict,M AA0 R CH IY0 AA1 N OW0
marcie,cmudict,M AA1 R K IY0
marcie,wikipron,m ɑ ɹ s i
marco,cmudict,M AA1 R K OW0
marco,wikipron,m ɑː k ə ʊ
marcos,cmudict,M AA1 R K OW0 S
marcus,cmudict,M AA1 R K AH0 S
marcus,wikipron,m ɑ ɹ k ə s
marcy,cmudict,M AA1 R S IY0
marcy,wikipron,m ɑ ɹ s i
mardi,cmudict,M AA1 R D IY0
mare,cmudict,M EH1 R
mare,wikipron,m ɑ ɹ e ɪ
marek,cmudict,M AA1 R EH0 K
marella,cmudict,M ER0 EH1 L AH0
maretta,cmudict,M AA0 R EH1 T AH0
marette,cmudict,M ER0 EH1 T
margaret,cmudict,M AA1 R G ER0 IH0 T
margaret,wikipron,m ɑ ɹ ɡ ə ɹ ɪ t
margarete,cmudict,M AA1 R G ER0 IY2 T
margarita,cmudict,M AA2 R G ER0 IY1 T AH0
margarita,wikipron,m ɑ ɹ ɡ ə ɹ i t ə
margate,wikipron,m ɑ ɡ e ɪ t
margaux,cmudict,M AA0 R G OW1
marge,cmudict,M AA1 R JH
marge,wikipron,m ɑ ɹ d͡ʒ
margery,cmudict,M AA1 R JH ER0 IY0
margie,cmudict,M AA1 R JH IY0
margo,cmudict,M AA1 R G OW0
margot,cmudict,M AA1 R G OW0
margot,wikipron,m ɑ ɹ ɡ o ʊ
margret,cmudict,M AA1 R G R EH0 T
marguerite,cmudict,M AA2 R G ER0 IY1 T
marguerite,wikipron,m ɑː ɡ ə ɹ iː t
margy,cmudict,M AA1 R JH IY0
mari,cmudict,M AA1 R IY0
mari,wikipron,m ɑ ɹ i
maria,cmudict,M ER0 IY1 AH0
maria,wikipron,m ə ɹ a ɪ ə
mariah,cmudict,M ER0 AY1 AH0
mariah,wikipron,m ə ɹ a ɪ ə
mariam,cmudict,M EH1 R IY0 AE0 M
marian,cmudict,M EH1 R IY0 AH0 N
marian,wikipron,m e ə ɹ i ə n
mariana,cmudict,M EH2 R IY0 AE1 N AH0
marianna,cmudict,M AA0 R IY0 AA1 N AH0
marianne,cmudict,M EH2 R IY0 AE1 N
marianne,wikipron,m æ ɹ i æ n
mariano,cmudict,M EH2 R IY0 AA1 N OW0
maribel,cmudict,M AE1 R IH0 B EH0 L
marice,cmudict,M AA1 R IH0 S
marie,cmudict,M ER0 IY1
marie,wikipron,m ə ɹ iː
mariel,cmudict,M EH1 R IY0 AH0 L
marietta,cmudict,M EH2 R IY0 EH1 T AH0
marietta,wikipron,m ɛ ɚ i ɛ t ə
mariette,cmudict,M EH2 R IY0 EH1 T
marilin,cmudict,M AE1 R IH0 L IH0 N
marilla,cmudict,M AA0 R IH1 L AH0
marilu,cmudict,M EH1 R IY0 L UW0
marilyn,cmudict,M EH1 R AH0 L AH0 N
marilynn,cmudict,M EH1 R AH0 L AH0 N
marin,cmudict,M EH1 R IH0 N
marina,cmudict,M ER0 IY1 N AH0
marina,wikipron,m ə ɹ iː n ə
marino,cmudict,M ER0 IY1 N OW0
mario,cmudict,M AA1 R IY0 OW0
mario,wikipron,m æ ɹ i o ʊ
marion,cmudict,M EH1 R IY0 AH0 N
maris,cmudict,M EH1 R IH0 S
marisa,cmudict,M AH0 R IH1 S AH0
marish,cmudict,M EH1 R IH0 SH
marissa,cmudict,M AH0 R IH1 S AH0
marissa,wikipron,m ə ɹ ɪ s ə
maritsa,wikipron,m ə ɹ iː t s ə
marius,cmudict,M AA1 R IY0 AH0 S
marjie,cmudict,M AA1 R JH IY0
marjorie,cmudict,M AA1 R JH ER0 IY0
marjory,cmudict,M AA1 R JH ER0 IY0
mark,cmudict,M AA1 R K
mark,wikipron,m ɑ ɹ k
markee,cmudict,M AA1 R K IY1
markel,cmudict,M AA1 R K AH0 L
markell,cmudict,M AA1 R K AH0 L
markese,cmudict,M AA0 R K IY1 S
markham,cmudict,M AA1 R K AH0 M
markie,cmudict,M AA1 R K IY0
markie,wikipron,m ɑ ɹ k i
marko,cmudict,M AA1 R K OW0
markos,cmudict,M AA1 R K OW0 Z
marks,cmudict,M AA1 R K S
marks,wikipron,m ɑ ɹ k s
marksman,cmudict,M AA1 R K S M AH0 N
marksman,wikipron,m ɑ ɹ k s m ə n
markus,cmudict,M AA1 R K AH0 S
marky,cmudict,M AA1 R K IY0
marla,cmudict,M AA1 R L AH0
marland,cmudict,M AA1 R L AH0 N D
marleen,cmudict,M AA0 R L IY1 N
marlen,cmudict,M AA1 R L AH0 N
marlena,cmudict,M AA0 R L EY1 N AH0
marlene,cmudict,M AA1 R L IY2 N
marley,cmudict,M AA1 R L IY0
marley,wikipron,m ɑ l i
marlin,cmudict,M AA1 R L AH0 N
marlin,wikipron,m ɑ ɹ l ɪ n
marlo,cmudict,M AA1 R L OW0
marlon,cmudict,M AA1 R L AH0 N
marlow,cmudict,M AA1 R L OW0
marlow,wikipron,m ɑ ɹ l o ʊ
marlowe,cmudict,M AA1 R L OW2
marlowe,wikipron,m ɑː l ə ʊ
marlys,cmudict,M AA1 R L IY0 Z
marne,wikipron,m ɑ ɹ n
marney,cmudict,M AA1 R N IY0
marnie,cmudict,M AA1 R N IY0
marnie,wikipron,m ɑ ɹ n i
marous,cmudict,M EH1 R AH0 S
marque,cmudict,M AA1 R K
marque,wikipron,m ɑː k
marquerite,cmudict,M AA0 R K ER0 IY1 T
marques,cmudict,M AA1 R K S
marquette,cmudict,M AA0 R K EH1 T
marquette,wikipron,m ɑ ɹ k ɛ t
marquez,cmudict,M AA0 R K EH1 Z
marquis,cmudict,M AA2 R K IY1
marquis,wikipron,m ɑ ɹ k i
marquise,wikipron,m ɑː k iː z
marquita,cmudict,M AA0 R K W IY1 T AH0
marrero,cmudict,M AA2 R EH1 R OW0
marriage,cmudict,M EH1 R IH0 JH
marriage,wikipron,m æ ɹ ɪ d͡ʒ
marroquin,cmudict,M AA0 R OW0 K W IY1 N
marry,cmudict,M EH1 R IY0
marry,wikipron,m æ ɹ i
marsal,cmudict,M AA1 R S AH0 L
marseilles,cmudict,M AA0 R S AY1 L AH0 S
marseilles,wikipron,m ɑː s e ɪ
marsh,cmudict,M AA1 R SH
marsh,wikipron,m ɑ ɹ ʃ
marsha,cmudict,M AA1 R SH AH0
marsha,wikipron,m ɑ ɹ ʃ ə
marshal,cmudict,M AA1 R SH AH0 L
marshal,wikipron,m ɑː ɹ ʃ ə l
marshall,cmudict,M AA1 R SH AH0 L
marshall,wikipron,m ɑ ɹ ʃ ə l
mart,cmudict,M AA1 R T
mart,wikipron,m ɑ ɹ t
marta,cmudict,M AA1 R T AH0
marta,wikipron,m ɑː t ə
martel,cmudict,M AA1 R T EH2 L
martell,cmudict,M AA1 R T EH2 L
marten,cmudict,M AA1 R T AH0 N
marten,wikipron,m ɑ ɹ t ə n
martha,cmudict,M AA1 R TH AH0
martha,wikipron,m ɑ ɹ θ ə
marti,cmudict,M AA1 R T IY0
martie,cmudict,M AA1 R T IY0
martin,cmudict,M AA1 R T AH0 N
martin,wikipron,m ɑ ɹ t n̩
martina,cmudict,M AA0 R T IY1 N AH0
martina,wikipron,m ɑː t iː n ə
martine,cmudict,M AA0 R T IY1 N
martinez,cmudict,M AA0 R T IY1 N EH0 Z
martinez,wikipron,m ɑ ɹ t i n ɛ z
martinique,cmudict,M AA0 R T IH0 N IY1 K
martinique,wikipron,m ɑː t ɪ n iː k
martino,cmudict,M AA0 R T IY1 N OW0
marty,cmudict,M AA1 R T IY0
marty,wikipron,m ɑ ɹ t i
martyn,cmudict,M AA1 R T IH0 N
marva,cmudict,M AA1 R V AH0
marvel,cmudict,M AA1 R V AH0 L
marvel,wikipron,m ɑ ɹ v ə l
marvell,cmudict,M AA0 R V EH1 L
marvella,cmudict,M AA2 R V EH1 L AH0
marvelle,cmudict,M AA0 R V EH1 L
marvin,cmudict,M AA1 R V IH0 N
marvin,wikipron,m ɑ ɹ v ɪ n
marwick,cmudict,M AA1 R W IH2 K
mary,cmudict,M EH1 R IY0
mary,wikipron,m ɑ ɹ ɪ
marya,cmudict,M AA1 R Y AH0
maryalice,cmudict,M EH0 R IY0 AE1 L AH0 S
maryann,cmudict,M EH0 R IY0 AE1 N
maryanne,cmudict,M EH0 R IY0 AE1 N
marybeth,cmudict,M EH1 R IY0 B EH1 TH
maryland,cmudict,M EH1 R AH0 L AH0 N D
maryland,wikipron,m æ ɹ ɪ l ə n d
marylin,cmudict,M AE1 R IH0 L IH0 N
marylou,cmudict,M AE1 R IY0 L UW0
masai,cmudict,M AA0 S AA1 IY0
mascarena,cmudict,M AE1 S K ER0 IH0 N AA2
maslach,wikipron,m æ s l ə k
mason,cmudict,M EY1 S AH0 N
mason,wikipron,m e ɪ s ə n
massat,cmudict,M AH0 S AA1 T
massey,cmudict,M AE1 S IY0
massey,wikipron,m æ s i
massimo,cmudict,M AE1 S IH0 M OW2
masters,cmudict,M AE1 S T ER0 Z
masters,wikipron,m æ s t ɚ z
mat,cmudict,M AE1 T
mat,wikipron,m a t
mata,cmudict,M AA1 T AH0
match,cmudict,M AE1 CH
match,wikipron,m æ t͡ʃ
matcha,wikipron,m ɑ t͡ʃ ə
mateo,cmudict,M AA0 T EY1 OW0
mateo,wikipron,m ə t e ɪ o ʊ
mathew,cmudict,M AE1 TH Y UW0
mathews,cmudict,M AE1 TH Y UW0 Z
mathias,cmudict,M AH0 TH AY1 AH0 S
mathieu,cmudict,M AE1 TH Y UW0
mathilda,cmudict,M AH0 T IH1 L D AH0
mathis,cmudict,M AE1 TH IH0 S
matias,cmudict,M AA1 SH AH0 Z
matie,wikipron,m e ɪ t i
matilda,cmudict,M AH0 T IH1 L D AH0
matilda,wikipron,m ə t ɪ l d ə
matola,cmudict,M AH0 T OW1 L AH0
matos,cmudict,M AA1 T OW0 Z
matsch,cmudict,M AE1 CH
matt,cmudict,M AE1 T
matt,wikipron,m æ t
mattel,cmudict,M AH0 T EH1 L
mattel,wikipron,m ə t ɛ l
matteo,cmudict,M AA0 T EY1 OW0
matthew,cmudict,M AE1 TH Y UW0
matthew,wikipron,m æ θ j uː
matthews,cmudict,M AE1 TH Y UW0 Z
matthews,wikipron,m æ θ j u z
matthias,cmudict,M AH0 TH AY1 AH0 S
matthias,wikipron,m ə θ a ɪ ə s
mattie,cmudict,M AE1 T IY0
mattie,wikipron,m æ t i
maud,cmudict,M AO1 D
maud,wikipron,m ɔ d
maude,cmudict,M AO1 D
maunsell,wikipron,m æ n s ə l
maura,cmudict,M AO1 R AH0
maureen,cmudict,M AO0 R IY1 N
maureen,wikipron,m ɔː ɹ iː n
maurer,cmudict,M AO1 R ER0
mauri,cmudict,M AO1 R IY0
mauri,wikipron,m a ʊ ɹ i
maurice,cmudict,M AO0 R IY1 S
maurice,wikipron,m ɔ ɹ i s
mauricio,cmudict,M AW0 R IY1 S IY0 OW0
maurie,cmudict,M AO1 R IY0
maurine,cmudict,M AO0 R IY1 N IY0
maurita,cmudict,M AO0 R IY1 T AH0
maurizio,cmudict,M AO0 R IH1 Z IY0 OW0
mauro,cmudict,M AO1 R OW0
maury,cmudict,M AO1 R IY0
maurya,wikipron,m a ʊ ɹ j ə
maven,cmudict,M EY1 V AH0 N
maven,wikipron,m e ɪ v n
maverick,cmudict,M AE1 V ER0 IH0 K
maverick,wikipron,m æ v ə ɹ ɪ k
mavis,cmudict,M EY1 V IH0 S
mavis,wikipron,m e ɪ v ɪ s
max,cmudict,M AE1 K S
max,wikipron,m æ k s
maxie,cmudict,M AE1 K S IY0
maxim,cmudict,M AE1 K S AH0 M
maxim,wikipron,m æ k s ə m
maximilian,cmudict,M AE2 K S IH0 M IH1 L IY0 AH0 N
maxine,cmudict,M AE0 K S IY1 N
maxine,wikipron,m æ k s iː n
maxion,cmudict,M AE1 K S IY0 AA0 N
maxwell,cmudict,M AE1 K S W EH2 L
maxwell,wikipron,m æ k s w ɛ l
maxx,cmudict,M AE1 K S
may,cmudict,M EY1
may,wikipron,m e ɪ
maya,cmudict,M AY1 AH0
maya,wikipron,m a ɪ ə
maybelle,cmudict,M EY2 B EH1 L
mayda,cmudict,M EY1 D AH0
mayer,cmudict,M EY1 ER0
mayes,cmudict,M EY1 Z
mayfield,cmudict,M EY1 F IY2 L D
mayfield,wikipron,m e ɪ f i l d
mayme,cmudict,M EY1 M
maynard,cmudict,M EY1 N ER0 D
maynard,wikipron,m e ɪ n ɚ d
mayo,cmudict,M EY1 OW0
mayo,wikipron,m e ɪ o ʊ
mays,cmudict,M EY1 Z
mays,wikipron,m e ɪ z
mazie,cmudict,M EY1 Z IY0
mcallister,cmudict,M AH0 K AE1 L AH0 S T ER0
mcallister,wikipron,m ə k æ l ɪ s t ɚ
mcarthur,cmudict,M AH0 K AA1 R TH ER0
mcbirney,cmudict,M AH0 K B ER1 N IY0
mcbride,cmudict,M AH0 K B R AY1 D
mccabe,cmudict,M AH0 K EY1 B
mccabe,wikipron,m ə k e ɪ b
mccade,cmudict,M AH0 K EY1 D
mccain,cmudict,M AH0 K EY1 N
mccain,wikipron,m ə k e ɪ n
mccall,cmudict,M AH0 K AO1 L
mccann,cmudict,M AH0 K AE1 N
mccarthy,cmudict,M AH0 K AA1 R TH IY0
mccarthy,wikipron,m ə k ɑ ɹ θ i
mccarty,cmudict,M AH0 K AA1 R T IY0
mccarty,wikipron,m ə k ɑ ɹ t i
mccauley,cmudict,M AH0 K AO1 L IY0
mcclain,cmudict,M AH0 K L EY1 N
mcclellan,cmudict,M AH0 K L EH1 L AH0 N
mcclellan,wikipron,m ə k l ɛ l ə n
mcclendon,cmudict,M AH0 K L EY1 N D AH0 N
mcclure,cmudict,M AH0 K L UW1 R
mcclure,wikipron,m ə k l ɝ
mccollum,cmudict,M AH0 K AO1 L AH0 M
mcconnell,cmudict,M AH0 K AA1 N AH0 L
mccormick,cmudict,M AH0 K AO1 R M IH0 K
mccormick,wikipron,m ə k ɔː m ɪ k
mccoy,cmudict,M AH0 K OY1
mccoy,wikipron,m ə k ɔ ɪ
mccracken,cmudict,M AH0 K R AE1 K AH0 N
mccray,cmudict,M AH0 K R EY1
mccullough,cmudict,M AH0 K AH1 L AH0
mcdaniel,cmudict,M AH0 K D AE1 N Y AH0 L
mcdermott,cmudict,M AH0 K D ER1 M AH0 T
mcdonald,cmudict,M AH0 K D AA1 N AH0 L D
mcdonald,wikipron,m ə k d ɑ n ə l d
mcdonough,cmudict,M AH0 K D AH1 N AH0
mcdowell,cmudict,M AH0 K D AW1 AH0 L
mcelroy,cmudict,M AE1 K AH0 L R OY2
mcelroy,wikipron,m æ k l̩ ɹ ɔ ɪ
mcfadden,cmudict,M AH0 K F AE1 D AH0 N
mcfadden,wikipron,m ə k f æ d ə n
mcfarland,cmudict,M AH0 K F AA1 R L AH0 N D
mcgee,cmudict,M AH0 G IY1
mcghee,cmudict,M AH0 G IY1
mcgill,cmudict,M AH0 G IH1 L
mcgill,wikipron,m ə ɡ ɪ l
mcginnis,cmudict,M AH0 G IH1 N AH0 S
mcgowan,cmudict,M AH0 G AW1 AH0 N
mcgrath,cmudict,M AH0 G R AE1 TH
mcgrath,wikipron,m ə ɡ ɹ æ θ
mcgraw,cmudict,M AH0 G R AO1
mcguire,cmudict,M AH0 G W AY1 R
mchugh,cmudict,M AH0 K Y UW1
mcintosh,cmudict,M AE1 K AH0 N T AO2 SH
mcintosh,wikipron,m æ k ɪ n t ɒ ʃ
mcintyre,cmudict,M AE1 K IH2 N T AY2 R
mcintyre,wikipron,m æ k ɪ n t a ɪ ɚ
mckay,cmudict,M AH0 K EY1
mckay,wikipron,m ə k a ɪ
mckee,cmudict,M AH0 K IY1
mckenna,cmudict,M AH0 K EH1 N AH0
mckenna,wikipron,m ə k ɛ n ə
mckenzie,cmudict,M AH0 K EH1 N Z IY0
mckinley,cmudict,M AH0 K IH1 N L IY0
mckinley,wikipron,m ə k ɪ n l i
mckinney,cmudict,M AH0 K IH1 N IY0
mcknight,cmudict,M AH0 K N AY1 T
mclaughlin,cmudict,M AH0 G L AA1 K L AH0 N
mclaughlin,wikipron,m ə ɡ l ɑ k l ɪ n
mclean,cmudict,M AH0 K L IY1 N
mclean,wikipron,m ə k l e ɪ n
mcleod,cmudict,M AH0 K L AW1 D
mcleod,wikipron,m ə k l a ʊ d
mclish,cmudict,M AH0 K L IH1 SH
mcmahon,cmudict,M AH0 K M EY1 AH0 N
mcmahon,wikipron,m ə k m e ɪ ə n
mcmanus,cmudict,M AH0 K M AE1 N AH0 S
mcmillan,cmudict,M AH0 K M IH1 L AH0 N
mcmillan,wikipron,m ə k m ɪ l ə n
mcmullen,cmudict,M AH0 K AH1 L AH0 N
mcnamara,cmudict,M AE1 K N AH0 M EH2 R AH0
mcnamara,wikipron,m æ k n ə m æ ɹ ə
mcneal,cmudict,M AH0 K N IY1 L
mcneil,cmudict,M AH0 K N IY1 L
mcneill,cmudict,M AH0 K N IY1 L
mcpherson,cmudict,M AH0 K F ER1 S AH0 N
mcpherson,wikipron,m ə k f ɜː s ə n
mcqueen,cmudict,M AH0 K W IY1 N
mcqueen,wikipron,m ə k w iː n
mcrae,cmudict,M AH0 K R EY1
mcwilliams,cmudict,M AH0 K W IH1 L Y AH0 M Z
mead,cmudict,M IY1 D
mead,wikipron,m iː d
meade,cmudict,M IY1 D
meade,wikipron,m iː d
meadow,cmudict,M EH1 D OW2
meadow,wikipron,m ɛ d o ʊ̯
meadows,cmudict,M EH1 D OW2 Z
meadows,wikipron,m ɛ d o ʊ z
measures,cmudict,M EH1 ZH ER0 Z
measures,wikipron,m ɛ ʒ ɚ z
mecca,cmudict,M EH1 K AH0
mecca,wikipron,m ɛ k ə
meda,cmudict,M EY1 D AH0
medeiros,cmudict,M EY0 D IH1 R OW0 Z
medes,cmudict,M IY1 D Z
median,cmudict,M IY1 D IY0 AH0 N
median,wikipron,m iː d ɪ ə n
medina,cmudict,M AH0 D AY1 N AH0
medina,wikipron,m ə d i n ə
medora,cmudict,M EY0 D AO1 R AH0
medrano,cmudict,M EH0 D R AA1 N OW0
medway,wikipron,m ɛ d w e ɪ
medwin,cmudict,M EH1 D W IH0 N
mee,cmudict,M IY1
mee,wikipron,m i
meed,wikipron,m iː d
meegan,cmudict,M IY1 G AH0 N
meeks,cmudict,M IY1 K S
meenaghan,cmudict,M IY1 N AH0 HH AE0 N
meg,cmudict,M EH1 G
meg,wikipron,m ɛ ɡ
megan,cmudict,M EY1 G AH0 N
megan,wikipron,m e ɪ ɡ ə n
meghan,cmudict,M EH1 G AH0 N
meghan,wikipron,m e ɪ ɡ ə n
mehmet,cmudict,M EH1 M AH0 T
mei,cmudict,M EY1
mei,wikipron,m e ɪ
meier,cmudict,M AY1 ER0
meighan,cmudict,M EY1 G AH0 N
meir,cmudict,M EY1 R
mejia,cmudict,M EY1 Y IY0 AH0
mel,cmudict,M EH1 L
mel,wikipron,m ɛ l
melanie,cmudict,M EH1 L AH0 N IY0
melanie,wikipron,m ɛ l ə n i
melany,cmudict,M EH1 L AH0 N IY0
melba,cmudict,M EH1 L B AH0
melba,wikipron,m ɛ l b ə
melchor,cmudict,M EH1 L CH ER0
meldon,cmudict,M EH1 L D AH0 N
mele,cmudict,M IY1 L
melena,wikipron,m ə l iː n ə
melendez,cmudict,M AH0 L EH1 N D EH0 Z
melessa,cmudict,M EH0 L EH1 S AH0
melia,cmudict,M EH1 L IY0 AH0
melina,cmudict,M EH0 L IY1 N AH0
melinda,cmudict,M AH0 L IH1 N D AH0
melinda,wikipron,m ə l ɪ n d ə
melissa,cmudict,M AH0 L IH1 S AH0
melissa,wikipron,m ə l ɪ s ə
melisse,cmudict,M EH1 L IH0 S
melita,cmudict,M EH0 L IY1 T AH0
mellons,cmudict,M EH1 L AH0 N Z
melody,cmudict,M EH1 L AH0 D IY0
melody,wikipron,m ɛ l ə d i
meloni,cmudict,M EH0 L OW1 N IY0
melony,wikipron,m ɛ l ə n i
meloxicam,wikipron,m ə l ɑ k s ə k æ m
melton,cmudict,M EH1 L T AH0 N
melton,wikipron,m ɛ l t ə n
melva,cmudict,M EH1 L V AH0
melville,cmudict,M EH1 L V IH0 L
melvin,cmudict,M EH1 L V IH0 N
melvin,wikipron,m ɛ l v ɪ n
melvina,cmudict,M EH0 L V IY1 N AH0
melvyn,cmudict,M EH1 L V IH0 N
memory,cmudict,M EH1 M ER0 IY0
memory,wikipron,m ɛ m ə ɹ i
mena,cmudict,M IY1 N AH0
menachem,cmudict,M AH0 N AA1 HH AH0 M
menahem,cmudict,M AH0 N AA1 HH AH0 M
mendel,cmudict,M EH1 N D AH0 L
mendelssohn,cmudict,M EH1 N D AH0 L S AH0 N
mendez,cmudict,M EH0 N D EH1 Z
mendoza,cmudict,M EH0 N D OW1 Z AH0
mendoza,wikipron,m ɛ n d o ʊ z ə
meng,cmudict,M EH1 NG
mengerink,wikipron,m ɛ ŋ ɡ ə ɹ ɪ ŋ k
mengers,cmudict,M EH1 NG G ER0 Z
meranda,cmudict,M ER0 AA1 N D AH0
mercado,cmudict,M ER0 K AA1 D OW0
merced,cmudict,M ER1 S T
merced,wikipron,m ɜː ɹ s ɛ d
mercedes,cmudict,M ER0 S EY1 D IY0 Z
mercedes,wikipron,m ɚ s e ɪ d i z
mercer,cmudict,M ER1 S ER0
mercer,wikipron,m ɝ s ɚ
mercy,cmudict,M ER1 S IY0
mercy,wikipron,m ɝ s i
meredith,cmudict,M EH1 R IH0 D IH0 TH
meredith,wikipron,m ɛ ɹ ə d ɪ θ
meriam,cmudict,M IH1 R IY0 IH0 M
merida,cmudict,M ER0 IY1 D AH0
merida,wikipron,m ɛ ə ɹ ɪ d ə
merideth,cmudict,M EH1 R IH0 D IH0 TH
meridith,cmudict,M EH1 R IH0 D IH0 TH
merl,cmudict,M ER1 L
merle,cmudict,M ER1 L
merle,wikipron,m ɝ l
merletti,cmudict,M ER0 L EH1 T IY0
merlin,cmudict,M ER1 L IH0 N
merlin,wikipron,m ɝ l ɪ n
merline,cmudict,M ER1 L AY0 N
merlis,cmudict,M ER1 L IY0 Z
merna,cmudict,M EH1 R N AH0
mernick,cmudict,M ER1 N IH0 K
merow,cmudict,M EH1 R OW0
merrell,cmudict,M EH1 R AH0 L
merrick,cmudict,M EH1 R IH0 K
merrie,cmudict,M EH1 R IY0
merrill,cmudict,M EH1 R AH0 L
merrily,cmudict,M EH1 R AH0 L IY0
merrily,wikipron,m ɛ ɹ ɪ l i
merritt,cmudict,M EH1 R IH0 T
merry,cmudict,M EH1 R IY0
merry,wikipron,m ɛ ə ɹ i
merton,cmudict,M ER1 T AH0 N
merton,wikipron,m ɝ t ə n
mervin,cmudict,M ER1 V IH0 N
mervyn,cmudict,M ER1 V IH0 N
mervyn,wikipron,m ɝ v ɪ n
merwin,cmudict,M ER1 W IH0 N
meryl,cmudict,M EH1 R AH0 L
meschede,wikipron,m ɛ ʃ ə d ə
mesen,wikipron,m ɪ s ɛ n
meshell,cmudict,M EH1 SH AH0 L
mesirow,cmudict,M EH1 S IH0 R OW0
messer,cmudict,M EH1 S ER0
messer,wikipron,m ə s ɛ ə
messias,wikipron,m ə s a ɪ ə s
meta,cmudict,M IY1 T AH0
meta,wikipron,m iː t ə
metal,cmudict,M EH1 T AH0 L
metal,wikipron,m ɛ t ə l
metcalf,cmudict,M EH1 T K AE2 F
metformin,wikipron,m ɛ t f ɔ ɹ m ɪ n
mether,wikipron,m ɛ ð ɚ
methotrexate,cmudict,M EH2 TH OW0 T R EH1 K S EY2 T
methotrexate,wikipron,m ɛ θ ə t ɹ ɛ k s e ɪ t
metoprolol,wikipron,m ə t o ʊ p ɹ ə l ɔ l
metra,cmudict,M EH1 T R AH0
metra,wikipron,m iː t ɹ ə
mettle,cmudict,M EH1 T AH0 L
mettle,wikipron,m ɛ t ə l
metz,cmudict,M EH1 T S
metz,wikipron,m ɛ t s
metzger,cmudict,M EH1 T S G ER0
mexican,cmudict,M EH1 K S AH0 K AH0 N
mexican,wikipron,m ɛ k s ə k n
meyer,cmudict,M AY1 ER0
meyer,wikipron,m a ɪ ə
meyers,cmudict,M AY1 ER0 Z
mez,cmudict,M EH1 Z
meza,cmudict,M EH1 Z AH0
mi,cmudict,M IY1
mi,wikipron,m iː
mia,cmudict,M IY1 AH0
mia,wikipron,m iː ə
mica,cmudict,M AY1 K AH0
mica,wikipron,m a ɪ k ə
micaela,cmudict,M IY0 K EY1 L AH0
micah,cmudict,M AY1 K AH0
micah,wikipron,m a ɪ k ə
michael,cmudict,M AY1 K AH0 L
michael,wikipron,m a ɪ k ə l
michaela,cmudict,M AY0 K EH1 L AH0
michaela,wikipron,m ɪ k e ɪ l ə
michaeline,cmudict,M AY1 K AH0 L AY0 N
michaella,cmudict,M AY2 K EH1 L AH0
michal,cmudict,M IH1 CH AH0 L
michal,wikipron,m i x ɑ l
micheal,cmudict,M AY1 K AH0 L
michel,cmudict,M IH0 SH EH1 L
michel,wikipron,m ɪ ʃ ɛ l
michela,cmudict,M IH0 K EY1 L AH0
michelangelo,cmudict,M AY2 K AH0 L AE1 N JH AH0 L OW2
michelangelo,wikipron,m a ɪ k ə l æ n d͡ʒ ə l o ʊ
michele,cmudict,M IH0 SH EH1 L
michelina,cmudict,M IH0 K AH0 L IY1 N AH0
micheline,cmudict,M IH2 SH AH0 L AH0 N
michell,cmudict,M IH1 CH AH0 L
michelle,cmudict,M IH0 SH EH1 L
michelle,wikipron,m ɪ ʃ ɛ l
michon,cmudict,M IH1 CH AH0 N
mick,cmudict,M IH1 K
mick,wikipron,m ɪ k
mickel,cmudict,M IH1 K AH0 L
mickelberry,cmudict,M IH1 K AH0 L B EH2 R IY0
mickey,cmudict,M IH1 K IY0
mickey,wikipron,m ɪ k i
micki,cmudict,M IH1 K IY0
mickie,cmudict,M IH1 K IY0
mickle,cmudict,M IH1 K AH0 L
mickle,wikipron,m ɪ k ə l
micky,cmudict,M IH1 K IY0
middleton,cmudict,M IH1 D AH0 L T AH0 N
middleton,wikipron,m ɪ d ə l t ə n
midge,cmudict,M IH1 JH
midge,wikipron,m ɪ d͡ʒ
midland,cmudict,M IH1 D L AE2 N D
midland,wikipron,m ɪ d l ə n d
mignon,cmudict,M IH1 G N AH0 N
mignon,wikipron,m ɪ n j ɑ n
miguel,cmudict,M IH0 G EH1 L
miguel,wikipron,m i ɡ ɛ l
mika,cmudict,M IY1 K AH0
mikael,cmudict,M AH0 K EY1 L
mikaela,cmudict,M IY0 K EY1 L AH0
mikal,cmudict,M IY1 K AH0 L
mike,cmudict,M AY1 K
mike,wikipron,m a ɪ k
mikel,cmudict,M IH1 K AH0 L
mikell,cmudict,M IH1 K AH0 L
mikey,cmudict,M AY1 K IY0
mikey,wikipron,m a ɪ k i
mikhail,cmudict,M IH0 K EY1 L
miko,cmudict,M AY1 K OW0
mikulic,cmudict,M IH0 K UW1 L IH0 K
mila,cmudict,M AY1 L AH0
milagro,cmudict,M IH0 L AE1 G R OW0
milan,cmudict,M AH0 L AA1 N
milan,wikipron,m a ɪ l ə n
milbank,cmudict,M IH1 L B AE2 NG K
milburn,cmudict,M IH1 L B ER2 N
mildenhall,wikipron,m a ɪ n ə l
mildred,cmudict,M IH1 L D R IH0 D
mildred,wikipron,m ɪ l d ɹ ə d
miles,cmudict,M AY1 L Z
miles,wikipron,m a ɪ l z
milford,cmudict,M IH1 L F ER0 D
milford,wikipron,m ɪ l f ə ɹ d
millard,cmudict,M IH1 L ER0 D
miller,cmudict,M IH1 L ER0
miller,wikipron,m ɪ l ɚ
milli,cmudict,M IH1 L IY0
millicent,cmudict,M IH1 L IH0 S IH0 N T
millie,cmudict,M IH1 L IY0
milligan,cmudict,M IH1 L IH0 G AH0 N
mills,cmudict,M IH1 L Z
mills,wikipron,m ɪ l z
milly,cmudict,M IH1 L IY0
milly,wikipron,m ɪ l i
milo,cmudict,M AY1 L OW0
milo,wikipron,m a ɪ l o ʊ
milton,cmudict,M IH1 L T AH0 N
milton,wikipron,m ɪ l t ə n
mimi,cmudict,M IY1 M IY0
mims,cmudict,M IH1 M Z
mina,cmudict,M IY1 N AH0
mina,wikipron,m iː n ə
minda,cmudict,M IH1 N D AH0
mindy,cmudict,M IH1 N D IY0
mindy,wikipron,m ɪ n d i
miner,cmudict,M AY1 N ER0
miner,wikipron,m a ɪ n ə
minerva,cmudict,M AH0 N ER1 V AH0
minerva,wikipron,m ɪ n ɝ v ə
minette,cmudict,M IH0 N EH1 T
minh,cmudict,M IH1 N
minna,cmudict,M IH1 N AH0
minnie,cmudict,M IH1 N IY0
minnie,wikipron,m ɪ n i
minnock,wikipron,m ɪ n ə k
minor,cmudict,M AY1 N ER0
minor,wikipron,m a ɪ n ɚ
minta,cmudict,M IH1 N T AH0
miot,cmudict,M AY1 AH0 T
miquelon,wikipron,m ɪ k ə l ɒ n
mira,cmudict,M IH1 R AH0
mirabel,cmudict,M IH0 R AA0 B EH1 L
miracle,cmudict,M IH1 R AH0 K AH0 L
miracle,wikipron,m i ɹ ə k ə l
miranda,cmudict,M ER0 AE1 N D AH0
miranda,wikipron,m ɪ ɹ æ n d ə
mirella,cmudict,M IH0 R EH1 L AH0
miriam,cmudict,M IH1 R IY0 AH0 M
miriam,wikipron,m ɪ ɹ i ə m
mirna,cmudict,M ER1 N AH0
misawa,cmudict,M IH0 S AA1 W AH0
mischa,cmudict,M IH1 SH AH0
misha,cmudict,M IH1 SH AH0
misha,wikipron,m ɪ ʃ ɑː
missie,cmudict,M IH1 S IY0
missy,cmudict,M IH1 S IY0
missy,wikipron,m ɪ s i
mistal,wikipron,m ɪ s t ə l
misty,cmudict,M IH1 S T IY0
misty,wikipron,m ɪ s t i
mitch,cmudict,M IH1 CH
mitch,wikipron,m ɪ t͡ʃ
mitchel,cmudict,M IH1 CH AH0 L
mitchell,cmudict,M IH1 CH AH0 L
mitchell,wikipron,m ɪ t͡ʃ ə l
mite,cmudict,M AY1 T
mite,wikipron,m a ɪ t
mitra,cmudict,M IH1 T R AH0
mitzi,cmudict,M IH1 T S IY0
mizar,cmudict,M AY1 Z AA2 R
mobley,cmudict,M OW1 B L IY0
mocker,wikipron,m ɑ k ɚ
modesta,cmudict,M OW0 D EH1 S T AH0
modesto,cmudict,M OW0 D EH1 S T OW0
modesto,wikipron,m ə d ɛ s t o ʊ
mofetil,wikipron,m o ʊ f ə t ɪ l
mohamad,cmudict,M AH0 HH AA1 M AH0 D
mohamed,cmudict,M OW0 HH AA1 M EH0 D
mohammad,cmudict,M OW0 HH AA1 M EH0 D
mohammed,cmudict,M OW0 HH AE1 M IH0 D
mohammed,wikipron,m o ʊ h ɑː m ɛ d
moina,cmudict,M OY1 N AH0
moira,cmudict,M OY1 R AH0
moira,wikipron,m ɔ ɪ ɹ ə
moise,cmudict,M OY1 Z
moises,cmudict,M OY1 Z IH0 Z
moishe,cmudict,M OW1 SH EH0
moishe,wikipron,m ɔ ɪ ʃ ə
mojado,wikipron,m o ʊ h ɑ d o ʊ
molina,cmudict,M AH0 L IY1 N AH0
molina,wikipron,m ɵ l i n ə
mollie,cmudict,M AA1 L IY0
mollie,wikipron,m ɑ l i
molly,cmudict,M AA1 L IY0
molly,wikipron,m ɑ l i
moma,cmudict,M OW1 M AH0
mona,cmudict,M OW1 N AH0
mona,wikipron,m o ʊ̯ n ə
mondragon,cmudict,M OW0 N D R AA0 G AO1 N
monet,cmudict,M OW0 N EY1
monet,wikipron,m o ʊ n e ɪ
monette,cmudict,M AH0 N EH1 T
monic,wikipron,m ɑ n ɪ k
monica,cmudict,M AA1 N IH0 K AH0
monica,wikipron,m ɑ n ɪ k ə
monico,cmudict,M OW0 N IY1 K OW0
monika,wikipron,m ɒ n ɪ k ə
monique,cmudict,M OW2 N IY1 K
monique,wikipron,m o ʊ̯ n i k
monroe,cmudict,M AH0 N R OW1
monroe,wikipron,m ə n ɹ o ʊ
mont,cmudict,M AA1 N T
mont,wikipron,m ɒ n
montalvo,cmudict,M OW0 N T AA1 L V OW0
montana,cmudict,M AA0 N T AE1 N AH0
montana,wikipron,m ɑ n t æ n ə
montano,cmudict,M AO2 N T AA1 N OW0
monte,cmudict,M AA1 N T IY0
monte,wikipron,m ɒ n t i
montel,cmudict,M AA0 N T EH1 L
montelukast,wikipron,m ɑ n t ə l uː k æ s t
monterey,cmudict,M AA2 N T ER0 EY1
monterey,wikipron,m ɑ n ə ɹ e ɪ
montes,cmudict,M AA1 N T IY0 Z
montes,wikipron,m ɒ n t i z
montez,cmudict,M OW0 N T EH1 Z
montgomery,cmudict,M AA0 N T G AH1 M R IY0
montgomery,wikipron,m ə n t ɡ ʌ m ə ɹ i
monti,cmudict,M AA1 N T IY0
monticciolo,cmudict,M AA0 N T IY2 CH IY0 OW1 L OW0
montie,cmudict,M AA1 N T IY0
montier,cmudict,M AA1 N T Y ER0
montoya,cmudict,M AA0 N T OY1 AH0
montpelier,cmudict,M AA0 N T P IY1 L IY0 ER0
montpelier,wikipron,m ɑ n t p ɪ l j ɚ
montreal,cmudict,M AH2 N T R IY0 AO1 L
montreal,wikipron,m ɑ n t ɹ i ɔ l
monty,cmudict,M AO1 N T IY0
monty,wikipron,m ɒ n t i
monus,cmudict,M OW1 N AH0 S
moody,cmudict,M UW1 D IY0
moody,wikipron,m u d i
moon,cmudict,M UW1 N
moon,wikipron,m u n
mooney,cmudict,M UW1 N IY0
moore,cmudict,M UH1 R
moore,wikipron,m ʊ ɹ
mora,cmudict,M AO1 R AH0
mora,wikipron,m ɔː ɹ ə
morales,cmudict,M ER0 AE1 L Z
morals,cmudict,M AO1 R AH0 L Z
morals,wikipron,m ɔ ɹ ə l z
moran,cmudict,M ER0 AE1 N
mordecai,cmudict,M AO1 R D AH0 K AY2
mordecai,wikipron,m ɔː d ə k a ɪ̯
mordechai,cmudict,M AO1 R D AH0 K AY2
moreno,cmudict,M AO0 R IY1 N OW0
moreno,wikipron,m ə ɹ e ɪ n o ʊ
morey,cmudict,M AO1 R IY0
morgan,cmudict,M AO1 R G AH0 N
morgan,wikipron,m ɔ ɹ ɡ ə n
morgen,cmudict,M AO1 R G AH0 N
moria,cmudict,M AO1 R IY0 AH0
moric,cmudict,M AO1 R IH0 K
morin,cmudict,M AO1 R IH0 N
morisco,wikipron,m ə ɹ ɪ s k ə ʊ
morkin,wikipron,m o ɹ k ɪ n
morrell,cmudict,M AO0 R EH1 L
morris,cmudict,M AO1 R AH0 S
morris,wikipron,m ɔ ɹ ɪ s
morrison,cmudict,M AO1 R IH0 S AH0 N
morrison,wikipron,m ɔ ɹ ɪ s ə n
morrow,cmudict,M AA1 R OW0
morrow,wikipron,m ɑ ɹ o ʊ
morse,cmudict,M AO1 R S
morse,wikipron,m ɔː s
morton,cmudict,M AO1 R T AH0 N
mose,cmudict,M OW1 Z
moser,cmudict,M OW1 Z ER0
moser,wikipron,m o ʊ s e ɚ
moses,cmudict,M OW1 Z AH0 S
moses,wikipron,m o ʊ z ə s
moshe,cmudict,M OW0 SH EH1
moshe,wikipron,m o ʊ ʃ ə
mosk,cmudict,M AO1 S K
mosley,cmudict,M OW1 Z L IY0
mosley,wikipron,m o ʊ z l i
moss,cmudict,M AO1 S
moss,wikipron,m ɔ s
mosses,cmudict,M AO1 S AH0 Z
mot,wikipron,m ɔ̀ t
mottle,wikipron,m ɑ t ə l
moya,cmudict,M OY1 AH0
moyer,cmudict,M OY1 ER0
moyna,cmudict,M OY1 N AH0
mozelle,cmudict,M AH0 Z EH1 L
mucho,cmudict,M UW1 CH OW0
mucho,wikipron,m uː t͡ʃ o ʊ
mueller,cmudict,M Y UW1 L ER0
mueller,wikipron,m j uː l ɚ
muenchen,cmudict,M Y UW1 N CH AH0 N
muhammad,cmudict,M UH0 HH AA1 M AH0 D
muhammad,wikipron,m ə h æ m ɪ d
muhammed,cmudict,M UH0 HH AA1 M EH0 D
mulgrave,wikipron,m ʌ l ɡ ɹ e ɪ v
mullen,cmudict,M AH1 L AH0 N
muller,cmudict,M AH1 L ER0
muller,wikipron,m ʊ l ɚ
mullins,cmudict,M AH1 L IH2 N Z
mullins,wikipron,m ʌ l ɪ n z
muniz,cmudict,M Y UW1 N IH0 Z
munoz,cmudict,M UW1 N Y OW0 Z
muon,wikipron,m j uː ɒ n
mural,cmudict,M Y UH1 R AH0 L
mural,wikipron,m j ɝ ə l
murdock,cmudict,M ER1 D AA0 K
muriel,cmudict,M Y UH1 R IY0 AH0 L
murillo,cmudict,M AH0 R IH1 L OW0
murphy,cmudict,M ER1 F IY0
murphy,wikipron,m ɜ ɹ f i
murray,cmudict,M ER1 IY0
murray,wikipron,m ɝ i
murrell,cmudict,M AO1 R AH0 L
murry,cmudict,M ER1 IY0
murry,wikipron,m ɜː ɹ i
musa,cmudict,M Y UW1 S AH0
musa,wikipron,m uː s ə
musal,wikipron,m j uː z ə l
mused,cmudict,M Y UW1 Z D
musha,cmudict,M Y UW1 SH AH0
musket,cmudict,M AH1 S K AH0 T
musket,wikipron,m ʌ s k ə t
muslin,cmudict,M AH1 Z L AH0 N
muslin,wikipron,m ʌ z l ɪ n
mustache,cmudict,M AH1 S T AE2 SH
mustachio,cmudict,M AH0 S T AE1 SH IY0 OW2
mustafa,cmudict,M UW0 S T AA1 F AH0
musty,cmudict,M AH1 S T IY0
musty,wikipron,m ʌ s t i
mute,cmudict,M Y UW1 T
mute,wikipron,m j u t
mutert,cmudict,M Y UW1 T ER0 T
mwanza,cmudict,M W AA1 N Z AH0
my,cmudict,M AY1
my,wikipron,m a ɪ
mycophenolate,wikipron,m a ɪ k o ʊ f ɛ n ə l e ɪ t
myers,cmudict,M AY1 ER0 Z
myers,wikipron,m a ɪ ə z
myla,cmudict,M AY1 L AH0
myland,wikipron,m a ɪ l ə n d
myles,cmudict,M AY1 L Z
mylod,cmudict,M AY1 L AA0 D
myra,cmudict,M AY1 R AH0
myriam,cmudict,M IH1 R IY0 AH0 M
myrna,cmudict,M ER1 N AH0
myron,cmudict,M AY1 R AH0 N
myrtice,cmudict,M IH1 R T IH0 S
myrtis,cmudict,M IH1 R T IH0 S
myrtle,cmudict,M ER1 T AH0 L
myrtle,wikipron,m ɝ t l̩
nabil,cmudict,N AA0 B IY1
nada,cmudict,N AA1 D AA0
nade,wikipron,n e ɪ̯ d
nader,cmudict,N EY1 D ER0
nadia,cmudict,N AE1 D Y AH0
nadia,wikipron,n ɑ d i ə
nadine,cmudict,N AH0 D IY1 N
nadine,wikipron,n e ɪ̯ d iː n
nadir,cmudict,N EY1 D ER0
nadir,wikipron,n e ɪ d ɚ
nadja,cmudict,N AE1 D Y AH0
nahum,cmudict,N AE1 HH AH0 M
nahum,wikipron,n e ɪ h ʌ m
naim,cmudict,N AY1 IH0 M
nain,wikipron,n e ɪ n
najera,cmudict,N AA0 JH EH1 R AH0
nalani,wikipron,n ə l ɑ n i
nam,cmudict,N AE1 M
nam,wikipron,n æ m
nan,cmudict,N AE1 N
nan,wikipron,n æ n
nana,cmudict,N AE1 N AH0
nana,wikipron,n æ n ə
nance,cmudict,N AE1 N S
nancy,cmudict,N AE1 N S IY0
nancy,wikipron,n æ n s i
nanette,cmudict,N AH0 N EH1 T
naoma,cmudict,N AA0 OW1 M AH0
naomi,cmudict,N EY0 OW1 M IY0
naomi,wikipron,n e ɪ o ʊ m i
napa,cmudict,N AE1 P AH0
napa,wikipron,n æ p ə
napier,cmudict,N EY1 P IY0 ER0
napoleon,cmudict,N AH0 P OW1 L IY0 AH0 N
napoleon,wikipron,n ə p ə ʊ l i ə n
naproxen,wikipron,n ə p ɹ ɑ k s ə n
narciso,cmudict,N AA0 R CH IY1 S OW0
narda,cmudict,N AA1 R D AH0
nash,cmudict,N AE1 SH
nash,wikipron,n æ ʃ
nasser,cmudict,N AE1 S ER0
nat,cmudict,N AE1 T
nat,wikipron,n æ t
natale,cmudict,N AA0 T AA1 L IY0
natali,cmudict,N AA0 T AA1 L IY0
natalia,cmudict,N AH0 T AA1 L Y AH0
natalie,cmudict,N AE1 T AH0 L IY0
natalie,wikipron,n æ t ə l i
natasha,cmudict,N AH0 T AA1 SH AH0
natasha,wikipron,n ə t æ ʃ ə
nate,cmudict,N EY1 T
nate,wikipron,n e ɪ t
nathalia,cmudict,N AH0 TH AE1 L IY0 AH0
nathalie,cmudict,N AE1 T AH0 L IY0
nathan,cmudict,N EY1 TH AH0 N
nathan,wikipron,n e ɪ θ ə n
nathanael,cmudict,N AE1 TH AH0 N EY2 L
nathaniel,cmudict,N AH0 TH AE1 N Y AH0 L
nathaniel,wikipron,n ə θ æ n j ə l
natividad,cmudict,N AH2 T IH0 V IH0 D AA1 D
nava,cmudict,N AA1 V AH0
navajo,cmudict,N AA1 V AH0 HH OW2
navajo,wikipron,n æ v o ʊ
navarrete,cmudict,N AE1 V ER0 IY2 T
navarro,cmudict,N AH0 V AA1 R OW0
navarro,wikipron,n ə v ɑ ɹ o ʊ
nayden,cmudict,N EY1 D IH0 N
nazario,cmudict,N AA0 Z AA1 R IY0 OW0
nazi,cmudict,N AA1 T S IY0
neal,cmudict,N IY1 L
neal,wikipron,n iː l
neale,cmudict,N IY1 L
neale,wikipron,n iː l
neapolitan,cmudict,N IY2 AH0 P AA1 L AH0 T AH0 N
neapolitan,wikipron,n iː ə p ɑ l ɪ t ə n
nears,cmudict,N IH1 R Z
nears,wikipron,n ɪ ɹ z
necci,cmudict,N EH1 CH IY0
ned,cmudict,N EH1 D
ned,wikipron,n ɛ d
neda,cmudict,N EY1 D AH0
neel,cmudict,N IY1 L
neely,cmudict,N IY1 L IY0
neff,cmudict,N EH1 F
neff,wikipron,n ɛ f
negron,cmudict,N EH1 G R AH0 N
nehemiah,cmudict,N IY2 AH0 M AY1 AH0
nehemiah,wikipron,n iː h ə m a ɪ ə
neil,cmudict,N IY1 L
neil,wikipron,n iː l
neill,cmudict,N IY1 L
nekia,cmudict,N AH0 K IY1 AH0
nela,cmudict,N EH1 L AH0
nelda,cmudict,N EH1 L D AH0
nelia,cmudict,N EH1 L IY0 AH0
nell,cmudict,N EH1 L
nell,wikipron,n ɛ l
nella,cmudict,N EH1 L AH0
nellie,cmudict,N EH1 L IY0
nelly,cmudict,N EH1 L IY0
nelly,wikipron,n ɛ l i
nels,cmudict,N EH1 L Z
nelson,cmudict,N EH1 L S AH0 N
nelson,wikipron,n ɛ l s ə n
neoma,cmudict,N EY0 OW1 M AH0
nephi,wikipron,n iː f a ɪ
nerissa,wikipron,n ə ɹ ɪ s ə
nestor,cmudict,N EH1 S T ER0
nestor,wikipron,n ɛ s t ɚ
net,cmudict,N EH1 T
net,wikipron,n ɛ t
netta,cmudict,N EH1 T AH0
nettie,cmudict,N EH1 T IY0
netting,cmudict,N EH1 T IH0 NG
netting,wikipron,n ɛ t ɪ ŋ
neva,cmudict,N EY1 V AH0
nevada,cmudict,N AH0 V AA1 D AH0
nevada,wikipron,n ə v e ɪ d ə
never,cmudict,N EH1 V ER0
never,wikipron,n ɛ v ɚ
neville,cmudict,N EH1 V IH0 L
neville,wikipron,n ɛ v ə l
nevin,cmudict,N EH1 V IH0 N
nevin,wikipron,n ɛ v ɪ n
newell,cmudict,N UW1 AH0 L
newell,wikipron,n uː ə l
newer,cmudict,N UW1 ER0
newer,wikipron,n j u ɚ
newman,cmudict,N UW1 M AH0 N
newman,wikipron,n u m ə n
news,cmudict,N UW1 Z
news,wikipron,n u z
newsome,cmudict,N UW1 S AH0 M
newton,cmudict,N UW1 T AH0 N
newton,wikipron,n j uː t ə n
neysa,cmudict,N EY1 S AH0
ng,cmudict,EH1 NG
ng,wikipron,ə ŋ
nga,wikipron,n ɑ
ngo,cmudict,EH0 NG G OW1
ngo,wikipron,n o ʊ
nguyen,cmudict,N UW0 Y EH1 N
nguyen,wikipron,n u j ɛ n
niall,cmudict,N AY1 L
niall,wikipron,n a ɪ ə l
nic,cmudict,N IH1 K
nic,wikipron,n ɪ k
nichol,cmudict,N IH1 K AO0 L
nichola,cmudict,N IH0 HH OW1 L AH0
nicholas,cmudict,N IH1 K AH0 L AH0 S
nicholas,wikipron,n ɪ k l ə s
nichole,cmudict,N IH1 K OW0 L
nicholes,cmudict,N IH1 K OW0 L Z
nichols,cmudict,N IH1 K AH0 L Z
nichols,wikipron,n ɪ k ə l z
nicholson,cmudict,N IH1 K AH0 L S AH0 N
nicholson,wikipron,n ɪ k ə l s ə n
nick,cmudict,N IH1 K
nick,wikipron,n ɪ k
nickey,cmudict,N IH1 K IY0
nicki,cmudict,N IH1 K IY0
nicklas,cmudict,N IH1 K L AH0 Z
nicklaus,cmudict,N IH1 K L AH0 S
nickol,cmudict,N IH1 K AH0 L
nickolas,cmudict,N IH1 K AH0 L AH0 Z
nicky,cmudict,N IH1 K IY0
nicky,wikipron,n ɪ k i
nico,cmudict,N IY1 K OW0
nico,wikipron,n iː k o ʊ
nicol,cmudict,N IH1 K AH0 L
nicola,cmudict,N IH0 K OW1 L AA0
nicola,wikipron,n ɪ k o ʊ l ə
nicolas,cmudict,N IH1 K AH0 L AH0 S
nicolas,wikipron,n ɪ k l ə s
nicolaus,cmudict,N IH1 K AH0 L AW0 Z
nicole,cmudict,N IH0 K OW1 L
nicole,wikipron,n ɪ k o ʊ l
nicoletta,cmudict,N IH2 K AH0 L EH1 T AH0
nicolette,cmudict,N IH2 K AH0 L EH1 T
nicolina,cmudict,N IY2 K OW0 L IY1 N AA0
nicolle,cmudict,N IH0 K OW1 L
nicolo,cmudict,N IH1 K AH0 L OW0
nida,cmudict,N IY1 D AH0
niel,cmudict,N IY1 L
niel,wikipron,n iː l
nields,cmudict,N IY1 L D Z
niels,cmudict,N IY1 L Z
nielsen,cmudict,N IY1 L S AH0 N
nieto,cmudict,N IY1 T OW0
nieves,cmudict,N IY0 EH1 V EH0 S
nigel,cmudict,N AY1 JH AH0 L
nigel,wikipron,n a ɪ d͡ʒ ə l
niki,cmudict,N IH1 K IY0
nikita,cmudict,N IH2 K IY1 T AH0
nikkhah,cmudict,N IH1 K HH AA0
nikki,cmudict,N IH1 K IY0
nikki,wikipron,n ɪ k i
nikko,cmudict,N IY1 K OW0
niko,cmudict,N IY1 K OW0
nikola,cmudict,N IH0 K OW1 L AH0
nikolai,cmudict,N IH1 K OW0 L AY2
nikolaus,cmudict,N IH1 K AH0 L AW0 Z
nikolayev,wikipron,n ɪ k ə l a ɪ ɪ f
nikole,wikipron,n ɪ k o ʊ l
nil,cmudict,N IH1 L
nil,wikipron,n ɪ l
nila,cmudict,N IY1 L AH0
nila,wikipron,n a ɪ l ə
nile,cmudict,N AY1 L
nile,wikipron,n a ɪ l
niles,cmudict,N AY1 L Z
nils,cmudict,N IH1 L Z
nimodipine,wikipron,n ɪ m o ʊ d ɪ p i n
nina,cmudict,N IY1 N AH0
nina,wikipron,n iː n ə
ninette,cmudict,N IH0 N EH1 T
nino,cmudict,N IY1 N OW0
nisan,wikipron,n iː s ɑː n
nissa,cmudict,N IH1 S AH0
nita,cmudict,N IY1 T AH0
nitchie,wikipron,n i t͡ʃ i
nitrofurantoin,wikipron,n a ɪ t ɹ o ʊ f j ʊ ɹ æ n t o ʊ ɪ n
nitza,cmudict,N IH1 T Z AH0
nix,cmudict,N IH1 K S
nix,wikipron,n ɪ k s
nixon,cmudict,N IH1 K S AH0 N
nixon,wikipron,n ɪ k s ə n
noah,cmudict,N OW1 AH0
noah,wikipron,n o ʊ ə
noam,cmudict,N OW1 M
noam,wikipron,n o ʊ ə m
noami,cmudict,N OW1 M IY0
noble,cmudict,N OW1 B AH0 L
noble,wikipron,n o ʊ b ə l
noe,cmudict,N OW1
noel,cmudict,N OW0 EH1 L
noell,cmudict,N OW1 L
noelle,cmudict,N OW0 EH1 L
noelle,wikipron,n ə ʊ ə l
noil,wikipron,n ɔ ɪ l
nola,cmudict,N OW1 L AH0
nola,wikipron,n o ʊ l ə
nolan,cmudict,N OW1 L AH0 N
nolan,wikipron,n o ʊ l ə n
noland,cmudict,N OW1 L AH0 N D
nolen,cmudict,N AA1 L AH0 N
nolla,cmudict,N OW1 L AH0
nona,cmudict,N AA1 N AA0
noni,wikipron,n o ʊ n i
nonie,cmudict,N AA1 N IY0
noor,wikipron,n ɔ ɹ
nopal,wikipron,n o ʊ p ɑ l
nora,cmudict,N AO1 R AH0
nora,wikipron,n ɔː ɹ ə
norah,cmudict,N AO1 R AH0
norbert,cmudict,N AO1 R B ER0 T
norberto,cmudict,N AO0 R B ER1 T OW2
noreen,cmudict,N ER0 IY1 N
noreiga,cmudict,N AO0 R EY1 G AH0
norita,cmudict,N AH0 R IY1 T AH0
norm,cmudict,N AO1 R M
norm,wikipron,n o ɹ m
norma,cmudict,N AO1 R M AH0
norman,cmudict,N AO1 R M AH0 N
norman,wikipron,n ɔ ɹ m ə n
normand,cmudict,N AO1 R M AH0 N D
norris,cmudict,N AO1 R IH0 S
norris,wikipron,n ɔ ɹ ɪ s
north,cmudict,N AO1 R TH
north,wikipron,n ɔː ɹ θ
northridge,cmudict,N AO1 R TH R IH2 JH
norton,cmudict,N AO1 R T AH0 N
norton,wikipron,n ɔ ɹ t ə n
norvel,cmudict,N AO1 R V AH0 L
norvell,cmudict,N AO1 R V AH0 L
norvin,cmudict,N AO1 R V IH0 N
norwell,cmudict,N AO1 R W EH0 L
norwood,cmudict,N AO1 R W UH0 D
nosel,wikipron,n o ʊ z l
notebaert,cmudict,N OW1 T AH0 B EH2 R T
nova,cmudict,N OW1 V AH0
nova,wikipron,n o ʊ v ə
novak,cmudict,N OW1 V AE0 K
novella,cmudict,N OW0 V EH1 L AH0
novella,wikipron,n o ʊ v ɛ l ə
novelly,cmudict,N OW1 V AH0 L IY0
nowak,cmudict,N OW1 V AE0 K
nubile,wikipron,n u b a ɪ l
nunez,cmudict,N UW1 N EH0 Z
nunya,wikipron,n ʌ n j ə
nunzio,cmudict,N AH1 N Z IY0 OW0
nuovo,cmudict,N W OW1 V OW0
nussle,cmudict,N AH1 S AH0 L
nydia,cmudict,N IH1 D IY0 AH0
nyssa,cmudict,N IH1 S AH0
o'brien,cmudict,OW0 B R AY1 IH0 N
o'brien,wikipron,o ʊ b ɹ a ɪ ə n
o'connell,cmudict,OW0 K AA1 N AH0 L
o'connor,cmudict,OW0 K AA1 N ER0
o'donnell,cmudict,OW0 D AA1 N AH0 L
o'hara,cmudict,OW0 HH EH1 R AH0
o'hara,wikipron,o ʊ h æ ɹ ɑ
o'leary,cmudict,OW0 L IH1 R IY0
o'neal,cmudict,OW0 N IY1 L
o'neil,cmudict,OW0 N IY1 L
o'neill,cmudict,OW0 N IY1 L
o'neill,wikipron,o ʊ n i l
oakley,cmudict,OW1 K L IY0
oakley,wikipron,o ʊ k l i
obadiah,cmudict,OW2 B AH0 D AY1 AH0
obadiah,wikipron,o ʊ b ə d a ɪ ə
obermaier,cmudict,OW1 B ER0 M AY2 R
obie,cmudict,OW1 B IY0
obrien,cmudict,OW0 B R AY1 IH0 N
obstfeld,cmudict,AA1 B S T F EH2 L D
ocampo,cmudict,OW0 K AE1 M P OW0
ochoa,cmudict,AA2 CH OW1 AH0
ochoa,wikipron,o ʊ t͡ʃ o ʊ ə
oconnell,cmudict,OW0 K AA1 N AH0 L
oconnor,cmudict,OW0 K AA1 N ER0
octavia,cmudict,AA0 K T EY1 V IY0 AH0
octavia,wikipron,ə k t e ɪ v i ə
octavio,cmudict,AA2 K T EY1 V IY0 OW0
octavius,cmudict,AA0 K T EY1 V IY0 AH0 S
october,cmudict,AA0 K T OW1 B ER0
october,wikipron,ɑ k t o ʊ b ɚ
odelia,cmudict,OW0 D EH1 L IY0 AH0
odell,cmudict,OW0 D EH1 L
odessa,cmudict,OW0 D EH1 S AH0
odessa,wikipron,o ʊ d ɛ s ə
odette,cmudict,OW2 D EH1 T
odilia,cmudict,OW0 D IY1 L IY0 AH0
odom,cmudict,OW1 D AH0 M
odonnell,cmudict,OW0 D AA1 N AH0 L
ofelia,cmudict,OW0 F EY1 L IY0 AH0
ofer,cmudict,OW1 F ER0
ofer,wikipron,o ʊ f ɚ
ogden,cmudict,AA1 G D AH0 N
oh,cmudict,OW1
oh,wikipron,o ʊ
ohara,cmudict,OW0 HH EH1 R AH0
ojeda,cmudict,OW0 Y EY1 D AH0
okay,cmudict,OW2 K EY1
okay,wikipron,o ʊ k e ɪ
okey,cmudict,OW1 K IY0
oksana,cmudict,AA2 K S AE1 N AH0
ola,cmudict,OW1 L AH0
olaf,cmudict,OW1 L AA0 F
olaf,wikipron,o ʊ l æ f
olanzapine,wikipron,o ʊ l æ n z ə p i n
olayan,cmudict,OW0 L AY1 AH0 N
ole,cmudict,OW1 L
ole,wikipron,o l ɛ j
oleary,cmudict,OW0 L IH1 R IY0
olen,cmudict,AA1 L AH0 N
olga,cmudict,OW1 L G AH0
olga,wikipron,o ʊ l ɡ ə
olick,cmudict,OW1 L IH0 K
olin,cmudict,OW1 L IH0 N
olinda,cmudict,OW0 L IY1 N D AH0
oliva,cmudict,OW0 L IY1 V AH0
olivares,cmudict,OW0 L IY0 V AA1 R EH0 S
olivas,cmudict,OW0 L IY1 V AA0 Z
olive,cmudict,AA1 L AH0 V
olive,wikipron,ɑ l ɪ v
oliveira,cmudict,AA2 L IH0 V EY1 R AH0
oliver,cmudict,AA1 L AH0 V ER0
oliver,wikipron,ɑ l ɪ v ɚ
olivia,cmudict,OW0 L IH1 V IY0 AH0
olivia,wikipron,o ʊ l ɪ v i ə
olivier,cmudict,OW2 L IH1 V IY2 EY2
oliwa,cmudict,OW0 L IY1 W AH0
ollie,cmudict,AA1 L IY0
ollie,wikipron,ɒ l i
olsen,cmudict,OW1 L S AH0 N
olson,cmudict,OW1 L S AH0 N
olson,wikipron,o ʊ l s ə n
olvera,cmudict,OW0 L V EH1 R AH0
olympia,cmudict,OW0 L IH1 M P IY0 AH0
olympia,wikipron,ə l ɪ m p i ə
oma,cmudict,OW1 M AH0
oma,wikipron,o ʊ m ɑ
omar,cmudict,OW1 M AA0 R
omar,wikipron,o ʊ m ɑ ɹ
omega,cmudict,OW0 M EH1 G AH0
omega,wikipron,o ʊ m e ɪ ɡ ə
omen,cmudict,OW1 M AH0 N
omen,wikipron,o ʊ̯ m ə n
omeprazole,wikipron,o ʊ m ɛ p ɹ ə z o ʊ l
omer,cmudict,OW1 M ER0
omer,wikipron,o ʊ m ɚ
ona,cmudict,AH0 N AA1
ondansetron,wikipron,o ʊ n d ɑ n s ə t ɹ ɑ n
oneal,cmudict,OW0 N IY1 L
oneida,cmudict,OW0 N AY1 D AH0
oneida,wikipron,o ʊ n a ɪ d ə
oneil,cmudict,OW0 N IY1 L
oneill,cmudict,OW0 N IY1 L
ones,cmudict,W AH1 N Z
ones,wikipron,w ʌ n z
onions,cmudict,AH1 N Y AH0 N Z
onions,wikipron,ʌ n j ə n z
ontario,cmudict,AA0 N T EH1 R IY0 OW0
ontario,wikipron,ɑ n t ɛ ə ɹ i o ʊ
oona,cmudict,UW1 N AH0
opal,cmudict,OW1 P AH0 L
opal,wikipron,o ʊ p ə l
ophelia,cmudict,AH0 F IY1 L Y AH0
ophelia,wikipron,o ʊ f i l i ə
ora,cmudict,AO1 R AH0
oral,cmudict,AO1 R AH0 L
oral,wikipron,o ɹ ə l
oralia,cmudict,AO0 R AA1 L IY0 AH0
oran,cmudict,AO0 R AA1 N
ordonez,cmudict,AO0 R D OW1 N EH0 Z
orelia,cmudict,AO0 R EH1 L IY0 AH0
orellana,cmudict,AO0 R EH0 L AE1 N AH0
oren,cmudict,AO1 R AH0 N
orenthal,cmudict,AO1 R AH0 N TH AA2 L
oriana,cmudict,AO0 R IY0 AE1 N AH0
orient,cmudict,AO1 R IY0 EH2 N T
orient,wikipron,ɒ ɹ ɪ ə n t
oriental,cmudict,AO2 R IY0 EH1 N T AH0 L
orin,cmudict,AO1 R IH0 N
orion,cmudict,OW0 R AY1 AH0 N
orion,wikipron,o ʊ ɹ a ɪ ə n
orland,cmudict,AO1 R L AH0 N D
orlanda,cmudict,AO0 R L AA1 N D AA2
orlando,cmudict,AO0 R L AE1 N D OW2
orlando,wikipron,ɔ ɹ l æ n d o ʊ
ornelas,cmudict,AO1 R N IH0 L AH0 Z
orozco,cmudict,AO0 R OW1 Z K OW0
orr,cmudict,AO1 R
orr,wikipron,ɔ ɹ
orrin,cmudict,AO1 R IH0 N
orson,cmudict,AO1 R S AH0 N
orson,wikipron,ɔ ɹ s ə n
ortega,cmudict,AO0 R T EY1 G AH0
ortiz,cmudict,AO2 R T IY1 Z
ortiz,wikipron,ɔ ɹ t i s
orval,cmudict,AO1 R V AH0 L
orville,cmudict,AO1 R V IH0 L
os,cmudict,AA1 S
os,wikipron,o ʊ z
osage,cmudict,OW0 S EY1 JH
osage,wikipron,o ʊ s e ɪ d ʒ
osaka,cmudict,OW0 S AA1 K AH0
osaka,wikipron,o ʊ s æ k ə
osama,cmudict,OW0 S AA1 M AH0
osama,wikipron,o ʊ s ɑ m ə
osborn,cmudict,AO1 Z B AO2 R N
osborne,cmudict,AO1 Z B AO2 R N
osborne,wikipron,ɒ z b ɔː n
oscar,cmudict,AO1 S K ER0
oscar,wikipron,ɑ s k ɚ
osman,cmudict,AA1 S M AH0 N
osmena,cmudict,AO2 Z M IY1 N AH0
osorio,cmudict,OW0 S AO1 R IY0 OW0
oswald,cmudict,AO1 Z W AO0 L D
oswald,wikipron,ɒ z w ə l d
otero,cmudict,OW0 T EH1 R OW0
otha,cmudict,AH0 DH AA1
otis,cmudict,OW1 T IH0 S
otis,wikipron,o ʊ t ɪ s
ott,cmudict,AA1 T
otto,cmudict,AA1 T OW2
otto,wikipron,ɑ t o ʊ
overton,cmudict,OW1 V ER0 T AH0 N
overton,wikipron,o ʊ v ɚ t ə n
owen,cmudict,OW1 AH0 N
owen,wikipron,o ʊ ɪ n
owens,cmudict,OW1 AH0 N Z
owner,cmudict,OW1 N ER0
owner,wikipron,o ʊ n ɚ
oxcarbazepine,wikipron,ɑ k s k ɑ ɹ b æ z ə p i n
ozzie,cmudict,AA1 Z IY2
pa,cmudict,P AA1
pa,wikipron,p ɑː
pablo,cmudict,P AA1 B L OW0
pace,cmudict,P EY1 S
pace,wikipron,p e ɪ s
pacheco,cmudict,P AH0 CH EH1 K OW0
pack,cmudict,P AE1 K
pack,wikipron,p æ k
padar,wikipron,p æ d ə
padel,wikipron,p æ d ə l
paden,cmudict,P EY1 D AH0 N
padgett,cmudict,P AE1 JH IH0 T
padilla,cmudict,P AH0 D IH1 L AH0
padilla,wikipron,p ə d iː ə
pagan,cmudict,P EY1 G AH0 N
pagan,wikipron,p e ɪ ɡ ə n
pagar,cmudict,P AE1 G ER0
page,cmudict,P EY1 JH
page,wikipron,p e ɪ d͡ʒ
paige,cmudict,P EY1 JH
paige,wikipron,p e ɪ d͡ʒ
pail,cmudict,P EY1 L
pail,wikipron,p e ɪ l
painter,cmudict,P EY1 N T ER0
painter,wikipron,p e ɪ n t ɚ
paisley,cmudict,P EY1 Z L IY0
paisley,wikipron,p e ɪ z l i
palacios,cmudict,P AA0 L AA0 S IY1 OW0 Z
pallette,wikipron,p æ l ə t
palma,cmudict,P AA1 L M AH0
palma,wikipron,p ɑ l m ɑ
palmer,cmudict,P AA1 M ER0
palmer,wikipron,p ɑ m ɚ
palmira,cmudict,P AA0 L M IH1 R AH0
paloma,cmudict,P AA0 L OW1 M AH0
paltz,cmudict,P AO1 L T S
pam,cmudict,P AE1 M
pam,wikipron,p æ m
pamela,cmudict,P AE1 M AH0 L AH0
pamela,wikipron,p æ m ə l ə
pamella,cmudict,P AH0 M EH1 L AH0
pammy,cmudict,P AE1 M IY0
pammy,wikipron,p æ m i
pandora,cmudict,P AE0 N D AO1 R AH0
pandora,wikipron,p æ n d ɔ ɹ ə
pang,cmudict,P AE1 NG
pang,wikipron,p e ɪ̯ ŋ
panjabi,wikipron,p ɑ n d͡ʒ ɑː b i
pannill,cmudict,P AE1 N IH0 L
panny,cmudict,P AE1 N IY0
pansy,cmudict,P AE1 N Z IY0
pansy,wikipron,p æ n z i
pantoprazole,wikipron,p æ n t o ʊ p ɹ ə z o ʊ l
paolo,cmudict,P AW1 L OW0
paparazzo,wikipron,p ɑ p ə ɹ ɑ t s o ʊ
papo,cmudict,P AE0 P OW1
pappy,wikipron,p æ p i
papula,wikipron,p æ p j ʊ l ə
paragon,cmudict,P EH1 R AH0 G AA2 N
paragon,wikipron,p æ ɹ ə ɡ ɑ n
paredes,cmudict,P AA0 R EY1 D EH0 S
parian,wikipron,p ɛ ɹ i ə n
paris,cmudict,P EH1 R IH0 S
paris,wikipron,p æ ɹ ɪ s
parish,cmudict,P AE1 R IH0 SH
parish,wikipron,p æ ɹ ɪ ʃ
park,cmudict,P AA1 R K
park,wikipron,p ɑ ɹ k
parke,cmudict,P AA1 R K
parker,cmudict,P AA1 R K ER0
parker,wikipron,p ɑ ɹ k ɚ
parks,cmudict,P AA1 R K S
parnell,cmudict,P AA1 R N AH0 L
parnell,wikipron,p ɑː n ɛ l
parra,cmudict,P AA1 R AH0
parris,cmudict,P EH1 R IH0 S
parrish,cmudict,P EH1 R IH0 SH
parry,cmudict,P EH1 R IY0
parry,wikipron,p æ ɹ i
parse,cmudict,P AA1 R S
parse,wikipron,p ɑ ɹ s
parsonage,cmudict,P AA1 R S AH0 N IH0 JH
parsons,cmudict,P AA1 R S AH0 N Z
parsons,wikipron,p ɑ ɹ s ə n z
part,cmudict,P AA1 R T
part,wikipron,p ɑ ɹ t
parthenia,cmudict,P AA0 R TH EH1 N IY0 AH0
parthenia,wikipron,p ɑ ɹ θ i n i ə
partido,cmudict,P AA0 R T IY1 D OW0
pascal,cmudict,P AE0 S K AE1 L
pascal,wikipron,p æ s k æ l
pascale,cmudict,P AE0 S K AE1 L
pascual,cmudict,P AE1 S K UW0 AH0 L
pasha,cmudict,P AH0 SH AA1
pasha,wikipron,p ɑ ʃ ə
pasquale,cmudict,P AA0 S K W AA1 L EY0
pasque,cmudict,P AE1 S K
pasque,wikipron,p æ s k
pasquin,wikipron,p æ s k w ɪ n
passion,cmudict,P AE1 SH AH0 N
passion,wikipron,p æ ʃ ə n
pat,cmudict,P AE1 T
pat,wikipron,p æ t
pate,cmudict,P EY1 T
pate,wikipron,p e ɪ t
patel,cmudict,P AH0 T EH1 L
patel,wikipron,p ə t ɛ l
patent,cmudict,P AE1 T AH0 N T
patent,wikipron,p e ɪ t ə n t
patience,cmudict,P EY1 SH AH0 N S
patience,wikipron,p e ɪ ʃ ə n s
patina,cmudict,P AH0 T IY1 N AH0
patina,wikipron,p æ t ɪ n ə
patino,cmudict,P AA0 T IY1 N OW0
patio,cmudict,P AE1 T IY0 OW2
patio,wikipron,p æ t i o ʊ
patrice,cmudict,P AH0 T R IY1 S
patricia,cmudict,P AH0 T R IH1 SH AH0
patricia,wikipron,p ə t ɹ ɪ ʃ ə
patrician,cmudict,P AH0 T R IH1 SH AH0 N
patrician,wikipron,p ə t ɹ ɪ ʃ ə n
patricio,cmudict,P AH0 T R IH1 S IY0 OW0
patrick,cmudict,P AE1 T R IH0 K
patrick,wikipron,p æ t ɹ ɪ k
patricks,cmudict,P AE1 T R IH0 K S
patsy,cmudict,P AE1 T S IY0
patsy,wikipron,p æ t s i
patterson,cmudict,P AE1 T ER0 S AH0 N
patterson,wikipron,p æ t ə ɹ s ə n
patti,cmudict,P AE1 T IY0
pattie,cmudict,P AE1 T IY0
patton,cmudict,P AE1 T AH0 N
patton,wikipron,p æ t n̩
patty,cmudict,P AE1 T IY0
patty,wikipron,p æ t i
paul,cmudict,P AO1 L
paul,wikipron,p ɔ l
paula,cmudict,P AO1 L AH0
paula,wikipron,p ɔː l ə
pauletta,cmudict,P AA0 L EH1 T AH0
paulette,cmudict,P AO0 L EH1 T
paulie,cmudict,P AO1 L IY2
paulina,cmudict,P AO2 L IY1 N AH0
pauline,cmudict,P AO0 L IY1 N
pauline,wikipron,p ɑ l a ɪ n
paulino,cmudict,P AO0 L IY1 N OW0
paulita,cmudict,P AO0 L IY1 T AH0
paulo,cmudict,P AO1 L OW2
paulson,cmudict,P AO1 L S AH0 N
paulton,wikipron,p ɔː l t ə n
pave,cmudict,P EY1 V
pave,wikipron,p e ɪ v
paxton,cmudict,P AE1 K S T AH0 N
payne,cmudict,P EY1 N
payne,wikipron,p e ɪ n
payton,cmudict,P EY1 T AH0 N
paz,cmudict,P AA1 Z
peaches,cmudict,P IY1 CH AH0 Z
peacock,cmudict,P IY1 K AA2 K
peacock,wikipron,p i k ɑ k
pearce,cmudict,P IH1 R S
pearl,cmudict,P ER1 L
pearl,wikipron,p ɝ l
pearline,cmudict,P ER1 L AY0 N
pearly,cmudict,P ER1 L IY0
pearson,cmudict,P IH1 R S AH0 N
pearson,wikipron,p ɪ ɹ s ə n
pebbles,cmudict,P EH1 B AH0 L Z
pebbles,wikipron,p ɛ b ə l z
peck,cmudict,P EH1 K
peck,wikipron,p ɛ k
pecker,wikipron,p ɛ k ə
ped,wikipron,p ɛ d
pedersen,cmudict,P EH1 D ER0 S AH0 N
pedowitz,cmudict,P EH1 D OW0 IH0 T S
pedro,cmudict,P EY1 D R OW0
pedro,wikipron,p e ɪ d ɹ o ʊ
pedroli,cmudict,P EH2 D R OW1 L IY0
peg,cmudict,P EH1 G
peg,wikipron,p ɛ ɡ
peggie,cmudict,P EH1 G IY0
peggy,cmudict,P EH1 G IY0
peggy,wikipron,p ɛ ɡ i
pekin,cmudict,P IY1 K AH0 N
pena,cmudict,P EH1 N AH0
penelope,cmudict,P AH0 N EH1 L AH0 P IY0
penelope,wikipron,p ɪ n ɛ l ə p i
penn,cmudict,P EH1 N
penne,wikipron,p ɛ n e ɪ
penney,cmudict,P EH1 N IY0
penni,wikipron,p ɛ n i
pennie,cmudict,P EH1 N IY0
pennington,cmudict,P EH1 N IH0 NG T AH0 N
penny,cmudict,P EH1 N IY0
penny,wikipron,p ɛ n i
peoples,cmudict,P IY1 P AH0 L Z
peoples,wikipron,p iː p ə l z
pepper,cmudict,P EH1 P ER0
pepper,wikipron,p ɛ p ɚ
pepsin,wikipron,p ɛ p s ɪ n
per,cmudict,P ER1
per,wikipron,p ɝ
peralta,cmudict,P ER0 AA1 L T AH0
percell,cmudict,P ER0 S EH1 L
perceval,cmudict,P ER0 S EY0 V AE1 L
percival,cmudict,P ER1 S IH0 V AH0 L
percival,wikipron,p ɜː s ɪ v ə l
percy,cmudict,P ER1 S IY0
percy,wikipron,p ɜ ɹ s i
pereira,cmudict,P ER0 EH1 R AH0
perez,cmudict,P EH1 R EH0 Z
perfecto,wikipron,p ə f ɛ k t ə ʊ
perkins,cmudict,P ER1 K AH0 N Z
perkins,wikipron,p ɝ k ɪ n z
perla,cmudict,P ER1 L AH0
permut,cmudict,P ER1 M AH0 T
pernell,cmudict,P ER1 N AH0 L
perri,cmudict,P ER1 R IY0
perrin,cmudict,P EH1 R IH0 N
perry,cmudict,P EH1 R IY0
perry,wikipron,p ɛ ɹ i
pers,cmudict,P ER1 S
persephone,wikipron,p ɚ s ɛ f ə n iː
person,cmudict,P ER1 S AH0 N
person,wikipron,p ɜ ɹ s ə n
pestle,wikipron,p ɛ s ə l
pete,cmudict,P IY1 T
pete,wikipron,p iː t
peter,cmudict,P IY1 T ER0
peter,wikipron,p i t ɚ
peters,cmudict,P IY1 T ER0 Z
petersen,cmudict,P IY1 T ER0 S AH0 N
peterson,cmudict,P IY1 T ER0 S AH0 N
peterson,wikipron,p i t ɚ s ə n
petery,cmudict,P IY1 T ER0 IY0
petra,cmudict,P EH1 T R AH0
petra,wikipron,p ɛ t ɹ ə
petrina,cmudict,P EH0 T R IY1 N AH0
petros,cmudict,P EH1 T R OW0 Z
pettit,cmudict,P EH1 T IH2 T
petty,cmudict,P EH1 T IY2
petty,wikipron,p ɛ t i
peyton,cmudict,P EY1 T AH0 N
phaedra,wikipron,f iː d ɹ ə
pham,cmudict,F AE1 M
pham,wikipron,f æ m
phan,cmudict,F AE1 N
pharoah,cmudict,F EY1 R OW0
phebe,cmudict,F IY1 B IY0
phelps,cmudict,F EH1 L P S
phelps,wikipron,f ɛ l p s
phenytoin,wikipron,f ə n ɪ t o ʊ ɪ n
phil,cmudict,F IH1 L
phil,wikipron,f ɪ l
philana,cmudict,F IH0 L AE1 N AH0
philander,cmudict,F AH0 L AE1 N D ER0
philander,wikipron,f ɪ l æ n d ɚ
philbert,cmudict,F IH1 L B ER0 T
philby,cmudict,F IH1 L B IY0
philemon,cmudict,F AH0 L EY1 M AH0 N
philemon,wikipron,f a ɪ l iː m ɒ n
philip,cmudict,F IH1 L AH0 P
philip,wikipron,f ɪ l ɪ p
philipp,cmudict,F IH1 L IH0 P
philippa,cmudict,F IH0 L IH1 P AH0
philippe,cmudict,F IH0 L IY1 P EY0
phillip,cmudict,F IH1 L IH0 P
phillip,wikipron,f ɪ l ɪ p
phillipe,cmudict,F IH0 L IY1 P
phillips,cmudict,F IH1 L IH0 P S
phillips,wikipron,f ɪ l ɪ p s
phillis,cmudict,F IH1 L IH0 S
philomena,cmudict,F IH0 L AH0 M IY1 N AH0
philomena,wikipron,f ɪ l ə m iː n ə
phipps,cmudict,F IH1 P S
phipps,wikipron,f ɪ p s
phlegm,cmudict,F L EH1 M
phlegm,wikipron,f l iː m
phoebe,cmudict,F IY1 B IY0
phoebe,wikipron,f iː b i
phoenix,cmudict,F IY1 N IH0 K S
phoenix,wikipron,f iː n ɪ k s
phuong,cmudict,F UW0 AO1 NG
phylis,cmudict,F AY1 L AH0 S
phyllis,cmudict,F IH1 L IH0 S
phyllis,wikipron,f ɪ l ɪ s
pia,cmudict,P IY1 AH0
pian,wikipron,p i æ n
pickett,cmudict,P IH1 K IH0 T
pickins,cmudict,P IH1 K IH0 N Z
piece,cmudict,P IY1 S
piece,wikipron,p iː s
piepgras,cmudict,P IY1 P G R AE2 S
pier,cmudict,P IH1 R
pier,wikipron,p ɪ ɹ
pierce,cmudict,P IH1 R S
pierce,wikipron,p ɪ ɹ s
pierie,cmudict,P IY0 EH1 R IY0
pierre,cmudict,P IY0 EH1 R
pierre,wikipron,p i ɛ ɹ
pierson,cmudict,P IH1 R S AH0 N
pierson,wikipron,p ɪ ɹ s ə n
pieter,cmudict,P IY1 T ER0
pietro,cmudict,P IY0 EH1 T R OW0
pike,cmudict,P AY1 K
pike,wikipron,p a ɪ k
pil,cmudict,P IH1 L
pilar,cmudict,P AY1 L ER0
pimentel,cmudict,P IH1 M IH0 N T AH0 L
pina,cmudict,P IY1 N AH0
pineda,cmudict,P IY0 N EH1 D AH0
pinkie,cmudict,P IH1 NG K IY0
pinkie,wikipron,p ɪ ŋ k i
pinto,cmudict,P IH1 N T OW2
pinto,wikipron,p ɪ n t o ʊ
pioglitazone,wikipron,p a ɪ ə ɡ l ɪ t ə z o ʊ n
pious,cmudict,P AY1 AH0 S
piper,cmudict,P AY1 P ER0
piper,wikipron,p a ɪ p ə
pitch,cmudict,P IH1 CH
pitch,wikipron,p ɪ t͡ʃ
pitino,cmudict,P AH0 T IY1 N OW0
pittman,cmudict,P IH1 T M AH0 N
pitts,cmudict,P IH1 T S
pitts,wikipron,p ɪ t s
pittsford,cmudict,P IH1 T S F ER0 D
pixie,cmudict,P IH1 K S IY0
pixie,wikipron,p ɪ k s i
placido,cmudict,P L AA1 CH IH0 D OW0
plage,wikipron,p l e ɪ d͡ʒ
planche,wikipron,p l æ n t͡ʃ
planting,cmudict,P L AE1 N T IH0 NG
planting,wikipron,p l æ n t ɪ ŋ
plavsic,cmudict,P L AE1 V S IH0 K
plocek,cmudict,P L OW1 CH EH2 K
plover,cmudict,P L AH1 V ER0
plover,wikipron,p l o ʊ v ɚ
plummer,cmudict,P L AH1 M ER0
plummer,wikipron,p l ʌ m ɚ
plym,wikipron,p l ɪ m
plymouth,cmudict,P L IH1 M AH0 TH
plymouth,wikipron,p l ɪ m ə θ
poe,cmudict,P OW1
poe,wikipron,p o ʊ
pointe,cmudict,P OY1 N T
pointe,wikipron,p w ɑ n t
polanco,cmudict,P OW0 L AA1 N K OW0
policy,cmudict,P AA1 L AH0 S IY0
policy,wikipron,p ɑ l s i
polifroni,cmudict,P AA0 L AH0 F R OW1 N IY0
polk,cmudict,P OW1 K
pollard,cmudict,P AA1 L ER0 D
pollard,wikipron,p ɑ l ɚ d
pollner,cmudict,P OW1 L N ER0
pollock,cmudict,P AA1 L AH0 K
pollock,wikipron,p ɑ l ə k
polly,cmudict,P AA1 L IY0
polly,wikipron,p ɒ l i
pollyanna,cmudict,P AA2 L IY0 AE1 N AH0
pollyanna,wikipron,p ɒ l i æ n ə
pom,cmudict,P AO1 M
pom,wikipron,p ɑ m
ponce,cmudict,P OW1 N S EY0
ponce,wikipron,p ɒ n s
poncet,cmudict,P AA1 N S AH0 T
poncy,wikipron,p ɑ n s i
pontoon,cmudict,P AA0 N T UW1 N
pontoon,wikipron,p ɒ n t uː n
ponzetti,cmudict,P AA0 N Z EH1 T IY0
pooch,cmudict,P UW1 CH
pooch,wikipron,p uː t͡ʃ
pooja,wikipron,p uː d ʒ ə
poole,cmudict,P UW1 L
poole,wikipron,p uː l
pope,cmudict,P OW1 P
pope,wikipron,p o ʊ p
poppy,cmudict,P AA1 P IY0
poppy,wikipron,p ɑ p i
pops,cmudict,P AA1 P S
pops,wikipron,p ɑ p s
porchia,cmudict,P AO1 R K IY0 AH0
pork,cmudict,P AO1 R K
pork,wikipron,p o ɹ k
porsche,cmudict,P AO1 R SH AH0
porsche,wikipron,p ɔ ɹ ʃ
porter,cmudict,P AO1 R T ER0
porter,wikipron,p ɔ ɹ t ɚ
portia,cmudict,P AO1 R SH AH0
portia,wikipron,p ɔ ɹ ʃ ə
portillo,cmudict,P AO2 R T IH1 L OW0
porting,cmudict,P AO1 R T IH0 NG
portland,cmudict,P AO1 R T L AH0 N D
portland,wikipron,p ɔ ɹ t l ə n d
posey,cmudict,P OW1 Z IY0
poshard,cmudict,P AA1 SH ER0 D
post,cmudict,P OW1 S T
post,wikipron,p o ʊ s t
posteraro,cmudict,P AO2 S T EH0 R AA1 R OW0
potter,cmudict,P AA1 T ER0
potter,wikipron,p ɑ t ɚ
potts,cmudict,P AA1 T S
pouk,wikipron,p uː k
poul,cmudict,P UW1 L
powder,cmudict,P AW1 D ER0
powder,wikipron,p a ʊ d ɚ
powell,cmudict,P AW1 AH0 L
powell,wikipron,p a ʊ w ə l
powers,cmudict,P AW1 ER0 Z
powers,wikipron,p a ʊ ɚ z
prado,cmudict,P R AA1 D OW0
prater,cmudict,P R EY1 T ER0
pratt,cmudict,P R AE1 T
pratt,wikipron,p ɹ æ t
pravda,cmudict,P R AE1 V D AH0
pravda,wikipron,p ɹ ɑː v d ə
prebe,cmudict,P R IY1 B
precious,cmudict,P R EH1 SH AH0 S
precious,wikipron,p ɹ ɛ ʃ ə s
prednisone,wikipron,p ɹ ɛ d n ɪ s o ʊ n
prensa,cmudict,P R EH1 N S AH0
prentice,cmudict,P R EH1 N T IH0 S
prentiss,cmudict,P R EH1 N T IH0 S
prescott,cmudict,P R EH1 S K AA0 T
presley,cmudict,P R EH1 S L IY0
presley,wikipron,p ɹ ɛ s l i
preston,cmudict,P R EH1 S T AH0 N
preston,wikipron,p ɹ ɛ s t ə n
prezzano,cmudict,P R EH0 Z AA1 N OW0
price,cmudict,P R AY1 S
price,wikipron,p ɹ a ɪ s
prieto,cmudict,P R IY1 T OW0
prilocaine,wikipron,p ɹ ɪ l ə k e ɪ n
prince,cmudict,P R IH1 N S
prince,wikipron,p ɹ ɪ n s
princess,cmudict,P R IH1 N S EH0 S
princess,wikipron,p ɹ ɪ n s ɛ s
princeton,cmudict,P R IH1 N S T AH0 N
princeton,wikipron,p ɹ ɪ n s t ə n
prink,wikipron,p ɹ i ŋ k
priscilla,cmudict,P R IH0 S IH1 L AH0
priscilla,wikipron,p ɹ ɪ s ɪ l ə
pritchard,cmudict,P R IH1 CH ER0 D
pritchard,wikipron,p ɹ ɪ t͡ʃ ɚ d
pritchett,cmudict,P R IH1 CH IH0 T
process,cmudict,P R AA1 S EH2 S
process,wikipron,p ɹ ɑ s ɛ s
proctor,cmudict,P R AA1 K T ER0
proctor,wikipron,p ɹ ɒ k t ə
pronto,cmudict,P R AA1 N T OW0
pronto,wikipron,p ɹ ɑ n t o ʊ
propafenone,wikipron,p ɹ o ʊ p æ f ə n o ʊ n
prudence,cmudict,P R UW1 D AH0 N S
prudence,wikipron,p ɹ u d n s
pruitt,cmudict,P R UW1 IH0 T
pryor,cmudict,P R AY1 ER0
pryor,wikipron,p ɹ a ɪ ɚ
puche,cmudict,P UW1 CH
pucker,cmudict,P AH1 K ER0
pucker,wikipron,p ʌ k ə
puckett,cmudict,P AH1 K IH0 T
pugh,cmudict,P Y UW1
pugh,wikipron,p j uː
puja,wikipron,p u d ʒ ə
puka,wikipron,p uː k ə
pulido,cmudict,P UW0 L IY1 D OW0
pulitzer,cmudict,P UH1 L AH0 T S ER0
pulitzer,wikipron,p j u l ɪ t s ɚ
pull,cmudict,P UH1 L
pull,wikipron,p ʊ l
purcell,cmudict,P ER0 S EH1 L
purcell,wikipron,p ɚ s ɛ l
pure,cmudict,P Y UH1 R
pure,wikipron,p j u ɚ
purnell,cmudict,P ER1 N AH0 L
purr,cmudict,P ER1
purr,wikipron,p ɝ
purvis,cmudict,P ER1 V IH0 S
put,cmudict,P UH1 T
put,wikipron,p ʊ t
putnam,cmudict,P AH1 T N AH0 M
putts,cmudict,P AH1 T S
putts,wikipron,p ʌ t s
qual,cmudict,K W AA1 L
quan,cmudict,K W AO1 N
quang,cmudict,K W AO1 NG
quarters,cmudict,K W AO1 R T ER0 Z
quarters,wikipron,k w ɔ ɹ t ɚ z
queen,cmudict,K W IY1 N
queen,wikipron,k w iː n
queena,cmudict,K W IY1 N AH0
queenie,cmudict,K W IY1 N IY0
quel,cmudict,K W EH1 L
quellette,cmudict,K W IH0 L EH1 T
quentin,cmudict,K W EH1 N T IH0 N
quentin,wikipron,k w ɛ n t ɪ n
querns,cmudict,K W ER1 N Z
quezada,cmudict,K W EY0 Z AA1 D AH0
quick,cmudict,K W IH1 K
quick,wikipron,k w ɪ k
quiet,cmudict,K W AY1 AH0 T
quiet,wikipron,k w a ɪ̯ ə t
quin,cmudict,K W IH1 N
quin,wikipron,k w ɪ n
quince,cmudict,K W IH1 N S
quince,wikipron,k iː n s e ɪ
quincey,cmudict,K W IH1 N S IY0
quincy,cmudict,K W IH1 N S IY0
quincy,wikipron,k w ɪ n s i
quindlen,cmudict,K W IH1 N D L AH0 N
quinn,cmudict,K W IH1 N
quinn,wikipron,k w ɪ n
quinones,cmudict,K W IH0 N OW1 N Z
quint,cmudict,K W IH1 N T
quint,wikipron,k w ɛ̃
quintana,cmudict,K W IY0 N T AE1 N AH0
quintanilla,cmudict,K W IH2 N T AH0 N IH1 L AH0
quintero,cmudict,K W IY0 N T EH1 R OW0
quintin,cmudict,K W IH1 N T IH0 N
quintin,wikipron,k w ɪ n t ə n
quintina,cmudict,K W IY0 N T IY1 N AH0
quinton,cmudict,K W IH0 N T AO1 N
quinton,wikipron,k w ɪ n t ə n
quiroz,cmudict,K W IH1 R OW0 Z
rabiner,cmudict,R AH0 B IY1 N ER0
race,cmudict,R EY1 S
race,wikipron,ɹ e ɪ s
rachael,cmudict,R EY1 CH AH0 L
rachal,cmudict,R AE1 K AH0 L
rachel,cmudict,R EY1 CH AH0 L
rachel,wikipron,ɹ e ɪ t ʃ ə l
rachelle,cmudict,R AH0 SH EH1 L
racine,cmudict,R AH0 S IY1 N
racine,wikipron,ɹ e ɪ s iː n
racker,cmudict,R AE1 K ER0
racker,wikipron,ɹ æ k ə
radford,cmudict,R AE1 D F ER0 D
radio,cmudict,R EY1 D IY0 OW2
radio,wikipron,ɹ e ɪ d i o ʊ
radley,cmudict,R AE1 D L IY0
radosh,cmudict,R AH0 D AO1 SH
radowski,cmudict,R AH0 D OW1 S K IY0
rae,cmudict,R EY1
rae,wikipron,ɹ e ɪ
rafael,cmudict,R AA2 F AY0 EH1 L
rafe,cmudict,R EY1 F
rafe,wikipron,ɹ e ɪ f
raffaele,cmudict,R AA0 F AY0 EH1 L EY0
raffi,cmudict,R AE1 F IY0
ragan,cmudict,R EY1 G AH0 N
rague,cmudict,R EY1 G
raheem,cmudict,R AH0 HH IY1 M
rahim,cmudict,R AH0 HH IY1 M
rahman,cmudict,R AA1 M AH0 N
rahn,cmudict,R AE1 N
rahul,cmudict,R AH0 HH UW1 L
raid,cmudict,R EY1 D
raid,wikipron,ɹ e ɪ d
raina,cmudict,R EY1 N AH0
rainbow,cmudict,R EY1 N B OW2
rainbow,wikipron,ɹ e ɪ m b o ʊ
raine,cmudict,R EY1 N
rainer,cmudict,R EY1 N ER0
raines,cmudict,R EY1 N Z
rainey,cmudict,R EY1 N IY0
rainy,cmudict,R EY1 N IY0
rainy,wikipron,ɹ e ɪ n i
raisa,cmudict,R EY1 S AH0
raisler,cmudict,R EY1 Z L ER0
raj,cmudict,R AA1 ZH
raj,wikipron,ɹ ɑ d͡ʒ
rajiv,cmudict,R AA0 JH IY1 V
rakoff,cmudict,R AE1 K AO2 F
raleigh,cmudict,R AO1 L IY0
raleigh,wikipron,ɹ ɑ l i
ralf,cmudict,R AA1 L F
ralph,cmudict,R AE1 L F
ralph,wikipron,ɹ æ l f
ralston,cmudict,R AO1 L S T AH0 N
rama,cmudict,R AA1 M AH0
rama,wikipron,ɹ ɑ m ə
ramah,wikipron,ɹ ɑː m ɑ
rame,wikipron,ɹ e ɪ m
ramel,cmudict,R AE1 M AH0 L
ramey,cmudict,R AE1 M IY0
rami,cmudict,R AA1 M IY0
ramie,wikipron,ɹ e ɪ m i
ramirez,cmudict,R AH0 M IH1 R EH0 Z
ramirez,wikipron,ɹ ə m ɪ ɹ ɛ s
ramiro,cmudict,R AH0 M IH1 R OW0
ramon,cmudict,R AH0 M OW1 N
ramona,cmudict,R AH0 M OW1 N AH0
ramona,wikipron,ɹ ə m o ʊ n ə
ramonda,cmudict,R AH0 M AA1 N D AH0
ramone,cmudict,R AH0 M OW1 N
ramos,cmudict,R AA1 M OW0 S
ramses,cmudict,R AE1 M S IY2 Z
ramsey,cmudict,R AE1 M Z IY0
ramsey,wikipron,ɹ æ m z i
rana,cmudict,R AE1 N AH0
rance,cmudict,R AE1 N S
rance,wikipron,ɹ æ n s
rand,cmudict,R AE1 N D
rand,wikipron,ɹ æ n d
randa,cmudict,R AA1 N D AH0
randal,cmudict,R AE1 N D AH0 L
randall,cmudict,R AE1 N D AH0 L
randall,wikipron,ɹ æ n d ə l
randel,cmudict,R AE1 N D AH0 L
randell,cmudict,R AE1 N D EH1 L
randi,cmudict,R AE1 N D IY0
randle,cmudict,R AE1 N D AH0 L
randle,wikipron,ɹ æ n d ə l
randol,cmudict,R AE1 N D AH0 L
randolf,cmudict,R AE1 N D OW2 L F
randolph,cmudict,R AE1 N D AA0 L F
randolph,wikipron,ɹ æ n d ɒ l f
randy,cmudict,R AE1 N D IY0
randy,wikipron,ɹ æ n d i
ranee,cmudict,R AE1 N IY1
rangel,cmudict,R AE1 N JH EH1 L
rani,cmudict,R AA1 N IY0
rani,wikipron,ɹ ɑː n iː
rania,cmudict,R AA1 N IY0 AH0
ranitidine,wikipron,ɹ ə n ɪ t ɪ d i n
rankin,cmudict,R AE1 NG K IH0 N
ransley,cmudict,R AE1 N S L IY0
ransom,cmudict,R AE1 N S AH0 M
ransom,wikipron,ɹ æ n s ə m
raoul,cmudict,R AA0 UW1 L
raphael,cmudict,R AA2 F AY0 EH1 L
raphael,wikipron,ɹ æ f a ɪ ɛ l
raquel,cmudict,R AH0 K EH1 L
raquel,wikipron,ɹ ɑː k ɛ l
rashad,cmudict,R AH0 SH AA1 D
rasheed,cmudict,R AH0 SH IY1 D
rashid,cmudict,R AH0 SH IY1 D
rasmussen,cmudict,R AE1 S M AH0 S AH0 N
rat,cmudict,R AE1 T
rat,wikipron,ɹ æ t
rateliff,cmudict,R AE1 T L IH0 F
ratican,cmudict,R AE1 T IH0 K AH0 N
ratliff,cmudict,R AE1 T L IH0 F
rattle,cmudict,R AE1 T AH0 L
rattle,wikipron,ɹ æ t ə l
raul,cmudict,R AO1 L
raven,cmudict,R EY1 V AH0 N
raven,wikipron,ɹ e ɪ v ə n
ravi,cmudict,R AA2 V IY1
ravin,cmudict,R AE1 V IH0 N
ravin,wikipron,ɹ æ v n
ravine,cmudict,R AH0 V IY1 N
ravine,wikipron,ɹ æ v n
ray,cmudict,R EY1
ray,wikipron,ɹ e ɪ
raya,cmudict,R EY1 AH0
rayburn,cmudict,R EY1 B ER0 N
raye,cmudict,R EY1
rayfield,cmudict,R EY1 F IY2 L D
rayford,cmudict,R EY1 F ER0 D
raymond,cmudict,R EY1 M AH0 N D
raymond,wikipron,ɹ e ɪ m ə n d
raymund,cmudict,R EY1 M AH0 N D
raymundo,cmudict,R EY2 M AH1 N D OW0
raynard,cmudict,R EY1 N ER0 D
rayne,cmudict,R EY1 N
rayne,wikipron,ɹ e ɪ n
rea,cmudict,R EY1
rea,wikipron,ɹ e ɪ
reachard,wikipron,ɹ iː t͡ʃ ə d
reagan,cmudict,R EY1 G AH0 N
reagan,wikipron,ɹ e ɪ ɡ ə n
reba,cmudict,R IY1 B AH0
rebecca,cmudict,R AH0 B EH1 K AH0
rebecca,wikipron,ɹ ɪ b ɛ k ə
rebeka,cmudict,R IH0 B IY1 K AH0
rebekka,cmudict,R IH0 B EH1 K AH0
rebel,cmudict,R EH1 B AH0 L
rebel,wikipron,ɹ ɛ b ə l
reco,cmudict,R EH1 K OW0
reda,cmudict,R EY1 D AH0
redland,cmudict,R EH1 D L AH0 N D
redmond,cmudict,R EH1 D M AH0 N D
redmond,wikipron,ɹ ɛ d m ə n d
reece,cmudict,R IY1 S
reed,cmudict,R IY1 D
reed,wikipron,ɹ iː d
reeder,cmudict,R IY1 D ER0
reese,cmudict,R IY1 S
reese,wikipron,ɹ i s
reeves,cmudict,R IY1 V Z
reeves,wikipron,ɹ iː v z
refugio,cmudict,R AH0 F Y UW1 JH IY0 OW0
refugio,wikipron,ɹ ɪ f j ɝ i o ʊ
regan,cmudict,R IY1 G AH0 N
reggie,cmudict,R EH1 JH IY0
reggie,wikipron,ɹ ɛ d͡ʒ i
regian,wikipron,ɹ iː d͡ʒ i ə n
regina,cmudict,R IH0 JH IY1 N AH0
regina,wikipron,ɹ ɪ d͡ʒ a ɪ n ə
reginald,cmudict,R EH1 JH AH0 N AH0 L D
reginald,wikipron,ɹ ɛ d͡ʒ ɪ n ə l d
region,cmudict,R IY1 JH AH0 N
region,wikipron,ɹ i d͡ʒ ə n
regis,cmudict,R IY1 JH IH0 S
regis,wikipron,ɹ iː d͡ʒ ɪ s
reid,cmudict,R IY1 D
reid,wikipron,ɹ iː d
reilly,cmudict,R AY1 L IY0
reilly,wikipron,ɹ a ɪ l i
reina,cmudict,R EY0 IY1 N AH0
reinaldo,cmudict,R EY2 N AA1 L D OW0
reitzes,cmudict,R AY1 T S IH0 Z
reiver,wikipron,ɹ iː v ɚ
remark,cmudict,R IH0 M AA1 R K
remark,wikipron,ɹ i m ɑ ɹ k
remi,cmudict,R EH1 M IY0
remigio,cmudict,R IH0 M IH1 JH IY0 OW0
remington,cmudict,R EH1 M IH0 NG T AH0 N
remington,wikipron,ɹ ɛ m ɪ ŋ t ə n
remmy,cmudict,R EH1 M IY0
remo,cmudict,R EH1 M OW0
remus,cmudict,R IY1 M AH0 S
remy,cmudict,R EH1 M IY0
ren,cmudict,R EH1 N
ren,wikipron,ɹ ɛ n
rena,cmudict,R IY1 N AH0
renaldo,cmudict,R EH0 N AA1 L D OW0
renaldo,wikipron,ɹ ɪ n æ l d ə ʊ
renard,cmudict,R IH0 N AA1 R D
renata,cmudict,R AH0 N AA1 T AH0
renata,wikipron,ɹ ə n ɑː t ʌ
renate,cmudict,R AH0 N AA1 T AH0
renato,cmudict,R EH0 N AA1 T OW0
renay,wikipron,ɹ ɪ n e ɪ
renda,cmudict,R EH1 N D AH0
rendell,cmudict,R EH1 N D AH0 L
rendon,cmudict,R EH1 N D OW0 N
rene,cmudict,R AH0 N EY1
renee,cmudict,R AH0 N EY1
renette,wikipron,ɹ ɪ n ɛ t
rengo,cmudict,R EH1 NG G OW0
renita,cmudict,R EH0 N IY1 T AH0
renna,cmudict,R EH1 N AH0
renne,cmudict,R EH1 N
rennie,cmudict,R EH1 N IY0
renny,cmudict,R EH1 N IY0
reno,cmudict,R IY1 N OW0
reno,wikipron,ɹ iː n o ʊ
renteria,cmudict,R EH0 N T EH1 R IY0 AH0
renwick,cmudict,R EH1 N W IH0 K
reta,cmudict,R EH1 T AH0
retic,wikipron,ɹ ɪ t ɪ k
reuben,cmudict,R UW1 B AH0 N
reuben,wikipron,ɹ u b ə n
reusing,cmudict,R IY0 Y UW1 Z IH0 NG
reva,cmudict,R EY1 V AH0
revolt,cmudict,R IH0 V OW1 L T
revolt,wikipron,ɹ ɪ v o ʊ l t
revzin,cmudict,R EH1 V Z IH0 N
rex,cmudict,R EH1 K S
rex,wikipron,ɹ ɛ k s
rexford,cmudict,R EH1 K S F ER0 D
rey,cmudict,R EY1
reyes,cmudict,R EY1 IH0 S
reyna,cmudict,R EY1 N AH0
reyna,wikipron,ɹ e ɪ n ə
reynaldo,cmudict,R EY2 N AA1 L D OW0
reynard,cmudict,R EY1 N ER0 D
reynard,wikipron,ɹ ɛ n ɑː d
reynold,cmudict,R EH1 N AH0 L D
reynold,wikipron,ɹ ɛ n ə l d
reynolds,cmudict,R EH1 N AH0 L D Z
reynolds,wikipron,ɹ ɛ n ə l d z
reynoso,cmudict,R IY0 N OW1 S OW0
reza,cmudict,R EH1 Z AH0
reza,wikipron,ɹ e ɪ z ɑː
rhea,cmudict,R IY1 AH0
rhea,wikipron,ɹ e ɪ
rheem,cmudict,R IY1 M
rheta,cmudict,R IY1 T AH0
rhett,cmudict,R EH1 T
rhoades,cmudict,R OW1 D Z
rhoda,cmudict,R OW1 D AH0
rhoda,wikipron,ɹ o ʊ d ə
rhodes,cmudict,R OW1 D Z
rhodes,wikipron,ɹ o ʊ d z
rhonda,cmudict,R AA1 N D AH0
rhonda,wikipron,ɹ ɑ n d ə
rhyme,cmudict,R AY1 M
rhyme,wikipron,ɹ a ɪ m
rhys,cmudict,R IY1 S
rhys,wikipron,ɹ i s
ria,cmudict,R IY1 AH0
ria,wikipron,ɹ iː ə
rian,wikipron,ɹ a ɪ ə n
ric,cmudict,R IH1 K
rica,cmudict,R IY1 K AH0
ricard,cmudict,R IH0 K AA1 R D
ricardo,cmudict,R IH0 K AA1 R D OW0
ricardo,wikipron,ɹ ɪ k ɑ ɹ d o ʊ
riccardo,cmudict,R IH0 K AA1 R D OW0
ricci,cmudict,R IY1 CH IY0
ricco,cmudict,R IH1 K OW0
rice,cmudict,R AY1 S
rice,wikipron,ɹ a ɪ s
rich,cmudict,R IH1 CH
rich,wikipron,ɹ ɪ t͡ʃ
richard,cmudict,R IH1 CH ER0 D
richard,wikipron,ɹ ɪ t͡ʃ ə ɹ d
richards,cmudict,R IH1 CH ER0 D Z
richardson,cmudict,R IH1 CH ER0 D S AH0 N
richardson,wikipron,ɹ ɪ t͡ʃ ɚ d s ə n
richey,cmudict,R IH1 CH IY0
richford,cmudict,R IH1 CH F ER0 D
richie,cmudict,R IH1 CH IY0
richie,wikipron,ɹ ɪ t͡ʃ i
richmond,cmudict,R IH1 CH M AH0 N D
richmond,wikipron,ɹ ɪ t͡ʃ m ə n d
richter,cmudict,R IH1 K T ER0
richter,wikipron,ɹ ɪ k t ɚ
rick,cmudict,R IH1 K
rick,wikipron,ɹ ɪ k
rickard,cmudict,R IH1 K ER0 D
rickey,cmudict,R IH1 K IY0
ricki,cmudict,R IH1 K IY0
rickie,cmudict,R IH1 K IY0
ricks,cmudict,R IH1 K S
ricky,cmudict,R IH1 K IY2
ricky,wikipron,ɹ ɪ k i
rico,cmudict,R IY1 K OW0
rico,wikipron,ɹ iː k o ʊ
riddle,cmudict,R IH1 D AH0 L
riddle,wikipron,ɹ ɪ d ə l
ridge,cmudict,R IH1 JH
ridge,wikipron,ɹ ɪ d͡ʒ
rigger,wikipron,ɹ ɪ ɡ ɚ
riggs,cmudict,R IH1 G Z
rigo,cmudict,R IY1 G OW0
rikki,cmudict,R IH1 K IY0
riley,cmudict,R AY1 L IY0
riley,wikipron,ɹ a ɪ l i
rilla,cmudict,R IH1 L AH0
rima,cmudict,R IY1 M AH0
rima,wikipron,ɹ a ɪ m ə
rimson,cmudict,R IH1 M S AH0 N
rina,cmudict,R IY1 N AH0
rina,wikipron,ɹ iː n ə
rinaldo,cmudict,R IH0 N AA1 L D OW0
ringberg,cmudict,R IH1 NG B ER0 G
rio,cmudict,R IY1 OW0
rio,wikipron,ɹ i o ʊ
rion,cmudict,R AY1 AH0 N
rios,cmudict,R IY1 OW0 S
risa,cmudict,R IY1 S AH0
risa,wikipron,ɹ i s ə
rise,cmudict,R AY1 Z
rise,wikipron,ɹ a ɪ s
risperidone,wikipron,ɹ ɪ s p ɛ ɹ ɪ d o ʊ n
rita,cmudict,R IY1 T AH0
ritcey,cmudict,R IH1 T S IY0
ritchie,cmudict,R IH1 CH IY0
ritchie,wikipron,ɹ ɪ t͡ʃ i
rito,wikipron,ɹ i t o ʊ
ritter,cmudict,R IH1 T ER0
riva,cmudict,R IY1 V AH0
rivas,cmudict,R IY1 V AA0 Z
rivera,cmudict,R IH0 V EH1 R AH0
rivers,cmudict,R IH1 V ER0 Z
rivers,wikipron,ɹ ɪ v ɚ z
riverso,cmudict,R IH1 V ER0 S OW0
rivkind,cmudict,R IH1 V K IH0 N D
rizzo,cmudict,R IH1 Z OW0
roach,cmudict,R OW1 CH
roach,wikipron,ɹ o ʊ t͡ʃ
roadhouse,cmudict,R OW1 D HH AW2 S
roadhouse,wikipron,ɹ o ʊ d h a ʊ s
roanna,cmudict,R OW1 N AH0
rob,cmudict,R AA1 B
rob,wikipron,ɹ ɒ b
robb,cmudict,R AA1 B
robbie,cmudict,R AA1 B IY0
robbin,cmudict,R AA1 B IH0 N
robbins,cmudict,R AA1 B IH0 N Z
robby,cmudict,R AA1 B IY0
rober,cmudict,R OW1 B ER0
roberson,cmudict,R AA1 B ER0 S AH0 N
robert,cmudict,R AA1 B ER0 T
robert,wikipron,ɹ ɑ b ɚ t
roberta,cmudict,R AH0 B ER1 T AH0
roberto,cmudict,R AH0 B EH1 R T OW0
roberts,cmudict,R AA1 B ER0 T S
robertson,cmudict,R AA1 B ER0 T S AH0 N
robertson,wikipron,ɹ ɑ b ɚ t s ə n
robie,cmudict,R OW1 B IY0
robin,cmudict,R AA1 B AH0 N
robin,wikipron,ɹ ɑ b ɪ n
robina,cmudict,R AH0 B IY1 N AH0
robinette,cmudict,R AA1 B IH0 N EH2 T
robinson,cmudict,R AA1 B AH0 N S AH0 N
robinson,wikipron,ɹ ɑ b ə n s ə n
robison,cmudict,R AA1 B IH0 S AH0 N
robles,cmudict,R OW1 B AH0 L Z
roby,cmudict,R OW1 B IY0
robyn,cmudict,R AA1 B IH0 N
rocap,cmudict,R OW1 K AE2 P
rocco,cmudict,R AA1 K OW0
roch,cmudict,R AA1 K
rocha,cmudict,R OW1 K AH0
roche,cmudict,R OW1 CH
roche,wikipron,ɹ o ʊ ʃ
rochelle,cmudict,R OW0 SH EH1 L
rochelle,wikipron,ɹ o ʊ ʃ ɛ l
rock,cmudict,R AA1 K
rock,wikipron,ɹ ɑ k
rockey,cmudict,R AA1 K IY0
rockford,cmudict,R AA1 K F ER0 D
rockley,cmudict,R AA1 K L IY0
rockne,cmudict,R AA1 K N IY0
rockower,wikipron,ɹ ɑ k a ʊ ɚ
rockwell,cmudict,R AA1 K W EH2 L
rocky,cmudict,R AA1 K IY0
rocky,wikipron,ɹ ɑ k i
rod,cmudict,R AA1 D
rod,wikipron,ɹ ɑ d
rodd,cmudict,R AA1 D
roddy,cmudict,R AA1 D IY0
rodell,cmudict,R AA1 D AH0 L
roderick,cmudict,R AA1 D R IH0 K
roderick,wikipron,ɹ ɒ d ə ɹ ɪ k
rodger,cmudict,R AA1 JH ER0
rodger,wikipron,ɹ ɒ d͡ʒ ə
rodgers,cmudict,R AA1 JH ER0 Z
rodman,cmudict,R AA1 D M AH0 N
rodman,wikipron,ɹ ɒ d m ə n
rodney,cmudict,R AA1 D N IY0
rodney,wikipron,ɹ ɑ d n i
rodolfo,cmudict,R OW0 D AA1 L F OW0
rodrick,cmudict,R AA1 D R IH0 K
rodrigo,cmudict,R AH0 D R IY1 G OW0
rodrigues,cmudict,R AA0 D R IY1 G IH0 S
rodriguez,cmudict,R AA0 D R IY1 G EH0 Z
rodriguez,wikipron,ɹ ɑ d ɾ i ɡ ɛ z
rodriquez,cmudict,R AA0 D R IY1 K EH0 Z
roe,cmudict,R OW1
roe,wikipron,ɹ o ʊ
roeland,cmudict,R OW1 L AH0 N D
rogelio,cmudict,R OW0 G IY1 L IY0 OW0
roger,cmudict,R AA1 JH ER0
roger,wikipron,ɹ ɑ d͡ʒ ɚ
rogers,cmudict,R AA1 JH ER0 Z
rogers,wikipron,ɹ ɑ d͡ʒ ɚ z
roget,cmudict,R OW0 ZH EY1
rohan,cmudict,R OW1 AH0 N
rohn,cmudict,R AA1 N
rojas,cmudict,R OW1 HH AA0 S
rolan,cmudict,R OW1 L AH0 N
roland,cmudict,R OW1 L AH0 N D
roland,wikipron,ɹ o ʊ l ə n d
rolanda,cmudict,R OW0 L AA1 N D AH0
rolando,cmudict,R OW0 L AA1 N D OW0
rolf,cmudict,R OW1 L F
rolf,wikipron,ɹ ɒ l f
rolfe,cmudict,R OW1 L F
rolland,cmudict,R AA1 L AH0 N D
rollie,cmudict,R OW1 L IY0
rollin,cmudict,R AA1 L IH0 N
rollins,cmudict,R AA1 L IH0 N Z
rollins,wikipron,ɹ o ʊ l ɪ n
rolloff,wikipron,ɹ o l ɔ f
rolly,cmudict,R OW1 L IY0
rolly,wikipron,ɹ o ʊ l i
roma,cmudict,R OW1 M AA0
roma,wikipron,ɹ o ʊ m ə
romaine,cmudict,R OW0 M EY1 N
romaine,wikipron,ɹ o ʊ m e ɪ n
roman,cmudict,R OW1 M AH0 N
roman,wikipron,ɹ o ʊ m ə n
romania,cmudict,R OW0 M EY1 N IY0 AH0
romania,wikipron,ɹ o ʊ m e ɪ n i ə
romanic,wikipron,ɹ o ʊ m æ n ɪ k
romano,cmudict,R OW0 M AA1 N OW2
rome,cmudict,R OW1 M
rome,wikipron,ɹ ə ʊ m
romel,cmudict,R OW1 M AH0 L
romeo,cmudict,R OW1 M IY0 OW2
romero,cmudict,R OW0 M EH1 R OW0
romina,cmudict,R AH0 M IY1 N AH0
rommel,cmudict,R AA1 M AH0 L
romo,cmudict,R OW1 M OW0
ron,cmudict,R AA1 N
ron,wikipron,ɹ ɑ n
rona,cmudict,R OW1 N AH0
rona,wikipron,ɹ o ʊ n ə
ronald,cmudict,R AA1 N AH0 L D
ronald,wikipron,ɹ ɑ n ə l d
ronalda,cmudict,R OW0 N AA1 L D AH0
ronaldo,cmudict,R OW0 N AA1 L D OW0
ronda,cmudict,R AA1 N D AH0
roney,cmudict,R OW1 N IY0
roni,cmudict,R OW1 N IY0
ronna,cmudict,R AA1 N AH0
ronnie,cmudict,R AA1 N IY0
ronny,cmudict,R AA1 N IY0
ronson,cmudict,R AA1 N S AH0 N
ronson,wikipron,ɹ ɒ n s ə n
roosevelt,cmudict,R OW1 Z AH0 V EH2 L T
roosevelt,wikipron,ɹ o ʊ z ə v ə l t
roost,cmudict,R UW1 S T
roost,wikipron,ɹ u s t
root,cmudict,R UW1 T
root,wikipron,ɹ u t
roper,cmudict,R OW1 P ER0
roper,wikipron,ɹ ə ʊ p ə
ropers,cmudict,R OW1 P ER0 Z
ropinirole,wikipron,ɹ ə p ɪ n ə ɹ o ʊ l
roque,cmudict,R OW1 K
roque,wikipron,ɹ o ʊ k
rory,cmudict,R AO1 R IY0
rory,wikipron,ɹ o ə ɹ i
rosa,cmudict,R OW1 Z AH0
rosa,wikipron,ɹ o ʊ z ə
rosado,cmudict,R AH0 S AA1 D OW0
rosalee,cmudict,R OW2 S AH0 L IY1
rosales,cmudict,R OW1 S EY0 L Z
rosalia,cmudict,R OW0 Z AH0 L IY1 AH0
rosalie,cmudict,R OW1 Z AH0 L IY0
rosalind,cmudict,R AA1 Z AH0 L IH0 N D
rosalind,wikipron,ɹ ɑ z ə l ɪ n d
rosalinda,cmudict,R OW0 S AA0 L IY1 N D AH0
rosalyn,cmudict,R AA1 Z AH0 L IH0 N
rosalynn,cmudict,R OW1 Z AH0 L IH2 N
rosamond,cmudict,R OW1 Z AH0 M AH0 N D
rosanna,cmudict,R OW0 Z AE1 N AH0
rosanne,cmudict,R OW0 Z AE1 N
rosaria,cmudict,R OW0 Z AA1 R IY0 AH0
rosaria,wikipron,ɹ o ʊ z ɛ ɹ i ə
rosario,cmudict,R OW0 Z AA1 R IY0 OW0
rosas,cmudict,R OW1 Z AH0 Z
roscoe,cmudict,R AA1 S K OW0
rose,cmudict,R OW1 Z
rose,wikipron,ɹ o ʊ z
roseanne,cmudict,R OW2 Z AE1 N
roseline,cmudict,R OW1 Z L AY2 N
rosella,cmudict,R OW0 Z EH1 L AH0
roselle,wikipron,ɹ o ʊ z ɛ l
rosellen,cmudict,R OW1 Z AH0 L AH0 N
rosemarie,cmudict,R OW2 Z M ER0 IY1
rosemary,cmudict,R OW1 Z M EH2 R IY0
rosemary,wikipron,ɹ o ʊ z m ə ɹ i
rosen,cmudict,R OW1 Z AH0 N
rosenberg,cmudict,R OW1 Z AH0 N B ER0 G
rosenhaus,cmudict,R OW1 Z AH0 N HH AW2 S
rosetta,cmudict,R OW0 Z EH1 T AH0
rosetta,wikipron,ɹ o ʊ z ɛ t ə
rosette,cmudict,R AH0 S EH1 T
rosette,wikipron,ɹ o ʊ z ɛ t
rosey,cmudict,R OW1 Z IY0
rosie,cmudict,R OW1 Z IY0
rosie,wikipron,ɹ o ʊ z iː
rosina,cmudict,R OW0 Z IY1 N AH0
rosita,cmudict,R OW0 Z IY1 T AH0
roslin,cmudict,R AA1 S L IH0 N
roslyn,cmudict,R AA1 Z L IH0 N
ross,cmudict,R AA1 S
ross,wikipron,ɹ ɔ s
rossi,cmudict,R AO1 S IY0
rossie,cmudict,R AO1 S IY0
rosslyn,cmudict,R AA1 S L IH0 N
rosuvastatin,wikipron,ɹ o ʊ s u v ə s t æ t n̩
roswell,cmudict,R AA1 S W EH0 L
roswell,wikipron,ɹ ɒ z w ɛ l
rosy,cmudict,R OW1 Z IY0
rosy,wikipron,ɹ o ʊ z i
roth,cmudict,R AO1 TH
rothley,wikipron,ɹ ɒ θ l i
roun,wikipron,ɹ a ʊ̯ n
rouse,cmudict,R AW1 S
rouse,wikipron,ɹ a ʊ z
rowan,cmudict,R OW1 AH0 N
rowan,wikipron,ɹ a ʊ ə n
rowdy,cmudict,R AW1 D IY0
rowdy,wikipron,ɹ a ʊ̯ d i
rowe,cmudict,R OW1
rowe,wikipron,ɹ o ʊ
rowena,cmudict,R OW0 IY1 N AH0
rowland,cmudict,R OW1 L AH0 N D
rowland,wikipron,ɹ ə ʊ l ə n d
rox,cmudict,R AA1 K S
roxana,cmudict,R AA0 K S AE1 N AH0
roxanna,cmudict,R AA2 K S AE1 N AH0
roxanne,cmudict,R AA1 K S IH0 N
roxie,cmudict,R AA1 K S IY0
roxy,cmudict,R AA1 K S IY0
roxy,wikipron,ɹ ɑ k s i
roy,cmudict,R OY1
roy,wikipron,ɹ o ɪ̯
royal,cmudict,R OY1 AH0 L
royal,wikipron,ɹ ɔ j ə l
royce,cmudict,R OY1 S
royce,wikipron,ɹ ɔ ɪ s
royden,cmudict,R OY1 D AH0 N
rozell,cmudict,R AA1 Z AH0 L
rozella,cmudict,R OW0 Z EH1 L AH0
rozella,wikipron,ɹ o ʊ z ɛ l ə
ruben,cmudict,R UW1 B AH0 N
rubi,cmudict,R UW1 B IY0
rubie,cmudict,R UW1 B IY0
rubin,cmudict,R UW1 B IH0 N
rubin,wikipron,ɹ uː b ɪ n
rubina,cmudict,R UW0 B IY1 N AH0
rubio,cmudict,R UW1 B IY0 OW0
rubio,wikipron,ɹ u b i o ʊ
ruby,cmudict,R UW1 B IY0
ruby,wikipron,ɹ uː b i
rucker,cmudict,R AH1 K ER0
rudi,cmudict,R UW1 D IY0
rudolf,cmudict,R UW1 D AA2 L F
rudolph,cmudict,R UW1 D AO0 L F
rudolph,wikipron,ɹ uː d ɒ f
rudy,cmudict,R UW1 D IY0
rudy,wikipron,ɹ uː d i
ruel,cmudict,R UW1 L
ruffle,cmudict,R AH1 F AH0 L
ruffle,wikipron,ɹ ʌ f ə l
rufina,cmudict,R UW0 F IY1 N AH0
rufus,cmudict,R UW1 F AH0 S
rufus,wikipron,ɹ uː f ə s
rugger,wikipron,ɹ ʌ ɡ ɚ
ruiz,cmudict,R UW0 IY1 Z
rulon,cmudict,R UW1 L AH0 N
rumi,wikipron,ɹ uː m iː
rupert,cmudict,R UW1 P ER0 T
rupert,wikipron,ɹ u p ɚ t
rush,cmudict,R AH1 SH
rush,wikipron,ɹ ʌ ʃ
rushing,cmudict,R AH1 SH IH0 NG
rushing,wikipron,ɹ ʌ ʃ ɪ ŋ
russ,cmudict,R AH1 S
russel,cmudict,R AH1 S AH0 L
russel,wikipron,ɹ ʌ s ə l
russell,cmudict,R AH1 S AH0 L
russell,wikipron,ɹ ʌ s ə l
russo,cmudict,R UW1 S OW0
russo,wikipron,ɹ u s o ʊ
rustic,cmudict,R AH1 S T IH0 K
rustic,wikipron,ɹ ʌ s t ɪ k
rustin,cmudict,R AH1 S T IH0 N
ruston,cmudict,R AH1 S T AH0 N
rusty,cmudict,R AH1 S T IY0
rusty,wikipron,ɹ ʌ s t i
rusyn,wikipron,ɹ uː s ɪ n
ruta,cmudict,R UW1 T AH0
rute,wikipron,ɹ uː t
ruth,cmudict,R UW1 TH
ruth,wikipron,ɹ uː θ
ruthann,cmudict,R UW2 TH AE1 N
rutherford,cmudict,R AH1 TH ER0 F ER0 D
rutherford,wikipron,ɹ ʌ ð ə ɹ f ə ɹ d
ruthie,cmudict,R UW1 TH IY0
rutledge,cmudict,R AH1 T L IH0 JH
ryan,cmudict,R AY1 AH0 N
ryan,wikipron,ɹ a ɪ ə n
rydell,cmudict,R IH1 D AH0 L
ryder,cmudict,R AY1 D ER0
ryder,wikipron,ɹ a ɪ d ə
ryen,cmudict,R AY1 AH0 N
rylan,cmudict,R AY1 L AH0 N
ryland,cmudict,R IH1 L AH0 N D
rylee,cmudict,R IH1 L IY0
ryon,cmudict,R AY1 AH0 N
saad,cmudict,S AA1 D
saavedra,cmudict,S AA0 V EY1 D R AH0
saba,cmudict,S AA1 B AH0
saba,wikipron,s e ɪ b ə
sabas,cmudict,S AA1 B AH0 Z
sabina,cmudict,S AH0 B IY1 N AH0
sabine,cmudict,S AH0 B IY1 N
sabine,wikipron,s e ɪ b a ɪ n
sabino,cmudict,S AA0 B IY1 N OW0
sable,cmudict,S EY1 B AH0 L
sable,wikipron,s e ɪ b ə l
sabra,cmudict,S AA1 B R AH0
sabrina,cmudict,S AH0 B R IY1 N AH0
sabrina,wikipron,s ə b ɹ iː n ə
sacha,cmudict,S AE1 CH AH0
sachin,cmudict,S AE1 CH AH0 N
sacristan,wikipron,s æ k ɹ ɪ s t ə n
sada,cmudict,S AA1 D AH0
sade,wikipron,s e ɪ d
sadeh,cmudict,S AA1 D EH2
sadie,cmudict,S AE1 D IY0
sadie,wikipron,s e ɪ d i
sadler,cmudict,S AE1 D L ER0
saeed,cmudict,S AA0 IY1 D
saenz,cmudict,S IY1 N Z
sagar,cmudict,S AA0 G AA1 R
sage,cmudict,S EY1 JH
sage,wikipron,s e ɪ d͡ʒ
saggar,wikipron,s æ ɡ ɚ
sahara,cmudict,S AH0 HH EH1 R AH0
sahara,wikipron,s ə h æ ɹ ə
sahlman,cmudict,S AA1 L M AH0 N
said,cmudict,S EH1 D
said,wikipron,s a ɪ d
sakina,cmudict,S AH0 K IY1 N AH0
sal,cmudict,S AE1 L
sal,wikipron,s æ l
salas,cmudict,S AA1 L AA0 Z
salazar,cmudict,S AE1 L AH0 Z AA0 R
salazar,wikipron,s æ l ə z ɑ ɹ
salcedo,cmudict,S AA0 L CH EY1 D OW0
saldana,cmudict,S AA0 L D AE1 N AH0
saleem,cmudict,S AE1 L IY0 M
salem,cmudict,S EY1 L AH0 M
salem,wikipron,s e ɪ l ə m
salema,cmudict,S AH0 L IY1 M AH0
salgado,cmudict,S AA0 L G AA1 D OW0
salhany,cmudict,S AE2 L HH EY1 N IY0
salian,wikipron,s e ɪ l i ə n
salim,cmudict,S AE1 L IH0 M
salina,cmudict,S AH0 L IY1 N AH0
salina,wikipron,s ə l a ɪ n ə
salinas,cmudict,S AH0 L IY1 N AH0 S
saliva,cmudict,S AH0 L AY1 V AH0
saliva,wikipron,s ə l a ɪ v ə
salizzoni,cmudict,S AE2 L IH0 Z OW1 N IY0
sallie,cmudict,S AE1 L IY0
sally,cmudict,S AE1 L IY0
sally,wikipron,s æ l i
salman,cmudict,S AE1 M AH0 N
salome,cmudict,S AH0 L OW1 M IY0
salome,wikipron,s ə l o ʊ m i
salomon,cmudict,S AE1 L AH0 M AH0 N
saltzburg,cmudict,S AO1 L T S B ER0 G
salvador,cmudict,S AE1 L V AH0 D AO2 R
salvador,wikipron,s æ l v ə d ɔ ɹ
salvadore,cmudict,S AA0 L V AA0 D AO1 R EY0
salvatore,cmudict,S AE0 L V AH0 T AO1 R IY0
salwen,cmudict,S AE1 L W AH0 N
sam,cmudict,S AE1 M
sam,wikipron,s æ m
samantha,cmudict,S AH0 M AE1 N TH AH0
samantha,wikipron,s ə m æ n θ ə
samar,cmudict,S AE1 M AA0 R
samar,wikipron,s ɑ m ɑ ɹ
samara,cmudict,S AE1 M ER0 AH0
samara,wikipron,s æ m ə ɹ ə
samaria,cmudict,S EY2 M ER0 IY1 AH0
samaria,wikipron,s ə m ɛ ə ɹ i ə
sameer,cmudict,S AA2 M IH1 R
sameer,wikipron,s ə m i ɹ
samella,cmudict,S AH0 M EH1 L AH0
sami,cmudict,S AE1 M IY0
sami,wikipron,s æ m i
samir,cmudict,S AH0 M IH1 R
samira,wikipron,s æ m iː ɹ ə
sammie,cmudict,S AE1 M IY0
sammy,cmudict,S AE1 M IY0
sammy,wikipron,s æ m i
sampere,cmudict,S AE0 M P IY1 R
sampson,cmudict,S AE1 M P S AH0 N
sampson,wikipron,s æ m p s ə n
samson,cmudict,S AE1 M S AH0 N
samson,wikipron,s æ m s ə n
samuel,cmudict,S AE1 M Y UW0 L
samuel,wikipron,s æ m j uː ə l
samuels,cmudict,S AE1 M Y UW0 AH0 L Z
san,cmudict,S AE1 N
san,wikipron,s æ n
sana,cmudict,S AA1 N AH0
sanchez,cmudict,S AE1 N CH EH0 Z
sanda,cmudict,S AE1 N D AH0
sander,cmudict,S AE1 N D ER0
sander,wikipron,s æ n d ɚ
sanders,cmudict,S AE1 N D ER0 Z
sanders,wikipron,s æ n d ə ɹ z
sanderson,cmudict,S AE1 N D ER0 S AH0 N
sanderson,wikipron,s æ n d ɚ s ə n
sandi,cmudict,S AE1 N D IY0
sandi,wikipron,s æ n d i
sandie,cmudict,S AE1 N D IY0
sandie,wikipron,s æ n d i
sandor,cmudict,S AE1 N D ER0
sandos,cmudict,S AE1 N D OW0 Z
sandoval,cmudict,S AE1 N D OW2 V AH0 L
sandoval,wikipron,s æ n d ə v ɑ l
sandra,cmudict,S AE1 N D R AH0
sandra,wikipron,s æ n d ɹ ə
sandro,cmudict,S AE1 N D R OW0
sands,cmudict,S AE1 N D Z
sandy,cmudict,S AE1 N D IY0
sandy,wikipron,s æ n d i
sanford,cmudict,S AE1 N F ER0 D
sanford,wikipron,s æ n f ɚ d
sang,cmudict,S AE1 NG
sang,wikipron,s e ɪ̯ ŋ
sanjay,cmudict,S AE1 N JH EY0
sanka,cmudict,S AE1 NG K AH0
sanka,wikipron,s æ ŋ k ə
sanna,cmudict,S AE1 N AH0
santa,cmudict,S AE1 N T AH0
santa,wikipron,s æ n t ə
santana,cmudict,S AE0 N T AE1 N AH0
santayana,cmudict,S AE0 N T AY2 AA1 N AH0
santiago,cmudict,S AE2 N T IY0 AA1 G OW0
santiago,wikipron,s ɑ n t i ɑ ɡ o ʊ
santino,cmudict,S AA0 N T IY1 N OW0
santo,cmudict,S AE1 N T OW0
santos,cmudict,S AE1 N T OW0 S
sap,cmudict,S AE1 P
sap,wikipron,s æ p
sapp,cmudict,S AE1 P
sapphire,cmudict,S AE1 F AY0 ER0
sapphire,wikipron,s æ f a ɪ̯ ɚ
sara,cmudict,S EH1 R AH0
sarah,cmudict,S EH1 R AH0
sarah,wikipron,s e ɪ ɹ ə
saran,cmudict,S ER0 AE1 N
sardinia,cmudict,S AA0 R D IY1 N IY0 AH0
sardinia,wikipron,s ɑ ɹ d ɪ n i ə
sargen,cmudict,S AA1 R G AH0 N
sargent,cmudict,S AA1 R JH AH0 N T
sargent,wikipron,s ɑ ɹ d ʒ ə n t
sari,cmudict,S AA1 R IY0
sari,wikipron,s ɑː ɹ i
sarra,cmudict,S AA1 R AA2
sasha,cmudict,S AE1 SH AH0
satin,cmudict,S AE1 T AH0 N
satin,wikipron,s æ t ɪ n
saucedo,cmudict,S AW0 S EY1 D OW0
saudia,cmudict,S AO1 D IY0 AH0
sauk,cmudict,S AO1 K
saul,cmudict,S AO1 L
saul,wikipron,s ɑ l
saunders,cmudict,S AO1 N D ER0 Z
saundra,cmudict,S AO1 N D R AH0
savage,cmudict,S AE1 V AH0 JH
savage,wikipron,s æ v ɪ d͡ʒ
savanna,cmudict,S AH0 V AE1 N AH0
savanna,wikipron,s ə v æ n ə
savannah,cmudict,S AH0 V AE1 N AH0
savannah,wikipron,s ə v æ n ə
savina,cmudict,S AH0 V IY1 N AH0
saving,cmudict,S EY1 V IH0 NG
saving,wikipron,s e ɪ v ɪ ŋ
savor,cmudict,S EY1 V ER0
sawyer,cmudict,S AO1 Y ER0
sawyer,wikipron,s ɔ j ɚ
sbarro,cmudict,S B AA1 R OW0
scarlet,cmudict,S K AA1 R L AH0 T
scarlet,wikipron,s k ɑ ɹ l ɪ t
scarlett,cmudict,S K AA1 R L IH0 T
schaefer,cmudict,SH EY1 F ER0
schafer,cmudict,SH EY1 F ER0
schaffer,cmudict,SH EY1 F ER0
schappe,wikipron,ʃ æ p
schering,cmudict,SH ER1 IH0 NG
schieffelin,cmudict,SH IY1 F AH0 L IH0 N
schierl,cmudict,SH IH1 R L
schipke,cmudict,SH IH1 P K IY0
schlafly,cmudict,SH L AE1 F L IY0
schlang,cmudict,SH L AE1 NG
schmidl,cmudict,SH M IH1 D AH0 L
schmidt,cmudict,SH M IH1 T
schmidt,wikipron,ʃ m ɪ t
schmitt,cmudict,SH M IH1 T
schmitz,cmudict,SH M IH1 T S
schneider,cmudict,SH N AY1 D ER0
schroeder,cmudict,SH R OW1 D ER0
schultz,cmudict,SH UH1 L T S
schultz,wikipron,ʃ ʊ l t s
schulz,cmudict,SH UH1 L T S
schumacher,cmudict,SH UW1 M AA2 K ER0
schupak,cmudict,SH UW1 P AE2 K
schuyler,cmudict,S K AY1 L ER0
schuyler,wikipron,s k a ɪ l ɚ
schwartz,cmudict,SH W AO1 R T S
sciaroni,cmudict,S IY2 ER0 OW1 N IY0
scot,cmudict,S K AA1 T
scot,wikipron,s k ɑ t
scott,cmudict,S K AA1 T
scott,wikipron,s k ɒ t
scottie,cmudict,S K AA1 T IY0
scotty,cmudict,S K AA1 T IY0
scout,cmudict,S K AW1 T
scout,wikipron,s k a ʊ̯ t
scram,cmudict,S K R AE1 M
scram,wikipron,s k ɹ æ m
scrape,cmudict,S K R EY1 P
scrape,wikipron,s k ɹ e ɪ p
scrip,cmudict,S K R IH1 P
scrip,wikipron,s k ɹ ɪ p
scripp,cmudict,S K R IH1 P
seagrove,cmudict,S IY1 G R OW2 V
seam,cmudict,S IY1 M
seam,wikipron,s iː m
seamus,cmudict,SH EY1 M AH0 S
seamus,wikipron,ʃ e ɪ m ə s
sean,cmudict,SH AO1 N
sean,wikipron,ʃ ɑ n
sears,cmudict,S IH1 R Z
season,cmudict,S IY1 Z AH0 N
sebastian,cmudict,S AH0 B AE1 S CH AH0 N
sebastian,wikipron,s ə b æ s t͡ʃ ə n
sebelius,wikipron,s ɪ b iː l i ə s
secada,cmudict,S AH0 K AA1 D AH0
secret,cmudict,S IY1 K R AH0 T
secret,wikipron,s iː k ɹ ɪ t
sedan,cmudict,S AH0 D AE1 N
see,cmudict,S IY1
see,wikipron,s i
seema,cmudict,S IY1 M AA0
seems,cmudict,S IY1 M Z
seems,wikipron,s iː m z
seen,cmudict,S IY1 N
seen,wikipron,s iː n
sefer,wikipron,s e ɪ f ɛ ɹ
segura,cmudict,S EY0 G UH1 R AH0
seldon,cmudict,S EH1 L D AH0 N
selena,cmudict,S AH0 L IY1 N AH0
selena,wikipron,s ə l i n ə
selene,cmudict,S AH0 L IY1 N
selene,wikipron,s ə l i n i
self,cmudict,S EH1 L F
self,wikipron,s ɛ f
selia,cmudict,S EH1 L IY0 AH0
selina,cmudict,S AH0 L IY1 N AH0
selinda,cmudict,S EH0 L IY1 N D AH0
sellers,cmudict,S EH1 L ER0 Z
sellers,wikipron,s ɛ l ɚ z
selly,wikipron,s ɛ l i
selma,cmudict,S EH1 L M AH0
selma,wikipron,s ɛ l m ə
selwyn,cmudict,S EH1 L W IH0 N
seminole,cmudict,S EH1 M IH0 N OW2 L
seminole,wikipron,s ɛ m ɪ n o ʊ l
sena,cmudict,S EH1 N AH0
seneca,cmudict,S EH1 N AH0 K AH0
seneca,wikipron,s ɛ n ɪ k ə
senora,cmudict,S IY2 N Y AO1 R AH0
senser,wikipron,s ɛ n s ɚ
september,cmudict,S EH0 P T EH1 M B ER0
september,wikipron,s ə p t ɛ m b ɚ
sepulveda,cmudict,S EY0 P UW0 L V EY1 D AH0
sequoia,cmudict,S IH0 K W OY1 AH0
sequoia,wikipron,s ɪ k w ɔ ɪ ə
sera,cmudict,S IH1 R AH0
serafin,cmudict,S EH1 R AH0 F IH0 N
serafina,cmudict,S ER0 AA0 F IY1 N AH0
seraphine,cmudict,S ER0 AA0 F IY1 N IY0
serbia,cmudict,S ER1 B IY0 AH0
serbia,wikipron,s ɝ b i ə
serena,cmudict,S AH0 R IY1 N AH0
serene,cmudict,S ER0 IY1 N
serene,wikipron,s ə ɹ i n
serenity,cmudict,S ER0 EH1 N AH0 T IY0
serenity,wikipron,s ə ɹ ɛ n ɪ t i
serge,cmudict,S ER1 JH
serge,wikipron,s ɝ d͡ʒ
sergey,cmudict,S EH1 R JH IY0
sergio,cmudict,S ER1 JH Y OW2
serian,wikipron,s i ɹ i ə n
serle,cmudict,S ER1 AH0 L
serle,wikipron,s ɝ l
serling,cmudict,S ER1 L IH0 NG
serna,cmudict,S EH1 R N AH0
serrano,cmudict,S ER0 AA1 N OW0
serrano,wikipron,s ə ɹ ɑː n ə ʊ
serrate,cmudict,S EH1 R EY2 T
serrate,wikipron,s ə ɹ e ɪ t
sertraline,wikipron,s ɜ ɹ t ɹ ə l i n
serve,cmudict,S ER1 V
serve,wikipron,s ɝ v
seth,cmudict,S EH1 TH
seth,wikipron,s ɛ θ
sett,wikipron,s ɛ t
sewell,cmudict,S UW1 AH0 L
sewell,wikipron,s u ə l
sexton,cmudict,S EH1 K S T AH0 N
sexton,wikipron,s ɛ k s t ə n
seymour,cmudict,S IY1 M AO0 R
seymour,wikipron,s iː m ɔː
sha,cmudict,SH AA1
sha,wikipron,ʃ ɑː
shad,cmudict,SH AE1 D
shad,wikipron,ʃ æ d
shade,cmudict,SH EY1 D
shade,wikipron,ʃ e ɪ d
shadrick,cmudict,SH AE1 D R IH0 K
shafer,cmudict,SH EY1 F ER0
shaffer,cmudict,SH EY1 F ER0
shaffer,wikipron,ʃ e ɪ f ɚ
shah,cmudict,SH AA1
shah,wikipron,ʃ ɑː
shaheed,cmudict,SH AH0 HH IY1 D
shaheed,wikipron,ʃ ə h iː d
shaila,wikipron,ʃ e ɪ l ə
shain,cmudict,SH EY1 N
shaine,cmudict,SH EY1 N
shaka,cmudict,SH AA1 K AH0
shaka,wikipron,ʃ ɑː k ə
shakir,cmudict,SH AE1 K IH0 R
shakira,cmudict,SH AE2 K IY1 R AH0
shalom,cmudict,SH AH0 L OW1 M
shalom,wikipron,ʃ ɑː l o ʊ m
shamel,cmudict,SH AE1 M AH0 L
shamir,cmudict,SH AH0 M IH1 R
shamus,cmudict,SH EY1 M AH0 S
shamus,wikipron,ʃ e ɪ m ə s
shan,cmudict,SH AE1 N
shan,wikipron,ʃ æ n
shana,cmudict,SH AE1 N AH0
shanae,wikipron,ʃ ə n e ɪ
shandy,cmudict,SH AE1 N D IY0
shandy,wikipron,ʃ æ n d i
shane,cmudict,SH EY1 N
shane,wikipron,ʃ e ɪ n
shanice,wikipron,ʃ ə n iː s
shanika,wikipron,ʃ ə n iː k ə
shaniqua,wikipron,ʃ ə n iː k w ə
shanken,cmudict,SH AE1 NG K AH0 N
shanna,cmudict,SH AE1 N AH0
shannon,cmudict,SH AE1 N AH0 N
shannon,wikipron,ʃ æ n ə n
shant,cmudict,SH AA1 N T
shanti,cmudict,SH AE1 N T IY0
shanti,wikipron,ʃ ɑ n t i
shanty,cmudict,SH AE1 N T IY0
shanty,wikipron,ʃ æ n t i
shapiro,cmudict,SH AH0 P IH1 R OW0
shapiro,wikipron,ʃ ə p a ɪ ɹ o ʊ
shar,wikipron,ʃ ɑ ɹ
shara,cmudict,SH AA1 R AH0
shard,cmudict,SH AA1 R D
shard,wikipron,ʃ a ɾ d
sharee,wikipron,ʃ ə ɹ iː
sharell,cmudict,SH AH0 R EH1 L
shari,cmudict,SH AA1 R IY0
sharia,cmudict,SH AA1 R IY0 AH0
sharia,wikipron,ʃ ə ɹ i ə
sharif,cmudict,SH ER0 IY1 F
sharifa,wikipron,ʃ ə ɹ iː f ə
sharla,cmudict,SH AA1 R L AH0
sharleen,cmudict,SH AA0 R L IY1 N
sharlene,cmudict,SH AA1 R L IY2 N
sharline,cmudict,SH AA1 R L AY2 N
sharma,cmudict,SH AA1 R M AH0
sharman,cmudict,SH AA1 R M AH0 N
sharon,cmudict,SH AE1 R AH0 N
sharon,wikipron,ʃ æ ɹ ə n
sharona,wikipron,ʃ ə ɹ o ʊ n ə
sharp,cmudict,SH AA1 R P
sharp,wikipron,ʃ ɑ ɹ p
sharpe,cmudict,SH AA1 R P
sharpe,wikipron,ʃ ɑ ɹ p
sharron,cmudict,SH AE1 R AH0 N
sharry,cmudict,SH AA1 R IY0
sharyl,cmudict,SH AA1 R AH0 L
shasta,cmudict,SH AE1 S T AH0
shasta,wikipron,ʃ æ s t ə
shaun,cmudict,SH AO1 N
shaun,wikipron,ʃ ɑ n
shauna,cmudict,SH AO1 N AH0
shauna,wikipron,ʃ ɔː n ə
shaw,cmudict,SH AO1
shaw,wikipron,ʃ ɑ
shawn,cmudict,SH AO1 N
shawn,wikipron,ʃ ɑ n
shawna,cmudict,SH AO1 N AH0
shawnee,cmudict,SH AO1 N IY0
shay,cmudict,SH EY1
shayla,wikipron,ʃ e ɪ l ə
shayne,cmudict,SH EY1 N
shea,cmudict,SH EY1
shea,wikipron,ʃ e ɪ
sheaf,cmudict,SH IY1 F
sheaf,wikipron,ʃ iː f
shean,cmudict,SH IY1 N
sheba,cmudict,SH IY1 B AH0
sheba,wikipron,ʃ iː b ə
shedrick,cmudict,SH EH1 D R IH0 K
sheehan,cmudict,SH IY1 AH0 N
sheela,cmudict,SH IY1 L AH0
sheela,wikipron,ʃ iː l ə
sheena,cmudict,SH IY1 N AH0
sheets,cmudict,SH IY1 T S
sheets,wikipron,ʃ i t s
sheffield,cmudict,SH EH1 F IY0 L D
sheffield,wikipron,ʃ ɛ f iː l d
sheila,cmudict,SH IY1 L AH0
sheila,wikipron,ʃ iː l ə
sheilah,cmudict,SH IY1 L AH0
shekinah,wikipron,ʃ ə k a j n ə
shelby,cmudict,SH EH1 L B IY0
shelby,wikipron,ʃ ɛ l b i
sheldon,cmudict,SH EH1 L D AH0 N
sheldon,wikipron,ʃ ɛ l d ə n
shelia,cmudict,SH IH1 L Y AH0
shelley,cmudict,SH EH1 L IY0
shelley,wikipron,ʃ ɛ l i
shelly,cmudict,SH EH1 L IY0
shelly,wikipron,ʃ ɛ l i
shelton,cmudict,SH EH1 L T AH0 N
shelton,wikipron,ʃ ɛ l t ə n
shena,cmudict,SH IY1 N AH0
shepard,cmudict,SH EH1 P ER0 D
shepherd,cmudict,SH EH1 P ER0 D
shepherd,wikipron,ʃ ɛ p ə ɹ d
sheppard,cmudict,SH EH1 P ER0 D
sherard,cmudict,SH EH1 R ER0 D
sherbet,cmudict,SH ER1 B AH0 T
sherbet,wikipron,ʃ ɝ b ə t
sherd,wikipron,ʃ ɝ d
shere,cmudict,SH IH1 R
sheree,cmudict,SH ER0 IY1
sheri,cmudict,SH EH1 R IY0
sheridan,cmudict,SH EH1 R IH0 D AH0 N
sheridan,wikipron,ʃ ɛ ɹ ɪ d ə n
sherley,cmudict,SH ER1 L IY0
sherman,cmudict,SH ER1 M AH0 N
sherman,wikipron,ʃ ɜː m ə n
sherod,cmudict,SH EH1 R AH0 D
sherrell,cmudict,SH EH1 R AH0 L
sherri,cmudict,SH EH1 R IY0
sherrie,cmudict,SH EH1 R IY0
sherrill,cmudict,SH EH1 R IH0 L
sherrin,cmudict,SH EH1 R IH0 N
sherrod,cmudict,SH EH1 R AH0 D
sherron,cmudict,SH EH1 R AH0 N
sherry,cmudict,SH EH1 R IY0
sherry,wikipron,ʃ ɛ ɹ i
sherva,cmudict,SH ER1 V AH0
sherwin,cmudict,SH ER1 W IH0 N
sherwood,cmudict,SH ER1 W UH2 D
sherwood,wikipron,ʃ ɝ w ʊ d
sheryl,cmudict,SH EH1 R AH0 L
shiah,cmudict,SH IY1 AH0
shide,wikipron,ʃ a ɪ d
shiela,cmudict,SH AY1 L AH0
shields,cmudict,SH IY1 L D Z
shifter,cmudict,SH IH1 F T ER0
shiloh,cmudict,SH AY1 L OW0
shiloh,wikipron,ʃ a ɪ l o ʊ
shimon,cmudict,SH IY1 M OW0 N
shin,cmudict,SH IH1 N
shin,wikipron,ʃ ɪ n
shipley,cmudict,SH IH1 P L IY0
shipley,wikipron,ʃ ɪ p l i
shira,cmudict,SH IH1 R AH0
shiraz,wikipron,ʃ ɪ ɹ ɑː z
shirell,cmudict,SH IH0 R EH1 L
shirelle,cmudict,SH IH0 R EH1 L
shirin,cmudict,SH IH1 R AH0 N
shirl,cmudict,SH ER1 L
shirl,wikipron,ʃ ɝ l
shirlee,cmudict,SH ER1 L IY0
shirleen,cmudict,SH ER0 L IY1 N
shirlene,cmudict,SH ER1 L IY0 N
shirley,cmudict,SH ER1 L IY0
shirley,wikipron,ʃ ɜː l i
shoemaker,cmudict,SH UW1 M EY2 K ER0
shoemaker,wikipron,ʃ u m e ɪ k ɚ
shon,cmudict,SH AA1 N
shona,cmudict,SH OW1 N AH0
shona,wikipron,ʃ o ʊ n ə
shonda,wikipron,ʃ ɔ n d ə
shone,cmudict,SH OW1 N
shone,wikipron,ʃ o ʊ n
short,cmudict,SH AO1 R T
short,wikipron,ʃ ɔ ɹ t
shorthair,cmudict,SH AO1 R T HH EH2 R
shreiber,cmudict,SH R AY1 B ER0
shumer,cmudict,SH UW1 M ER0
shun,cmudict,SH AH1 N
shun,wikipron,ʃ ʌ n
shushan,wikipron,ʃ uː ʃ æ n
siad,cmudict,S AY1 AE0 D
sian,cmudict,S IY2 AA1 N
sian,wikipron,ʃ ɑ n
sibyl,cmudict,S IH1 B AH0 L
sibyl,wikipron,s ɪ b ə l
sicko,wikipron,s ɪ k o ʊ
sid,cmudict,S IH1 D
sid,wikipron,s ɪ d
sideman,cmudict,S AY1 D M AE2 N
sidney,cmudict,S IH1 D N IY0
sidney,wikipron,s ɪ d n i
sidra,cmudict,S IH1 D R AH0
siegel,cmudict,S IY1 G AH0 L
siegfried,cmudict,S IY1 G F R IY2 D
siegfried,wikipron,s iː ɡ f ɹ iː d
sienna,cmudict,S IY0 EH1 N AH0
sienna,wikipron,s i ɛ n ə
sierra,cmudict,S IY0 EH1 R AH0
sierra,wikipron,s i ɛ ɹ ə
sigmund,cmudict,S IH1 G M AH0 N D
sigrid,cmudict,S IH1 G R IH0 D
sigrid,wikipron,s i ɡ ɹ ɪ d
silas,cmudict,S AY1 L AH0 S
silas,wikipron,s a ɪ l ə s
silo,cmudict,S AY1 L OW0
silo,wikipron,s a ɪ l o ʊ
silva,cmudict,S IH1 L V AH0
silva,wikipron,s ɪ l v ə
silvana,cmudict,S IH0 L V AA1 N AH0
silver,cmudict,S IH1 L V ER0
silver,wikipron,s ɪ l v ɚ
silverio,cmudict,S IY0 L V EH1 R IY0 OW0
silvester,cmudict,S IH0 L V EH1 S T ER0
silvestre,cmudict,S IY0 L V EY1 S T R EY0
silvia,cmudict,S IH1 L V IY0 AH0
silvia,wikipron,s ɪ l v i ə
silvio,cmudict,S IH1 L V IY0 OW0
sim,cmudict,S IH1 M
sim,wikipron,s ɪ m
sima,cmudict,S IY1 M AH0
simba,cmudict,S IH1 M B AH0
simcha,cmudict,S IH1 M HH AH0
simcha,wikipron,s ɪ m h ə
simeon,cmudict,S IH1 M IY0 AH0 N
simeon,wikipron,s ɪ m i ə n
simile,wikipron,s ɪ m ə l i
simmons,cmudict,S IH1 M AH0 N Z
simmons,wikipron,s ɪ m ə n z
simms,cmudict,S IH1 M Z
simms,wikipron,s ɪ m z
simon,cmudict,S AY1 M AH0 N
simon,wikipron,s a ɪ m ə n
simona,cmudict,S IH0 M OW1 N AH0
simone,cmudict,S IH0 M OW1 N
simone,wikipron,s ə m ə ʊ n
simons,cmudict,S AY1 M AH0 N Z
simple,cmudict,S IH1 M P AH0 L
simple,wikipron,s ɪ m p ə l
simpson,cmudict,S IH1 M P S AH0 N
simpson,wikipron,s ɪ m p s ə n
sims,cmudict,S IH1 M Z
sims,wikipron,s ɪ m z
simvastatin,wikipron,s ɪ m v ə s t æ t n̩
sinclair,cmudict,S IH0 N K L EH1 R
sinclair,wikipron,s ɪ ŋ k l ɛ ɚ
sinead,cmudict,S IH0 N EY1 AE0 D
sinead,wikipron,ʃ ɪ n e ɪ d
singer,cmudict,S IH1 NG ER0
singer,wikipron,s ɪ n d͡ʒ ə
singh,cmudict,S IH1 NG
singh,wikipron,s ɪ ŋ
singleton,cmudict,S IH1 NG G AH0 L T AH0 N
singleton,wikipron,s ɪ ŋ ɡ l t ə n
sings,cmudict,S IH1 NG Z
sings,wikipron,s ɪ ŋ z
sinh,wikipron,s a ɪ n e ɪ t͡ʃ
sinker,cmudict,S IH1 NG K ER0
sinker,wikipron,s ɪ ŋ k ə
siobhan,cmudict,SH AW1 B AA2 N
siobhan,wikipron,ʃ ə v ɔː n
sir,cmudict,S ER1
sir,wikipron,s ɝ
sirena,cmudict,S IH0 R EH1 N AH0
sirhan,cmudict,S IH1 R HH AA2 N
siri,cmudict,S IH1 R IY0
sissy,cmudict,S IH1 S IY0
sissy,wikipron,s ɪ s i
sita,wikipron,s iː t ə
sitagliptin,wikipron,s a ɪ t ə ɡ l ɪ p t ɪ n
sixel,wikipron,s ɪ k s ə l
sizemore,cmudict,S AY1 Z M AO0 R
skellington,wikipron,s k ɛ l ɪ ŋ t ə n
sketch,cmudict,S K EH1 CH
sketch,wikipron,s k ɛ t͡ʃ
skinner,cmudict,S K IH1 N ER0
skinner,wikipron,s k ɪ n ɚ
skip,cmudict,S K IH1 P
skip,wikipron,s k ɪ p
skipper,cmudict,S K IH1 P ER0
skipper,wikipron,s k ɪ p ɚ
skull,cmudict,S K AH1 L
skull,wikipron,s k ʌ l
sky,cmudict,S K AY1
sky,wikipron,s k a ɪ
skye,cmudict,S K AY1
skye,wikipron,s k a ɪ
skylar,wikipron,s k a ɪ l ɚ
skyler,wikipron,s k a ɪ l ɚ
slacks,cmudict,S L AE1 K S
slade,cmudict,S L EY1 D
slade,wikipron,s l e ɪ d
slater,cmudict,S L EY1 T ER0
slater,wikipron,s l e ɪ t ɚ
slaughter,cmudict,S L AO1 T ER0
slaughter,wikipron,s l ɑ t ɚ
slavish,cmudict,S L EY1 V IH0 SH
slavish,wikipron,s l ɑː v ɪ ʃ
sled,cmudict,S L EH1 D
sled,wikipron,s l ɛ d
slippy,wikipron,s l ɪ p i
sliver,cmudict,S L IH1 V ER0
sliver,wikipron,s l ɪ v ɚ
slivers,cmudict,S L IH1 V ER0 Z
sloan,cmudict,S L OW1 N
sloan,wikipron,s l o ʊ n
sloane,cmudict,S L OW1 N
sloane,wikipron,s l o ʊ n
slock,wikipron,s l ɒ k
sloth,cmudict,S L OW1 TH
sloth,wikipron,s l ɔ θ
sloves,cmudict,S L OW1 V Z
slow,cmudict,S L OW1
slow,wikipron,s l o ʊ
slown,wikipron,s l o ʊ n
small,cmudict,S M AO1 L
small,wikipron,s m ɑ l
smallwood,cmudict,S M AO1 L W UH2 D
smart,cmudict,S M AA1 R T
smart,wikipron,s m ɑ ɹ t
smell,cmudict,S M EH1 L
smell,wikipron,s m ɛ l
smiley,cmudict,S M AY1 L IY0
smiley,wikipron,s m a ɪ l i
smilow,cmudict,S M IH1 L OW0
smith,cmudict,S M IH1 TH
smith,wikipron,s m ɪ θ
smithburg,cmudict,S M IH1 TH B ER0 G
smokey,cmudict,S M OW1 K IY0
smolder,cmudict,S M OW1 L D ER0
smolder,wikipron,s m o ʊ l d ɚ
snack,cmudict,S N AE1 K
snack,wikipron,s n æ k
snake,cmudict,S N EY1 K
snake,wikipron,s n e ɪ k
sneeze,cmudict,S N IY1 Z
sneeze,wikipron,s n iː z
snell,cmudict,S N EH1 L
snell,wikipron,s n ɛ l
snellenberger,cmudict,S N EH1 L AH0 N B ER0 G ER0
snider,cmudict,S N AY1 D ER0
snider,wikipron,s n a ɪ d ɚ
snow,cmudict,S N OW1
snow,wikipron,s n o ʊ̯
snyder,cmudict,S N AY1 D ER0
soar,cmudict,S AO1 R
soar,wikipron,s ɔː
socrates,cmudict,S AA1 K R AH0 T IY2 Z
socrates,wikipron,s ɑ k ɹ ə t i z
sofia,cmudict,S OW0 F IY1 AH0
sofia,wikipron,s o ʊ f i j ə
soke,wikipron,s o ʊ k
sol,cmudict,S AA1 L
sol,wikipron,s o ʊ l
solace,cmudict,S AA1 L AH0 S
solace,wikipron,s ɑ l ɪ s
solano,cmudict,S OW0 L AA1 N OW0
soledad,cmudict,S OW1 L D AE2 D
solis,cmudict,S OW1 L IH0 S
soloman,cmudict,S OW0 L OW0 M AE1 N
solomon,cmudict,S AA1 L AH0 M AH0 N
solomon,wikipron,s ɑ l ə m ə n
solomos,cmudict,S AA1 L AH0 M OW0 S
solon,cmudict,S OW1 L AH0 N
solon,wikipron,s o ʊ l ɑ n
somer,cmudict,S AH1 M ER0
sommer,cmudict,S AH1 M ER0
son,cmudict,S AH1 N
son,wikipron,s ɒ n
sonder,wikipron,s ɑ n d ɚ
sondra,cmudict,S AA1 N D R AH0
song,cmudict,S AO1 NG
song,wikipron,s ɑ ŋ
soni,cmudict,S OW1 N IY2
sonia,cmudict,S OW1 N Y AA2
sonja,cmudict,S OW1 N Y AA2
sonji,cmudict,S AO1 N JH IY2
sonnenblick,cmudict,S AH0 N EH1 N B L IH0 K
sonnett,cmudict,S AA1 N AH0 T
sonny,cmudict,S AH1 N IY0
sonny,wikipron,s ʌ n i
sonya,cmudict,S OW1 N Y AH0
sophia,cmudict,S OW0 F IY1 AH0
sophia,wikipron,s o ʊ f i ə
sophie,cmudict,S OW1 F IY0
sophie,wikipron,s ə ʊ f i
sophronia,cmudict,S OW0 F R OW1 N IY0 AH0
sophronia,wikipron,s ə f ɹ o ʊ n i ə
sophy,cmudict,S OW1 F IY0
sore,cmudict,S AO1 R
sore,wikipron,s o ɹ
sorensen,cmudict,S AO1 R IH0 N S AH0 N
soriano,cmudict,S AO0 R IY0 AA1 N OW0
sosa,cmudict,S OW1 S AH0
sosa,wikipron,s o ʊ s ə
sotelo,cmudict,S OW0 T EH1 L OW2
soto,cmudict,S OW1 T OW0
souza,cmudict,S UW1 Z AH0
spale,wikipron,s p e ɪ l
spangler,cmudict,S P AE1 NG G AH0 L ER0
spangler,wikipron,s p æ ŋ ɡ l ɚ
spanish,cmudict,S P AE1 N IH0 SH
spanish,wikipron,s p æ n ɪ ʃ
sparkle,cmudict,S P AA1 R K AH0 L
sparkle,wikipron,s p ɑ ɹ k ə l
sparks,cmudict,S P AA1 R K S
spas,cmudict,S P AA1 Z
spas,wikipron,s p ɑː z
spaulding,cmudict,S P AO1 L D IH0 NG
spears,cmudict,S P IH1 R Z
spence,cmudict,S P EH1 N S
spence,wikipron,s p ɛ n s
spencer,cmudict,S P EH1 N S ER0
spencer,wikipron,s p ɛ n s ɚ
spender,cmudict,S P EH1 N D ER0
spender,wikipron,s p ɛ n d ɚ
spendley,cmudict,S P EH1 N D L IY0
spenser,cmudict,S P EH1 N S ER0
spenser,wikipron,s p ɛ n s ɚ
spicer,cmudict,S P AY1 S ER0
spicer,wikipron,s p a ɪ s ɚ
spill,cmudict,S P IH1 L
spill,wikipron,s p ɪ l
spin,cmudict,S P IH1 N
spin,wikipron,s p ɪ n
spinoza,cmudict,S P IH0 N OW1 Z AH0
spiro,cmudict,S P IH1 R OW2
spiro,wikipron,s p a ɪ ɹ o ʊ
spironolactone,wikipron,s p a ɪ ɹ ə n o ʊ l æ k t o ʊ n
spiros,cmudict,S P IH1 R OW2 Z
spivey,cmudict,S P IH1 V IY0
sprague,cmudict,S P R EY1 G
spring,cmudict,S P R IH1 NG
spring,wikipron,s p ɹ ɪ ŋ
springer,cmudict,S P R IH1 NG ER0
sprunt,wikipron,s p ɹ ʌ n t
spurgeon,cmudict,S P ER1 JH IH0 N
sta,cmudict,S T AH1
stable,cmudict,S T EY1 B AH0 L
stable,wikipron,s t e ɪ b ə l
stacey,cmudict,S T EY1 S IY0
stacia,cmudict,S T AA1 CH AH0
stacie,cmudict,S T EY1 S IY0
stacy,cmudict,S T EY1 S IY0
stacy,wikipron,s t e ɪ s i
stafford,cmudict,S T AE1 F ER0 D
stafford,wikipron,s t æ f ə d
stagger,cmudict,S T AE1 G ER0
stagger,wikipron,s t e ɪ̯ ɡ ɚ
stahl,cmudict,S T AA1 L
staley,cmudict,S T EY1 L IY0
stalk,cmudict,S T AO1 K
stalk,wikipron,s t ɔ k
stamford,cmudict,S T AE1 M F ER0 D
stan,cmudict,S T AE1 N
stan,wikipron,s t æ n
stance,cmudict,S T AE1 N S
stance,wikipron,s t æ n s
stanch,cmudict,S T AE1 N CH
stanch,wikipron,s t æ n t ʃ
standley,cmudict,S T AE1 N D L IY0
stanford,cmudict,S T AE1 N F ER0 D
stanford,wikipron,s t æ n f ə ɹ d
stanley,cmudict,S T AE1 N L IY0
stanley,wikipron,s t æ n l i
stanly,cmudict,S T AE1 N L IY0
stanton,cmudict,S T AE1 N T AH0 N
stanton,wikipron,s t æ n t ə n
stap,wikipron,s t æ p
stapleton,cmudict,S T EY1 P AH0 L T AH0 N
star,cmudict,S T AA1 R
star,wikipron,s t ɑ ɹ
stark,cmudict,S T AA1 R K
stark,wikipron,s t ɑ ɹ k
starks,cmudict,S T AA1 R K S
starlet,cmudict,S T AA1 R L AH0 T
starlet,wikipron,s t ɑ ɹ l ɪ t
starling,cmudict,S T AA1 R L IH0 NG
starling,wikipron,s t ɑ ɹ l ɪ ŋ
starr,cmudict,S T AA1 R
starr,wikipron,s t ɑ ɹ
starts,cmudict,S T AA1 R T S
stats,cmudict,S T AE1 T S
stats,wikipron,s t æ t s
stavros,cmudict,S T AH0 V R OW1 Z
steamer,cmudict,S T IY1 M ER0
steamer,wikipron,s t i m ɚ
steele,cmudict,S T IY1 L
steele,wikipron,s t iː l
stef,wikipron,s t ɛ f
stefan,cmudict,S T EH1 F AA0 N
stefani,cmudict,S T EH1 F AH0 N IY0
stefanie,cmudict,S T EH1 F AH0 N IY0
stefano,cmudict,S T EH1 F AH0 N OW0
steffan,cmudict,S T EH1 F AH0 N
steffen,cmudict,S T EH1 F AH0 N
steffi,cmudict,S T EH1 F IY0
stein,cmudict,S T AY1 N
stein,wikipron,s t a ɪ n
steiner,cmudict,S T AY1 N ER0
steiner,wikipron,s t a ɪ n ɚ
stella,cmudict,S T EH1 L AH0
stella,wikipron,s t ɛ l ə
stent,cmudict,S T EH1 N T
stent,wikipron,s t ɛ n t
stephan,cmudict,S T EH1 F AH0 N
stephane,cmudict,S T EH0 F AA1 N
stephani,cmudict,S T EH1 F AH0 N IY0
stephania,cmudict,S T IH0 F AE1 N IY0 AH0
stephanie,cmudict,S T EH1 F AH0 N IY0
stephanie,wikipron,s t ɛ f ə n i
stephany,cmudict,S T EH1 F AH0 N IY0
stephen,cmudict,S T IY1 V AH0 N
stephen,wikipron,s t iː v ə n
stephens,cmudict,S T IY1 V AH0 N Z
stephens,wikipron,s t iː f ə n z
stephenson,cmudict,S T IY1 V AH0 N S AH0 N
sterling,cmudict,S T ER1 L IH0 NG
sterling,wikipron,s t ɝ l ɪ ŋ
stern,cmudict,S T ER1 N
stern,wikipron,s t ɝ n
stetson,cmudict,S T EH1 T S AH0 N
stettin,wikipron,s t ɛ t ɪ n
steve,cmudict,S T IY1 V
steve,wikipron,s t iː v
steven,cmudict,S T IY1 V AH0 N
steven,wikipron,s t iː v ə n
stevens,cmudict,S T IY1 V AH0 N Z
stevenson,cmudict,S T IY1 V AH0 N S AH0 N
stevenson,wikipron,s t iː v ə n s ə n
stevie,cmudict,S T IY1 V IY0
steward,cmudict,S T UW1 ER0 D
steward,wikipron,s t u ɚ d
stewart,cmudict,S T UW1 ER0 T
stewart,wikipron,s t j u ɚ t
stiegemeier,cmudict,S T IY1 JH AH0 M AY2 R
stifle,cmudict,S T AY1 F AH0 L
stifle,wikipron,s t a ɪ f l
stiles,cmudict,S T AY1 L Z
stingo,wikipron,s t ɪ ŋ ɡ ə ʊ
stinson,cmudict,S T IH1 N S AH0 N
stokes,cmudict,S T OW1 K S
stole,cmudict,S T OW1 L
stole,wikipron,s t o ʊ l
stoma,cmudict,S T OW1 M AH0
stoma,wikipron,s t o ʊ m ə
stone,cmudict,S T OW1 N
stone,wikipron,s t o ʊ̯ n
stoney,cmudict,S T OW1 N IY0
stony,cmudict,S T OW1 N IY0
stony,wikipron,s t o ʊ n i
storm,cmudict,S T AO1 R M
storm,wikipron,s t ɔ ɹ m
stormy,cmudict,S T AO1 R M IY0
stormy,wikipron,s t ɔ ɹ m i
storrow,cmudict,S T AA1 R OW0
story,cmudict,S T AO1 R IY0
story,wikipron,s t ɔ ɹ i
stout,cmudict,S T AW1 T
stout,wikipron,s t a ʊ t
stover,cmudict,S T OW1 V ER0
stover,wikipron,s t o ʊ v ɚ
straining,cmudict,S T R EY1 N IH0 NG
stratton,cmudict,S T R AE1 T AH0 N
stravinsky,cmudict,S T R AH0 V IH1 N S K IY0
strawberry,cmudict,S T R AO1 B EH2 R IY0
strawberry,wikipron,s t ɹ ɑ b ɛ ɹ i
street,cmudict,S T R IY1 T
street,wikipron,s t ɹ i t
strickland,cmudict,S T R IH1 K L AH0 N D
stroessner,cmudict,S T R OW1 S N ER0
stroke,cmudict,S T R OW1 K
stroke,wikipron,s t ɹ o ʊ k
strong,cmudict,S T R AO1 NG
strong,wikipron,s t ɹ ɔ ŋ
strongman,cmudict,S T R AO1 NG M AE2 N
stroud,cmudict,S T R AW1 D
stroud,wikipron,s t ɹ a ʊ d
stuart,cmudict,S T UW1 ER0 T
stuart,wikipron,s t j u ɚ t
stubbs,cmudict,S T AH1 B Z
stubbs,wikipron,s t ʌ b z
studds,cmudict,S T AH1 D Z
su,cmudict,S UW1
su,wikipron,s u
suarez,cmudict,S W AA0 R EH1 Z
suckling,cmudict,S AH1 K L IH0 NG
sudaria,wikipron,s j u d e ɹ i ə
sue,cmudict,S UW1
sue,wikipron,s uː
sued,cmudict,S UW1 D
sued,wikipron,s j uː d
sues,cmudict,S UW1 Z
suey,cmudict,S UW1 IY0
suey,wikipron,s uː i
sulfadiazine,wikipron,s ʌ l f ə d a ɪ ə z iː n
sulfamethoxazole,wikipron,s ʌ l f ə m ɛ θ ɑ k s ə z o ʊ l
sullivan,cmudict,S AH1 L AH0 V AH0 N
sullivan,wikipron,s ʌ l ɪ v ə n
sultan,cmudict,S AH1 L T AH0 N
sultan,wikipron,s ʌ l t ə n
sumer,wikipron,s uː m ɚ
summer,cmudict,S AH1 M ER0
summer,wikipron,s ʌ m ɚ
summers,cmudict,S AH1 M ER0 Z
sumner,cmudict,S AH1 M N ER0
sumner,wikipron,s ʌ m n ɚ
sun,cmudict,S AH1 N
sun,wikipron,s ʌ n
sundae,cmudict,S AH1 N D EY0
sundae,wikipron,s u n d e ɪ
sunday,cmudict,S AH1 N D EY2
sunday,wikipron,s ʌ n d e ɪ
sundown,cmudict,S AH1 N D AW2 N
sundown,wikipron,s ʌ n d a ʊ n
sung,cmudict,S AH1 NG
sung,wikipron,s ʌ ŋ
suni,cmudict,S UW1 N IY0
sunil,cmudict,S UW0 N IH1 L
sunita,wikipron,s uː n iː t ə
sunni,cmudict,S UW1 N IY0
sunni,wikipron,s ʊ n i
sunny,cmudict,S AH1 N IY0
sunny,wikipron,s ʌ n i
sunshine,cmudict,S AH1 N SH AY2 N
sunshine,wikipron,s ʌ n ʃ a ɪ n
supper,cmudict,S AH1 P ER0
supper,wikipron,s ʌ p ɚ
susan,cmudict,S UW1 Z AH0 N
susan,wikipron,s uː z ə n
susana,cmudict,S UW0 S AA1 N AH0
susann,cmudict,S UW2 Z AE1 N
susanna,cmudict,S UW0 Z AE1 N AH0
susannah,cmudict,S UW2 S AE1 N AH0
susanne,cmudict,S UW2 Z AE1 N
susanne,wikipron,s uː s ɑ n ə
susette,cmudict,S UW2 Z EH1 T
susette,wikipron,s u z ɛ t
susi,cmudict,S UW1 S IY0
susie,cmudict,S UW1 Z IY0
susy,cmudict,S UW1 Z IY0
sutherland,cmudict,S AH1 DH ER0 L AH0 N D
sutherland,wikipron,s ʌ ð ə l ə n d
sutro,cmudict,S UW1 T R OW0
sutton,cmudict,S AH1 T AH0 N
sutton,wikipron,s ʌ t ə n
suzanna,cmudict,S UW2 Z AE1 N AH0
suzanne,cmudict,S UW0 Z AE1 N
suzanne,wikipron,s uː z æ n
suzette,cmudict,S UW2 Z EH1 T
suzette,wikipron,s u z ɛ t
suzie,cmudict,S AH1 Z IY0
suzy,cmudict,S UW1 Z IY0
sven,cmudict,S V EH1 N
swain,cmudict,S W EY1 N
swain,wikipron,s w e ɪ n
swan,cmudict,S W AA1 N
swan,wikipron,s w ɑ n
swanson,cmudict,S W AA1 N S AH0 N
swanson,wikipron,s w ɒ n s ə n
swartz,cmudict,S W AO1 R T S
swartz,wikipron,s w ɔ ɹ t s
sweden,cmudict,S W IY1 D AH0 N
sweden,wikipron,s w i d ə n
sweeney,cmudict,S W IY1 N IY0
sweeney,wikipron,s w iː n i
sweet,cmudict,S W IY1 T
sweet,wikipron,s w i t
sweig,cmudict,S W AY1 G
swenson,cmudict,S W EH1 N S AH0 N
swift,cmudict,S W IH1 F T
swift,wikipron,s w ɪ f t
switch,cmudict,S W IH1 CH
switch,wikipron,s w ɪ t͡ʃ
sy,cmudict,S AY1
sy,wikipron,s a ɪ
sybil,cmudict,S IH1 B IH0 L
sydney,cmudict,S IH1 D N IY0
syed,cmudict,S AY1 D
sykes,cmudict,S AY1 K S
sykes,wikipron,s a ɪ k s
sylvan,cmudict,S IH1 L V AH0 N
sylvan,wikipron,s ɪ l v ə n
sylvana,cmudict,S IH0 L V AE1 N AH0
sylvester,cmudict,S IH0 L V EH1 S T ER0
sylvester,wikipron,s ɪ l v ɛ s t ɚ
sylvia,cmudict,S IH1 L V IY0 AH0
sylvie,cmudict,S IH1 L V IY0
syn,cmudict,S IH1 N
synhorst,cmudict,S IH1 N HH AO2 R S T
syria,cmudict,S IH1 R IY0 AH0
syria,wikipron,s ɪ ɹ i ə
szollosi,wikipron,s ə l ɑ s i
tab,cmudict,T AE1 B
tab,wikipron,t æ b
tabitha,cmudict,T AE1 B IH0 TH AH0
tabitha,wikipron,t æ b ɪ θ ə
tacey,cmudict,T EY1 S IY0
tacey,wikipron,t e ɪ s i
tacho,wikipron,t æ k ə ʊ
tackett,cmudict,T AE1 K IH0 T
tacy,cmudict,T EY1 S IY0
tad,cmudict,T AE1 D
tad,wikipron,t æ d
tadd,cmudict,T AE1 D
taffel,cmudict,T AE1 F AH0 L
taffy,cmudict,T AE1 F IY0
taffy,wikipron,t æ f i
taft,cmudict,T AE1 F T
taft,wikipron,t æ f t
tagalog,cmudict,T AE1 G AH0 L AA2 G
tagalog,wikipron,t ə ɡ ɑ l ɔ ɡ
tai,cmudict,T AY1
tai,wikipron,t a ɪ
taino,wikipron,t a ɪ n o ʊ
taira,cmudict,T AA0 IH1 R AH0
tait,cmudict,T EY1 T
tait,wikipron,t e ɪ t
taiwan,cmudict,T AY1 W AA1 N
taiwan,wikipron,t a ɪ̯ w ɑ n
taj,cmudict,T AA1 ZH
tajik,cmudict,T AA1 JH IH0 K
tajik,wikipron,t æ d͡ʒ iː k
takara,cmudict,T AA0 K AA1 R AH0
taku,cmudict,T AA1 K UW2
tal,cmudict,T AA1 L
talbert,cmudict,T AE1 L B ER0 T
tali,wikipron,t e ɪ l a ɪ
talisman,cmudict,T AE1 L IH0 S M AH0 N
talisman,wikipron,t æ l ɪ s m æ n
talitha,cmudict,T AE1 L IH0 DH AH0
talitha,wikipron,t æ l ɪ θ ə
talker,cmudict,T AO1 K ER0
talker,wikipron,t ɔ k ɚ
talley,cmudict,T AE1 L IY0
tally,cmudict,T AE1 L IY0
tally,wikipron,t æ l i
talmadge,cmudict,T AE1 L M AE0 JH
talmage,cmudict,T AE1 L M IH0 JH
talon,cmudict,T AE1 L AH0 N
talon,wikipron,t æ l ə n
tam,cmudict,T AE1 M
tam,wikipron,t æ m
tama,cmudict,T AA1 M AH0
tamar,wikipron,t e ɪ m ɑː
tamara,cmudict,T AH0 M AA1 R AH0
tambo,cmudict,T AE1 M B OW0
tamer,cmudict,T EY1 M ER0
tamer,wikipron,t e ɪ m ɚ
tami,cmudict,T AE1 M IY0
tammi,wikipron,t æ m i
tammie,cmudict,T AE1 M IY0
tammy,cmudict,T AE1 M IY0
tammy,wikipron,t æ m i
tamsulosin,wikipron,t æ m s uː l ə s ɪ n
tan,cmudict,T AE1 N
tan,wikipron,t æ n
tandy,cmudict,T AE1 N D IY0
tang,cmudict,T AE1 NG
tang,wikipron,t æ ŋ
tangy,wikipron,t æ ŋ iː
tani,cmudict,T AA1 N IY0
tania,cmudict,T AA1 N Y AH0
tanis,cmudict,T AE1 N IH0 S
tanis,wikipron,t e ɪ n ɪ s
tanking,cmudict,T AE1 NG K IH0 NG
tanner,cmudict,T AE1 N ER0
tanner,wikipron,t æ n ɚ
tannhauser,cmudict,T AE1 N HH AW2 Z ER0
tanya,cmudict,T AA1 N Y AH0
tanya,wikipron,t ɑ n j ə
tanzania,cmudict,T AE0 N Z EY1 N IY0 AH0
tanzania,wikipron,t æ n z ə n i ə
tapia,cmudict,T AA1 P IY0 AH0
tapie,cmudict,T AE1 P IY0
tapie,wikipron,t æ p i
tara,cmudict,T EH1 R AH0
tara,wikipron,t æ ɹ ə
taras,cmudict,T AA1 R AH0 Z
tarin,cmudict,T AA1 R IY0 N
tariq,cmudict,T AA2 R IY1 K
tariq,wikipron,t æ ɹ ɪ k
tarrance,cmudict,T AA1 R AH0 N S
tarry,cmudict,T EH1 R IY0
tarry,wikipron,t e ɹ i
tasha,cmudict,T AE1 SH AH0
tassie,wikipron,t æ z i
tate,cmudict,T EY1 T
tate,wikipron,t e ɪ t
tatiana,cmudict,T AE2 T IY2 AE1 N AA2
tatiana,wikipron,t æ t i ɑː n ə
tatsuno,cmudict,T AE2 T S UW1 N OW2
tatters,cmudict,T AE1 T ER0 Z
tatters,wikipron,t æ t ɚ z
tatum,cmudict,T EY1 T AH0 M
tatum,wikipron,t e ɪ t ə m
tatyana,cmudict,T AA0 T Y AA1 N AA0
taunt,cmudict,T AO1 N T
taunt,wikipron,t ɑ n t
taurus,cmudict,T AO1 R AH0 S
taurus,wikipron,t ɑ ɹ ə s
tavares,cmudict,T AA0 V AA1 R EH0 S
tavis,cmudict,T AA1 V IH0 S
tawana,cmudict,T AA2 W AA1 N AH0
tawfiq,cmudict,T AA1 F IH0 K
tawn,wikipron,t ɔ n
tawney,cmudict,T AO1 N IY0
tawney,wikipron,t ɔː n i
tawny,cmudict,T AA1 N IY0
tawny,wikipron,t ɔ n i
tayler,cmudict,T EY1 L ER0
taylor,cmudict,T EY1 L ER0
taylor,wikipron,t e ɪ l ɚ
teague,cmudict,T IY1 G
teal,cmudict,T IY1 L
teal,wikipron,t i l
teco,cmudict,T IY1 K OW0
tecumseh,cmudict,T AH0 K AH1 M S AH0
ted,cmudict,T EH1 D
ted,wikipron,t ɛ d
tedd,wikipron,t ɛ d
teddie,cmudict,T EH1 D IY0
teddy,cmudict,T EH1 D IY0
teddy,wikipron,t ɛ d i
tedrick,cmudict,T EH1 D R IH0 K
teela,wikipron,t i l ə
teena,cmudict,T IY1 N AH0
tegan,wikipron,t iː ɡ ə n
tela,wikipron,t iː l ə
tellez,cmudict,T EY0 L EH1 Z
telly,cmudict,T EH1 L IY0
telly,wikipron,t ɛ l i
tempest,cmudict,T EH1 M P AH0 S T
tempest,wikipron,t ɛ m p ə s t
temple,cmudict,T EH1 M P AH0 L
temple,wikipron,t ɛ m p l̩
tena,cmudict,T EH1 N AH0
teodoro,cmudict,T IY2 OW0 D AO1 R OW0
tepperman,cmudict,T EH1 P ER0 M AH0 N
tequila,cmudict,T AH0 K IY1 L AH0
ter,cmudict,T ER1
terbinafine,wikipron,t ɚ b ɪ n ə f i n
terence,cmudict,T EH1 R AH0 N S
terence,wikipron,t ɛ ɹ ə n s
teres,wikipron,t iː ɹ iː s
teresa,cmudict,T ER0 IY1 S AH0
teresa,wikipron,t ə ɹ iː s ə
terese,cmudict,T EH1 R IY0 Z
teresita,cmudict,T ER0 EH0 S IY1 T AH0
teressa,cmudict,T ER0 EH1 S AH0
tereza,cmudict,T ER0 EY1 Z AH0
teri,cmudict,T EH1 R IY0
terra,cmudict,T EH1 R AA2
terrace,cmudict,T EH1 R AH0 S
terrace,wikipron,t ɛ ɹ ə s
terral,cmudict,T EH1 R AH0 L
terrance,cmudict,T EH1 R AH0 N S
terre,cmudict,T EH1 R AH0
terrel,cmudict,T EH1 R AH0 L
terrell,cmudict,T EH1 R AH0 L
terrence,cmudict,T EH1 R AH0 N S
terri,cmudict,T EH1 R IY0
terrie,cmudict,T EH1 R IY0
terrill,cmudict,T EH1 R AH0 L
terris,cmudict,T EH1 R IH0 S
terry,cmudict,T EH1 R IY0
terry,wikipron,t ɛ ɹ i
tesla,cmudict,T EH1 S L AH0
tesla,wikipron,t ɛ s l ə
tess,cmudict,T EH1 S
tess,wikipron,t ɛ s
tessa,cmudict,T EH1 S AH0
tessa,wikipron,t ɛ s ə
tessie,cmudict,T EH1 S IY0
tether,cmudict,T EH1 DH ER0
tether,wikipron,t ɛ ð ɚ
teton,cmudict,T IY1 T AH0 N
teton,wikipron,t i t ɑ n
tevis,cmudict,T EH1 V IH0 S
tex,cmudict,T EH1 K S
tex,wikipron,t ɛ k
thacker,cmudict,TH AE1 K ER0
thad,cmudict,TH AE1 D
thad,wikipron,θ æ d
thaddaeus,wikipron,θ æ d iː ə s
thaddeus,cmudict,TH AE1 D IY0 AH0 S
thai,cmudict,T AY1
thai,wikipron,t a ɪ
thais,cmudict,T AY1 Z
thalia,cmudict,TH EY1 L Y AH0
thalia,wikipron,θ ɑː l i ə
thane,cmudict,TH EY1 N
thane,wikipron,θ e ɪ n
thanh,cmudict,TH AE1 N
thao,cmudict,DH AW1
thao,wikipron,θ a ʊ
thayer,cmudict,TH EY1 ER0
thayne,cmudict,TH EY1 N
thea,cmudict,TH IY1 AH0
thea,wikipron,θ iː ə
theda,cmudict,TH IY1 D AA2
thelma,cmudict,TH EH1 L M AH0
theo,cmudict,TH IY1 OW0
theo,wikipron,θ i o ʊ
theodor,cmudict,TH IY1 AH0 D ER0
theodora,cmudict,TH IY2 AH0 D AO1 R AH0
theodore,cmudict,TH IY1 AH0 D AO2 R
theodore,wikipron,θ i ə d ɔ ɹ
theodosia,wikipron,θ i ə d o ʊ ʒ ə
theola,cmudict,TH IY1 AH0 L AH0
theophilus,wikipron,θ iː ɒ f ɪ l ə s
thera,cmudict,TH EH1 R AH0
theresa,cmudict,T ER0 IY1 S AH0
therese,cmudict,TH EH1 R IY0 S
thermos,cmudict,TH ER1 M AH0 S
thermos,wikipron,θ ɝ m ə s
theron,cmudict,TH EH1 R AH0 N
theron,wikipron,θ ə ɹ o ʊ n
thewlis,cmudict,TH Y UW1 L IH0 S
thien,cmudict,TH IY1 N
thierry,cmudict,TH IH0 R IY1
third,cmudict,TH ER1 D
third,wikipron,θ ɚ d
thom,cmudict,T AA1 M
thomas,cmudict,T AA1 M AH0 S
thomas,wikipron,t ɑ m ə s
thomasina,cmudict,TH OW0 M AA0 S IY1 N AH0
thomasina,wikipron,t ɑ m ə s i n ə
thomasine,cmudict,TH OW0 M AA0 S IY1 N IY0
thomasine,wikipron,t ɑ m ə s a ɪ n
thomason,cmudict,TH AA1 M AH0 S AH0 N
thomason,wikipron,t ɑ m ə s ə n
thompson,cmudict,T AA1 M P S AH0 N
thompson,wikipron,t ɑ m p s ə n
thomson,cmudict,T AA1 M S AH0 N
thomson,wikipron,t ɑ m s ə n
thor,cmudict,TH AO1 R
thor,wikipron,θ o ɹ
thorne,cmudict,TH AO1 R N
thornton,cmudict,TH AO1 R N T AH0 N
thornton,wikipron,θ ɔː n t ə n
thorpe,cmudict,TH AO1 R P
thorpe,wikipron,θ ɔ ɹ p
thuot,cmudict,TH AW1 T
thurman,cmudict,TH ER1 M AH0 N
thurmon,cmudict,TH ER1 M AH0 N
thurmond,cmudict,TH ER1 M AH0 N D
thurston,cmudict,TH ER1 S T AH0 N
thurston,wikipron,θ ɝ s t ə n
thuy,cmudict,T UW1
thygerson,cmudict,TH AY1 G ER0 S AH0 N
thyra,cmudict,TH AY1 R AH0
tia,cmudict,T IY1 AH0
tiara,cmudict,T IY0 AA1 R AH0
tiara,wikipron,t i æ ɹ ə
tibby,cmudict,T IH1 B IY0
tibi,cmudict,T IH1 B IY2
ticker,cmudict,T IH1 K ER0
ticker,wikipron,t ɪ k ə
tidwell,cmudict,T IH1 D W AH0 L
tiel,wikipron,t iː l
tien,cmudict,T Y EH1 N
tierney,cmudict,T IH1 R N IY0
tiffany,cmudict,T IH1 F AH0 N IY0
tiffany,wikipron,t ɪ f ə n i
tijuana,cmudict,T IH0 W AA1 N AH0
tijuana,wikipron,t i h w ɑ n ə
tiki,cmudict,T IY1 K IY1
tiki,wikipron,t iː k iː
tilburg,wikipron,t ɪ l b ɜ ɹ ɡ
tilda,cmudict,T IH1 L D AH0
tilden,cmudict,T IH1 L D AH0 N
tillie,cmudict,T IH1 L IY0
tilling,cmudict,T IH1 L IH0 NG
tillman,cmudict,T IH1 L M AH0 N
tim,cmudict,T IH1 M
tim,wikipron,t ɪ m
timber,cmudict,T IH1 M B ER0
timber,wikipron,t ɪ m b ɚ
time,cmudict,T AY1 M
time,wikipron,t a ɪ m
timer,cmudict,T AY1 M ER0
timer,wikipron,t a ɪ m ɚ
timm,cmudict,T IH1 M
timmie,cmudict,T IH1 M IY0
timmons,cmudict,T IH1 M AH0 N Z
timmy,cmudict,T IH1 M IY0
timmy,wikipron,t ɪ m i
timothy,cmudict,T IH1 M AH0 TH IY0
timothy,wikipron,t ɪ m ə θ i
tina,cmudict,T IY1 N AH0
tina,wikipron,t iː n ə
tinia,wikipron,t ɪ n i ə
tink,wikipron,t ɪ ŋ k
tinman,cmudict,T IH1 N M AE2 N
tinman,wikipron,ɪ n m ə n
tino,cmudict,T IY1 N OW0
tiny,cmudict,T AY1 N IY0
tiny,wikipron,t a ɪ n i
tipton,cmudict,T IH1 P T AH0 N
tirrell,cmudict,T IH0 R EY1 L
tish,cmudict,T IH1 SH
titania,cmudict,T AH0 T AA1 N Y AH0
titania,wikipron,t ɪ t ɑː n i ə
titi,wikipron,t iː t iː
tito,cmudict,T IY1 T OW0
titre,wikipron,t a ɪ t ɚ
titus,cmudict,T AY1 T AH0 S
titus,wikipron,t a ɪ t ə s
tobe,cmudict,T OW1 B
tobe,wikipron,t ə ʊ b
tobey,cmudict,T OW1 B IY0
tobias,cmudict,T AH0 B AY1 AH0 S
tobias,wikipron,t ə b a ɪ ə s
tobie,cmudict,T OW1 B IY0
tobin,cmudict,T OW1 B IH0 N
tobin,wikipron,t o ʊ b ɪ n
toby,cmudict,T OW1 B IY0
toby,wikipron,t o ʊ b i
tod,cmudict,T AA1 D
tod,wikipron,t ɑ d
todd,cmudict,T AA1 D
todd,wikipron,t ɑ d
tokay,wikipron,t o ʊ k e ɪ
tolbert,cmudict,T OW1 L B ER0 T
toledo,cmudict,T AH0 L IY1 D OW0
toledo,wikipron,t ə l e ɪ d o ʊ
tom,cmudict,T AA1 M
tom,wikipron,t ɑ m
toma,cmudict,T OW1 M AH0
tomas,cmudict,T OW0 M AA1 S
tomasina,cmudict,T AO2 M AH0 S IY1 N AH0
tomlinson,cmudict,T AA1 M L IH0 N S AH0 N
tomlinson,wikipron,t ɑ m l ɪ n s ə n
tommie,cmudict,T AA1 M IY0
tommy,cmudict,T AA1 M IY0
tommy,wikipron,t ɑ m i
tompkins,cmudict,T AA1 M P K IH0 N Z
tonda,cmudict,T AA1 N D AH0
toney,cmudict,T OW1 N IY0
toni,cmudict,T OW1 N IY0
tonia,cmudict,T OW1 N IY0 AH0
tonie,cmudict,T OW1 N IY0
tony,cmudict,T OW1 N IY0
tony,wikipron,t o ʊ n i
tonya,cmudict,T AA1 N Y AH0
tools,cmudict,T UW1 L Z
tools,wikipron,t uː l z
topi,wikipron,t ə ʊ p i
tor,cmudict,T AO1 R
tor,wikipron,t ɔ ɹ
tordella,cmudict,T AO2 R D EH1 L AH0
torey,cmudict,T AO1 R IY0
tori,cmudict,T AO1 R IY0
tori,wikipron,t o ɹ i
toria,cmudict,T AO1 R IY2 AH0
torian,cmudict,T AO1 R IY0 AH0 N
toribio,cmudict,T AO0 R IY1 B IY0 OW0
toric,wikipron,t ɔ ɹ ɪ k
torie,cmudict,T AO1 R IY2
torley,cmudict,T AO1 R L IY0
torrance,cmudict,T AO1 R AH0 N S
torre,cmudict,T AO1 R
torrence,cmudict,T AO1 R AH0 N S
torres,cmudict,T AO1 R EH2 Z
torrey,cmudict,T AO1 R IY0
torrington,cmudict,T AO1 R IH0 NG T AH0 N
torry,cmudict,T AO1 R IY0
tory,cmudict,T AO1 R IY0
tory,wikipron,t o ɹ i
tos,wikipron,t ɔ s
tose,wikipron,t o ʊ z
toshiba,cmudict,T OW0 SH IY1 B AH0
toth,cmudict,T AA1 TH
tottenham,cmudict,T AA1 T AH0 N AH0 M
touche,cmudict,T UW1 SH
tour,cmudict,T UH1 R
tour,wikipron,t ɔ ɹ
toussaint,cmudict,T UW0 S AE1 N
tovar,cmudict,T OW0 V AA1 R
towbin,cmudict,T OW1 B IH2 N
townsend,cmudict,T AW1 N Z AH0 N D
townsend,wikipron,t a ʊ n z ə n d
toy,cmudict,T OY1
toy,wikipron,t ɔ ɪ
toya,cmudict,T OY1 AH0
toye,cmudict,T OY1
trabant,wikipron,t ɹ æ b æ n t
trace,cmudict,T R EY1 S
trace,wikipron,t ɹ e ɪ s
tracey,cmudict,T R EY1 S IY0
tracey,wikipron,t ɹ e ɪ s i
traci,cmudict,T R EY1 S IY0
tracie,cmudict,T R EY1 S IY0
tracy,cmudict,T R EY1 S IY0
tracy,wikipron,t ɹ e ɪ s i
tram,cmudict,T R AE1 M
tramadol,wikipron,t ɹ æ m ə d ɔ l
tramell,cmudict,T R AA0 M EY1 L
tran,cmudict,T R AE1 N
tran,wikipron,t ɹ æ n
trance,cmudict,T R AE1 N S
trance,wikipron,t ɹ æ n s
trang,cmudict,T R AE1 NG
trapper,cmudict,T R AE1 P ER0
trapper,wikipron,t ɹ æ p ɚ
traveller,cmudict,T R AE1 V AH0 L ER0
traveller,wikipron,t ɹ æ v l̩ ɚ
travers,cmudict,T R AE1 V ER0 Z
travis,cmudict,T R AE1 V IH0 S
travis,wikipron,t ɹ æ v ɪ s
tray,cmudict,T R EY1
tray,wikipron,t ɹ e ɪ
treasure,cmudict,T R EH1 ZH ER0
treasure,wikipron,t ɹ ɛ ʒ ɚ
treble,cmudict,T R EH1 B AH0 L
treble,wikipron,t ɹ ɛ b ə l
trejo,cmudict,T R EY1 Y OW0
trella,cmudict,T R EH1 L AH0
trellis,cmudict,T R EH1 L AH0 S
trellis,wikipron,t ɹ ɛ l ɪ s
tremain,cmudict,T R EH1 M AY0 N
tremaine,cmudict,T R IH0 M EY1 N
tremayne,cmudict,T R EH1 M EY0 N
tren,wikipron,t ɹ ɛ n
trent,cmudict,T R EH1 N T
trent,wikipron,t ɹ ɛ n t
trenton,cmudict,T R EH1 N T AH0 N
trenton,wikipron,t ɹ ɛ n t ə n
trevino,cmudict,T R AH0 V IY1 N OW0
trevon,wikipron,t ɹ ɛ v ɑː n
trevor,cmudict,T R EH1 V ER0
trevor,wikipron,t ɹ ɛ v ɚ
trey,cmudict,T R EY1
trey,wikipron,t ɹ e ɪ
tri,cmudict,T R AY1
tri,wikipron,t ɹ a ɪ
triana,cmudict,T R IY0 AE1 N AH0
tribune,cmudict,T R IH1 B Y UW0 N
tribune,wikipron,t ɹ ɪ b j uː n
tricia,cmudict,T R IH1 SH AH0
tricia,wikipron,t ɹ ɪ ʃ ə
trieste,cmudict,T R IY1 S T
trieste,wikipron,t ɹ iː ɛ s t
trimethoprim,wikipron,t ɹ a ɪ m ɛ θ ə p ɹ ɪ m
trimmings,cmudict,T R IH1 M IH0 NG Z
trinh,cmudict,T R IH1 N
trini,wikipron,t ɹ ɪ n i
trinidad,cmudict,T R IH1 N IH0 D AE2 D
trinidad,wikipron,t ɹ ɪ n ɪ d æ d
trinity,cmudict,T R IH1 N AH0 T IY0
trinity,wikipron,t ɹ ɪ n ɪ t i
tripler,wikipron,t ɹ ɪ p l ə
triplett,cmudict,T R IH1 P L IH0 T
tripp,cmudict,T R IH1 P
trippy,cmudict,T R IH1 P IY2
trippy,wikipron,t ɹ ɪ p i
trish,cmudict,T R IH1 SH
trisha,cmudict,T R IH1 SH AH0
trisha,wikipron,t ɹ ɪ ʃ ə
trista,cmudict,T R IH1 S T AH0
tristan,cmudict,T R IH1 S T AE2 N
trixie,cmudict,T R IH1 K S IY0
trixie,wikipron,t ɹ ɪ k s i
tron,cmudict,T R AA1 N
trosch,cmudict,T R AA1 SH
trotsky,cmudict,T R AA1 T S K IY2
trotter,cmudict,T R AA1 T ER0
trowel,cmudict,T R AW1 W EH0 L
trowel,wikipron,t ɹ a ʊ ə l
troy,cmudict,T R OY1
troy,wikipron,t ɹ ɔ ɪ
trudie,cmudict,T R UW1 D IY0
trudy,cmudict,T R UW1 D IY0
trudy,wikipron,t ɹ u d i
truett,cmudict,T R UW1 T
trujillo,cmudict,T R UW0 HH IY1 OW0
truman,cmudict,T R UW1 M AH0 N
truman,wikipron,t ɹ u m ə n
trumpet,cmudict,T R AH1 M P AH0 T
trumpet,wikipron,t ɹ ʌ m p ɪ t
truong,cmudict,T R AO1 NG
tsakos,cmudict,T S AA1 K OW0 S
tsushima,wikipron,s uː ʃ iː m ə
tucker,cmudict,T AH1 K ER0
tucker,wikipron,t ʌ k ɚ
tuesday,cmudict,T UW1 Z D IY0
tuesday,wikipron,t j u z d e ɪ
tully,cmudict,T AH1 L IY0
tully,wikipron,t ʌ l iː
tulsi,wikipron,t ʌ l s i
tunisia,cmudict,T UW2 N IY1 ZH AH0
tunisia,wikipron,t u n i ʒ ə
turban,cmudict,T ER1 B AH0 N
turban,wikipron,t ɝ b ə n
turchyn,cmudict,T ER1 CH IH0 N
turgut,cmudict,T ER1 G AH0 T
turken,wikipron,t ɝ k ɪ n
turkle,wikipron,t ɝ k ə l
turner,cmudict,T ER1 N ER0
turner,wikipron,t ɝ n ɚ
turow,cmudict,T UH1 R OW0
turquoise,cmudict,T ER1 K W OY0 Z
turquoise,wikipron,t ɝ k w ɔ ɪ s
tuscan,cmudict,T AH1 S K AH0 N
tuscan,wikipron,t ʌ s k ə n
tuscany,cmudict,T AH1 S K AH0 N IY0
tuscany,wikipron,t ʌ s k ə n i
tuttle,cmudict,T AH1 T AH0 L
tuttle,wikipron,t ʌ t l̩
tweel,wikipron,t w iː l
twilling,wikipron,t w ɪ l ɪ ŋ
twyla,cmudict,T W AY1 L AH0
twyla,wikipron,t w a ɪ l ə
ty,cmudict,T AY1
ty,wikipron,t a ɪ
tye,cmudict,T AY1
tyler,cmudict,T AY1 L ER0
tyler,wikipron,t a ɪ l ɚ
tyra,cmudict,T AY1 R AH0
tyre,cmudict,T AY1 R
tyree,cmudict,T AY0 R IY1
tyrell,cmudict,T AY1 R AH0 L
tyrell,wikipron,t a ɪ ɹ ɛ l
tyrese,wikipron,t a ɪ ɹ iː s
tyrol,wikipron,t a ɪ ɹ o ʊ l
tyrone,cmudict,T AY2 R OW1 N
tyrone,wikipron,t a ɪ ɹ o ʊ n
tyrrell,cmudict,T AY2 R EH1 L
tyrrell,wikipron,t ɪ ɹ ə l
tyson,cmudict,T AY1 S AH0 N
tyson,wikipron,t a ɪ s ə n
tzvi,wikipron,s v iː
ucker,wikipron,ʌ k ɚ
ulysses,cmudict,Y UW0 L IH1 S IY0 Z
ulysses,wikipron,j uː l ɪ s iː z
umberto,cmudict,AH0 M B EH1 R T OW2
umetsu,cmudict,Y UW2 M EH1 T S UW0
una,cmudict,UW1 N AH0
uncles,cmudict,AH1 NG K AH0 L Z
underly,cmudict,AH2 N D ER0 L AY1
underly,wikipron,ʌ n d ə l a ɪ
underwood,cmudict,AH1 N D ER0 W UH2 D
underwood,wikipron,ʌ n d ə w ʊ d
unique,cmudict,Y UW0 N IY1 K
unique,wikipron,j uː n iː k
unite,cmudict,Y UW1 N AY2 T
unite,wikipron,j u n a ɪ t
unknown,cmudict,AH0 N N OW1 N
unknown,wikipron,ʌ n n o ʊ n
unterberg,cmudict,AH1 N T ER0 B ER0 G
untermeyer,cmudict,AH1 N T ER0 M AY2 R
upward,cmudict,AH1 P W ER0 D
upward,wikipron,ʌ p w ɚ d
urban,cmudict,ER1 B AH0 N
urban,wikipron,ɜ ɹ b ə n
urbano,cmudict,ER0 B AA1 N OW0
uri,cmudict,Y ER1 IY0
uri,wikipron,j uː ɹ i
uriah,wikipron,j ʊ ə ɹ a ɪ ə
uribe,cmudict,Y ER0 IY1 B IY0
uribe,wikipron,j u ɹ iː b e ɪ
ursula,cmudict,ER1 S AH0 L AH0
ursula,wikipron,ɝ s ə l ə
usa,cmudict,Y UW2 EH2 S EY1
use,cmudict,Y UW1 S
use,wikipron,j u s
usen,wikipron,j uː z ə n
uss,cmudict,Y UW2 EH2 S EH1 S
ute,wikipron,j uː t
utsumi,cmudict,UW0 T S UW1 M IY0
vaclav,cmudict,V AE1 K L AA2 V
vada,wikipron,v ɑː d ə
vahid,cmudict,V AA0 HH IY1 D
val,cmudict,V AE1 L
val,wikipron,v æ l
valadez,cmudict,V AA0 L AA1 D EH0 Z
valadez,wikipron,b æ l ə d ɛ s
valance,wikipron,v æ l ə n s
valda,cmudict,V AA1 L D AH0
valdemar,cmudict,V AA0 L D EY0 M AA1 R
valdes,cmudict,V AE0 L D EH1 Z
valdez,cmudict,V AE0 L D EH1 Z
valencia,cmudict,V AH0 L EH1 N S IY0 AH0
valencia,wikipron,v ə l ɛ n s i ə
valente,cmudict,V AA0 L EH1 N T IY2
valentin,cmudict,V AA2 L EH1 N T IY2 N
valentina,cmudict,V AA2 L EH0 N T IY1 N AH0
valentine,cmudict,V AE1 L AH0 N T AY2 N
valentine,wikipron,v æ l ə n t a ɪ n
valentino,cmudict,V AE2 L AH0 N T IY1 N OW0
valentino,wikipron,v æ l ə n t iː n o ʊ
valenzuela,cmudict,V AA0 L EH0 N Z UW1 L AH0
valenzuela,wikipron,v æ l ə n z j u ɛ l ə
valeri,cmudict,V AA0 L EH1 R IY0
valeria,cmudict,V AH0 L IY1 R IY0 AH0
valeria,wikipron,v ə l ɪ ə ɹ i ə
valerie,cmudict,V AE1 L ER0 IY0
valerie,wikipron,v æ l ə ɹ i
valery,cmudict,V AE1 L ER0 IY0
valle,cmudict,V EY1 L
vallejo,cmudict,V AA0 L EY1 Y OW0
vallejo,wikipron,v ə l e ɪ ə ʊ
vallery,cmudict,V AE1 L ER0 IY0
valli,cmudict,V AE1 L IY0
vallie,cmudict,V AO1 L IY0
valsartan,wikipron,v æ l s ɑ ɹ t æ n
van,cmudict,V AE1 N
van,wikipron,v æ n
vana,cmudict,V AE1 N AH0
vance,cmudict,V AE1 N S
vander,cmudict,V AE1 N D ER0
vaness,cmudict,V AE1 N AH0 S
vanessa,cmudict,V AH0 N EH1 S AH0
vanessa,wikipron,v ə n ɛ s ə
vang,cmudict,V AE1 NG
vangie,cmudict,V AE1 NG IY0
vania,cmudict,V AA1 N IY0 AH0
vanity,cmudict,V AE1 N AH0 T IY0
vanity,wikipron,v æ n ə t i
vann,cmudict,V AE1 N
vanna,cmudict,V AE1 N AH0
varela,cmudict,V AA0 R EY1 L AH0
vargas,cmudict,V AA1 R G AH0 S
varia,wikipron,v ɛ ɹ i ə
varner,cmudict,V AA1 R N ER0
vashti,cmudict,V AE1 SH T IY0
vashti,wikipron,v æ ʃ t i
vasquez,cmudict,V AE0 S K EH1 Z
vasquez,wikipron,v æ s k ɛ z
vaughan,cmudict,V AO1 N
vaughan,wikipron,v ɔː n
vaughn,cmudict,V AO1 N
vaughn,wikipron,v ɔː n
vazquez,cmudict,V AE0 S K EH1 Z
veda,cmudict,V EY1 D AH0
veda,wikipron,v e ɪ d ə
vedro,wikipron,v ə d ɹ o ʊ
vees,cmudict,V IY1 Z
vega,cmudict,V EY1 G AH0
vega,wikipron,v e ɪ ɡ ə
vein,cmudict,V EY1 N
vein,wikipron,v e ɪ n
vela,cmudict,V EH1 L AH0
vela,wikipron,v i l ə
velasco,cmudict,V EH0 L AA1 S K OW0
velasquez,cmudict,V EH0 L AE1 S K EH0 Z
velasquez,wikipron,v ə l æ s k ɛ z
velazquez,cmudict,V EH0 L AE1 S K EH0 Z
velda,cmudict,V EH1 L D AH0
velez,cmudict,V EH0 L EH1 Z
vella,cmudict,V EH1 L AH0
velma,cmudict,V EH1 L M AH0
velma,wikipron,v ɛ l m ə
velvet,cmudict,V EH1 L V AH0 T
velvet,wikipron,v ɛ l v ɪ t
vena,cmudict,V IY1 N AH0
venegas,cmudict,V EH1 N IH0 G AH0 Z
venetia,wikipron,v ə n i ʃ ə
venice,cmudict,V EH1 N AH0 S
venice,wikipron,v ɛ n ɪ s
venit,wikipron,v ɛ n ɪ t
venita,cmudict,V EH0 N IY1 T AH0
venlafaxine,wikipron,v ɛ n l ə f æ k s iː n
venson,cmudict,V EH1 N S AH0 N
ventura,cmudict,V EH0 N CH ER1 AH0
ventura,wikipron,v ɛ n t j ʊ ɹ ə
venture,cmudict,V EH1 N CH ER0
venture,wikipron,v ɛ n t͡ʃ ɚ
venus,cmudict,V IY1 N AH0 S
venus,wikipron,v i n ə s
vera,cmudict,V EH1 R AH0
vera,wikipron,v ɪ ɹ ə
verda,cmudict,V EH1 R D AH0
vere,cmudict,V IH1 R
verena,cmudict,V ER0 EY1 N AH0
vergil,cmudict,V ER1 JH AH0 L
verla,cmudict,V EH1 R L AH0
vern,cmudict,V ER1 N
verna,cmudict,V ER1 N AH0
vernal,cmudict,V ER1 N AH0 L
vernal,wikipron,v ɝ n ə l
verne,cmudict,V ER1 N
verner,cmudict,V ER1 N ER0
vernita,cmudict,V ER0 N IY1 T AH0
vernon,cmudict,V ER1 N AH0 N
vernon,wikipron,v ɝ n ə n
veron,cmudict,V EH1 R AH0 N
verona,cmudict,V ER0 OW1 N AH0
veronda,cmudict,V EH0 R AA1 N D AH0
veronica,cmudict,V ER0 AA1 N IH0 K AH0
veronica,wikipron,v ə ɹ ɒ n ɪ k ə
veronique,cmudict,V EH2 R AA0 N IY1 K
verri,cmudict,V EH1 R IY0
verst,wikipron,v ɝ s t
vesta,cmudict,V EH1 S T AH0
vesta,wikipron,v ɛ s t ə
vester,cmudict,V EH1 S T ER0
veta,cmudict,V EH1 T AH0
vetch,wikipron,v ɛ t͡ʃ
vi,cmudict,V AY1
vi,wikipron,v a ɪ
vic,cmudict,V IH1 K
vic,wikipron,v ɪ k
vicente,cmudict,V IY0 CH EH1 N T IY0
vicenzi,cmudict,V IH0 S EH1 N Z IY0
vick,cmudict,V IH1 K
vick,wikipron,v ɪ k
vickers,cmudict,V IH1 K ER0 Z
vickey,cmudict,V IH1 K IY0
vicki,cmudict,V IH1 K IY0
vickie,cmudict,V IH1 K IY0
vicky,cmudict,V IH1 K IY0
vicky,wikipron,v ɪ k i
victor,cmudict,V IH1 K T ER0
victor,wikipron,v ɪ k t ɚ
victoria,cmudict,V IH0 K T AO1 R IY0 AH0
victoria,wikipron,v ɪ k t ɔ ɹ ɪ ə
victory,cmudict,V IH1 K T ER0 IY0
victory,wikipron,v ɪ k t ɚ i
vida,cmudict,V AY1 D AH0
vidal,cmudict,V AY0 D AE1 L
vienna,cmudict,V IY0 EH1 N AH0
vienna,wikipron,v a ɪ i n ə
viet,cmudict,V IY0 EH1 T
vigdor,cmudict,V IH1 G D ER0
vigil,cmudict,V IH1 JH AH0 L
vigil,wikipron,v ɪ d͡ʒ ə l
vigilance,cmudict,V IH1 JH AH0 L AH0 N S
vigilance,wikipron,v ɪ d͡ʒ ɪ l ɪ n s
vigilant,cmudict,V IH1 JH AH0 L AH0 N T
vigilant,wikipron,v ɪ d͡ʒ ɪ l ə n t
vigilia,cmudict,V IY0 JH IY1 L IY0 AH0
viguerie,cmudict,V IH1 G ER0 IY0
vikki,wikipron,v ɪ k i
viktor,cmudict,V IH1 K T ER0
villa,cmudict,V IH1 L AH0
villa,wikipron,v ɪ l ə
villalobos,cmudict,V IY0 L AA0 L OW1 B OW0 Z
villanueva,cmudict,V IY0 L AA0 N W EH1 V AH0
villarreal,cmudict,V IY2 L AA0 R IY1 L
villegas,cmudict,V IH1 L IH0 G AH0 Z
vilma,cmudict,V IH1 L M AH0
vina,cmudict,V IY1 N AH0
vinay,wikipron,v ɪ n e ɪ
vince,cmudict,V IH1 N S
vince,wikipron,v ɪ n s
vincent,cmudict,V IH1 N S AH0 N T
vincent,wikipron,v ɪ n s ə n t
vincente,cmudict,V IH0 N CH EH1 N T IY0
vincenzo,cmudict,V IH0 N S EH1 N Z OW0
vinik,cmudict,V IH1 N IH0 K
vinita,cmudict,V IY0 N IY1 T AH0
vinnie,cmudict,V IH1 N IY0
vinny,cmudict,V IH1 N IY0
vinny,wikipron,v ɪ n i
vinson,cmudict,V IH1 N S AH0 N
vinton,cmudict,V IH1 N T AH0 N
viol,wikipron,v a ɪ ə l
viola,cmudict,V AY0 OW1 L AH0
viola,wikipron,v a ɪ ə l ə
violet,cmudict,V AY1 AH0 L IH0 T
violet,wikipron,v a ɪ l ə t
violeta,cmudict,V IY2 OW0 L EH1 T AH0
violetta,cmudict,V IY0 OW0 L EH1 T AH0
violette,cmudict,V IY2 OW0 L EH1 T
viren,cmudict,V IH1 R AH0 N
virgen,cmudict,V ER1 JH AH0 N
virgie,cmudict,V ER1 G IY0
virgil,cmudict,V ER1 JH AH0 L
virgil,wikipron,v ɝ d ʒ ɪ l
virgilio,cmudict,V ER0 JH IH1 L IY0 OW0
virginia,cmudict,V ER0 JH IH1 N Y AH0
virginia,wikipron,v ə ɹ d͡ʒ ɪ n j ə
virtuoso,cmudict,V ER0 CH UW0 OW1 S OW0
virtuoso,wikipron,v ɝ t͡ʃ u o ʊ s o ʊ
virus,cmudict,V AY1 R AH0 S
virus,wikipron,v a ɪ ɹ ə s
viscount,cmudict,V IH1 S K AW0 N T
viscount,wikipron,v a ɪ k a ʊ n t
vison,wikipron,v a ɪ s ə n
vita,cmudict,V AY1 T AH0
vita,wikipron,v a ɪ t ə
vito,cmudict,V IY1 T OW0
vittoria,cmudict,V IH0 T AO1 R IY0 AH0
vittorio,cmudict,V IY0 T AO1 R IY0 OW0
viva,cmudict,V IY1 V AH0
viva,wikipron,v a ɪ v ə
vivian,cmudict,V IH1 V IY0 AH0 N
vivian,wikipron,v ɪ v i ə n
viviana,cmudict,V IH0 V IY0 AE1 N AH0
viviane,wikipron,v ɪ v i æ n
vivien,cmudict,V IH1 V IY0 AH0 N
vivienne,cmudict,V IH1 V IY0 AH0 N
vladic,cmudict,V L AE1 D IH2 K
vladimir,cmudict,V L AE1 D AH0 M IH0 R
vo,cmudict,V OW1
vocal,cmudict,V OW1 K AH0 L
vocal,wikipron,v o ʊ̯ k ə l
vogel,cmudict,V OW1 G AH0 L
volley,cmudict,V AA1 L IY0
volley,wikipron,v ɑ l i
volpicella,cmudict,V OW2 L P IH0 S EH1 L AH0
von,cmudict,V AO1 N
vonnegut,cmudict,V AA1 N AH0 G AH0 T
vonnie,cmudict,V AA1 N IY0
voss,cmudict,V AO1 S
voss,wikipron,v ɔ s
vu,cmudict,V UW1
vulcan,cmudict,V AH1 L K AH0 N
vulcan,wikipron,v ʌ l k ə n
wachner,cmudict,W AE1 K N ER0
waco,cmudict,W EY1 K OW0
waco,wikipron,w e ɪ k o ʊ
waddell,cmudict,W AA0 D EH1 L
wade,cmudict,W EY1 D
wade,wikipron,w e ɪ d
wagner,cmudict,W AE1 G N ER0
wagner,wikipron,v ɑ ɡ n ɚ
waite,cmudict,W EY1 T
waiter,cmudict,W EY1 T ER0
waiter,wikipron,w e ɪ̯ t ɚ
waiters,cmudict,W EY1 T ER0 Z
waldemar,cmudict,V AA1 L D AH0 M AA0 R
walden,cmudict,W AO1 L D AH0 N
waldo,cmudict,W AA1 L D OW0
waldo,wikipron,w ɔː l d ə ʊ
waleed,cmudict,W AA2 L IY1 D
wali,wikipron,w ɑː l iː
walker,cmudict,W AO1 K ER0
walker,wikipron,w ɔ k ɚ
walkner,cmudict,W AO1 K N ER0
wall,cmudict,W AO1 L
wall,wikipron,w ɑ l
wallace,cmudict,W AO1 L AH0 S
wallace,wikipron,w ɑ l ə s
waller,cmudict,W AO1 L ER0
walls,cmudict,W AO1 L Z
walls,wikipron,w ɔ l z
wally,cmudict,W AO1 L IY0
walsh,cmudict,W AO1 L SH
walt,cmudict,W AO1 L T
walt,wikipron,w ɒ l t
walter,cmudict,W AO1 L T ER0
walter,wikipron,w ɔ l t ɚ
walters,cmudict,W AO1 L T ER0 Z
walton,cmudict,W AO1 L T AH0 N
walton,wikipron,w ɔ l t ə n
walty,wikipron,w ɒ l t i
wana,wikipron,w ɑ n ə
wanda,cmudict,W AA1 N D AH0
wanda,wikipron,w ɑ n d ə
wang,cmudict,W AE1 NG
wang,wikipron,w æ ŋ
waning,cmudict,W EY1 N IH0 NG
waning,wikipron,w e ɪ n ɪ ŋ
ward,cmudict,W AO1 R D
ward,wikipron,w ɔ ɹ d
wardell,cmudict,W AO1 R D EH0 L
ware,cmudict,W EH1 R
ware,wikipron,w ɛ ɹ
warfarin,wikipron,w ɔ ɹ f ə ɹ ɪ n
warming,cmudict,W AO1 R M IH0 NG
warming,wikipron,w o ɹ m ɪ ŋ
warner,cmudict,W AO1 R N ER0
warner,wikipron,w ɔː n ə
warren,cmudict,W AO1 R AH0 N
warren,wikipron,w ɒ ɹ ə n
warrener,wikipron,w ɑ ɹ ə n ɚ
warrick,cmudict,W AO1 R IH0 K
wars,cmudict,W AO1 R Z
wars,wikipron,w ɔ ɹ z
washburn,cmudict,W AA1 SH B ER2 N
washington,cmudict,W AA1 SH IH0 NG T AH0 N
washington,wikipron,w ɑ ʃ ɪ ŋ t ə n
waters,cmudict,W AO1 T ER0 Z
waters,wikipron,w ɔ t ɚ z
watkins,cmudict,W AA1 T K IH0 N Z
watson,cmudict,W AA1 T S AH0 N
watson,wikipron,w ɑ t s n
watts,cmudict,W AA1 T S
wave,cmudict,W EY1 V
wave,wikipron,w e ɪ v
waverly,cmudict,W EY1 V ER0 L IY0
wayland,cmudict,W EY1 L AH0 N D
wayland,wikipron,w e ɪ l ə n d
waylon,cmudict,W EY1 L AA2 N
wayman,cmudict,W EY1 M AH0 N
wayne,cmudict,W EY1 N
wayne,wikipron,w e ɪ n
weak,cmudict,W IY1 K
weak,wikipron,w i k
weaver,cmudict,W IY1 V ER0
weaver,wikipron,w i v ɚ
webb,cmudict,W EH1 B
webb,wikipron,w ɛ b
webber,cmudict,W EH1 B ER0
weber,cmudict,W EH1 B ER0
weber,wikipron,w e ɪ b ɚ
webster,cmudict,W EH1 B S T ER0
webster,wikipron,w ɛ b s t ɚ
wednesday,cmudict,W EH1 N Z D IY0
wednesday,wikipron,w ɛ n z d e ɪ
weeding,cmudict,W IY1 D IH0 NG
weeding,wikipron,w iː d ɪ ŋ
weeks,cmudict,W IY1 K S
weeks,wikipron,w iː k s
weidenbaum,cmudict,W AY1 D AH0 N B AW2 M
weir,cmudict,W IY1 R
weir,wikipron,w ɪ ɹ
weiseman,cmudict,W AY1 S AH0 M AH0 N
weiss,cmudict,W AY1 S
weitzen,cmudict,W AY1 T S AH0 N
weizman,cmudict,W AY1 Z M AH0 N
welch,cmudict,W EH1 L CH
welch,wikipron,w ɛ l t͡ʃ
weldon,cmudict,W EH1 L D AH0 N
weldon,wikipron,w ɛ l d ə n
wellington,cmudict,W EH1 L IH0 NG T AH0 N
wellington,wikipron,w ɛ l ɪ ŋ t ə n
wells,cmudict,W EH1 L Z
wells,wikipron,w ɛ l z
welsh,cmudict,W EH1 L CH
welsh,wikipron,w ɛ l ʃ
welton,cmudict,W EH1 L T AH0 N
wenda,cmudict,W EH1 N D AH0
wende,cmudict,W EH1 N D
wendel,cmudict,W EH1 N D AH0 L
wendell,cmudict,W EH1 N D AH0 L
wendy,cmudict,W EH1 N D IY0
wendy,wikipron,w ɛ n d i
wenona,cmudict,W EH1 N AH0 N AH0
were,cmudict,W ER1
were,wikipron,w ɚ
werner,cmudict,W ER1 N ER0
wes,cmudict,W EH1 S
wes,wikipron,w ɛ s
wesley,cmudict,W EH1 S L IY0
wesley,wikipron,w ɛ s l i
wess,cmudict,W EH1 S
west,cmudict,W EH1 S T
west,wikipron,w ɛ s t
westbrook,cmudict,W EH1 S T B R UH2 K
westbrook,wikipron,w ɛ s t b ɹ ʊ k
westin,cmudict,W EH1 S T IH0 N
westleigh,cmudict,W EH1 S T L AY0
westley,cmudict,W EH1 S T L IY0
weston,cmudict,W EH1 S T AH0 N
weston,wikipron,w ɛ s t ə n
weylin,cmudict,W EY1 L IH0 N
whalen,cmudict,W EY1 L AH0 N
whaley,cmudict,W EY1 L IY0
wheeler,cmudict,W IY1 L ER0
wheeler,wikipron,h w iː l ə
wheelon,cmudict,W IY1 L AH0 N
whetter,wikipron,w ɛ t ɚ
whisker,cmudict,W IH1 S K ER0
whisker,wikipron,w ɪ s k ə
whit,cmudict,W IH1 T
whit,wikipron,w ɪ t
whitaker,cmudict,W IH1 T AH0 K ER0
whitaker,wikipron,w ɪ t ə k ɚ
white,cmudict,W AY1 T
white,wikipron,w a ɪ t
whitehead,cmudict,W AY1 T HH EH2 D
whitfield,cmudict,W IH1 T F IY0 L D
whitfield,wikipron,w ɪ t f iː l d
whitley,cmudict,W IH1 T L IY0
whitman,cmudict,W IH1 T M AH0 N
whitney,cmudict,W IH1 T N IY0
wiggins,cmudict,W IH1 G IH0 N Z
wil,cmudict,W IH1 L
wilber,cmudict,W IH1 L B ER0
wilbert,cmudict,W IH1 L B ER0 T
wilbur,cmudict,W IH1 L B ER0
wilburn,cmudict,W IH1 L B ER0 N
wilcox,cmudict,W IH1 L K AA0 K S
wilder,cmudict,W AY1 L D ER0
wilder,wikipron,w a ɪ l d ɚ
wilderness,cmudict,W IH1 L D ER0 N AH0 S
wilderness,wikipron,w ɪ l d ɚ n ə s
wildish,wikipron,w a ɪ l d ɪ ʃ
wildmon,cmudict,W AY1 L D M AH0 N
wiley,cmudict,W AY1 L IY0
wiley,wikipron,w a ɪ l i
wilford,cmudict,W IH1 L F ER0 D
wilfred,cmudict,W IH1 L F R IH0 D
wilfred,wikipron,w ɪ l f ɹ ɪ d
wilfredo,cmudict,W IH2 L F EY1 D OW2
wilhelm,cmudict,W IH1 L HH EH2 L M
wilhelmina,cmudict,W IH2 L HH EH0 L M IY1 N AA2
wilhelmina,wikipron,w ɪ l h ɛ l m iː n ə
wilhemina,cmudict,W IH1 L HH EH0 M IY1 N AA2
wilkerson,cmudict,W IH1 L K ER0 S AH0 N
wilkes,cmudict,W IH1 L K S
wilkes,wikipron,w ɪ l k iː s
wilkins,cmudict,W IH1 L K IH0 N Z
wilkins,wikipron,w ɪ l k ɪ n z
wilkinson,cmudict,W IH1 L K AH0 N S AH0 N
wilkinson,wikipron,w ɪ l k ə n s ə n
will,cmudict,W IH1 L
will,wikipron,w ɪ l
willa,cmudict,W IH1 L AH0
willam,cmudict,W IH1 L AH0 M
willard,cmudict,W IH1 L ER0 D
willard,wikipron,w ɪ l ə ɹ d
willem,cmudict,W IH1 L AH0 M
willette,cmudict,W IH0 L EH1 T
william,cmudict,W IH1 L Y AH0 M
william,wikipron,w ɪ l i ə m
williams,cmudict,W IH1 L Y AH0 M Z
williams,wikipron,w ɪ l i ə m z
williamson,cmudict,W IH1 L Y AH0 M S AH0 N
williamson,wikipron,w ɪ l j ə m s ə n
williard,cmudict,W IH1 L Y AA0 R D
willie,cmudict,W IH1 L IY0
willie,wikipron,w ɪ l i
willis,cmudict,W IH1 L IH0 S
willis,wikipron,w ɪ l ɪ s
willke,cmudict,W IH1 L K IY0
willow,cmudict,W IH1 L OW2
willow,wikipron,w ɪ l o ʊ
wills,cmudict,W IH1 L Z
wills,wikipron,w ɪ l z
willy,cmudict,W IH1 L IY0
willy,wikipron,w ɪ l i
wilma,cmudict,W IH1 L M AH0
wilmer,cmudict,W IH1 L M ER0
wilson,cmudict,W IH1 L S AH0 N
wilson,wikipron,w ɪ l s n̩
wilton,cmudict,W IH1 L T AH0 N
wilton,wikipron,w ɪ l t ə n
wily,cmudict,W AY1 L IY0
wily,wikipron,w a ɪ l i
windell,cmudict,W IH1 N D AH0 L
window,cmudict,W IH1 N D OW0
window,wikipron,w ɪ n d o ʊ
windy,cmudict,W IH1 N D IY0
windy,wikipron,w a ɪ n d i
winfield,cmudict,W IH1 N F IY2 L D
winford,cmudict,W IH1 N F ER0 D
winfred,cmudict,W IH1 N F R IH0 D
wingers,cmudict,W IH1 NG ER0 Z
winifred,cmudict,W IH1 N IH0 F R IH0 D
winkers,wikipron,w ɪ ŋ k ɚ z
winking,cmudict,W IH1 NG K IH0 NG
winkler,cmudict,W IH1 NG K L ER0
winn,cmudict,W IH1 N
winnie,cmudict,W IH1 N IY0
winnie,wikipron,w ɪ n i
winnings,cmudict,W IH1 N IH0 NG Z
winnings,wikipron,w ɪ n ɪ ŋ z
winona,cmudict,W IH1 N AH0 N AH0
winona,wikipron,w ɪ n o ʊ n ə
winslow,cmudict,W IH1 N Z L OW0
winslow,wikipron,w ɪ n z l o ʊ
winston,cmudict,W IH1 N S T AH0 N
winston,wikipron,w ɪ n s t ə n
winter,cmudict,W IH1 N T ER0
winter,wikipron,w ɪ n t ɚ
winters,cmudict,W IH1 N T ER0 Z
winters,wikipron,w ɪ n t ɚ z
winthrop,cmudict,W IH1 N TH R AH0 P
winton,cmudict,W IH1 N T AH0 N
winton,wikipron,w ɪ n t ə n
wiper,cmudict,W AY1 P ER0
wiper,wikipron,w a ɪ p ɚ
wise,cmudict,W AY1 Z
wise,wikipron,w a ɪ z
wiseman,cmudict,W AY1 Z M AH0 N
witt,cmudict,W IH1 T
wm,cmudict,W IH1 L Y AH0 M
wolf,cmudict,W UH1 L F
wolf,wikipron,w ʉ l f
wolfe,cmudict,W UH1 L F
wolff,cmudict,W UH1 L F
wolfgang,cmudict,W UH1 L F G AE2 NG
wolfgang,wikipron,v ɔ l f ɡ ɑ ŋ
wollack,cmudict,W AA1 L AH0 K
womack,cmudict,W OW1 M AE0 K
wonda,cmudict,W AA1 N D AH0
wong,cmudict,W AO1 NG
wong,wikipron,w ɑ ŋ
wood,cmudict,W UH1 D
wood,wikipron,w ʊ d
woodard,cmudict,W UH1 D ER0 D
woodie,cmudict,W UH1 D IY0
woodie,wikipron,w ʊ d i
woodrow,cmudict,W UH1 D R OW2
woodrow,wikipron,w ʊ d ɹ o ʊ
woodruff,cmudict,W UH1 D R AH0 F
woods,cmudict,W UH1 D Z
woods,wikipron,w ʊ d z
woodward,cmudict,W UH1 D W AO2 R D
woody,cmudict,W UH1 D IY0
woody,wikipron,w ʊ d i
wooten,cmudict,W UW1 T AH0 N
workman,cmudict,W ER1 K M AH0 N
workman,wikipron,w ɝ k m ə n
worley,cmudict,W ER1 L IY0
worship,cmudict,W ER1 SH AH0 P
worship,wikipron,w ɔ ɹ ʃ ɪ p
worth,cmudict,W ER1 TH
worth,wikipron,w ɝ θ
worts,cmudict,W ER1 T S
worts,wikipron,w o ɹ t s
wrath,cmudict,R AE1 TH
wrath,wikipron,ɹ æ θ
wray,cmudict,R EY1
wray,wikipron,ɹ e ɪ
wren,cmudict,R EH1 N
wren,wikipron,ɹ ɛ n
wrestler,cmudict,R EH1 S AH0 L ER0
wright,cmudict,R AY1 T
wright,wikipron,ɹ a ɪ t
wrinkles,cmudict,R IH1 NG K AH0 L Z
wroth,wikipron,ɹ ɑ θ
wu,cmudict,W UW1
wu,wikipron,d ʌ b ə l j u j u
wussler,cmudict,W AH1 S L ER0
wyatt,cmudict,W AY1 AH0 T
wyatt,wikipron,w a ɪ ə t
wye,cmudict,W AY1
wye,wikipron,w a ɪ
wylie,cmudict,W AY1 L IY0
wylie,wikipron,w a ɪ l i
wyman,cmudict,W AY1 M AH0 N
wynette,cmudict,W IH0 N EH1 T
wynn,cmudict,W IH1 N
wynn,wikipron,w ɪ n
wynne,cmudict,W IH1 N
wynona,cmudict,W AY0 N OW1 N AH0
wynter,cmudict,W IH1 N T ER0
xavier,cmudict,Z EY1 V Y ER0
xavier,wikipron,h ɑ v i ɛ ɹ
xaviera,cmudict,Z EY0 V Y EH1 R AH0
xenia,cmudict,Z IY1 N IY0 AH0
xenia,wikipron,z iː n i ə
xiong,cmudict,ZH AO1 NG
xu,cmudict,Z UW1
xu,wikipron,ʃ uː
yaakov,wikipron,j a a k o ʊ v
yak,cmudict,Y AE1 K
yak,wikipron,j æ k
yakov,cmudict,Y AA1 K AO2 V
yale,cmudict,Y EY1 L
yale,wikipron,j e ɪ l
yamani,cmudict,Y AA0 M AA1 N IY0
yamanouchi,cmudict,Y AA0 M AA0 N UW1 CH IY0
yana,wikipron,j ɑː n ə
yancey,cmudict,Y AE1 N S IY0
yancy,cmudict,Y AE1 N S IY0
yanez,cmudict,Y AE1 N IH0 Z
yang,cmudict,Y AE1 NG
yang,wikipron,j æ ŋ
yani,cmudict,Y AA1 N IY0
yanker,wikipron,j e ɪ̯ ŋ k ɚ
yanqui,wikipron,j æ ŋ k i
yarbrough,cmudict,Y AA1 R B ER0 OW0
yaremchuk,wikipron,j ɑː ɹ ɛ m t ʃ ʊ k
yasmeen,wikipron,j æ z m iː n
yasmin,cmudict,Y AE1 Z M IH0 N
yasmine,cmudict,Y AE1 Z M IH0 N
yasser,cmudict,Y AE1 S ER0
yates,cmudict,Y EY1 T S
yates,wikipron,j e ɪ t s
ybarra,cmudict,IY0 B AA1 R AH0
yeager,cmudict,Y EY1 G ER0
years,cmudict,Y IH1 R Z
years,wikipron,j ɪ ɹ z
yee,cmudict,Y IY1
yee,wikipron,j iː
yehuda,cmudict,Y AH0 HH UW1 D AH0
yen,cmudict,Y EH1 N
yen,wikipron,j ɛ n
yer,cmudict,Y ER1
yer,wikipron,j ɛ
yes,cmudict,Y EH1 S
yes,wikipron,j ɛ s
yetta,cmudict,Y EH1 T AH0
yeun,wikipron,j ʌ n
yevette,cmudict,Y IH0 V EH1 T
yocam,cmudict,Y OW1 K AH0 M
yoder,cmudict,Y OW1 D ER0
yoder,wikipron,j o ʊ d ɚ
yoko,cmudict,Y OW1 K OW0
yolanda,cmudict,Y OW0 L AA1 N D AH0
yolande,cmudict,Y OW1 L AH0 N D
yona,cmudict,Y OW1 N AH0
york,cmudict,Y AO1 R K
york,wikipron,j ɔ ɹ k
yosef,cmudict,Y OW1 S AH0 F
yost,cmudict,Y OW1 S T
youness,wikipron,j uː n ɪ s
young,cmudict,Y AH1 NG
young,wikipron,j ʌ ŋ
youngblood,cmudict,Y AH1 NG B L AH2 D
yousef,cmudict,Y UW1 S EH0 F
yu,cmudict,Y UW1
yu,wikipron,j u
yukon,cmudict,Y UW1 K AA2 N
yukon,wikipron,j uː k ɑ n
yul,cmudict,Y AH1 L
yuma,cmudict,Y UW1 M AH0
yup,cmudict,Y AH1 P
yup,wikipron,j ʌ p
yuri,cmudict,Y UH1 R IY0
yuri,wikipron,j ʊ ɹ i
yusef,cmudict,Y UW1 S EH0 F
yves,cmudict,IY1 V
yves,wikipron,iː v
yvette,cmudict,IH2 V EH1 T
yvonne,cmudict,IH2 V AA1 N
zac,wikipron,z æ k
zach,cmudict,Z AE1 K
zach,wikipron,z æ k
zachariah,cmudict,Z AE2 K ER0 AY1 AH0
zacharias,cmudict,Z AE2 K ER0 AY1 AH0 S
zachary,cmudict,Z AE1 K ER0 IY0
zachary,wikipron,z æ k ə ɹ i
zachery,cmudict,Z AE1 K ER0 IY0
zachry,cmudict,Z AA1 K R IY0
zack,cmudict,Z AE1 K
zack,wikipron,z æ k
zackery,cmudict,Z AE1 K ER0 IY0
zadora,cmudict,Z AH0 D AO1 R AH0
zagha,cmudict,Z AA1 G AH0
zaid,cmudict,Z EY1 D
zak,cmudict,Z AE1 K
zak,wikipron,z æ k
zamora,cmudict,Z AH0 M AO1 R AH0
zamora,wikipron,z ə m ɔ ɹ ə
zan,cmudict,Z AE1 N
zandra,cmudict,Z AE1 N D R AH0
zandra,wikipron,z æ n d ɹ ə
zane,cmudict,Z EY1 N
zane,wikipron,z e ɪ n
zaneta,cmudict,Z AA0 N EH1 T AH0
zapata,cmudict,Z AA0 P AA1 T AH0
zara,cmudict,Z AE1 R AH0
zaragoza,cmudict,Z AA0 R AA0 G OW1 Z AH0
zaragoza,wikipron,s ɑ ɹ ə ɡ o ʊ s ə
zarate,cmudict,Z AA1 R EY0 T
zaslavskaya,cmudict,Z AE2 S L AH0 V S K AY1 AH0
zavala,cmudict,Z AA0 V AA1 L AH0
zavala,wikipron,s ə v ɑː l ə
zebadiah,wikipron,z ɛ b ə d a ɪ ə
zebedee,wikipron,z ɛ b ɪ d iː
zebulon,cmudict,Z IY1 B AH0 L AH0 N
zebulun,wikipron,z ə b j u l ə n
zecchin,wikipron,z ɛ k ɪ n
zechariah,wikipron,z ɛ k ə ɹ a ɪ ə
zeke,cmudict,Z IY1 K
zeke,wikipron,z iː k
zelda,cmudict,Z EH1 L D AH0
zelda,wikipron,z ɛ l d ə
zelig,wikipron,z ɛ l ɪ ɡ
zelma,cmudict,Z EH1 L M AH0
zeltzer,cmudict,Z EH1 L T S ER0
zena,cmudict,Z IY1 N AH0
zenaida,cmudict,Z IH0 N EY1 D AH0
zenaida,wikipron,z ə n a ɪ d ə
zenda,cmudict,Z EH1 N D AH0
zenia,cmudict,Z EY1 N IY0 AH0
zeno,cmudict,Z EY1 N OW0
zeno,wikipron,z iː n o ʊ
zenobia,cmudict,Z AH0 N OW1 B IY0 AH0
zenobia,wikipron,z ə n o ʊ b i ə
zenon,cmudict,Z IY1 N AH0 N
zepeda,cmudict,Z EY0 P EY1 D AH0
zeroth,wikipron,z i ɹ o ʊ θ
zeta,cmudict,Z EY1 T AH0
zeta,wikipron,z ɛ t ə
zev,cmudict,Z EH1 V
zhang,cmudict,ZH AE1 NG
zhang,wikipron,d͡ʒ æ ŋ
zhao,cmudict,ZH AW1
zhao,wikipron,z a ʊ
zheng,cmudict,Z EH1 NG
zhou,cmudict,ZH UW1
zhou,wikipron,d͡ʒ o ʊ
zhu,cmudict,ZH UW1
zhu,wikipron,d͡ʒ uː
ziegler,cmudict,Z IY1 G L ER0
ziegler,wikipron,z i ɡ l ɚ
zimbalist,cmudict,Z IH1 M B AH0 L IH0 S T
zimmerman,cmudict,Z IH1 M ER0 M AH0 N
zinder,cmudict,Z IH1 N D ER0
zinnia,cmudict,Z IH1 N IY0 AH0
zinnia,wikipron,z i n i ə
zions,cmudict,Z AY1 AH0 N Z
zipporah,wikipron,z ɪ p ɔː ɹ ə
zita,cmudict,Z IY1 T AH0
zoe,cmudict,Z OW1 IY0
zoe,wikipron,z o ʊ
zoghby,cmudict,Z OW1 B IY0
zola,cmudict,Z OW1 L AH0
zoltan,cmudict,Z OW1 L T AH0 N
zona,cmudict,Z OW1 N AH0
zora,cmudict,Z AO1 R AH0
zorb,wikipron,z ɔː b
zukin,cmudict,Z UW1 K IH0 N
zulma,cmudict,Z UH1 L M AH0
zuniga,cmudict,Z UW0 N IY1 G AH0
zuri,cmudict,Z UH1 R IY0
zweibel,cmudict,Z W AY1 B AH0 L
zwerdling,cmudict,Z W ER1 D L IH0 NG
zwinger,wikipron,t s f i ŋ ɚ
