name,sex,total,d1950,d1960,d1970,d1980
Aaliyah,F,351,0,0,142,209
Aarika,F,312,0,0,41,271
Aaron,F,2816,88,215,1082,1431
Aaron,M,277055,11141,26070,101487,138357
Aarron,M,532,0,43,184,305
Aaryn,F,217,0,0,66,151
Aaryn,M,60,0,0,11,49
Abagail,F,340,15,19,69,237
Abbe,F,1093,417,292,185,199
Abbey,F,4894,158,188,860,3688
Abbey,M,7,7,0,0,0
Abbi,F,547,11,16,110,410
Abbie,F,5090,894,769,976,2451
Abbie,M,46,46,0,0,0
Abbigail,F,520,5,23,107,385
Abby,F,18256,1162,2068,3138,11888
Abby,M,83,10,6,10,57
Abdul,M,2078,46,163,1052,817
Abdullah,M,859,0,52,289,518
Abe,M,1610,561,423,352,274
Abel,F,54,0,0,11,43
Abel,M,13011,2088,2665,3528,4730
Abelardo,M,1801,368,414,510,509
Abelino,M,288,75,61,67,85
Abigail,F,31444,1671,2411,6704,20658
Abigail,M,123,0,0,6,117
Abigale,F,330,10,10,72,238
Abigayle,F,227,0,6,34,187
Able,M,259,49,42,73,95
Abner,M,1301,266,305,276,454
Abra,F,642,22,75,177,368
Abraham,F,96,0,0,34,62
Abraham,M,19458,2918,2711,5138,8691
Abram,M,3090,379,333,929,1449
Abran,M,639,87,104,186,262
Abril,F,256,0,7,72,177
Acacia,F,673,0,0,160,513
Ace,M,887,180,153,218,336
Acie,M,544,198,153,106,87
Acquanetta,F,203,117,47,34,5
Ada,F,10710,4306,2874,1924,1606
Ada,M,16,0,0,5,11
Adair,F,454,134,130,40,150
Adair,M,122,17,7,47,51
Adalberto,M,1984,256,391,589,748
Adaline,F,251,83,86,24,58
Adam,F,1571,6,73,476,1016
Adam,M,313482,3732,22925,91739,195086
Adams,M,554,18,46,161,329
Adan,F,17,0,0,5,12
Adan,M,5416,569,800,1470,2577
Addam,M,372,0,6,138,228
Addie,F,4407,1908,795,787,917
Addie,M,46,46,0,0,0
Addison,F,218,0,0,0,218
Addison,M,2162,335,253,282,1292
Adel,F,335,110,72,76,77
Adel,M,216,0,24,43,149
Adela,F,3579,1180,903,792,704
Adelaida,F,1130,219,310,343,258
Adelaide,F,1195,498,243,168,286
Adelbert,M,399,140,97,112,50
Adele,F,7607,3863,1892,1006,846
Adelia,F,807,263,204,164,176
Adelina,F,1964,520,449,479,516
Adeline,F,2278,905,532,348,493
Adelita,F,1048,270,302,292,184
Adell,F,866,491,171,112,92
Adell,M,285,138,77,40,30
Adella,F,860,350,235,162,113
Adelle,F,829,229,150,187,263
Aden,F,6,0,0,0,6
Aden,M,538,83,99,172,184
Adena,F,919,107,182,322,308
Adia,F,453,0,0,177,276
Adilene,F,363,0,0,0,363
Adina,F,2815,180,504,1076,1055
Adnan,M,359,0,0,99,260
Adolf,M,224,82,87,43,12
Adolfo,F,10,0,0,0,10
Adolfo,M,5069,908,1176,1332,1653
Adolph,M,3046,1368,826,518,334
Adolphus,M,1205,503,325,202,175
Adonica,F,302,49,81,106,66
Adonis,F,18,0,7,5,6
Adonis,M,1154,106,119,403,526
Adonna,F,409,103,156,92,58
Adora,F,464,90,83,91,200
Adrain,F,517,62,134,178,143
Adrain,M,2444,243,418,887,896
Adraine,F,218,22,87,67,42
Adraine,M,5,0,0,0,5
Adrea,F,471,5,69,171,226
Adrean,F,291,15,38,99,139
Adrean,M,142,0,5,41,96
Adrena,F,345,29,87,120,109
Adria,F,3324,340,437,1295,1252
Adria,M,7,0,0,0,7
Adrian,F,8748,985,1581,2435,3747
Adrian,M,58781,4057,7672,18912,28140
Adriana,F,21936,654,2451,6200,12631
Adriana,M,208,0,0,35,173
Adriane,F,4901,447,1067,1609,1778
Adriane,M,81,0,0,13,68
Adriann,F,521,34,78,175,234
Adrianna,F,4730,93,342,986,3309
Adrianna,M,6,0,0,0,6
Adrianne,F,8503,861,1447,2517,3678
Adrianne,M,11,0,0,0,11
Adriano,M,371,16,61,132,162
Adriel,F,163,0,0,24,139
Adriel,M,771,51,39,200,481
Adrien,F,745,47,85,213,400
Adrien,M,1367,105,160,410,692
Adriene,F,1888,173,922,343,450
Adriene,M,10,0,0,5,5
Adrienna,F,282,0,50,96,136
Adrienne,F,42751,6295,7996,12794,15666
Adrienne,M,222,0,25,57,140
Adrina,F,414,20,71,124,199
Adron,M,328,84,53,82,109
Aerial,F,308,0,0,0,308
Aesha,F,272,0,0,134,138
Africa,F,563,0,7,441,115
Afton,F,1312,20,29,57,1206
Afton,M,56,15,5,6,30
Agapito,M,693,205,186,197,105
Agatha,F,1392,508,324,246,314
Aggie,F,258,116,87,39,16
Agnes,F,9973,5602,2714,913,744
Agostino,M,223,41,87,63,32
Agustin,F,21,0,0,11,10
Agustin,M,4766,700,867,1376,1823
Agustina,F,366,78,67,104,117
Agustine,M,256,26,48,75,107
Aharon,M,412,7,22,119,264
Ahmad,F,18,0,0,18,0
Ahmad,M,3863,57,205,1287,2314
Ahmed,M,2413,80,221,676,1436
Ahren,M,326,0,0,159,167
Ahsley,F,827,0,0,24,803
Aida,F,5981,1530,1750,1527,1174
Aida,M,5,0,0,0,5
Aidan,F,143,0,0,13,130
Aidan,M,729,21,71,172,465
Aide,F,764,54,113,323,274
Aiesha,F,626,0,0,227,399
Aileen,F,8402,1957,2308,1781,2356
Ailene,F,374,136,116,66,56
Aime,F,629,0,54,309,266
Aime,M,19,19,0,0,0
Aimee,F,37380,976,3811,19407,13186
Aimee,M,78,0,0,39,39
Aimie,F,381,0,21,205,155
Ainsley,F,471,0,17,99,355
Ainsley,M,129,10,11,39,69
Aisha,F,9099,33,163,4643,4260
Aisha,M,20,0,0,15,5
Aishah,F,342,0,41,99,202
Aishia,F,285,0,0,141,144
Aislinn,F,470,0,5,114,351
Aixa,F,279,16,88,71,104
Aiyana,F,208,0,0,76,132
Aj,M,373,0,32,67,274
Aja,F,3050,0,15,874,2161
Aja,M,58,0,0,19,39
Ajay,M,812,0,57,266,489
Akash,M,201,0,0,44,157
Akbar,M,253,0,44,132,77
Akeem,M,1854,0,0,58,1796
Akia,F,569,0,0,168,401
Akia,M,5,0,0,0,5
Akiko,F,242,0,26,101,115
Akil,M,621,0,0,305,316
Akilah,F,1175,0,0,507,668
Akim,M,219,0,11,121,87
Akira,F,338,0,0,50,288
Akira,M,229,0,15,54,160
Akisha,F,328,0,0,181,147
Akiva,F,8,0,0,8,0
Akiva,M,313,0,11,125,177
Al,F,98,41,5,44,8
Al,M,8120,3219,2520,1409,972
Alain,F,6,0,0,6,0
Alain,M,1736,183,358,457,738
Alaina,F,5812,92,415,901,4404
Alaina,M,6,0,0,0,6
Alaine,F,756,166,252,139,199
Alan,F,654,142,195,145,172
Alan,M,197006,83976,61392,24813,26825
Alana,F,13737,1413,1889,3519,6916
Alana,M,19,0,0,0,19
Alanda,F,558,64,133,217,144
Alane,F,1473,502,652,185,134
Alanna,F,5288,423,499,1449,2917
Alanna,M,7,0,0,0,7
Alaric,M,497,30,157,173,137
Alastair,M,203,0,10,48,145
Alayna,F,1289,11,105,245,928
Alayne,F,595,160,202,118,115
Alba,F,1819,320,305,356,838
Alba,M,10,5,0,0,5
Albaro,M,320,25,23,98,174
Albert,F,798,254,207,206,131
Albert,M,129823,52829,36379,22112,18503
Alberta,F,8818,4897,2415,938,568
Alberta,M,36,11,5,0,20
Albertha,F,781,528,192,42,19
Albertina,F,533,97,170,173,93
Albertine,F,238,125,70,37,6
Alberto,F,239,37,24,92,86
Alberto,M,26143,3350,5492,7216,10085
Albin,M,588,255,156,106,71
Albina,F,245,109,52,41,43
Albino,M,579,170,150,134,125
Alcides,M,236,15,50,77,94
Alda,F,686,283,163,145,95
Alden,F,140,20,0,27,93
Alden,M,2956,939,720,497,800
Aldo,F,10,0,0,0,10
Aldo,M,3329,483,680,791,1375
Aldon,M,399,128,108,73,90
Aldric,M,217,25,55,72,65
Alea,F,652,0,31,162,459
Aleah,F,838,0,11,136,691
Alease,F,357,150,101,49,57
Aleasha,F,567,0,14,168,385
Aleatha,F,382,114,106,108,54
Alec,F,58,0,0,0,58
Alec,M,5528,653,974,901,3000
Alecia,F,7612,609,1589,2218,3196
Aleda,F,285,121,65,62,37
Aleece,F,245,5,31,47,162
Aleen,F,287,89,77,44,77
Aleena,F,251,0,6,49,196
Aleesha,F,563,0,0,140,423
Aleia,F,207,0,0,30,177
Aleida,F,527,37,158,160,172
Aleisa,F,221,6,108,33,74
Aleisha,F,1407,0,68,378,961
Alejandra,F,8205,160,411,2073,5561
Alejandra,M,188,0,0,19,169
Alejandrina,F,682,41,120,241,280
Alejandro,F,314,0,10,81,223
Alejandro,M,29262,1713,3099,9134,15316
Alejo,M,302,65,66,73,98
Alek,M,223,0,0,25,198
Aleksandar,M,217,0,5,97,115
Aleksander,M,214,0,10,46,158
Aleksandra,F,282,0,14,79,189
Alen,M,564,107,140,130,187
Alena,F,2816,194,446,869,1307
Alene,F,1426,701,385,168,172
Alesa,F,620,124,243,130,123
Alesha,F,4010,5,257,1232,2516
Alesha,M,6,0,0,0,6
Aleshia,F,1791,20,248,523,1000
Alesia,F,5551,474,3304,609,1164
Alessandra,F,1698,51,177,335,1135
Alessandro,M,936,38,133,273,492
Aleta,F,3667,1492,1163,605,407
Aletha,F,2806,879,867,680,380
Alethea,F,2892,464,680,1215,533
Alethia,F,1130,237,312,349,232
Aletta,F,331,99,81,100,51
Alex,F,1583,94,131,187,1171
Alex,M,72941,8198,12034,13997,38712
Alexa,F,7199,409,441,1564,4785
Alexa,M,32,0,0,0,32
Alexande,M,314,0,0,0,314
Alexander,F,1979,52,111,288,1528
Alexander,M,133290,12180,14168,24932,82010
Alexandr,F,301,0,0,0,301
Alexandr,M,26,0,0,0,26
Alexandra,F,46619,1598,3244,6960,34817
Alexandra,M,376,0,8,67,301
Alexandre,F,54,0,0,0,54
Alexandre,M,991,19,105,251,616
Alexandrea,F,1212,0,13,114,1085
Alexandria,F,14309,410,726,1523,11650
Alexandria,M,83,0,0,0,83
Alexandro,M,1665,120,181,514,850
Alexandros,M,383,0,17,144,222
Alexi,F,348,0,11,54,283
Alexi,M,340,0,23,125,192
Alexia,F,3320,181,385,751,2003
Alexia,M,10,0,0,0,10
Alexis,F,36067,2028,1666,6052,26321
Alexis,M,8332,331,953,2006,5042
Alexsandra,F,340,0,16,91,233
Alferd,M,245,142,70,33,0
Alfie,F,76,0,24,52,0
Alfie,M,373,0,169,183,21
Alfonse,M,331,139,90,60,42
Alfonso,F,75,11,16,26,22
Alfonso,M,16246,3819,3775,4115,4537
Alfonza,M,925,374,247,179,125
Alfonzo,M,2841,701,669,802,669
Alford,M,1330,600,344,225,161
Alfred,F,446,138,136,115,57
Alfred,M,66391,29752,18656,10531,7452
Alfreda,F,5287,2494,1720,754,319
Alfreda,M,25,13,7,5,0
Alfredia,F,748,405,235,97,11
Alfredo,F,215,30,44,66,75
Alfredo,M,23423,4042,4964,6578,7839
Alfreida,F,239,135,85,19,0
Algernon,M,557,100,102,199,156
Algie,F,10,10,0,0,0
Algie,M,444,195,112,84,53
Ali,F,2397,0,20,786,1591
Ali,M,5153,166,408,1733,2846
Alia,F,1835,0,46,587,1202
Alica,F,922,108,240,248,326
Alice,F,97490,52074,26954,11132,7330
Alice,M,343,156,95,52,40
Alicea,F,482,23,55,155,249
Alicen,F,280,0,12,93,175
Alicia,F,138529,9888,22422,39253,66966
Alicia,M,552,26,64,180,282
Alicyn,F,200,0,12,73,115
Alida,F,1499,460,324,382,333
Aliesha,F,387,0,5,109,273
Alika,F,123,0,0,35,88
Alika,M,212,0,0,78,134
Alina,F,3627,100,491,1185,1851
Alinda,F,356,152,96,66,42
Aline,F,2076,919,621,251,285
Alisa,F,23165,1941,8421,7586,5217
Alisa,M,22,0,5,17,0
Alise,F,1186,135,286,204,561
Alisha,F,32234,92,1473,8918,21751
Alisha,M,114,0,0,38,76
Alishia,F,1701,0,99,494,1108
Alisia,F,1815,124,408,527,756
Alison,F,67537,6216,12233,22070,27018
Alison,M,338,25,22,128,163
Alissa,F,14272,203,1245,4621,8203
Alissa,M,31,0,0,12,19
Alistair,M,226,7,11,96,112
Alita,F,945,223,275,245,202
Alivia,F,323,17,0,98,208
Alix,F,1074,160,128,173,613
Alix,M,275,5,42,80,148
Aliya,F,648,0,0,257,391
Aliyah,F,335,0,0,52,283
Aliza,F,1430,35,234,461,700
Allan,F,152,37,38,36,41
Allan,M,40324,17697,11110,5911,5606
Allana,F,657,80,97,198,282
Allegra,F,1393,109,189,419,676
Allen,F,772,206,224,152,190
Allen,M,128587,47322,37694,21667,21904
Allena,F,506,87,96,151,172
Allene,F,1101,591,273,141,96
Allicia,F,407,0,38,116,253
Allie,F,2596,543,237,302,1514
Allie,M,529,225,150,86,68
Allisa,F,521,0,119,157,245
Allisha,F,459,0,0,116,343
Allison,F,117563,4553,16525,34158,62327
Allison,M,1353,383,403,252,315
Allissa,F,417,0,6,116,295
Allyce,F,216,18,12,0,186
Allyn,F,990,413,236,112,229
Allyn,M,1375,500,375,222,278
Allysa,F,376,0,0,48,328
Allyse,F,220,0,0,5,215
Allyson,F,16241,1205,3085,4745,7206
Allyson,M,16,0,5,11,0
Allyssa,F,810,0,0,104,706
Alma,F,27299,9637,6382,5592,5688
Alma,M,517,120,99,136,162
Almeda,F,447,219,126,53,49
Almeta,F,432,206,102,83,41
Almira,F,203,63,49,67,24
Almon,M,289,113,76,43,57
Alnisa,F,224,0,14,119,91
Alois,M,208,121,65,17,5
Aloma,F,247,108,85,39,15
Alon,F,6,0,0,0,6
Alon,M,352,8,50,134,160
Alona,F,744,113,144,167,320
Alonda,F,655,58,180,251,166
Alondra,F,877,8,75,150,644
Alonna,F,328,23,11,80,214
Alonso,M,1675,146,236,457,836
Alonza,M,1406,492,424,278,212
Alonzo,F,139,37,25,32,45
Alonzo,M,15470,3966,4395,3490,3619
Alora,F,222,15,36,35,136
Aloysius,M,772,254,217,157,144
Alpha,F,649,276,150,133,90
Alpha,M,414,121,92,113,88
Alphonse,M,1799,760,496,304,239
Alphonso,F,21,0,11,5,5
Alphonso,M,8166,2768,2488,1615,1295
Alphonza,M,265,134,75,43,13
Alphonzo,M,1090,328,321,253,188
Alston,M,394,93,77,72,152
Alta,F,2578,1280,589,420,289
Altagracia,F,418,66,92,135,125
Altha,F,290,184,86,20,0
Althea,F,6400,3015,1791,1002,592
Alton,F,84,30,34,5,15
Alton,M,15431,5989,4376,2855,2211
Alva,F,1911,797,519,316,279
Alva,M,1646,717,479,292,158
Alvah,M,328,184,54,61,29
Alvan,M,223,101,49,46,27
Alvaro,M,4781,499,658,1202,2422
Alvera,F,264,154,68,34,8
Alvester,M,216,108,60,32,16
Alvie,F,24,24,0,0,0
Alvie,M,868,367,253,159,89
Alvin,F,460,163,120,90,87
Alvin,M,53747,23087,14509,8677,7474
Alvina,F,1613,525,356,420,312
Alvino,M,717,184,189,187,157
Alvis,F,61,51,5,5,0
Alvis,M,1498,659,374,265,200
Alvita,F,252,64,44,83,61
Alyce,F,3537,1521,901,530,585
Alycia,F,4306,160,465,1230,2451
Alys,F,307,90,70,65,82
Alysa,F,1368,33,182,334,819
Alyse,F,2671,183,269,327,1892
Alysha,F,2948,0,33,484,2431
Alyshia,F,472,0,0,111,361
Alysia,F,4149,115,378,1535,2121
Alyson,F,10928,585,1412,3367,5564
Alyson,M,5,0,0,0,5
Alyssa,F,40632,98,1503,6079,32952
Alyssa,M,106,0,0,6,100
Alysse,F,346,0,0,9,337
Alyssia,F,695,0,7,121,567
Amada,F,776,131,140,191,314
Amadeo,M,342,89,65,80,108
Amado,M,1472,360,324,390,398
Amador,M,1323,300,292,383,348
Amal,F,505,0,36,163,306
Amal,M,54,0,0,14,40
Amalia,F,3293,659,711,866,1057
Amamda,F,209,0,0,31,178
Aman,F,5,0,0,0,5
Aman,M,215,0,5,74,136
Amanada,F,302,0,0,50,252
Amanda,F,516294,5471,17176,123920,369727
Amanda,M,1655,5,51,442,1157
Amando,F,114,0,0,15,99
Amando,M,458,96,98,124,140
Amani,F,338,0,6,106,226
Amani,M,60,0,0,47,13
Amar,M,773,0,16,258,499
Amara,F,767,0,30,214,523
Amara,M,7,0,0,0,7
Amarilis,F,287,0,33,89,165
Amaris,F,864,0,13,231,620
Amaryllis,F,269,28,31,100,110
Ambar,F,621,0,0,6,615
Ambar,M,5,0,0,0,5
Amber,F,207736,1255,5467,47063,153951
Amber,M,688,0,5,157,526
Amberlee,F,608,0,0,154,454
Amberley,F,226,0,0,52,174
Amberly,F,2042,0,68,540,1434
Amberlyn,F,241,0,0,49,192
Ambra,F,601,12,29,152,408
Ambre,F,417,0,7,123,287
Ambria,F,296,0,0,31,265
Ambrose,M,1577,494,400,323,360
Ambrosia,F,570,0,0,67,503
Ambrosio,M,372,115,91,70,96
Ambur,F,248,0,0,55,193
Ame,F,300,0,55,161,84
Amee,F,1281,7,139,682,453
Ameer,M,559,0,14,202,343
Ameerah,F,231,0,0,83,148
Amelia,F,25074,5189,4824,5321,9740
Amelia,M,40,0,5,5,30
Amelie,F,316,59,41,90,126
Amena,F,210,0,9,83,118
Amenda,F,216,5,30,62,119
Amer,F,12,0,0,0,12
Amer,M,231,0,5,50,176
America,F,1415,148,208,491,568
Americo,M,704,169,203,185,147
Ames,M,483,102,98,110,173
Amethyst,F,461,0,16,100,345
Amey,F,562,50,118,260,134
Ami,F,5299,120,660,2772,1747
Ami,M,37,0,0,20,17
Amia,F,223,0,15,65,143
Amie,F,15667,325,1394,7807,6141
Amie,M,19,0,0,14,5
Amiee,F,1168,11,81,631,445
Amiel,M,265,57,55,74,79
Amilcar,M,210,11,0,71,128
Amin,M,770,0,14,325,431
Amina,F,1367,12,64,536,755
Aminah,F,506,0,24,200,282
Amir,F,16,0,0,0,16
Amir,M,2653,11,144,655,1843
Amira,F,876,0,24,257,595
Amirah,F,347,0,0,51,296
Amisha,F,238,0,0,78,160
Amit,F,7,0,0,0,7
Amit,M,1531,0,34,480,1017
Amita,F,243,0,17,114,112
Amity,F,1050,0,42,638,370
Ammar,M,204,0,0,28,176
Ammie,F,1149,126,158,533,332
Ammon,M,926,78,86,309,453
Ammy,F,282,0,28,147,107
Amon,M,580,99,75,212,194
Amorette,F,211,0,11,88,112
Amos,F,22,16,6,0,0
Amos,M,9372,2810,2086,2155,2321
Amparo,F,1292,365,295,347,285
Amparo,M,7,0,0,0,7
Amrita,F,209,0,0,43,166
Amy,F,567014,30583,116775,268994,150662
Amy,M,1631,48,287,771,525
Amye,F,472,23,86,200,163
Amyjo,F,467,0,100,239,128
An,F,297,36,16,46,199
An,M,274,0,0,46,228
Ana,F,38521,3930,7844,11217,15530
Ana,M,340,12,29,109,190
Anabel,F,2488,128,310,641,1409
Anabel,M,15,0,0,0,15
Anabell,F,250,0,46,73,131
Anabelle,F,344,21,54,109,160
Anahi,F,224,0,0,18,206
Anais,F,915,0,0,33,882
Anais,M,6,0,0,0,6
Analicia,F,242,0,5,0,237
Analisa,F,1008,11,124,289,584
Analise,F,201,0,0,26,175
Anamaria,F,1025,53,204,292,476
Anamarie,F,386,16,74,107,189
Anand,M,756,0,34,292,430
Ananda,F,387,0,15,199,173
Ananda,M,40,0,0,35,5
Anastacia,F,1219,93,150,312,664
Anastacio,M,862,229,206,213,214
Anastasia,F,9333,586,1519,2397,4831
Anastasia,M,13,0,0,0,13
Anastasios,M,512,12,79,237,184
Ancil,M,236,109,63,36,28
Andee,F,221,12,30,85,94
Andera,F,644,36,176,226,206
Andera,M,18,6,5,7,0
Anders,M,1190,115,190,300,585
Anderson,F,15,0,0,0,15
Anderson,M,3428,1034,749,736,909
Andi,F,838,91,163,251,333
Andi,M,34,0,0,16,18
Andra,F,3917,824,1232,1029,832
Andra,M,2173,279,786,693,415
Andrae,F,41,0,10,15,16
Andrae,M,1302,12,96,419,775
Andraya,F,222,0,0,58,164
Andre,F,1714,242,467,561,444
Andre,M,68262,7399,18117,21139,21607
Andrea,F,272473,29380,58406,86424,98263
Andrea,M,4316,415,1087,1547,1267
Andreana,F,794,10,50,379,355
Andreanna,F,237,0,12,70,155
Andreas,F,23,0,5,0,18
Andreas,M,2652,150,671,760,1071
Andree,F,1104,350,377,198,179
Andree,M,411,54,124,112,121
Andrei,M,612,81,146,193,192
Andreia,F,321,0,54,109,158
Andreina,F,284,5,0,11,268
Andreina,M,6,0,0,0,6
Andrena,F,507,80,137,151,139
Andres,F,225,0,11,80,134
Andres,M,19069,1615,2588,4829,10037
Andretta,F,284,67,91,94,32
Andrew,F,2973,209,393,663,1708
Andrew,M,576084,60972,97109,132929,285074
Andrey,F,66,0,6,23,37
Andrey,M,446,37,86,166,157
Andrez,M,203,12,15,57,119
Andria,F,5766,404,921,1990,2451
Andria,M,27,0,10,17,0
Andrian,F,83,0,10,31,42
Andrian,M,227,0,17,95,115
Andriana,F,473,0,24,119,330
Andrienne,F,256,20,27,88,121
Andrina,F,300,13,21,104,162
Andy,F,436,96,133,95,112
Andy,M,36533,6897,12138,9038,8460
Aneesah,F,354,0,0,157,197
Aneesha,F,205,0,0,69,136
Anel,F,690,0,0,348,342
Anel,M,26,0,0,0,26
Anesha,F,354,0,5,118,231
Anessa,F,629,0,84,331,214
Aneta,F,307,99,71,57,80
Anetra,F,382,7,18,269,88
Anetta,F,267,90,104,49,24
Anette,F,1158,212,491,262,193
Angala,F,213,0,45,133,35
Angel,F,39173,1091,4532,16814,16736
Angel,M,38604,4224,7404,11178,15798
Angela,F,541508,40357,159294,225262,116595
Angela,M,1764,106,404,771,483
Angele,F,924,108,279,305,232
Angelea,F,441,26,126,190,99
Angelee,F,412,28,72,163,149
Angelena,F,1138,75,217,400,446
Angelene,F,900,179,193,307,221
Angeles,F,353,56,88,91,118
Angelette,F,367,26,142,143,56
Angeli,F,263,53,54,57,99
Angelia,F,18347,2187,7911,6521,1728
Angelia,M,22,0,10,12,0
Angelic,F,2115,14,252,1157,692
Angelica,F,32008,828,2369,9735,19076
Angelica,M,204,0,0,46,158
Angelie,F,240,5,45,101,89
Angelika,F,758,60,187,194,317
Angelina,F,20767,2488,3720,6357,8202
Angelina,M,25,0,0,0,25
Angeline,F,5691,1289,1208,1654,1540
Angelique,F,12566,333,2401,6139,3693
Angelique,M,6,0,0,6,0
Angelisa,F,263,5,56,96,106
Angelita,F,5474,1327,1411,1601,1135
Angelita,M,5,0,0,0,5
Angell,F,246,5,41,104,96
Angella,F,2658,155,667,1241,595
Angelle,F,898,21,182,326,369
Angelo,F,616,78,196,209,133
Angelo,M,23956,5727,6577,5487,6165
Angelyn,F,908,247,237,252,172
Angenette,F,361,57,122,143,39
Angi,F,496,30,180,236,50
Angie,F,36163,3684,13023,13784,5672
Angie,M,116,7,29,39,41
Angila,F,580,31,159,268,122
Angla,F,506,15,187,244,60
Angle,F,793,16,156,382,239
Angle,M,64,6,5,16,37
Anglea,F,1442,39,411,660,332
Anglia,F,639,47,285,272,35
Angus,M,1295,345,283,307,360
Anh,F,587,0,0,71,516
Anh,M,323,0,0,53,270
Ani,F,426,7,34,116,269
Anibal,F,5,0,0,5,0
Anibal,M,2060,303,512,608,637
Anica,F,352,0,0,165,187
Anika,F,2197,0,26,1222,949
Anil,M,705,9,86,276,334
Anisa,F,910,7,189,357,357
Anise,F,415,119,77,111,108
Anish,M,268,0,0,76,192
Anisha,F,1190,0,17,328,845
Anissa,F,5142,0,1352,3043,747
Anissa,M,5,0,0,5,0
Anita,F,119432,47588,44416,18834,8594
Anita,M,382,110,140,81,51
Anitra,F,3729,176,329,2489,735
Anja,F,568,0,157,195,216
Anjali,F,751,0,38,288,425
Anjanette,F,2319,0,705,1424,190
Anjeanette,F,377,0,97,236,44
Anjelica,F,1222,0,26,279,917
Anjuli,F,312,0,0,10,302
Ankit,M,211,0,0,10,201
Ankur,M,387,0,0,98,289
Ann,F,207088,87047,72083,32030,15928
Ann,M,592,181,208,136,67
Anna,F,177776,41701,40935,37813,57327
Anna,M,708,133,149,163,263
Annabel,F,1728,261,374,403,690
Annabell,F,617,164,163,138,152
Annabelle,F,2343,587,616,561,579
Annah,F,362,15,5,71,271
Annalee,F,935,128,154,238,415
Annaliese,F,293,0,27,55,211
Annalisa,F,1954,72,366,639,877
Annalise,F,512,0,18,103,391
Annamae,F,287,130,64,24,69
Annamaria,F,2001,260,651,567,523
Annamarie,F,5074,1044,1597,1004,1429
Annastasia,F,296,0,13,61,222
Anndrea,F,308,0,15,118,175
Anne,F,147895,52404,47774,25602,22115
Anne,M,436,94,130,95,117
Anneka,F,248,0,0,116,132
Anneke,F,310,10,18,135,147
Anneliese,F,931,90,198,270,373
Annelise,F,613,15,77,133,388
Annelle,F,262,160,57,34,11
Annemarie,F,7455,1032,2812,1994,1617
Annessa,F,267,0,31,129,107
Annett,F,691,168,334,138,51
Annetta,F,3385,1219,1265,628,273
Annette,F,110428,35341,51925,16056,7106
Annette,M,344,80,178,63,23
Annice,F,535,237,166,73,59
Annie,F,47014,23682,9652,5418,8262
Annie,M,225,140,37,5,43
Annika,F,1252,0,74,388,790
Annis,F,317,208,75,16,18
Annisa,F,245,0,51,131,63
Annissa,F,513,0,93,289,131
Annita,F,823,326,260,162,75
Annmarie,F,12235,1982,4648,3518,2087
Anntoinette,F,319,53,100,83,83
Anny,F,320,11,8,63,238
Anothony,M,319,53,123,82,61
Ansel,M,642,170,124,160,188
Anselmo,M,1095,299,250,272,274
Ansley,F,829,0,66,206,557
Ansley,M,80,11,5,24,40
Anson,M,1932,237,332,635,728
Antawn,M,340,0,0,142,198
Anthea,F,425,49,107,131,138
Anthoney,M,1630,286,467,456,421
Anthonio,M,224,6,26,100,92
Anthony,F,4908,545,1290,1411,1662
Anthony,M,726540,136647,203159,174873,211861
Antione,F,49,0,0,38,11
Antione,M,3033,47,310,1273,1403
Antionette,F,6087,1043,1927,1551,1566
Antionio,M,282,0,17,136,129
Antiono,M,284,0,53,119,112
Antjuan,M,428,0,7,174,247
Antoin,M,384,0,51,175,158
Antoine,F,322,0,35,160,127
Antoine,M,15858,550,1855,5828,7625
Antoinetta,F,351,64,106,100,81
Antoinette,F,33118,9045,9938,7204,6931
Antoinette,M,46,0,20,11,15
Antoinne,M,272,0,14,118,140
Antoino,M,356,6,40,153,157
Anton,F,21,0,0,8,13
Anton,M,7276,1284,1536,2089,2367
Antone,M,1934,453,467,550,464
Antonella,F,781,5,147,342,287
Antonetta,F,225,73,86,46,20
Antonette,F,3202,709,884,838,771
Antoni,F,5,0,5,0,0
Antoni,M,451,32,84,149,186
Antonia,F,11926,3183,2539,2850,3354
Antonia,M,2103,155,475,883,590
Antonie,M,486,0,47,195,244
Antonietta,F,914,113,322,320,159
Antoniette,F,539,118,165,142,114
Antonina,F,855,163,196,266,230
Antonino,M,803,50,155,304,294
Antonio,F,1298,106,224,459,509
Antonio,M,105129,11639,18594,33280,41616
Antonios,M,389,10,25,191,163
Antonius,M,243,0,29,120,94
Antony,M,4243,499,1151,1270,1323
Antonyo,M,247,0,5,96,146
Antron,M,778,0,35,272,471
Antuan,M,662,0,12,264,386
Antwain,M,1313,0,9,523,781
Antwaine,M,228,0,0,91,137
Antwan,F,113,0,0,68,45
Antwan,M,6107,6,200,2197,3704
Antwane,M,509,0,6,222,281
Antwanette,F,305,0,8,104,193
Antwann,M,335,0,5,123,207
Antwaun,F,5,0,0,5,0
Antwaun,M,658,0,10,202,446
Antwine,M,356,10,50,141,155
Antwoin,M,202,0,0,92,110
Antwoine,M,521,5,16,224,276
Antwon,F,5,0,0,5,0
Antwon,M,2791,5,124,893,1769
Antwone,M,781,8,31,313,429
Antwuan,M,327,0,0,112,215
Anuj,M,246,0,5,72,169
Anwar,F,19,0,0,0,19
Anwar,M,1228,0,6,487,735
Any,F,442,0,64,195,183
Anya,F,2116,34,232,522,1328
Apolinar,M,518,136,96,119,167
Apollo,M,419,0,21,135,263
Apollonia,F,206,0,0,0,206
Apolonio,M,597,148,135,162,152
April,F,191378,10176,28306,76946,75950
April,M,601,9,75,240,277
Aprile,F,461,67,125,174,95
Aprill,F,369,5,87,161,116
Aprille,F,441,43,77,184,137
Apryl,F,2005,146,324,670,865
Aquanetta,F,202,52,47,84,19
Aqueelah,F,264,0,0,114,150
Aquila,F,355,6,12,143,194
Aquila,M,22,0,0,11,11
Aquilla,F,456,97,84,106,169
Aquilla,M,23,0,7,16,0
Ara,F,642,105,119,190,228
Ara,M,586,34,135,242,175
Arabella,F,238,72,69,52,45
Araceli,F,6866,216,747,2673,3230
Araceli,M,108,0,5,32,71
Aracelia,F,350,70,103,105,72
Aracelis,F,673,60,186,220,207
Aracely,F,2164,29,185,794,1156
Aracely,M,5,0,0,5,0
Aram,M,833,91,158,258,326
Aramis,F,70,0,0,0,70
Aramis,M,409,0,5,108,296
Aran,F,19,0,0,14,5
Aran,M,221,0,9,117,95
Araseli,F,595,0,27,251,317
Arash,M,462,0,0,129,333
Arcadio,M,528,115,138,144,131
Arcelia,F,877,174,160,291,252
Arch,M,378,176,119,78,5
Archer,M,270,121,83,49,17
Archibald,M,452,180,107,81,84
Archie,F,158,108,39,11,0
Archie,M,12761,5490,3555,2340,1376
Ardelia,F,291,142,82,41,26
Ardell,F,337,240,87,10,0
Ardell,M,680,278,146,159,97
Ardella,F,528,295,144,52,37
Arden,F,682,236,186,94,166
Arden,M,1490,688,402,224,176
Ardie,F,55,45,5,5,0
Ardie,M,205,96,60,49,0
Ardis,F,915,591,216,84,24
Ardis,M,373,168,84,71,50
Ardith,F,909,578,216,98,17
Ardith,M,5,5,0,0,0
Areli,F,350,0,10,76,264
Areli,M,7,0,0,0,7
Arelis,F,381,0,27,138,216
Arely,F,290,0,0,49,241
Aren,F,142,13,9,62,58
Aren,M,329,0,0,114,215
Aretha,F,4173,355,2008,1442,368
Aretta,F,261,130,93,33,5
Argelia,F,412,44,73,158,137
Ari,F,253,0,17,88,148
Ari,M,3015,22,467,1259,1267
Aria,F,765,38,30,181,516
Aria,M,62,0,0,0,62
Ariadne,F,233,0,70,63,100
Arian,F,329,0,5,121,203
Arian,M,470,0,0,169,301
Ariana,F,5632,5,154,788,4685
Ariana,M,47,0,0,0,47
Ariane,F,1754,52,176,487,1039
Ariane,M,5,0,0,0,5
Arianna,F,2230,0,97,300,1833
Arianne,F,1572,10,105,511,946
Aric,F,5,0,0,5,0
Aric,M,3809,79,376,1965,1389
Arica,F,1340,0,28,513,799
Arick,M,373,0,55,138,180
Aricka,F,225,0,0,100,125
Arie,F,509,147,79,122,161
Arie,M,490,80,98,136,176
Ariel,F,7272,63,139,717,6353
Ariel,M,5026,125,445,1479,2977
Ariela,F,203,0,0,35,168
Ariella,F,610,0,13,145,452
Arielle,F,4286,0,21,222,4043
Arielle,M,28,0,0,0,28
Aries,F,166,0,0,60,106
Aries,M,200,0,0,103,97
Arif,M,224,0,15,72,137
Arik,M,624,0,44,250,330
Arika,F,845,0,16,279,550
Arin,F,921,0,6,342,573
Arin,M,461,0,36,178,247
Arion,F,65,0,0,0,65
Arion,M,215,6,6,64,139
Aris,F,254,28,19,64,143
Aris,M,562,74,92,135,261
Aristeo,M,260,36,48,80,96
Aristides,M,261,23,66,70,102
Arjun,M,291,0,12,34,245
Arla,F,825,397,242,111,75
Arlan,M,1117,517,309,169,122
Arlana,F,352,79,79,111,83
Arland,F,5,5,0,0,0
Arland,M,443,183,129,65,66
Arlando,M,317,10,35,144,128
Arlean,F,422,247,140,24,11
Arleen,F,4629,2182,1812,331,304
Arlen,F,88,17,7,16,48
Arlen,M,2541,1220,602,347,372
Arlena,F,872,211,234,225,202
Arlene,F,40210,20652,11234,4654,3670
Arlene,M,70,32,25,0,13
Arleta,F,268,140,90,21,17
Arletha,F,827,288,318,160,61
Arletta,F,681,318,222,105,36
Arlette,F,1200,382,399,199,220
Arley,F,108,0,0,0,108
Arley,M,579,217,136,92,134
Arlie,F,167,76,10,6,75
Arlie,M,1377,611,396,231,139
Arlin,F,97,0,0,10,87
Arlin,M,1199,502,342,200,155
Arlinda,F,1075,395,251,304,125
Arline,F,1391,709,414,136,132
Arlington,M,321,114,73,67,67
Arlis,F,156,127,29,0,0
Arlis,M,455,194,126,79,56
Arlisa,F,396,21,182,123,70
Arlo,M,1046,282,134,376,254
Arlon,M,453,205,129,61,58
Arlyn,F,422,115,85,93,129
Arlyn,M,764,356,193,164,51
Arlys,F,206,174,32,0,0
Arman,M,376,17,28,94,237
Armand,M,3852,1379,910,725,838
Armanda,F,676,105,128,196,247
Armandina,F,445,163,130,102,50
Armando,F,256,32,42,85,97
Armando,M,31095,5759,6308,8606,10422
Armen,M,645,118,127,136,264
Armida,F,1306,451,347,305,203
Armin,M,553,126,126,164,137
Arminda,F,654,131,135,182,206
Armon,M,643,117,97,174,255
Armond,M,1280,310,220,321,429
Armondo,M,637,102,88,229,218
Arnaldo,M,1177,151,238,304,484
Arne,M,1124,496,367,170,91
Arnel,F,22,0,22,0,0
Arnel,M,312,15,66,116,115
Arnell,F,280,115,118,33,14
Arnell,M,665,135,184,181,165
Arnetha,F,242,111,105,15,11
Arnett,F,48,27,21,0,0
Arnett,M,493,223,120,98,52
Arnetta,F,1689,630,620,278,161
Arnette,F,615,267,243,74,31
Arnette,M,28,23,5,0,0
Arnie,F,16,16,0,0,0
Arnie,M,962,331,378,154,99
Arnita,F,1343,514,478,238,113
Arno,M,377,154,134,71,18
Arnold,F,126,57,51,18,0
Arnold,M,28963,13196,9501,3688,2578
Arnoldo,M,2335,433,587,650,665
Arnulfo,M,2927,673,611,783,860
Aron,F,260,0,0,111,149
Aron,M,6569,603,836,2456,2674
Arrie,F,217,90,36,47,44
Arrie,M,80,40,10,18,12
Arron,F,126,0,0,57,69
Arron,M,4177,155,501,1488,2033
Arsenio,M,1092,85,106,120,781
Art,M,2540,875,1123,304,238
Artemio,M,970,144,168,288,370
Artemus,M,326,27,93,135,71
Arther,M,753,394,172,113,74
Arthur,F,960,312,288,203,157
Arthur,M,144232,65716,39622,22100,16794
Arthuro,M,211,42,42,45,82
Artie,F,539,325,134,57,23
Artie,M,1863,762,571,318,212
Artina,F,260,16,76,98,70
Artis,F,256,154,78,19,5
Artis,M,2338,891,577,480,390
Artisha,F,293,0,0,113,180
Arturo,F,146,5,19,49,73
Arturo,M,22914,4209,4688,6233,7784
Arun,M,440,0,28,177,235
Arvel,M,383,158,127,84,14
Arvella,F,263,123,106,34,0
Arvid,M,485,287,114,70,14
Arvil,M,483,251,150,71,11
Arvin,M,1294,448,295,306,245
Arvis,F,77,54,23,0,0
Arvis,M,202,84,68,32,18
Arwen,F,393,0,10,213,170
Aryeh,M,570,5,63,182,320
Aryn,F,619,0,0,173,446
Aryn,M,66,0,0,17,49
Asa,F,303,10,69,86,138
Asa,M,2910,438,412,670,1390
Asad,M,201,0,0,37,164
Ascencion,M,235,65,53,47,70
Asha,F,1867,0,72,566,1229
Asha,M,14,0,0,0,14
Ashanta,F,276,0,0,92,184
Ashanta,M,6,0,0,6,0
Ashante,F,328,0,0,81,247
Ashante,M,60,0,0,29,31
Ashanti,F,1432,0,0,448,984
Ashanti,M,370,0,0,220,150
Ashby,F,116,0,5,24,87
Ashby,M,345,96,79,72,98
Asheley,F,441,0,0,76,365
Ashely,F,3110,0,0,99,3011
Ashely,M,70,0,0,25,45
Asher,F,42,0,0,8,34
Asher,M,1323,100,121,315,787
Ashia,F,709,0,5,216,488
Ashish,M,433,0,7,201,225
Ashle,F,223,0,0,0,223
Ashlea,F,1697,0,15,215,1467
Ashlee,F,17164,0,52,1262,15850
Ashlee,M,130,0,0,10,120
Ashlei,F,867,0,0,57,810
Ashleigh,F,10783,0,53,846,9884
Ashleigh,M,61,0,0,0,61
Ashley,F,376025,221,2566,21053,352185
Ashley,M,11391,659,1299,4219,5214
Ashli,F,2648,0,0,457,2191
Ashlie,F,4761,0,42,611,4108
Ashlie,M,5,0,0,0,5
Ashly,F,3720,0,30,240,3450
Ashly,M,97,0,5,15,77
Ashlyn,F,1710,0,94,149,1467
Ashlynn,F,512,0,8,9,495
Ashraf,M,311,0,5,106,200
Ashton,F,3624,0,0,14,3610
Ashton,M,2786,158,145,323,2160
Asia,F,4631,13,88,838,3692
Asia,M,79,0,0,23,56
Asif,M,246,0,0,63,183
Asim,M,293,0,6,127,160
Askia,M,211,0,6,124,81
Asley,F,335,0,0,0,335
Asma,F,343,0,0,86,257
Aspen,F,602,0,0,135,467
Assunta,F,291,48,98,116,29
Astra,F,221,5,19,118,79
Astrid,F,1429,170,337,347,575
Asusena,F,231,0,0,83,148
Asya,F,286,0,0,64,222
Athanasia,F,228,0,28,101,99
Athanasios,M,557,6,69,287,195
Athena,F,7855,786,1517,2588,2964
Athina,F,289,5,16,114,154
Athony,M,487,44,128,148,167
Atiba,F,5,0,0,5,0
Atiba,M,272,0,0,179,93
Atiya,F,678,0,0,292,386
Atlee,F,5,0,0,0,5
Atlee,M,322,72,67,71,112
Attila,M,301,24,134,95,48
Aubree,F,1223,0,0,252,971
Aubrey,F,9064,92,115,2055,6802
Aubrey,M,9483,3370,2271,1842,2000
Aubri,F,326,0,0,89,237
Aubrie,F,902,0,0,145,757
Aubry,F,392,0,0,73,319
Aubry,M,372,130,89,76,77
Audelia,F,214,81,35,36,62
Audery,F,232,95,107,25,5
Audie,F,174,100,45,17,12
Audie,M,2458,1191,632,402,233
Audra,F,15505,230,4076,6155,5044
Audra,M,52,0,16,26,10
Audrea,F,1389,101,304,503,481
Audree,F,318,100,50,52,116
Audrey,F,65138,22225,17868,10377,14668
Audrey,M,753,273,194,157,129
Audria,F,508,39,114,182,173
Audriana,F,240,0,0,0,240
Audrianna,F,281,0,0,0,281
Audrie,F,631,103,92,165,271
Audry,F,1038,272,310,193,263
Audry,M,53,42,11,0,0
Audwin,M,329,103,119,76,31
Augie,M,296,140,109,41,6
August,F,696,6,86,289,315
August,M,5272,1841,1234,1044,1153
Augusta,F,1464,488,283,372,321
Augusta,M,528,226,156,88,58
Augustin,M,1248,279,258,372,339
Augustina,F,639,151,133,172,183
Augustine,F,737,393,176,105,63
Augustine,M,3747,1009,902,930,906
Augusto,M,676,112,188,181,195
Augustus,M,2496,855,601,509,531
Aundra,F,336,79,124,100,33
Aundra,M,707,124,260,181,142
Aundre,M,550,28,128,192,202
Aundrea,F,1988,79,372,738,799
Aundrea,M,170,17,49,78,26
Aundrey,F,5,0,5,0,0
Aundrey,M,205,0,50,106,49
Aundria,F,432,31,92,176,133
Aura,F,968,106,148,343,371
Aurea,F,549,111,160,151,127
Aurelia,F,2457,766,527,591,573
Aureliano,M,200,32,27,46,95
Aurelio,F,6,0,0,0,6
Aurelio,M,2567,512,523,767,765
Aurora,F,7377,1780,1615,1755,2227
Aurora,M,5,0,0,0,5
Austen,F,99,0,0,0,99
Austen,M,929,5,5,68,851
Austin,F,929,0,0,80,849
Austin,M,40387,2208,2031,4841,31307
Auston,M,361,26,11,25,299
Auther,M,436,239,109,61,27
Author,M,490,286,122,54,28
Authur,M,822,410,175,126,111
Autry,F,10,10,0,0,0
Autry,M,364,139,111,55,59
Autum,F,758,0,0,244,514
Autumn,F,22566,412,974,7355,13825
Autumn,M,120,0,0,54,66
Ava,F,9314,4237,2342,1319,1416
Ave,F,304,121,83,55,45
Avelina,F,324,95,62,71,96
Avelino,M,398,95,97,104,102
Avery,F,1587,149,168,318,952
Avery,M,7923,1265,1807,1973,2878
Avi,F,10,0,0,5,5
Avi,M,753,49,80,270,354
Avia,F,274,24,43,66,141
Avid,M,221,0,29,71,121
Avis,F,4642,2198,1504,593,347
Avis,M,312,33,84,95,100
Aviva,F,1068,132,188,310,438
Avon,F,248,158,58,20,12
Avon,M,485,199,111,87,88
Avraham,M,657,18,57,166,416
Avram,M,346,64,64,104,114
Avril,F,418,50,92,155,121
Avrohom,M,616,21,65,193,337
Awilda,F,1578,487,615,351,125
Axel,M,921,85,168,222,446
Aya,F,248,0,0,65,183
Ayana,F,1923,0,0,1016,907
Ayana,M,5,0,0,0,5
Ayanna,F,2413,0,0,1547,866
Ayesha,F,2192,6,126,846,1214
Ayisha,F,446,0,10,177,259
Ayla,F,1079,0,6,15,1058
Aysha,F,452,0,6,134,312
Azalea,F,421,81,43,135,162
Azalia,F,453,111,45,122,175
Aziz,M,251,0,0,63,188
Aziza,F,425,0,0,145,280
Azucena,F,755,18,62,258,417
Azure,F,574,0,0,344,230
Babak,M,233,0,12,77,144
Babara,F,242,104,102,25,11
Babette,F,2276,728,1172,280,96
Babette,M,5,0,5,0,0
Baby,F,1099,48,15,169,867
Baby,M,1282,25,0,215,1042
Babyboy,M,272,0,0,0,272
Babygirl,F,259,0,0,5,254
Baila,F,297,19,18,65,195
Bailee,F,265,0,0,0,265
Bailey,F,4115,5,0,28,4082
Bailey,M,1130,287,197,169,477
Bakari,M,368,0,0,158,210
Baldemar,M,1047,274,246,250,277
Baldomero,M,461,139,64,121,137
Balinda,F,627,157,237,163,70
Ballard,M,228,129,69,24,6
Baltazar,M,849,154,157,225,313
Bambi,F,4970,1275,1294,1356,1045
Bambie,F,227,37,68,62,60
Banjamin,M,205,0,0,43,162
Bao,F,300,0,0,6,294
Bao,M,273,0,0,37,236
Barak,M,360,10,63,136,151
Barb,F,3646,1460,2140,46,0
Barbar,F,233,109,94,25,5
Barbara,F,566871,345722,159773,42237,19139
Barbara,M,1471,693,503,162,113
Barbaraann,F,328,121,131,55,21
Barbette,F,304,88,191,25,0
Barbi,F,586,72,176,246,92
Barbie,F,3067,338,1346,868,515
Barbra,F,5185,1665,1890,1116,514
Barclay,F,24,0,9,15,0
Barclay,M,508,131,115,147,115
Bari,F,1323,308,507,256,252
Bari,M,111,46,29,31,5
Barnaby,M,270,25,48,123,74
Barnard,M,404,109,178,79,38
Barnett,M,370,172,103,44,51
Barney,F,22,12,10,0,0
Barney,M,5455,2672,1598,755,430
Baron,M,2850,495,933,735,687
Barret,M,561,0,68,185,308
Barrett,F,186,0,11,67,108
Barrett,M,5031,574,877,1412,2168
Barri,F,448,74,248,86,40
Barri,M,47,22,13,0,12
Barrie,F,1255,233,676,193,153
Barrie,M,598,240,197,96,65
Barrington,M,564,75,108,119,262
Barron,M,2246,464,759,564,459
Barry,F,589,196,205,105,83
Barry,M,129201,54812,47221,17246,9922
Bart,F,5,0,5,0,0
Bart,M,13657,3295,6126,2973,1263
Barth,M,334,155,156,23,0
Bartholomew,M,2039,437,447,597,558
Bartlett,M,269,85,93,43,48
Bartley,M,1103,252,399,293,159
Bartolo,M,300,81,84,68,67
Barton,M,5367,1783,1878,1015,691
Baruch,M,474,72,79,110,213
Bary,M,238,97,100,29,12
Basil,M,3112,1090,873,577,572
Basilio,M,765,192,191,196,186
Bathsheba,F,292,76,43,97,76
Baxter,M,788,286,205,125,172
Bayard,M,240,103,66,35,36
Baylee,F,209,0,0,0,209
Bea,F,372,169,162,27,14
Beata,F,399,27,84,176,112
Beatrice,F,23229,10745,6461,3266,2757
Beatrice,M,37,23,6,0,8
Beatris,F,553,52,73,171,257
Beatriz,F,7311,795,1452,2078,2986
Beatriz,M,40,0,6,6,28
Beau,F,98,0,0,12,86
Beau,M,10914,123,472,3145,7174
Bebe,F,295,211,66,13,5
Becca,F,570,44,121,199,206
Beckey,F,488,171,192,96,29
Becki,F,2340,512,914,614,300
Beckie,F,2201,867,803,367,164
Becky,F,74676,24837,29601,14309,5929
Becky,M,139,33,57,42,7
Bedford,M,248,122,82,24,20
Bee,F,78,21,0,5,52
Bee,M,285,6,0,13,266
Bejamin,M,296,0,21,77,198
Belen,F,1962,296,326,491,849
Belen,M,8,0,0,0,8
Belia,F,863,331,246,185,101
Belinda,F,61721,20941,22944,12488,5348
Belinda,M,144,29,59,27,29
Belita,F,267,151,80,28,8
Bella,F,963,305,227,236,195
Belle,F,942,398,261,171,112
Belton,M,295,142,96,33,24
Belva,F,1221,766,307,113,35
Belynda,F,680,141,248,192,99
Ben,F,110,31,31,29,19
Ben,M,25991,7765,7918,5805,4503
Benard,M,657,261,210,110,76
Benedetto,M,267,40,93,86,48
Benedict,M,2520,830,708,452,530
Benetta,F,290,95,90,83,22
Benigno,M,734,147,173,199,215
Benita,F,9329,2889,3720,1771,949
Benito,F,21,5,0,5,11
Benito,M,5883,1317,1383,1602,1581
Benjaman,M,713,157,86,220,250
Benjamen,M,1658,161,154,567,776
Benjamin,F,1487,95,144,450,798
Benjamin,M,272140,23833,25609,81332,141366
Benjamine,M,697,107,139,202,249
Benji,F,47,6,5,36,0
Benji,M,937,64,150,566,157
Benjie,F,31,25,6,0,0
Benjie,M,838,203,306,283,46
Benjiman,M,1188,242,196,372,378
Benjy,M,306,66,87,153,0
Benn,M,211,46,25,63,77
Bennet,M,364,138,109,27,90
Bennett,F,26,6,0,0,20
Bennett,M,5837,1841,1626,797,1573
Bennie,F,1585,1018,354,146,67
Bennie,M,16087,7182,4582,2634,1689
Benny,F,209,85,69,36,19
Benny,M,20117,8805,5655,3316,2341
Benson,M,1941,460,432,509,540
Bentley,F,34,0,0,0,34
Bentley,M,1042,195,401,189,257
Benton,M,2416,593,590,516,717
Benuel,M,234,15,48,69,102
Benzion,M,305,17,17,104,167
Berenice,F,1109,78,61,182,788
Berit,F,206,16,64,47,79
Berkeley,F,87,0,0,18,69
Berkeley,M,200,68,56,46,30
Berkley,F,106,5,0,18,83
Berkley,M,468,174,123,99,72
Berlin,F,48,0,0,0,48
Berlin,M,333,117,97,62,57
Berlinda,F,828,298,301,146,83
Berna,F,408,248,124,31,5
Bernabe,M,690,123,149,175,243
Bernadette,F,30578,10701,10719,5887,3271
Bernadette,M,60,0,35,20,5
Bernadine,F,5217,2776,1794,477,170
Bernard,F,367,105,123,83,56
Bernard,M,58969,25887,17475,9100,6507
Bernardine,F,569,333,187,49,0
Bernardino,M,724,141,168,201,214
Bernardo,M,3813,600,774,1072,1367
Bernell,F,138,85,53,0,0
Bernell,M,652,245,166,127,114
Bernetta,F,1140,473,365,230,72
Bernette,F,365,158,139,68,0
Bernhard,M,477,179,188,72,38
Bernice,F,20890,10829,6047,2525,1489
Bernice,M,407,215,124,62,6
Bernie,F,510,304,178,28,0
Bernie,M,3976,1505,1468,663,340
Berniece,F,437,299,87,41,10
Bernita,F,2066,871,700,322,173
Beronica,F,691,0,43,305,343
Berry,F,139,58,30,40,11
Berry,M,2480,795,807,525,353
Bert,F,53,48,5,0,0
Bert,M,9056,3748,2920,1636,752
Berta,F,1915,744,524,377,270
Bertha,F,21493,11251,5838,2717,1687
Bertha,M,68,42,21,0,5
Bertie,F,630,418,147,60,5
Bertie,M,43,23,15,5,0
Bertina,F,705,147,203,244,111
Berton,M,493,194,147,100,52
Bertram,M,1997,736,625,402,234
Bertrand,M,1141,403,335,249,154
Beryl,F,1758,1128,416,109,105
Beryl,M,326,166,119,25,16
Bess,F,972,257,219,203,293
Bessie,F,10490,5942,2592,1207,749
Bessie,M,5,5,0,0,0
Beth,F,136604,33987,58384,28860,15373
Beth,M,325,54,135,86,50
Bethaney,F,264,0,15,77,172
Bethani,F,355,0,18,102,235
Bethanie,F,1544,40,184,452,868
Bethann,F,2450,238,961,718,533
Bethanne,F,1088,121,401,338,228
Bethany,F,46832,1514,3807,12180,29331
Bethany,M,134,0,0,30,104
Bethel,F,711,250,224,130,107
Bethel,M,150,95,33,17,5
Betina,F,894,72,296,312,214
Betsaida,F,200,0,24,99,77
Betsey,F,1138,393,289,279,177
Betsy,F,28639,10561,8558,5461,4059
Betsy,M,5,0,5,0,0
Bette,F,4608,3438,890,181,99
Betti,F,388,214,115,49,10
Bettie,F,4642,3176,969,322,175
Bettie,M,5,5,0,0,0
Bettina,F,4655,909,1641,1115,990
Betty,F,158472,103204,38397,11708,5163
Betty,M,574,311,172,62,29
Bettyann,F,466,242,164,43,17
Bettye,F,3533,2803,527,132,71
Bettyjo,F,443,95,152,149,47
Betzaida,F,489,7,117,220,145
Beulah,F,2906,1780,671,286,169
Bev,F,875,379,480,16,0
Bevan,F,27,0,0,0,27
Bevan,M,302,48,40,116,98
Beverlee,F,823,496,159,88,80
Beverley,F,3768,2390,996,274,108
Beverley,M,27,11,16,0,0
Beverly,F,161098,97790,45238,12695,5375
Beverly,M,936,537,250,100,49
Beverlyn,F,382,237,122,16,7
Bevin,F,667,0,33,327,307
Bevin,M,72,31,19,16,6
Biagio,M,257,29,85,79,64
Bianca,F,16387,324,560,3041,12462
Bianca,M,99,0,0,7,92
Bianka,F,236,0,0,33,203
Bibiana,F,264,37,42,83,102
Bienvenido,M,363,19,115,128,101
Biff,M,248,132,62,47,7
Bijan,M,285,0,6,21,258
Bilal,M,807,0,18,236,553
Bill,F,108,32,52,19,5
Bill,M,56030,23877,25132,5206,1815
Billee,F,206,85,72,32,17
Billi,F,1392,149,280,643,320
Billie,F,33589,11638,7665,9976,4310
Billie,M,5815,2183,1678,1203,751
Billiejo,F,1342,19,264,775,284
Billy,F,2041,483,488,710,360
Billy,M,161616,59277,48472,33217,20650
Billye,F,585,316,118,97,54
Billye,M,11,6,5,0,0
Billyjoe,M,313,0,29,120,164
Bina,F,261,49,38,76,98
Binh,F,33,0,0,0,33
Binh,M,251,0,0,44,207
Birdie,F,729,433,187,82,27
Birgit,F,269,33,183,48,5
Bishop,M,475,173,104,96,102
Bj,F,5,0,0,0,5
Bj,M,414,0,11,150,253
Bjorn,M,1168,28,145,397,598
Blain,M,1023,183,299,242,299
Blaine,F,415,21,43,56,295
Blaine,M,12977,3102,3602,2604,3669
Blair,F,5438,249,369,414,4406
Blair,M,8485,2250,2364,1689,2182
Blaire,F,913,11,34,75,793
Blaire,M,18,0,5,0,13
Blaise,F,56,0,0,0,56
Blaise,M,1653,399,436,281,537
Blake,F,1071,11,86,227,747
Blake,M,38156,2594,4721,5443,25398
Blakely,F,271,0,5,60,206
Blakely,M,419,17,66,94,242
Blanca,F,14234,2574,2891,4204,4565
Blanca,M,94,5,10,9,70
Blanch,F,407,271,108,17,11
Blanche,F,4459,2652,1187,394,226
Blane,M,2122,754,654,249,465
Blas,M,1081,246,231,303,301
Blase,M,262,110,83,11,58
Blayne,F,77,0,0,0,77
Blayne,M,802,88,138,171,405
Blaze,F,23,0,0,0,23
Blaze,M,496,60,57,96,283
Blenda,F,607,331,145,114,17
Blima,F,295,18,14,108,155
Blinda,F,200,116,61,23,0
Bliss,F,430,29,68,108,225
Bliss,M,11,11,0,0,0
Blondell,F,396,273,118,5,0
Blossom,F,471,132,87,147,105
Blythe,F,1726,218,238,583,687
Blythe,M,20,10,5,5,0
Bo,F,194,0,0,10,184
Bo,M,2832,140,258,566,1868
Bob,F,66,30,31,5,0
Bob,M,29425,12902,13789,1983,751
Bobbette,F,451,167,195,89,0
Bobbi,F,19139,2625,4878,6863,4773
Bobbi,M,64,0,0,52,12
Bobbie,F,38595,12685,8981,10576,6353
Bobbie,M,4798,1718,1473,951,656
Bobbiejo,F,897,0,87,538,272
Bobbijo,F,1027,0,152,505,370
Bobby,F,4080,1218,1021,1161,680
Bobby,M,150773,53281,46390,29077,22025
Bobbye,F,652,373,132,96,51
Bobbye,M,5,0,0,0,5
Bobette,F,878,429,346,103,0
Bobi,F,540,49,111,195,185
Bodie,M,295,19,62,107,107
Boe,M,265,0,0,99,166
Bohdan,M,396,218,117,39,22
Boni,F,313,148,99,44,22
Bonifacio,M,584,164,125,164,131
Bonita,F,21266,12076,6587,1718,885
Bonita,M,12,6,6,0,0
Bonna,F,265,160,89,11,5
Bonney,F,281,144,75,21,41
Bonni,F,1114,361,423,195,135
Bonnie,F,156873,83013,45088,16673,12099
Bonnie,M,1027,492,280,141,114
Bonnita,F,419,193,154,72,0
Bonny,F,4212,1958,1195,574,485
Bonny,M,83,57,19,7,0
Booker,M,2521,1187,614,425,295
Boone,M,364,14,23,102,225
Boris,M,1766,287,597,481,401
Bowen,M,383,54,65,93,171
Boyce,F,5,5,0,0,0
Boyce,M,1609,707,481,252,169
Boyd,M,9064,3713,3132,1477,742
Bracha,F,315,6,6,83,220
Brad,F,233,5,44,120,64
Brad,M,74008,16461,21351,22617,13579
Bradd,M,586,118,188,199,81
Braden,F,20,0,0,6,14
Braden,M,3584,156,271,814,2343
Bradford,F,39,5,11,18,5
Bradford,M,22942,6693,5794,5710,4745
Bradi,F,214,0,0,82,132
Bradlee,M,963,71,114,241,537
Bradley,F,921,55,145,293,428
Bradley,M,206267,29507,48730,58678,69352
Bradly,F,5,0,0,0,5
Bradly,M,5470,567,1163,1629,2111
Bradon,M,423,0,0,91,332
Brady,F,552,6,33,174,339
Brady,M,14984,1386,1675,4566,7357
Brain,F,10,0,0,5,5
Brain,M,3951,82,705,1633,1531
Bram,M,239,11,26,103,99
Branda,F,821,99,192,272,258
Brandalyn,F,361,0,6,153,202
Brandan,F,96,0,0,33,63
Brandan,M,1973,27,84,404,1458
Brande,F,993,0,39,652,302
Brandee,F,3876,0,171,1913,1792
Branden,F,285,0,0,83,202
Branden,M,9309,5,152,1737,7415
Brandi,F,73505,72,1465,29078,42890
Brandi,M,331,0,0,131,200
Brandice,F,822,0,0,280,542
Brandie,F,12244,15,327,5422,6480
Brandie,M,29,0,0,16,13
Brandilyn,F,430,0,0,168,262
Brandin,F,132,0,0,42,90
Brandin,M,1000,0,0,137,863
Brandis,F,562,0,0,80,482
Brandis,M,32,0,0,0,32
Brando,M,283,12,0,83,188
Brandon,F,3015,32,93,791,2099
Brandon,M,302704,1175,4276,65047,232206
Brandt,F,38,0,0,0,38
Brandt,M,2320,230,401,715,974
Brandy,F,86041,202,1242,40070,44527
Brandy,M,1571,44,169,783,575
Brandye,F,445,0,20,262,163
Brandyn,F,340,0,6,164,170
Brandyn,M,1035,0,7,142,886
Brannon,F,89,0,0,34,55
Brannon,M,2193,43,182,915,1053
Branson,M,532,48,46,132,306
Brant,F,10,0,0,5,5
Brant,M,5463,602,1037,2034,1790
Brantley,F,86,0,0,30,56
Brantley,M,1055,141,177,269,468
Branton,M,220,0,27,71,122
Braulio,M,898,85,98,276,439
Braxton,M,1469,166,166,265,872
Brayden,M,368,0,0,50,318
Brea,F,992,0,0,383,609
Breana,F,1280,0,0,150,1130
Breann,F,1652,0,0,157,1495
Breanna,F,7879,0,5,486,7388
Breanna,M,11,0,0,0,11
Breanne,F,4176,0,0,482,3694
Breck,F,146,0,0,49,97
Breck,M,933,219,314,209,191
Bree,F,2943,0,0,1510,1433
Bree,M,17,0,0,17,0
Breeann,F,448,0,0,48,400
Breeanna,F,342,0,0,21,321
Breena,F,239,6,23,55,155
Breezy,F,252,0,0,118,134
Bren,F,13,0,0,0,13
Bren,M,224,22,53,46,103
Brena,F,232,17,46,67,102
Brenda,F,446481,209241,164502,48591,24147
Brenda,M,1523,448,511,206,358
Brendalee,F,300,26,131,56,87
Brendan,F,154,0,5,39,110
Brendan,M,25949,984,3437,6930,14598
Brenden,F,9,0,0,0,9
Brenden,M,2744,28,279,573,1864
Brendon,F,17,0,0,0,17
Brendon,M,5150,69,443,1465,3173
Brenetta,F,253,109,95,29,20
Brenna,F,6632,254,544,1647,4187
Brennan,F,328,0,0,74,254
Brennan,M,4127,80,394,934,2719
Brennen,F,21,0,0,5,16
Brennen,M,863,0,42,166,655
Brennon,M,588,6,36,155,391
Brent,F,540,40,78,210,212
Brent,M,108158,14335,27164,35380,31279
Brenten,M,255,0,6,82,167
Brentley,F,7,0,0,0,7
Brentley,M,417,19,94,135,169
Brently,M,321,0,96,98,127
Brenton,F,18,0,0,0,18
Brenton,M,6975,311,721,1608,4335
Breon,F,82,0,0,9,73
Breon,M,533,0,5,109,419
Breonna,F,255,0,0,14,241
Bret,F,113,0,5,18,90
Bret,M,23495,3963,8415,5536,5581
Breton,M,238,8,61,51,118
Brett,F,2113,109,296,658,1050
Brett,M,103301,7255,25835,28922,41289
Bretta,F,323,55,108,106,54
Brette,F,266,0,33,58,175
Brette,M,6,0,0,6,0
Bretton,M,425,19,65,124,217
Bria,F,845,0,0,189,656
Bria,M,50,0,5,6,39
Brian,F,3913,193,769,1583,1368
Brian,M,927118,112336,258129,322660,233993
Briana,F,13367,72,298,2116,10881
Briana,M,39,0,0,0,39
Briann,F,286,0,0,35,251
Brianna,F,18854,0,82,1639,17133
Brianna,M,39,0,0,0,39
Brianne,F,10193,24,45,2024,8100
Brianne,M,31,0,0,9,22
Briant,M,454,54,140,133,127
Brice,F,31,0,0,11,20
Brice,M,5152,583,668,1364,2537
Bridget,F,56010,5564,14475,18870,17101
Bridget,M,133,0,8,66,59
Bridgett,F,10002,612,3003,3676,2711
Bridgette,F,15463,782,4962,4817,4902
Bridgette,M,16,0,5,5,6
Bridgid,F,335,32,97,92,114
Bridgit,F,839,32,277,297,233
Bridgitte,F,458,24,229,117,88
Brie,F,1174,0,0,400,774
Brieann,F,247,0,0,14,233
Brieanna,F,535,0,0,66,469
Brieanne,F,357,0,0,57,300
Brielle,F,699,0,0,64,635
Brien,F,5,0,0,0,5
Brien,M,2614,478,846,689,601
Brienna,F,276,0,0,27,249
Brienne,F,762,0,0,171,591
Brienne,M,5,0,0,0,5
Briget,F,385,17,114,156,98
Brigett,F,358,13,106,130,109
Brigette,F,4063,235,1375,1272,1181
Brigham,M,519,6,79,185,249
Brigid,F,2981,526,962,641,852
Brigida,F,352,42,107,118,85
Brigit,F,629,39,172,258,160
Brigitta,F,309,32,123,84,70
Brigitte,F,5822,593,2531,1317,1381
Brina,F,373,0,35,132,206
Brina,M,5,0,0,0,5
Brinda,F,1496,784,483,146,83
Brinton,M,346,46,55,81,164
Brion,F,6,0,0,0,6
Brion,M,1889,522,395,612,360
Brionna,F,262,0,0,9,253
Brisa,F,407,0,0,81,326
Brit,F,97,0,6,46,45
Brit,M,431,79,127,100,125
Brita,F,700,74,156,208,262
Britani,F,472,0,0,15,457
Britanny,F,223,0,0,0,223
Britany,F,2115,0,0,113,2002
Britnee,F,578,0,0,18,560
Britney,F,10532,0,20,507,10005
Britney,M,72,0,0,7,65
Britni,F,2315,0,0,48,2267
Britnie,F,389,0,0,17,372
Britny,F,586,0,0,0,586
Britt,F,2462,51,478,1146,787
Britt,M,3397,701,1075,854,767
Britta,F,1869,63,296,496,1014
Brittainy,F,359,0,0,11,348
Brittan,F,258,0,0,36,222
Brittan,M,132,0,0,20,112
Brittanee,F,222,0,0,0,222
Brittaney,F,1350,0,0,16,1334
Brittani,F,4846,0,0,141,4705
Brittani,M,22,0,0,0,22
Brittania,F,221,0,0,5,216
Brittanie,F,1812,0,0,66,1746
Brittany,F,144484,0,148,3482,140854
Brittany,M,690,0,0,46,644
Britteny,F,629,0,0,18,611
Brittiany,F,398,0,0,0,398
Brittini,F,317,0,0,0,317
Brittiny,F,283,0,0,0,283
Brittnay,F,676,0,0,5,671
Brittnee,F,981,0,0,25,956
Brittney,F,32720,5,34,1149,31532
Brittney,M,195,0,0,8,187
Brittni,F,2459,0,0,42,2417
Brittni,M,6,0,0,0,6
Brittnie,F,904,0,0,24,880
Brittny,F,1663,0,0,105,1558
Britton,F,485,0,30,172,283
Britton,M,2109,146,313,562,1088
Broadus,M,209,114,44,22,29
Broc,M,791,11,28,178,574
Brock,F,53,0,0,20,33
Brock,M,12227,529,1311,4070,6317
Broderick,M,3419,594,600,999,1226
Brodie,F,13,0,0,13,0
Brodie,M,997,65,67,336,529
Brodrick,M,748,37,63,259,389
Brody,M,1829,27,39,538,1225
Bron,M,281,29,54,112,86
Bronson,M,2208,53,118,726,1311
Bronwen,F,493,67,111,189,126
Bronwyn,F,1592,247,495,488,362
Brook,F,4513,107,308,1857,2241
Brook,M,2400,168,709,930,593
Brooke,F,52297,750,2058,14512,34977
Brooke,M,1360,217,383,470,290
Brookie,F,228,55,51,77,45
Brooklyn,F,1045,0,0,147,898
Brooklyn,M,37,0,0,5,32
Brooklynn,F,241,0,0,36,205
Brooks,F,653,81,96,162,314
Brooks,M,6312,980,1116,1392,2824
Bruce,F,856,329,289,146,92
Bruce,M,246559,136457,74642,21127,14333
Brunilda,F,975,363,402,178,32
Bruno,M,3068,850,888,621,709
Bryan,F,1239,42,208,410,579
Bryan,M,227772,20628,55304,71338,80502
Bryana,F,544,0,0,22,522
Bryanna,F,998,5,0,113,880
Bryanne,F,361,0,0,43,318
Bryant,F,187,0,34,67,86
Bryant,M,23410,2256,5341,6151,9662
Bryce,F,334,20,10,77,227
Bryce,M,18024,1506,1932,4307,10279
Bryn,F,1362,99,175,373,715
Bryn,M,662,54,132,181,295
Bryna,F,633,76,89,216,252
Brynn,F,2268,83,118,269,1798
Brynn,M,104,0,12,12,80
Brynna,F,213,0,0,21,192
Brynne,F,558,26,30,85,417
Bryon,F,17,0,0,5,12
Bryon,M,11452,1446,3415,3767,2824
Bryson,F,5,0,0,0,5
Bryson,M,2907,109,139,470,2189
Bubba,M,463,155,191,80,37
Buck,M,2348,439,473,709,727
Buckley,M,326,67,93,106,60
Bucky,M,755,216,151,268,120
Bud,M,2475,1096,677,341,361
Budd,M,346,143,107,50,46
Buddie,M,215,111,48,40,16
Buddy,F,6,0,0,0,6
Buddy,M,9373,3449,2744,1889,1291
Buffie,F,869,5,221,576,67
Buffy,F,3230,38,674,2245,273
Buffy,M,6,0,0,6,0
Buford,F,5,5,0,0,0
Buford,M,2128,963,587,375,203
Bunnie,F,443,229,145,62,7
Bunny,F,1022,535,276,145,66
Bunny,M,23,7,16,0,0
Burdette,F,27,27,0,0,0
Burdette,M,238,127,80,31,0
Burgess,M,331,114,95,64,58
Burke,M,1437,296,427,433,281
Burl,M,1693,832,452,265,144
Burley,M,539,234,167,97,41
Burnell,F,80,64,16,0,0
Burnell,M,850,364,216,148,122
Burnett,F,91,62,24,5,0
Burnett,M,416,197,127,55,37
Burnetta,F,228,131,86,6,5
Burnette,F,230,140,84,6,0
Burnette,M,57,43,14,0,0
Burney,M,248,126,79,38,5
Burnice,F,100,86,14,0,0
Burnice,M,270,145,67,47,11
Burnie,M,239,114,85,35,5
Burnis,M,263,124,63,55,21
Burrell,M,313,132,93,57,31
Burt,M,3091,1238,922,669,262
Burton,F,5,0,5,0,0
Burton,M,5211,1998,1560,980,673
Buster,M,1485,694,355,257,179
Butch,M,2456,1189,740,316,211
Byran,M,914,87,197,258,372
Byron,F,244,15,64,89,76
Byron,M,41748,10532,12120,9442,9654
Cade,M,1394,5,35,491,863
Cady,F,314,0,0,64,250
Cady,M,20,0,0,0,20
Caesar,M,1834,420,390,503,521
Cailin,F,485,0,9,53,423
Cain,M,748,38,73,257,380
Caine,M,253,0,5,145,103
Caitlan,F,290,0,0,0,290
Caitlin,F,35317,46,410,1277,33584
Caitlin,M,171,0,0,0,171
Caitlyn,F,4549,0,5,71,4473
Caitlyn,M,10,0,0,0,10
Cal,F,10,10,0,0,0
Cal,M,1617,538,458,288,333
Calandra,F,1392,0,116,796,480
Cale,M,2241,27,119,705,1390
Caleb,F,125,0,0,0,125
Caleb,M,25590,416,518,4012,20644
Calen,F,25,0,0,0,25
Calen,M,401,0,0,29,372
Caley,F,522,0,0,46,476
Caley,M,140,0,5,46,89
Cali,F,931,6,41,169,715
Cali,M,6,0,0,6,0
Calie,F,213,0,0,37,176
Calista,F,729,88,111,220,310
Calla,F,494,111,51,66,266
Calleen,F,231,79,77,43,32
Callen,F,74,0,0,0,74
Callen,M,203,42,37,11,113
Calley,F,322,0,0,111,211
Calli,F,832,35,32,164,601
Callie,F,9072,1207,1035,1786,5044
Callie,M,90,31,11,22,26
Callista,F,274,28,5,44,197
Cally,F,733,52,115,196,370
Calvert,M,677,233,199,126,119
Calvin,F,723,186,214,169,154
Calvin,M,82038,30555,21889,13809,15785
Cam,F,332,106,122,70,34
Cam,M,570,138,197,135,100
Cambria,F,597,0,22,165,410
Camden,F,148,0,10,34,104
Camden,M,703,33,60,103,507
Camela,F,691,65,288,209,129
Camelia,F,1344,275,313,356,400
Camella,F,531,117,170,130,114
Camellia,F,1198,358,301,237,302
Cameo,F,887,11,95,279,502
Cameo,M,123,0,0,11,112
Cameron,F,3772,256,452,941,2123
Cameron,M,38091,1810,3651,8032,24598
Camesha,F,312,0,0,153,159
Cami,F,2972,67,942,964,999
Camie,F,1161,74,341,385,361
Camila,F,670,60,114,163,333
Camile,F,367,29,75,99,164
Camilla,F,5347,1354,1572,1233,1188
Camille,F,22775,4884,5245,5672,6974
Camille,M,319,115,68,56,80
Camillia,F,769,82,126,221,340
Camilo,M,1170,170,199,297,504
Camisha,F,529,0,0,345,184
Cammi,F,295,5,86,96,108
Cammie,F,2333,259,833,711,530
Cammie,M,12,0,12,0,0
Cammy,F,1166,129,526,359,152
Campbell,F,5,0,0,0,5
Campbell,M,393,106,93,91,103
Camron,F,105,0,8,33,64
Camron,M,1129,7,56,306,760
Canaan,F,21,0,0,0,21
Canaan,M,299,0,0,82,217
Candace,F,61961,14251,9872,12670,25168
Candace,M,142,11,14,17,100
Candance,F,1842,245,329,539,729
Candee,F,801,252,233,234,82
Candelaria,F,688,131,111,203,243
Candelario,M,959,267,188,263,241
Candi,F,6598,736,1562,2094,2206
Candia,F,210,85,47,45,33
Candice,F,51890,6054,3505,12484,29847
Candice,M,140,0,0,21,119
Candida,F,2536,320,274,1392,550
Candido,M,926,180,275,239,232
Candie,F,2601,413,623,753,812
Candis,F,3814,876,477,528,1933
Candise,F,931,152,105,141,533
Candiss,F,250,40,6,39,165
Candra,F,1280,84,140,379,677
Candus,F,217,50,45,35,87
Candy,F,23187,5716,7555,6887,3029
Candy,M,80,5,18,34,23
Candyce,F,2034,740,216,308,770
Cannon,M,286,13,22,124,127
Capri,F,624,63,74,155,332
Capri,M,11,0,0,0,11
Caprice,F,1951,230,621,563,537
Caprice,M,62,0,0,43,19
Capricia,F,200,0,27,94,79
Cara,F,30760,1291,5779,10413,13277
Cara,M,57,0,0,17,40
Caralee,F,497,77,130,179,111
Caralyn,F,457,76,126,93,162
Cardell,M,1173,310,271,278,314
Caren,F,7302,2682,2451,1470,699
Caressa,F,715,6,56,188,465
Carey,F,10871,1181,2059,5605,2026
Carey,M,11308,3649,3289,2766,1604
Cari,F,10803,547,2756,4432,3068
Cari,M,55,5,15,19,16
Cariann,F,232,0,34,127,71
Carianne,F,381,0,28,194,159
Caridad,F,1306,120,317,478,391
Carie,F,3891,160,874,2158,699
Carilyn,F,255,101,80,40,34
Carin,F,3817,593,1106,1394,724
Carina,F,4252,66,355,1214,2617
Carina,M,5,0,0,0,5
Carine,F,309,7,57,105,140
Carisa,F,2247,6,161,1368,712
Carissa,F,11838,71,505,3635,7627
Carissa,M,12,0,0,0,12
Carita,F,649,164,134,224,127
Carl,F,1407,312,399,387,309
Carl,M,196381,78752,60787,31370,25472
Carla,F,118633,29432,47905,26841,14455
Carla,M,379,58,119,98,104
Carlean,F,221,122,78,21,0
Carlee,F,1347,72,84,277,914
Carlee,M,59,36,17,0,6
Carleen,F,4016,1498,1329,752,437
Carleigh,F,243,0,0,22,221
Carlen,F,322,93,56,106,67
Carlen,M,19,0,7,12,0
Carlena,F,736,111,191,227,207
Carlene,F,7506,3302,2389,1027,788
Carles,F,5,0,5,0,0
Carles,M,245,89,63,54,39
Carletha,F,438,115,130,118,75
Carleton,M,1672,638,434,337,263
Carletta,F,2219,620,625,623,351
Carlette,F,892,194,354,222,122
Carley,F,2317,60,38,443,1776
Carley,M,96,66,0,11,19
Carli,F,1609,6,0,351,1252
Carlie,F,1971,107,77,399,1388
Carlie,M,339,153,75,80,31
Carlin,F,667,131,121,160,255
Carlin,M,889,161,166,197,365
Carlina,F,515,10,98,184,223
Carline,F,744,210,210,181,143
Carlis,F,151,77,58,11,5
Carlis,M,510,187,145,94,84
Carlisa,F,682,16,170,241,255
Carlisha,F,261,0,0,39,222
Carlisle,F,14,0,0,0,14
Carlisle,M,336,108,66,92,70
Carliss,F,243,118,93,20,12
Carliss,M,56,24,20,12,0
Carlissa,F,298,7,58,95,138
Carlita,F,881,143,191,334,213
Carlo,F,80,0,24,50,6
Carlo,M,5645,877,1259,1965,1544
Carlon,F,98,62,26,10,0
Carlon,M,367,102,85,105,75
Carlos,F,1324,175,268,434,447
Carlos,M,116672,15821,22396,36949,41506
Carlota,F,497,126,121,141,109
Carlotta,F,3311,1286,872,787,366
Carlous,M,350,57,91,139,63
Carlson,M,226,72,53,47,54
Carlton,F,166,47,59,26,34
Carlton,M,23731,7920,6985,4833,3993
Carlus,F,10,0,10,0,0
Carlus,M,339,39,95,144,61
Carly,F,15486,24,7,2980,12475
Carly,M,87,0,0,14,73
Carlye,F,460,23,24,161,252
Carlyle,F,12,5,0,0,7
Carlyle,M,849,348,168,168,165
Carlyn,F,1741,417,437,320,567
Carlyn,M,5,5,0,0,0
Carlynn,F,271,64,61,52,94
Carlyon,F,290,156,111,23,0
Carma,F,1679,623,546,353,157
Carmalita,F,343,35,98,139,71
Carman,F,1630,293,540,535,262
Carman,M,370,141,108,76,45
Carmel,F,2879,985,1028,530,336
Carmel,M,275,113,71,41,50
Carmela,F,6106,1720,2091,1400,895
Carmela,M,5,0,0,0,5
Carmelia,F,414,88,143,104,79
Carmelina,F,475,78,153,137,107
Carmelita,F,3409,970,909,968,562
Carmella,F,4442,1465,1408,879,690
Carmelo,M,3066,652,861,865,688
Carmen,F,72338,18953,22888,17873,12624
Carmen,M,5651,2133,1647,1059,812
Carmencita,F,390,101,153,101,35
Carmilla,F,257,42,71,85,59
Carmin,F,459,23,110,143,183
Carmin,M,25,20,5,0,0
Carmina,F,528,66,78,188,196
Carmine,F,219,76,91,46,6
Carmine,M,3602,1200,1087,732,583
Carmon,F,882,118,296,297,171
Carmon,M,334,128,97,72,37
Carnell,F,142,90,52,0,0
Carnell,M,2406,734,573,588,511
Carol,F,367274,222656,112333,23477,8808
Carol,M,1870,914,571,212,173
Carola,F,459,169,157,83,50
Carolann,F,2409,986,786,260,377
Carolanne,F,518,134,175,56,153
Carole,F,30251,16535,10566,2209,941
Carole,M,7,0,7,0,0
Carolee,F,1896,652,532,578,134
Carolene,F,285,148,104,33,0
Carolin,F,545,197,153,88,107
Carolina,F,10239,1103,1787,2593,4756
Carolina,M,72,0,0,7,65
Caroline,F,55985,8985,16770,12287,17943
Caroline,M,145,0,21,34,90
Caroll,F,477,245,146,79,7
Caroll,M,248,171,66,11,0
Carolyn,F,245007,124067,75266,27046,18628
Carolyn,M,742,311,237,93,101
Carolyne,F,1017,400,242,164,211
Carolynn,F,2851,1000,792,540,519
Carolynne,F,453,151,140,85,77
Caron,F,2610,1014,817,565,214
Caron,M,118,5,0,30,83
Carra,F,469,38,90,138,203
Carren,F,290,91,110,72,17
Carri,F,3284,168,1062,1453,601
Carrianne,F,254,0,15,143,96
Carrie,F,150256,16179,31173,66825,36079
Carrie,M,523,75,76,217,155
Carrieann,F,525,0,65,320,140
Carrington,F,72,0,5,18,49
Carrington,M,383,43,38,20,282
Carrisa,F,277,0,0,83,194
Carrissa,F,388,0,6,103,279
Carrol,F,1233,673,361,145,54
Carrol,M,851,481,208,111,51
Carroll,F,1921,952,571,261,137
Carroll,M,7904,4170,2110,1042,582
Carron,F,337,119,125,54,39
Carron,M,18,0,0,5,13
Carry,F,564,73,114,232,145
Carry,M,219,61,79,46,33
Carson,F,415,46,23,110,236
Carson,M,5588,1212,859,1184,2333
Carsten,M,231,15,75,63,78
Carter,F,371,64,45,98,164
Carter,M,5996,1612,1345,1359,1680
Carvin,M,371,122,97,78,74
Cary,F,4160,853,1053,1612,642
Cary,M,17889,5460,7047,3599,1783
Caryl,F,2502,1437,756,204,105
Caryl,M,53,26,15,5,7
Carylon,F,365,202,131,32,0
Caryn,F,10561,2265,3351,3071,1874
Casandra,F,8054,469,1293,2261,4031
Casandra,M,7,0,0,0,7
Casaundra,F,542,0,121,158,263
Case,M,444,5,46,114,279
Casey,F,37954,431,959,8646,27918
Casey,M,62334,2656,4723,18987,35968
Cash,M,641,53,139,178,271
Casi,F,687,0,12,231,444
Casie,F,3058,0,58,874,2126
Casie,M,5,0,0,0,5
Casimir,M,616,252,133,99,132
Casimiro,M,420,115,98,104,103
Cason,F,5,0,0,0,5
Cason,M,311,0,0,73,238
Casondra,F,695,12,69,177,437
Casper,M,669,253,156,115,145
Cass,F,100,25,18,36,21
Cass,M,831,170,222,197,242
Cassandra,F,88384,7692,16765,19016,44911
Cassandra,M,271,6,61,58,146
Cassandre,F,371,0,7,111,253
Cassaundra,F,1367,83,278,300,706
Cassey,F,896,0,7,155,734
Cassey,M,98,0,0,33,65
Cassi,F,1380,6,90,237,1047
Cassia,F,449,11,13,141,284
Cassidy,F,3869,0,5,523,3341
Cassidy,M,1497,0,10,351,1136
Cassie,F,22852,1203,1547,4343,15759
Cassie,M,170,29,12,37,92
Cassius,M,743,34,309,189,211
Cassondra,F,2398,51,243,459,1645
Cassy,F,1197,46,121,240,790
Catalina,F,3521,538,678,1001,1304
Catarina,F,601,113,143,136,209
Catarino,M,622,170,129,182,141
Caterina,F,1091,68,327,415,281
Cathaleen,F,220,140,59,16,5
Catharine,F,3943,1387,1074,777,705
Catherin,F,543,137,115,84,207
Catherina,F,533,97,184,137,115
Catherine,F,271928,108839,76788,43864,42437
Catherine,M,792,220,219,159,194
Cathern,F,306,161,74,41,30
Catheryn,F,664,241,136,140,147
Cathey,F,1800,1200,477,108,15
Cathi,F,2337,956,986,292,103
Cathie,F,4088,2504,1163,345,76
Cathleen,F,22974,9464,8289,3461,1760
Cathleen,M,10,5,5,0,0
Cathlene,F,688,270,239,93,86
Cathrine,F,3711,1413,1155,636,507
Cathryn,F,8162,3271,2015,1352,1524
Cathy,F,150948,82719,51624,12943,3662
Cathy,M,299,140,129,30,0
Catie,F,281,0,0,37,244
Catina,F,3995,5,95,3587,308
Catina,M,8,0,0,8,0
Catlin,F,315,0,0,10,305
Catlin,M,336,0,0,0,336
Catrena,F,341,0,82,176,83
Catrice,F,821,0,101,425,295
Catrina,F,7641,122,958,3388,3173
Cavan,M,240,0,8,77,155
Cavin,M,538,54,155,113,216
Cay,F,200,143,57,0,0
Cayce,F,605,0,12,211,382
Cayce,M,206,0,8,81,117
Cayetano,M,224,77,36,56,55
Cayla,F,1593,7,26,74,1486
Ceara,F,210,0,0,23,187
Ceasar,M,1292,250,249,357,436
Ceaser,M,269,64,65,80,60
Cecelia,F,14417,6898,3857,1837,1825
Cecil,F,581,284,131,74,92
Cecil,M,26544,12003,7430,4181,2930
Cecila,F,422,85,91,123,123
Cecile,F,3442,1810,895,335,402
Cecile,M,5,5,0,0,0
Cecilia,F,30392,9983,7852,5569,6988
Cecilia,M,109,0,5,30,74
Cecilio,M,1038,221,239,267,311
Cecille,F,212,102,26,36,48
Cecily,F,3078,483,425,882,1288
Cederick,M,213,0,13,86,114
Cedric,F,273,13,64,122,74
Cedric,M,26242,2734,6835,8676,7997
Cedrick,F,10,0,0,5,5
Cedrick,M,3522,113,455,1375,1579
Celena,F,2356,84,280,1253,739
Celene,F,552,101,125,130,196
Celest,F,234,27,74,66,67
Celesta,F,718,228,175,191,124
Celeste,F,24492,6667,6977,5536,5312
Celeste,M,35,12,0,6,17
Celestia,F,261,86,63,54,58
Celestina,F,858,133,163,286,276
Celestine,F,3403,1665,1038,463,237
Celestino,M,932,219,240,248,225
Celia,F,15400,5600,3881,2442,3477
Celia,M,15,0,0,5,10
Celina,F,5317,354,781,1693,2489
Celina,M,6,0,0,6,0
Celinda,F,796,249,224,194,129
Celine,F,1721,448,505,340,428
Celisa,F,271,20,99,79,73
Celso,M,824,166,177,207,274
Cena,F,219,63,56,51,49
Cendy,F,227,20,58,33,116
Ceola,F,335,207,88,20,20
Cephas,M,223,82,41,55,45
Cephus,M,356,143,112,59,42
Cerise,F,450,103,95,127,125
Cerissa,F,378,0,0,130,248
Cesar,F,136,0,5,49,82
Cesar,M,18340,868,2156,6153,9163
Cesare,M,281,17,83,113,68
Cesario,M,467,105,117,122,123
Chace,M,413,0,0,67,346
Chad,F,994,0,50,564,380
Chad,M,200324,1837,15902,113534,69051
Chadd,M,1817,11,129,825,852
Chaddrick,M,215,0,0,76,139
Chadley,M,367,0,42,179,146
Chadrick,M,1676,0,57,823,796
Chadwick,F,22,0,0,17,5
Chadwick,M,10143,143,853,5709,3438
Chaim,F,6,0,0,0,6
Chaim,M,2538,354,361,756,1067
Chaka,F,827,0,0,519,308
Chaka,M,222,0,17,176,29
Chalmers,M,210,95,54,29,32
Chan,F,157,21,5,15,116
Chan,M,568,87,127,155,199
Chana,F,3826,211,614,1193,1808
Chance,F,219,0,6,89,124
Chance,M,7124,22,536,1840,4726
Chancellor,M,283,0,13,84,186
Chancey,F,200,0,0,59,141
Chancey,M,546,24,46,199,277
Chancy,F,133,0,0,51,82
Chancy,M,306,8,10,130,158
Chanda,F,5401,141,585,3402,1273
Chanda,M,16,0,0,6,10
Chandler,F,330,0,10,50,270
Chandler,M,2753,230,393,712,1418
Chandra,F,15035,907,3145,6698,4285
Chandra,M,61,0,8,39,14
Chanel,F,6106,39,385,1443,4239
Chanel,M,22,0,0,5,17
Chanell,F,1414,0,88,432,894
Chanelle,F,1916,0,78,433,1405
Chaney,F,272,18,16,87,151
Chaney,M,136,5,6,62,63
Chani,F,257,0,6,107,144
Chanie,F,296,63,53,61,119
Chanin,F,288,0,85,192,11
Chanin,M,11,0,5,6,0
Chanita,F,356,0,41,148,167
Channa,F,585,11,89,204,281
Channa,M,5,0,0,0,5
Channel,F,761,0,18,230,513
Channell,F,258,0,0,83,175
Channing,F,851,0,10,112,729
Channing,M,1506,104,235,415,752
Channon,F,568,0,93,260,215
Channon,M,203,0,8,127,68
Chanta,F,725,0,92,319,314
Chantae,F,309,0,5,87,217
Chantal,F,3869,140,609,937,2183
Chantal,M,7,0,0,0,7
Chantale,F,258,0,24,98,136
Chantay,F,966,0,403,257,306
Chante,F,2157,0,193,787,1177
Chante,M,33,0,0,25,8
Chantee,F,237,0,6,102,129
Chantel,F,7908,11,626,2672,4599
Chantel,M,11,0,0,5,6
Chantele,F,311,0,38,118,155
Chantell,F,2200,6,214,906,1074
Chantell,M,5,0,0,0,5
Chantelle,F,3773,0,381,1303,2089
Chantelle,M,8,0,0,0,8
Chao,F,25,0,0,0,25
Chao,M,227,0,0,86,141
Chaquita,F,389,0,0,93,296
Char,F,427,102,126,138,61
Chara,F,627,11,73,268,275
Chardae,F,267,0,0,0,267
Charde,F,290,0,0,0,290
Charee,F,354,6,53,130,165
Charelle,F,246,0,9,59,178
Charese,F,337,12,52,126,147
Chari,F,995,224,315,240,216
Charice,F,569,8,110,238,213
Charie,F,287,38,69,87,93
Charis,F,1367,128,211,457,571
Charis,M,15,0,0,5,10
Charisa,F,279,0,8,126,145
Charise,F,1816,135,429,664,588
Charisma,F,790,0,42,311,437
Charissa,F,3497,201,360,1283,1653
Charisse,F,4439,635,1264,1441,1099
Charita,F,1267,120,285,389,473
Charity,F,19485,519,1036,9718,8212
Charity,M,39,0,0,23,16
Charla,F,6128,1522,1869,1698,1039
Charle,F,44,5,7,16,16
Charle,M,546,164,186,133,63
Charlean,F,607,309,169,91,38
Charlee,F,787,107,55,178,447
Charlee,M,11,0,0,0,11
Charleen,F,3570,1448,1031,644,447
Charlena,F,1099,182,285,310,322
Charlene,F,78827,32718,24624,12547,8938
Charlene,M,253,80,94,50,29
Charles,F,4919,1425,1289,1206,999
Charles,M,905498,361177,249398,163021,131902
Charlesetta,F,727,318,213,130,66
Charleston,M,762,99,125,202,336
Charlet,F,357,129,106,76,46
Charletta,F,853,188,200,260,205
Charlette,F,2196,516,685,626,369
Charley,F,526,52,11,75,388
Charley,M,3787,1414,1021,727,625
Charli,F,591,0,0,81,510
Charlie,F,2308,773,346,380,809
Charlie,M,37153,15282,10041,6365,5465
Charline,F,1827,673,496,365,293
Charlisa,F,357,5,80,120,152
Charlita,F,399,58,98,137,106
Charlott,F,248,91,80,46,31
Charlotta,F,545,161,174,132,78
Charlotte,F,82228,36997,24232,12513,8486
Charlotte,M,200,80,74,21,25
Charlsie,F,479,148,70,70,191
Charlton,M,1910,365,469,561,515
Charly,F,399,0,0,49,350
Charly,M,130,10,10,29,81
Charlyn,F,1013,310,265,221,217
Charlyne,F,365,152,111,53,49
Charlynn,F,549,148,164,143,94
Charmagne,F,297,79,98,81,39
Charmain,F,876,161,209,335,171
Charmaine,F,10658,3370,2492,2730,2066
Charmaine,M,14,0,0,14,0
Charmane,F,633,130,177,178,148
Charmayne,F,871,222,209,166,274
Charmian,F,230,36,42,106,46
Charmin,F,609,50,201,294,64
Charmine,F,268,11,48,132,77
Charna,F,322,70,72,84,96
Charnell,F,395,32,64,154,145
Charnita,F,307,5,47,145,110
Charo,F,238,0,13,202,23
Charo,M,6,0,0,6,0
Charolette,F,1614,652,529,306,127
Charon,F,709,125,182,220,182
Charon,M,138,0,0,65,73
Charrise,F,205,13,72,81,39
Charron,F,314,36,74,114,90
Charron,M,34,0,0,29,5
Charyl,F,602,237,225,100,40
Chas,M,661,16,21,170,454
Chase,F,304,0,0,58,246
Chase,M,18005,85,216,1148,16556
Chasen,M,315,0,0,32,283
Chasidy,F,1018,0,0,413,605
Chasity,F,12403,0,0,5317,7086
Chasity,M,23,0,0,0,23
Chason,M,233,0,0,48,185
Chassidy,F,1137,0,0,297,840
Chassity,F,919,0,0,263,656
Chasta,F,249,0,0,122,127
Chastidy,F,380,0,0,220,160
Chastity,F,6728,0,7,4350,2371
Chaun,F,11,0,11,0,0
Chaun,M,270,0,43,122,105
Chauna,F,224,5,21,110,88
Chauncey,F,295,16,22,90,167
Chauncey,M,3845,611,738,1086,1410
Chauncy,F,27,0,0,0,27
Chauncy,M,595,31,90,195,279
Chaundra,F,528,0,101,248,179
Chaunte,F,361,0,14,116,231
Chauntel,F,304,0,20,113,171
Chava,F,659,17,57,213,372
Chavez,F,8,0,0,0,8
Chavez,M,207,6,6,72,123
Chavis,M,431,6,10,124,291
Chavon,F,506,0,5,139,362
Chavonne,F,379,5,20,102,252
Chaya,F,2855,207,279,783,1586
Chaya,M,10,0,0,0,10
Chaz,F,101,0,0,13,88
Chaz,M,2920,0,0,204,2716
Che,F,262,0,19,134,109
Che,M,1125,0,75,750,300
Chela,F,281,6,6,84,185
Chelcie,F,202,0,0,0,202
Chelle,F,297,38,126,83,50
Chelsa,F,645,0,15,191,439
Chelse,F,284,0,0,17,267
Chelsea,F,46971,31,292,3485,43163
Chelsea,M,212,5,0,26,181
Chelsee,F,444,0,0,19,425
Chelsey,F,9437,0,13,497,8927
Chelsey,M,50,0,0,0,50
Chelsi,F,1322,0,5,104,1213
Chelsie,F,4453,0,12,299,4142
Chelsy,F,778,0,0,65,713
Chenell,F,201,0,24,78,99
Chenelle,F,427,0,40,124,263
Cheng,F,12,0,0,0,12
Cheng,M,258,0,0,9,249
Chenita,F,371,26,102,154,89
Chenoa,F,713,0,13,367,333
Chequita,F,299,41,56,96,106
Cher,F,1576,221,234,964,157
Cher,M,44,0,0,0,44
Chera,F,420,5,34,219,162
Chere,F,1114,292,293,304,225
Cheree,F,1766,179,334,664,589
Cherell,F,271,0,22,86,163
Cherelle,F,1010,0,62,122,826
Cherese,F,639,16,115,297,211
Cheri,F,31814,9087,11930,7763,3034
Cheri,M,12,0,12,0,0
Cherice,F,960,26,157,377,400
Cherie,F,24387,5930,8368,6612,3477
Cherie,M,26,5,11,5,5
Cherika,F,228,0,0,77,151
Cheril,F,205,91,94,20,0
Cherilyn,F,1884,378,336,834,336
Cherise,F,3512,165,767,1261,1319
Cherish,F,2695,0,107,866,1722
Cherisse,F,888,60,158,335,335
Cherita,F,980,74,219,358,329
Cherith,F,275,11,0,111,153
Cherl,F,344,139,141,64,0
Cherly,F,874,155,347,248,124
Cherlyn,F,1424,529,471,276,148
Cherlynn,F,231,59,57,70,45
Cherokee,F,403,36,21,147,199
Cherokee,M,29,0,0,17,12
Cheron,F,530,35,97,254,144
Cheron,M,79,0,0,39,40
Cherrell,F,300,0,18,60,222
Cherrelle,F,585,0,0,5,580
Cherri,F,3669,1126,1412,784,347
Cherrie,F,3028,1018,1042,628,340
Cherron,F,296,0,26,170,100
Cherron,M,5,0,0,5,0
Cherry,F,6271,2640,1626,1275,730
Cherry,M,34,18,6,5,5
Cherryl,F,1199,672,401,101,25
Chery,F,514,198,197,96,23
Cheryl,F,361749,171387,135650,40393,14319
Cheryl,M,827,292,351,139,45
Cherylann,F,905,325,358,138,84
Cheryle,F,3902,2194,1286,329,93
Cherylene,F,224,81,125,18,0
Cheryll,F,1944,1138,541,189,76
Cherylyn,F,315,101,97,84,33
Cherylynn,F,202,28,73,52,49
Chesley,F,280,0,18,71,191
Chesley,M,695,218,151,161,165
Chesney,F,205,0,0,55,150
Chester,F,124,78,23,18,5
Chester,M,26492,12780,6784,4132,2796
Cheston,M,391,0,0,164,227
Chet,M,3963,579,1232,1228,924
Chevelle,F,686,0,304,195,187
Chevelle,M,39,0,18,11,10
Chevon,F,480,0,27,157,296
Chevonne,F,526,11,63,177,275
Chevy,F,32,0,0,22,10
Chevy,M,222,0,0,61,161
Cheyanne,F,697,18,12,186,481
Cheyenne,F,3332,135,83,825,2289
Cheyenne,M,1380,187,170,520,503
Cheyne,F,28,0,0,0,28
Cheyne,M,461,0,0,32,429
Chi,F,351,0,0,159,192
Chi,M,261,0,0,94,167
Chianti,F,249,0,0,121,128
Chianti,M,10,0,0,10,0
Chiara,F,806,14,81,284,427
Chico,M,680,108,105,320,147
Chiffon,F,423,0,95,165,163
Chimene,F,224,0,106,98,20
Chimere,F,734,0,0,78,656
China,F,1268,84,126,322,736
Chinita,F,259,28,69,129,33
Chinyere,F,228,0,0,102,126
Chip,M,2849,781,1229,566,273
Chiquita,F,5115,414,609,1857,2235
Chiquita,M,6,0,0,0,6
Chirag,M,329,0,0,89,240
Chirstina,F,300,0,12,139,149
Chirstopher,M,942,0,120,359,463
Chistina,F,252,0,25,94,133
Chistopher,M,1048,5,154,425,464
Chloe,F,4750,296,204,645,3605
Chloe,M,11,0,0,0,11
Chondra,F,213,0,42,106,65
Chris,F,20531,6368,11274,2299,590
Chris,M,113603,25897,56338,24855,6513
Chrisandra,F,259,35,74,68,82
Chrisann,F,404,86,195,99,24
Chrisanne,F,264,87,126,45,6
Chriselda,F,272,12,75,121,64
Chrisie,F,230,14,57,114,45
Chrisopher,M,653,6,106,274,267
Chriss,F,137,48,84,5,0
Chriss,M,267,101,92,50,24
Chrissa,F,305,5,16,147,137
Chrissie,F,880,70,173,350,287
Chrissy,F,3408,65,503,1613,1227
Christ,F,47,5,11,26,5
Christ,M,1006,261,292,258,195
Christa,F,23644,1297,3283,10393,8671
Christa,M,27,0,0,16,11
Christain,F,148,0,7,18,123
Christain,M,518,77,76,165,200
Christal,F,7083,644,1074,2846,2519
Christan,F,833,6,36,186,605
Christan,M,388,6,35,142,205
Christapher,M,358,0,14,143,201
Christe,F,331,54,95,148,34
Christeen,F,784,251,195,204,134
Christel,F,2951,285,539,1542,585
Christella,F,419,120,115,105,79
Christelle,F,271,35,32,82,122
Christen,F,7179,96,510,1824,4749
Christen,M,1014,101,136,349,428
Christena,F,1106,213,227,330,336
Christene,F,1888,582,580,460,266
Christerpher,M,215,0,18,92,105
Christi,F,19329,2071,5122,8417,3719
Christi,M,22,0,11,11,0
Christia,F,520,77,112,163,168
Christia,M,82,0,0,0,82
Christiaan,M,450,0,82,233,135
Christian,F,7867,155,634,2001,5077
Christian,M,69027,3623,10213,24902,30289
Christiana,F,2941,176,420,931,1414
Christiane,F,1633,266,405,628,334
Christiann,F,228,47,49,68,64
Christianna,F,745,40,91,221,393
Christianne,F,1056,165,237,334,320
Christie,F,39206,4323,7017,18179,9687
Christie,M,390,129,90,104,67
Christin,F,7867,132,586,1827,5322
Christin,M,440,0,36,179,225
Christina,F,344389,19844,52790,125747,146008
Christina,M,1537,24,162,507,844
Christine,F,423935,113340,139343,103236,68016
Christine,M,1450,258,385,420,387
Christinia,F,1057,86,153,463,355
Christipher,M,428,0,24,151,253
Christle,F,489,17,74,184,214
Christo,M,233,6,70,120,37
Christobal,M,388,78,100,116,94
Christofer,M,1362,74,166,489,633
Christoffer,M,361,0,14,118,229
Christoher,M,895,0,66,327,502
Christohper,M,359,0,33,133,193
Christol,F,224,6,27,116,75
Christon,F,180,0,0,54,126
Christon,M,429,10,52,128,239
Christop,M,1082,0,0,0,1082
Christoper,M,2353,139,404,812,998
Christoph,M,651,64,249,190,148
Christophe,M,3759,2354,626,409,370
Christopher,F,7663,322,933,2768,3640
Christopher,M,1345763,78333,237144,475423,554863
Christophor,M,464,18,96,220,130
Christophr,M,387,6,49,171,161
Christos,M,1262,93,226,485,458
Christpher,M,1087,28,139,364,556
Christphor,M,253,0,72,140,41
Christropher,M,315,0,71,170,74
Christy,F,87424,7858,14747,44592,20227
Christy,M,878,303,204,248,123
Christyn,F,440,0,8,108,324
Chrisy,F,211,5,69,90,47
Chritopher,M,281,0,23,104,154
Chryl,F,217,106,102,9,0
Chrysta,F,270,0,11,108,151
Chrystal,F,12294,710,1476,4510,5598
Chrystal,M,5,0,0,0,5
Chrystie,F,326,12,25,195,94
Chrystina,F,319,0,5,92,222
Chrystle,F,220,10,11,54,145
Chuck,M,14182,4113,7614,1879,576
Chuckie,M,582,132,228,147,75
Chucky,M,554,147,221,141,45
Chyna,F,256,0,0,10,246
Chynna,F,216,0,0,7,209
Chyrel,F,206,138,68,0,0
Chyrl,F,219,141,78,0,0
Ciara,F,4677,0,0,232,4445
Ciara,M,7,0,0,0,7
Ciarra,F,430,0,0,5,425
Cicely,F,1659,6,52,1071,530
Cicero,M,222,91,62,42,27
Cicily,F,322,0,10,200,112
Ciera,F,2388,0,0,5,2383
Ciera,M,5,0,0,0,5
Cierra,F,3726,0,0,18,3708
Cierra,M,21,0,0,0,21
Ciji,F,544,0,0,5,539
Cinda,F,3245,1879,891,343,132
Cindee,F,858,355,331,152,20
Cinderella,F,314,162,99,31,22
Cindi,F,6936,2151,2805,1327,653
Cindia,F,332,94,56,92,90
Cindie,F,981,414,394,134,39
Cindra,F,545,307,185,41,12
Cindy,F,222470,83979,91595,30876,16020
Cindy,M,654,128,213,141,172
Cinnamon,F,1368,0,334,685,349
Cinthia,F,2595,531,562,564,938
Cinthia,M,6,0,0,0,6
Cinthya,F,278,0,6,88,184
Cipriano,M,863,223,192,244,204
Cirilo,M,402,73,77,104,148
Ciro,M,844,207,215,220,202
Cisco,M,228,17,16,112,83
Cissy,F,407,89,116,144,58
Claiborne,M,399,142,97,76,84
Clair,F,1277,376,263,206,432
Clair,M,1883,1061,513,199,110
Claire,F,30993,10262,5944,3943,10844
Claire,M,246,151,29,14,52
Clancy,F,150,0,0,90,60
Clancy,M,503,106,106,135,156
Clara,F,26231,12768,6505,3290,3668
Clara,M,65,32,10,5,18
Clarance,M,779,371,225,111,72
Clare,F,8240,2880,2245,1076,2039
Clare,M,373,239,91,38,5
Clarence,F,542,181,162,125,74
Clarence,M,65019,29488,17500,10667,7364
Claressa,F,322,43,55,89,135
Claretha,F,489,298,133,41,17
Claretta,F,273,157,85,26,5
Claribel,F,902,27,155,269,451
Clarice,F,5105,2324,1123,870,788
Clarinda,F,659,218,140,201,100
Clarine,F,210,151,51,8,0
Clarisa,F,948,80,142,333,393
Clarise,F,439,164,137,69,69
Clarissa,F,13572,1402,2323,3473,6374
Clarissa,M,11,0,0,0,11
Clarisse,F,431,119,80,103,129
Clarita,F,436,140,110,99,87
Clark,F,39,5,19,0,15
Clark,M,18319,6631,6140,2534,3014
Clarke,M,1428,491,417,232,288
Classie,F,316,131,80,29,76
Claud,M,1056,581,272,135,68
Claude,F,226,86,71,57,12
Claude,M,22545,10831,6436,3244,2034
Claudell,F,43,27,16,0,0
Claudell,M,287,102,51,71,63
Claudette,F,8580,4192,2545,1308,535
Claudette,M,5,5,0,0,0
Claudia,F,60564,23150,9999,13615,13800
Claudia,M,404,50,44,116,194
Claudie,F,292,162,87,19,24
Claudie,M,453,272,116,49,16
Claudina,F,223,52,85,62,24
Claudine,F,4550,917,1504,1819,310
Claudio,F,17,0,0,5,12
Claudio,M,2163,268,510,668,717
Claudius,M,300,104,74,66,56
Clay,F,82,45,12,19,6
Clay,M,18398,4336,5717,4330,4015
Clayborn,M,280,98,87,74,21
Clayton,F,241,36,38,59,108
Clayton,M,46288,9309,9296,10750,16933
Clea,F,215,16,68,57,74
Clearence,M,251,149,69,27,6
Cleatus,M,223,115,71,37,0
Clell,M,215,101,75,26,13
Clem,M,797,355,244,111,87
Clement,M,3013,1283,792,498,440
Clemente,M,1482,315,332,415,420
Clementina,F,406,127,101,98,80
Clementine,F,1354,912,299,73,70
Clemmie,F,247,174,58,15,0
Clemmie,M,320,166,84,47,23
Clemon,M,412,187,121,63,41
Clenton,M,212,101,40,46,25
Cleo,F,2539,1321,578,331,309
Cleo,M,1893,875,452,331,235
Cleon,M,939,257,225,323,134
Cleopatra,F,615,130,88,239,158
Cleophas,M,285,124,79,52,30
Cleophus,M,895,356,247,170,122
Cleotha,F,28,18,5,5,0
Cleotha,M,373,166,110,63,34
Cleta,F,652,436,140,69,7
Clete,M,234,44,96,67,27
Cletis,M,555,130,277,96,52
Cletus,M,1637,661,536,251,189
Cleve,M,1561,682,400,294,185
Cleveland,F,32,10,17,5,0
Cleveland,M,7729,3069,2055,1498,1107
Cliff,M,5686,1567,1976,1061,1082
Clifford,F,469,152,130,93,94
Clifford,M,70443,29862,19264,11761,9556
Cliffton,M,1261,181,200,412,468
Clifton,F,189,19,47,84,39
Clifton,M,31694,9881,7617,7805,6391
Clint,F,54,0,0,28,26
Clint,M,23216,2137,4507,9088,7484
Clinton,F,292,35,52,96,109
Clinton,M,53471,9324,10268,16346,17533
Clive,M,617,220,142,100,155
Clorinda,F,457,174,118,105,60
Clorissa,F,216,0,27,58,131
Clover,F,453,106,67,197,83
Clover,M,5,5,0,0,0
Clovis,F,71,63,8,0,0
Clovis,M,658,270,163,127,98
Cloyd,M,536,277,153,75,31
Clyde,F,233,139,65,29,0
Clyde,M,34170,17906,9071,4381,2812
Coby,F,289,37,44,130,78
Coby,M,2152,86,256,929,881
Codey,F,12,0,0,0,12
Codey,M,592,0,0,54,538
Codi,F,1278,0,25,263,990
Codi,M,327,0,0,17,310
Codie,F,626,5,5,140,476
Codie,M,424,0,0,45,379
Cody,F,2879,99,162,685,1933
Cody,M,72214,709,1693,9523,60289
Colbert,M,304,115,67,67,55
Colby,F,1320,65,46,303,906
Colby,M,10252,225,430,2754,6843
Cole,F,76,0,0,0,76
Cole,M,11431,562,703,1444,8722
Coleen,F,9218,3308,3567,1605,738
Coleman,F,7,0,0,0,7
Coleman,M,3213,817,586,533,1277
Colen,M,225,57,72,59,37
Colene,F,725,193,244,179,109
Coletta,F,629,268,166,120,75
Colette,F,12718,3670,4764,2494,1790
Coley,F,51,0,0,11,40
Coley,M,742,159,168,233,182
Colin,F,243,0,22,71,150
Colin,M,31777,2459,4162,7484,17672
Colleen,F,119813,35913,40673,23759,19468
Colleen,M,301,32,89,86,94
Collen,F,419,50,117,113,139
Collen,M,61,0,5,5,51
Collene,F,625,200,197,149,79
Collette,F,4448,1116,1539,1019,774
Collie,F,45,33,12,0,0
Collie,M,298,148,68,42,40
Collier,M,312,87,67,64,94
Collin,F,196,0,35,44,117
Collin,M,9486,488,848,2018,6132
Collins,F,18,0,0,0,18
Collins,M,952,297,195,182,278
Collis,M,460,170,118,114,58
Colon,M,370,138,102,82,48
Colonel,M,214,110,65,21,18
Colt,F,11,0,0,0,11
Colt,M,2361,25,78,141,2117
Colten,M,563,0,0,5,558
Colter,M,677,0,0,96,581
Colton,F,10,0,0,0,10
Colton,M,4445,60,130,264,3991
Columbus,M,1446,679,360,248,159
Colvin,M,218,91,47,24,56
Conan,M,982,66,131,470,315
Concepcion,F,1819,479,468,486,386
Concepcion,M,399,82,113,115,89
Concetta,F,2782,1131,805,460,386
Concha,F,222,101,60,30,31
Conchetta,F,294,63,57,54,120
Conchita,F,668,241,217,140,70
Coni,F,388,151,160,72,5
Conley,F,5,0,5,0,0
Conley,M,851,314,219,169,149
Connell,M,686,232,195,149,110
Conner,M,801,35,36,39,691
Conni,F,806,300,357,116,33
Connie,F,178155,88799,65289,17961,6106
Connie,M,2117,1189,571,236,121
Connor,F,41,0,0,0,41
Connor,M,3675,39,84,233,3319
Conny,F,235,98,108,23,6
Conny,M,74,62,6,6,0
Conor,M,3238,0,80,482,2676
Conrad,M,10434,3652,2520,1943,2319
Conrado,M,937,209,212,264,252
Constance,F,58765,33529,14660,4841,5735
Constance,M,131,70,44,5,12
Constantina,F,351,25,87,135,104
Constantine,F,20,5,5,5,5
Constantine,M,1760,345,507,480,428
Constantino,M,424,81,106,105,132
Constantinos,M,370,6,84,156,124
Consuela,F,1401,97,157,821,326
Consuella,F,568,144,129,243,52
Consuelo,F,6366,1498,1327,2253,1288
Contessa,F,1243,22,84,505,632
Contina,F,484,0,0,455,29
Conway,M,638,181,170,181,106
Cookie,F,441,251,89,87,14
Cooper,F,20,0,0,0,20
Cooper,M,1531,118,155,238,1020
Cora,F,13579,5869,3393,2093,2224
Cora,M,14,0,9,5,0
Coral,F,2798,754,581,553,910
Coral,M,23,11,0,5,7
Coralee,F,579,226,153,103,97
Coralie,F,423,164,120,74,65
Corbett,M,968,155,214,392,207
Corbin,F,58,0,0,5,53
Corbin,M,2693,182,294,648,1569
Corby,F,284,143,62,59,20
Corby,M,1000,142,230,418,210
Cord,M,707,0,185,176,346
Cordaro,M,286,0,0,0,286
Cordelia,F,2028,772,566,352,338
Cordell,F,18,0,0,0,18
Cordell,M,3417,560,702,838,1317
Cordero,F,9,0,0,0,9
Cordero,M,891,0,0,0,891
Cordia,F,213,101,51,11,50
Coree,F,204,0,6,89,109
Coree,M,38,0,0,0,38
Coreen,F,1822,374,657,535,256
Coreena,F,244,0,93,74,77
Corena,F,652,62,210,212,168
Corene,F,764,241,229,191,103
Coretha,F,202,93,72,30,7
Coretta,F,1849,130,643,692,384
Corey,F,6248,204,596,2331,3117
Corey,M,106422,1856,9968,41000,53598
Cori,F,6851,224,905,2754,2968
Cori,M,587,0,14,244,329
Corianne,F,201,0,0,59,142
Corie,F,2327,47,238,999,1043
Corie,M,575,0,13,262,300
Corin,F,729,11,64,243,411
Corin,M,248,0,29,95,124
Corina,F,8955,639,2316,2934,3066
Corinda,F,248,35,69,80,64
Corine,F,3058,1118,787,572,581
Corinn,F,307,23,34,98,152
Corinna,F,4444,136,1459,1694,1155
Corinne,F,19050,5185,4555,4141,5169
Corinne,M,15,0,0,5,10
Corinthia,F,613,97,148,176,192
Corissa,F,988,0,24,346,618
Corky,F,33,33,0,0,0
Corky,M,443,198,120,100,25
Corlis,F,468,368,100,0,0
Corliss,F,1822,1116,442,185,79
Corliss,M,24,17,7,0,0
Cornel,M,697,263,193,138,103
Cornelia,F,4349,1813,1310,700,526
Cornelia,M,5,0,5,0,0
Cornelio,M,631,125,111,212,183
Cornelious,M,866,285,189,215,177
Cornelius,F,259,60,55,71,73
Cornelius,M,14047,3215,2777,3975,4080
Cornell,F,118,63,44,11,0
Cornell,M,6624,2011,1773,1514,1326
Correna,F,249,0,99,99,51
Correy,F,36,0,0,22,14
Correy,M,610,0,30,292,288
Corri,F,480,13,76,201,190
Corri,M,27,0,0,5,22
Corrie,F,4721,220,446,2180,1875
Corrie,M,859,89,116,385,269
Corrin,F,840,22,85,230,503
Corrina,F,3035,93,887,1152,903
Corrine,F,7547,2189,1956,1614,1788
Corrinne,F,737,174,160,170,233
Corry,F,297,14,41,166,76
Corry,M,1495,73,162,635,625
Cort,M,711,169,234,152,156
Cortez,F,28,0,0,5,23
Cortez,M,3234,228,378,814,1814
Cortina,F,242,0,23,156,63
Cortland,M,454,84,89,86,195
Cortnee,F,240,0,0,45,195
Cortney,F,8992,0,100,1838,7054
Cortney,M,2207,17,138,661,1391
Cortni,F,355,0,0,71,284
Cortnie,F,433,0,0,83,350
Corwin,M,1790,305,384,514,587
Corwyn,M,226,67,55,35,69
Cory,F,4972,341,617,1943,2071
Cory,M,79390,1627,5896,27509,44358
Coryn,F,226,5,5,73,143
Cosette,F,323,133,72,58,60
Cosimo,M,222,70,62,40,50
Cosme,M,508,106,99,139,164
Cosmo,M,548,191,121,128,108
Cotina,F,243,0,0,238,5
Coty,F,510,0,11,106,393
Coty,M,1879,5,18,172,1684
Courtenay,F,934,32,219,359,324
Courtenay,M,218,5,31,96,86
Courteney,F,364,0,5,53,306
Courteney,M,5,0,0,0,5
Courtland,F,25,0,0,0,25
Courtland,M,1132,172,174,316,470
Courtnay,F,358,0,63,133,162
Courtnay,M,5,0,0,0,5
Courtnee,F,494,0,0,105,389
Courtnee,M,9,0,0,9,0
Courtney,F,111988,449,3239,23991,84309
Courtney,M,14678,775,1604,4554,7745
Courtni,F,384,0,0,77,307
Courtnie,F,797,0,0,158,639
Coy,F,176,71,48,38,19
Coy,M,4614,1396,1095,1049,1074
Cozetta,F,222,123,84,10,5
Cozette,F,568,186,195,142,45
Craig,F,906,161,252,277,216
Craig,M,251075,69481,84712,58787,38095
Craige,M,312,85,102,81,44
Crandall,M,203,42,46,55,60
Cranston,M,218,83,63,36,36
Crawford,M,974,405,265,148,156
Creed,M,398,109,84,112,93
Creg,M,215,35,49,93,38
Creig,M,327,100,116,66,45
Creighton,M,1209,259,215,359,376
Creola,F,223,140,59,13,11
Cresencio,M,354,75,69,108,102
Cresta,F,236,0,0,197,39
Creston,M,327,74,70,76,107
Criag,M,297,14,55,111,117
Cricket,F,364,34,103,93,134
Cris,F,1018,395,458,135,30
Cris,M,1981,624,806,361,190
Criselda,F,1328,198,340,487,303
Crispin,F,5,0,5,0,0
Crispin,M,768,158,153,260,197
Criss,F,98,43,55,0,0
Criss,M,279,112,111,37,19
Crissa,F,237,0,25,104,108
Crissie,F,383,49,55,165,114
Crissy,F,2220,22,173,1255,770
Crist,M,352,98,97,89,68
Crista,F,2978,156,421,1242,1159
Cristal,F,4726,110,487,1230,2899
Cristal,M,32,0,0,0,32
Cristel,F,223,5,12,114,92
Cristela,F,385,56,110,108,111
Cristen,F,1839,11,205,556,1067
Cristen,M,91,0,5,49,37
Cristi,F,2901,332,767,1267,535
Cristian,F,286,0,0,34,252
Cristian,M,2531,0,72,509,1950
Cristie,F,1926,231,407,825,463
Cristin,F,3399,29,362,1191,1817
Cristin,M,75,0,6,40,29
Cristina,F,27725,999,3229,8462,15035
Cristina,M,169,0,0,30,139
Cristine,F,3021,569,864,841,747
Cristobal,F,11,0,0,0,11
Cristobal,M,2126,235,341,649,901
Cristofer,M,209,0,0,68,141
Cristopher,M,2448,91,290,760,1307
Cristy,F,6920,557,1106,3129,2128
Cristy,M,16,5,0,5,6
Crosby,F,10,0,0,0,10
Crosby,M,291,71,57,49,114
Cruz,F,1286,452,311,267,256
Cruz,M,3679,833,759,788,1299
Crysta,F,756,0,58,213,485
Crystal,F,248751,9014,24973,73757,141007
Crystal,M,958,5,84,247,622
Crystall,F,359,0,23,138,198
Crystalyn,F,413,0,5,109,299
Crystel,F,431,18,51,154,208
Crystina,F,247,0,7,31,209
Crystle,F,1050,26,94,184,746
Crystol,F,208,7,17,81,103
Cuauhtemoc,M,283,8,31,128,116
Cullen,F,30,0,0,10,20
Cullen,M,2403,250,323,647,1183
Cuong,M,390,0,0,33,357
Curley,F,124,104,20,0,0
Curley,M,902,403,240,157,102
Curran,F,6,0,0,6,0
Curran,M,260,5,12,75,168
Curry,F,63,0,0,34,29
Curry,M,704,150,162,228,164
Curt,M,14032,3513,5981,2960,1578
Curtis,F,1131,327,311,237,256
Curtis,M,152286,46324,47244,28808,29910
Curtiss,M,2581,947,792,463,379
Cy,M,1053,211,196,300,346
Cybil,F,357,0,0,268,89
Cyd,F,522,256,207,59,0
Cydney,F,1280,333,313,196,438
Cyle,F,15,0,0,0,15
Cyle,M,699,0,66,126,507
Cynda,F,486,223,130,75,58
Cynde,F,249,110,103,36,0
Cyndee,F,673,207,298,122,46
Cyndi,F,3013,765,1273,539,436
Cyndia,F,264,122,61,41,40
Cyndie,F,525,223,220,58,24
Cyndy,F,1063,418,404,117,124
Cynitha,F,391,78,202,99,12
Cynithia,F,215,58,127,30,0
Cyntha,F,243,78,119,41,5
Cynthea,F,213,104,47,57,5
Cynthia,F,581891,263432,196597,80196,41666
Cynthia,M,1615,460,553,333,269
Cyntia,F,224,33,45,55,91
Cyrena,F,379,49,65,104,161
Cyril,F,10,0,0,5,5
Cyril,M,2374,845,613,467,449
Cyrstal,F,856,0,26,222,608
Cyrus,M,4157,831,789,1010,1527
Cythia,F,374,85,129,100,60
Dabney,F,227,46,38,80,63
Dabney,M,73,31,26,16,0
Dacia,F,1647,60,195,761,631
Daena,F,309,10,54,111,134
Dagmar,F,407,191,129,63,24
Dagny,F,200,10,70,59,61
Dagoberto,M,808,130,186,195,297
Dahlia,F,1405,266,307,442,390
Daiel,M,377,79,70,73,155
Dain,M,1035,94,155,331,455
Daina,F,1793,258,514,523,498
Daina,M,5,0,0,5,0
Daine,F,280,69,115,59,37
Daine,M,92,0,6,5,81
Daisey,F,530,138,118,83,191
Daisha,F,615,0,0,146,469
Daisy,F,20879,5099,3538,3083,9159
Daisy,M,177,11,5,10,151
Daivd,M,886,126,198,256,306
Dajuan,M,978,0,5,345,628
Dakota,F,764,31,63,105,565
Dakota,M,2647,0,10,180,2457
Dakotah,F,81,0,0,0,81
Dakotah,M,226,0,0,5,221
Dal,M,293,122,116,30,25
Dala,F,215,82,64,33,36
Dalana,F,312,7,70,127,108
Dale,F,12956,8641,3029,850,436
Dale,M,154542,75567,50423,18065,10487
Dalen,F,5,0,0,0,5
Dalen,M,352,51,82,90,129
Dalena,F,418,28,103,158,129
Dalene,F,1144,433,414,194,103
Dalia,F,3709,757,910,927,1115
Dalila,F,1490,120,192,505,673
Dalinda,F,346,97,123,82,44
Dallas,F,2263,374,294,575,1020
Dallas,M,16612,4064,3236,3659,5653
Dallin,M,564,0,0,79,485
Dalton,F,16,0,0,0,16
Dalton,M,4110,1015,831,691,1573
Dalvin,M,220,12,52,58,98
Daman,M,332,0,35,206,91
Damar,M,305,0,0,89,216
Damara,F,336,0,16,118,202
Damarcus,M,549,0,0,125,424
Damario,M,289,0,0,36,253
Damaris,F,3722,270,633,1323,1496
Damaris,M,174,0,5,65,104
Damary,F,208,6,51,119,32
Damein,M,462,0,0,203,259
Dameion,M,408,0,5,262,141
Damen,M,813,0,48,423,342
Dameon,M,1756,0,44,1027,685
Damian,F,200,0,14,142,44
Damian,M,15566,700,1865,7282,5719
Damien,F,186,0,0,100,86
Damien,M,15293,195,504,6426,8168
Damika,F,280,0,0,144,136
Damion,F,39,0,0,34,5
Damion,M,5317,5,253,3162,1897
Damita,F,1354,197,689,305,163
Damon,F,288,5,41,200,42
Damon,M,36553,2051,8122,20052,6328
Damond,M,1050,0,120,702,228
Damone,M,627,5,119,300,203
Dan,F,234,72,45,54,63
Dan,M,57076,26009,22709,5550,2808
Dana,F,152991,17106,47701,51358,36826
Dana,M,41567,15160,13427,8325,4655
Danae,F,2234,122,269,550,1293
Danah,F,384,11,61,129,183
Dandra,F,302,6,67,83,146
Dandra,M,24,0,0,5,19
Dandre,F,26,0,5,7,14
Dandre,M,1317,5,60,292,960
Dandrea,F,521,41,133,137,210
Dandrea,M,81,0,11,12,58
Dane,F,236,26,50,55,105
Dane,M,14014,2473,2643,2106,6792
Danee,F,300,10,35,96,159
Daneen,F,1082,129,569,261,123
Daneil,F,27,0,6,14,7
Daneil,M,916,199,206,191,320
Daneille,F,357,0,14,103,240
Danell,F,1083,136,347,408,192
Danell,M,242,8,44,100,90
Danella,F,416,75,105,126,110
Danelle,F,5572,321,1048,2142,2061
Danelle,M,46,0,0,33,13
Danene,F,309,35,161,98,15
Danesha,F,338,0,0,75,263
Danessa,F,254,0,13,74,167
Danetta,F,784,126,261,285,112
Danette,F,9662,1974,4394,2549,745
Dangelo,M,1065,0,38,239,788
Dani,F,2990,641,688,778,883
Dani,M,293,58,59,75,101
Dania,F,1580,81,310,497,692
Danial,F,75,0,0,37,38
Danial,M,6137,1828,1799,1392,1118
Danica,F,3276,42,290,1051,1893
Danice,F,486,181,155,84,66
Danie,F,120,5,28,28,59
Danie,M,391,100,82,88,121
Daniel,F,5447,496,869,1553,2529
Daniel,M,1075738,243727,242020,244454,345537
Daniela,F,6292,71,571,1495,4155
Daniela,M,28,0,0,0,28
Daniele,F,2404,48,397,982,977
Daniele,M,480,0,74,196,210
Daniell,F,1435,0,71,544,820
Daniell,M,499,28,61,195,215
Daniella,F,3980,10,310,1016,2644
Daniella,M,6,0,0,0,6
Danielle,F,210161,1711,13153,60918,134379
Danielle,M,1381,0,56,489,836
Danika,F,1605,0,40,532,1033
Danille,F,541,0,42,206,293
Danilo,M,943,81,149,281,432
Danine,F,291,14,146,106,25
Danise,F,707,239,250,130,88
Danisha,F,811,0,5,226,580
Danita,F,6849,1466,2680,1897,806
Danitra,F,280,6,0,93,181
Dann,F,998,284,419,187,108
Dann,M,846,465,251,95,35
Danna,F,6384,1348,2193,1651,1192
Danna,M,104,38,28,20,18
Danne,F,415,114,172,76,53
Danne,M,115,76,29,5,5
Dannell,F,229,5,55,117,52
Dannell,M,127,5,34,74,14
Dannelle,F,333,0,69,129,135
Dannette,F,1941,359,825,543,214
Danney,M,394,206,129,48,11
Danni,F,639,152,117,160,210
Danni,M,28,22,0,0,6
Dannie,F,553,207,130,120,96
Dannie,M,4871,2430,1280,712,449
Danniel,F,151,0,0,69,82
Danniel,M,1291,434,330,261,266
Dannielle,F,2783,33,307,1032,1411
Dannon,F,40,0,0,13,27
Dannon,M,264,0,5,125,134
Danny,F,1038,293,300,261,184
Danny,M,196246,86640,60731,28863,20012
Danon,F,30,20,5,0,5
Danon,M,213,0,33,108,72
Danta,F,10,0,10,0,0
Danta,M,238,0,0,103,135
Dante,F,239,0,21,104,114
Dante,M,9024,534,1241,2871,4378
Danton,M,273,50,66,66,91
Dany,F,86,8,20,0,58
Dany,M,348,80,59,82,127
Danya,F,1195,78,197,468,452
Danya,M,21,0,0,21,0
Danyale,F,519,0,28,235,256
Danyale,M,50,0,0,39,11
Danyel,F,1643,0,69,806,768
Danyel,M,252,0,13,146,93
Danyele,F,202,0,15,97,90
Danyell,F,1708,0,51,879,778
Danyell,M,312,0,10,185,117
Danyelle,F,2874,0,167,1159,1548
Danyelle,M,37,0,0,37,0
Daphane,F,393,47,150,114,82
Daphanie,F,320,0,87,134,99
Daphene,F,323,81,145,82,15
Daphine,F,751,190,294,179,88
Daphne,F,17248,2789,6933,4827,2699
Daphne,M,7,0,7,0,0
Daphney,F,692,44,203,218,227
Daphnie,F,258,0,53,98,107
Daquan,M,492,0,0,39,453
Dara,F,8366,971,1840,2650,2905
Dara,M,241,6,19,31,185
Darah,F,400,20,40,92,248
Daralyn,F,242,71,80,43,48
Daran,F,10,5,5,0,0
Daran,M,431,21,182,115,113
Darbi,F,261,0,46,132,83
Darby,F,2002,276,444,616,666
Darby,M,1618,222,408,707,281
Darcee,F,433,60,131,134,108
Darcel,F,1206,516,328,137,225
Darcel,M,90,29,0,23,38
Darcell,F,499,149,138,78,134
Darcell,M,93,0,0,23,70
Darcelle,F,361,120,108,62,71
Darcey,F,1543,186,455,553,349
Darcey,M,93,22,30,33,8
Darci,F,5046,280,1409,1817,1540
Darcia,F,491,164,143,119,65
Darcie,F,4435,426,1085,1727,1197
Darcy,F,16558,2706,5588,4985,3279
Darcy,M,1968,551,611,527,279
Darek,M,730,6,107,292,325
Darel,F,5,0,0,0,5
Darel,M,1051,352,367,195,137
Darell,F,10,0,0,0,10
Darell,M,2573,662,671,537,703
Daren,F,189,63,85,24,17
Daren,M,7971,288,3951,2174,1558
Dari,F,347,74,127,96,50
Daria,F,3759,1088,1055,918,698
Daria,M,5,0,0,0,5
Darian,F,423,54,91,120,158
Darian,M,3056,21,487,1623,925
Daric,M,365,0,84,161,120
Darice,F,1168,368,295,341,164
Darice,M,6,0,0,0,6
Darick,M,819,21,198,313,287
Dariel,F,61,24,5,5,27
Dariel,M,344,64,88,44,148
Darien,F,357,104,85,70,98
Darien,M,1782,46,524,511,701
Darik,M,264,0,33,96,135
Darilyn,F,432,182,107,77,66
Darin,F,261,16,110,59,76
Darin,M,27136,184,13745,9082,4125
Darinda,F,205,54,93,58,0
Dario,M,2790,384,475,697,1234
Darion,M,990,17,190,253,530
Darious,M,311,5,6,63,237
Daris,F,131,71,40,0,20
Daris,M,509,93,127,105,184
Darius,F,131,0,5,34,92
Darius,M,12259,587,1351,3144,7177
Darl,F,13,13,0,0,0
Darl,M,695,330,229,100,36
Darla,F,33317,9599,16340,5382,1996
Darla,M,27,6,16,5,0
Darlean,F,587,272,245,70,0
Darleen,F,3716,1667,1318,504,227
Darlena,F,1099,331,412,209,147
Darlene,F,122081,61886,43527,11484,5184
Darlene,M,343,138,150,48,7
Darline,F,2078,865,680,231,302
Darling,F,262,56,69,32,105
Darlyn,F,564,233,165,73,93
Darlyn,M,6,0,6,0,0
Darlyne,F,335,190,123,7,15
Darlynn,F,389,156,164,57,12
Darnel,F,46,6,35,5,0
Darnel,M,572,46,133,175,218
Darnell,F,1738,588,600,344,206
Darnell,M,17780,2969,3689,4828,6294
Darnella,F,539,157,185,111,86
Darnelle,F,207,26,75,51,55
Darnelle,M,192,0,11,39,142
Darnetta,F,395,71,118,122,84
Darnisha,F,384,0,10,97,277
Darnita,F,244,28,70,77,69
Darold,M,1736,688,584,301,163
Darolyn,F,214,72,88,40,14
Daron,F,112,0,11,0,101
Daron,M,4229,191,1448,1325,1265
Darra,F,372,62,106,90,114
Darrah,F,373,37,40,94,202
Darral,M,311,104,120,43,44
Darran,M,597,26,300,162,109
Darrel,F,84,39,30,15,0
Darrel,M,16054,6035,5499,2658,1862
Darrell,F,802,198,258,217,129
Darrell,M,108516,37257,38025,20072,13162
Darren,F,519,30,209,151,129
Darren,M,75358,2048,35038,22574,15698
Darrian,F,16,0,0,0,16
Darrian,M,568,0,95,190,283
Darrick,F,11,0,0,11,0
Darrick,M,6049,279,1239,3165,1366
Darriel,F,11,0,6,0,5
Darriel,M,408,103,137,79,89
Darrien,M,512,0,148,121,243
Darrin,F,127,6,78,27,16
Darrin,M,24259,206,13609,6934,3510
Darrion,M,542,0,95,107,340
Darris,F,19,14,5,0,0
Darris,M,1189,189,294,261,445
Darrius,M,1702,0,74,330,1298
Darrly,M,328,18,187,44,79
Darrol,M,356,159,121,49,27
Darrold,M,237,110,89,27,11
Darroll,M,247,105,81,49,12
Darron,M,4297,171,1938,1172,1016
Darrow,M,449,152,162,80,55
Darry,M,1231,363,529,202,137
Darryel,M,219,82,114,5,18
Darryl,F,835,232,353,98,152
Darryl,M,72981,15083,39200,8385,10313
Darryle,M,1121,204,576,183,158
Darryll,M,1073,204,485,219,165
Darryn,F,5,0,5,0,0
Darryn,M,847,15,408,207,217
Dartagnan,M,209,0,21,116,72
Darvin,M,1572,472,538,285,277
Darvis,M,262,24,34,79,125
Darwin,F,18,7,11,0,0
Darwin,M,9439,3490,3436,1363,1150
Darwyn,M,327,116,138,31,42
Daryel,M,310,123,120,50,17
Daryl,F,2654,1317,646,256,435
Daryl,M,47628,14506,15268,11014,6840
Daryle,F,104,71,23,5,5
Daryle,M,1877,501,661,550,165
Daryll,F,11,11,0,0,0
Daryll,M,1247,294,411,306,236
Daryn,F,237,38,73,24,102
Daryn,M,1245,15,459,422,349
Dasha,F,640,0,11,197,432
Dashaun,F,5,0,0,0,5
Dashaun,M,293,0,0,55,238
Dashawn,F,262,0,24,119,119
Dashawn,M,1072,0,10,300,762
Dashon,F,15,0,0,10,5
Dashon,M,297,0,0,98,199
Dathan,M,605,16,71,269,249
Daun,F,651,186,286,155,24
Daun,M,12,7,5,0,0
Daunte,M,241,0,0,54,187
Dava,F,1012,258,262,302,190
Dave,F,48,14,34,0,0
Dave,M,34717,14837,15774,2589,1517
Daven,F,36,0,0,20,16
Daven,M,479,12,72,140,255
Davena,F,312,24,91,106,91
Davetta,F,439,80,141,131,87
Davette,F,486,63,140,160,123
Davey,F,6,0,6,0,0
Davey,M,1824,559,498,465,302
Davi,F,221,0,56,91,74
Davi,M,191,33,26,49,83
Davia,F,393,50,59,106,178
David,F,9133,1580,2524,2494,2535
David,M,2333307,769963,733953,445704,383687
Davida,F,2658,513,521,813,811
Davida,M,5,0,0,5,0
Davide,M,433,47,118,129,139
Davidson,M,222,12,13,60,137
Davie,F,156,60,25,28,43
Davie,M,1504,491,477,310,226
Davin,F,136,0,5,41,90
Davin,M,2810,87,381,1080,1262
Davina,F,4111,156,668,1799,1488
Davion,F,12,0,0,0,12
Davion,M,521,0,0,111,410
Davis,F,94,21,16,18,39
Davis,M,5676,1371,1151,1113,2041
Davita,F,549,20,123,167,239
Davon,F,242,0,21,79,142
Davon,M,2573,0,52,519,2002
Davonna,F,348,10,73,109,156
Davy,F,40,0,0,0,40
Davy,M,1711,586,410,458,257
Dawan,F,35,0,0,25,10
Dawan,M,397,6,0,190,201
Dawana,F,498,61,137,191,109
Dawanda,F,228,0,52,115,61
Dawanna,F,353,16,67,139,131
Dawayne,M,951,92,204,355,300
Dawn,F,268044,38899,114293,92446,22406
Dawn,M,892,111,314,353,114
Dawna,F,5004,1113,2157,1159,575
Dawne,F,2212,512,1018,565,117
Dawnell,F,369,49,124,149,47
Dawnelle,F,486,70,79,187,150
Dawnetta,F,297,26,98,121,52
Dawnette,F,646,68,264,238,76
Dawnielle,F,318,0,18,129,171
Dawnita,F,342,25,131,136,50
Dawnmarie,F,703,6,276,301,120
Dawnn,F,257,42,112,58,45
Dawnya,F,209,0,51,127,31
Dawon,M,203,0,0,60,143
Dawson,M,957,233,159,211,354
Dawud,M,346,0,0,200,146
Dax,M,1481,0,52,1018,411
Dayana,F,414,0,0,93,321
Dayla,F,399,37,84,144,134
Dayle,F,1235,674,251,168,142
Dayle,M,491,228,151,75,37
Daylene,F,291,61,91,84,55
Daylon,M,298,19,42,84,153
Daymon,M,549,77,130,266,76
Daymond,M,391,37,91,183,80
Dayna,F,9243,956,2323,2662,3302
Dayna,M,77,5,20,33,19
Dayne,F,50,7,0,12,31
Dayne,M,1124,187,239,222,476
Daysha,F,382,0,0,91,291
Dayton,M,1768,453,339,386,590
De,F,362,88,148,71,55
De,M,134,6,15,36,77
Dea,F,1026,249,340,273,164
Dea,M,5,0,0,0,5
Deadra,F,922,104,432,232,154
Dean,F,819,308,284,147,80
Dean,M,99068,34584,42527,13898,8059
Deana,F,19048,2407,6792,7074,2775
Deana,M,14,0,0,14,0
Deandra,F,2151,33,284,570,1264
Deandra,M,437,0,25,139,273
Deandre,F,265,0,5,96,164
Deandre,M,6575,5,251,1499,4820
Deandrea,F,1096,8,167,320,601
Deandrea,M,332,0,0,105,227
Deandria,F,236,0,28,54,154
Deane,F,548,181,194,112,61
Deane,M,966,388,310,183,85
Deangela,F,679,5,132,227,315
Deangelo,F,21,0,0,0,21
Deangelo,M,3443,0,226,717,2500
Deanie,F,399,147,183,51,18
Deanie,M,10,0,10,0,0
Deann,F,8731,1609,3974,2260,888
Deanna,F,88667,11260,32269,26983,18155
Deanna,M,208,0,68,86,54
Deanne,F,11801,2076,5475,2929,1321
Deanne,M,5,0,0,5,0
Deante,F,5,0,0,0,5
Deante,M,494,0,0,46,448
Deanthony,M,533,0,9,90,434
Dearl,M,347,142,95,62,48
Deatra,F,477,58,220,133,66
Deatrice,F,591,78,273,157,83
Deb,F,1450,771,667,12,0
Debara,F,306,197,97,12,0
Debarah,F,231,132,88,11,0
Debbe,F,215,156,53,6,0
Debbi,F,2870,1344,1192,277,57
Debbie,F,181263,82097,84213,11516,3437
Debbie,M,434,198,180,56,0
Debbora,F,221,135,86,0,0
Debborah,F,599,386,184,24,5
Debbra,F,3490,1969,1122,305,94
Debby,F,8594,4460,3354,564,216
Debera,F,1149,732,357,55,5
Deberah,F,331,235,83,13,0
Debi,F,3735,1857,1493,270,115
Debie,F,443,217,189,37,0
Debora,F,26859,14919,9632,1721,587
Debora,M,28,11,17,0,0
Deborah,F,676614,430537,183439,47855,14783
Deborah,M,1561,788,492,215,66
Deboraha,F,353,241,112,0,0
Deborha,F,1066,632,348,86,0
Deborra,F,230,208,22,0,0
Deborrah,F,883,697,171,15,0
Debra,F,539547,341348,153771,34605,9823
Debra,M,1140,591,410,108,31
Debrah,F,3967,2373,1122,312,160
Debria,F,236,154,77,0,5
Debroah,F,1403,736,458,141,68
Deby,F,258,133,108,17,0
Decarlo,M,364,6,42,174,142
Decarlos,M,587,0,22,291,274
December,F,449,0,64,160,225
Declan,M,295,27,70,53,145
Dede,F,1426,456,635,285,50
Dedra,F,3868,404,1641,1170,653
Dedria,F,413,28,230,99,56
Dedric,F,20,0,0,20,0
Dedric,M,1125,0,87,825,213
Dedrick,F,16,0,0,10,6
Dedrick,M,2278,83,250,1071,874
Dee,F,11247,4327,4826,1585,509
Dee,M,2237,958,683,380,216
Deeann,F,2480,526,1141,564,249
Deeanna,F,1320,156,444,397,323
Deeanne,F,369,50,184,98,37
Deedee,F,3119,695,1392,787,245
Deedra,F,1806,191,645,576,394
Deena,F,10568,2071,3778,3104,1615
Deena,M,5,0,5,0,0
Deepa,F,302,0,5,111,186
Deepak,M,292,0,20,123,149
Deetta,F,529,217,182,96,34
Deette,F,421,147,183,75,16
Deidra,F,7910,599,2483,2129,2699
Deidre,F,12079,1519,4364,3118,3078
Deidre,M,11,0,5,0,6
Deion,F,29,5,13,11,0
Deion,M,269,0,48,72,149
Deirdra,F,998,60,432,285,221
Deirdre,F,13767,2274,6321,3123,2049
Deisy,F,332,0,0,10,322
Deitra,F,894,85,359,296,154
Deja,F,1108,0,5,152,951
Deja,M,19,0,0,5,14
Dejon,F,39,0,0,16,23
Dejon,M,365,0,7,71,287
Dejuan,F,40,0,0,15,25
Dejuan,M,2265,8,129,816,1312
Dejuana,F,224,25,83,73,43
Del,F,354,216,126,12,0
Del,M,2690,1095,967,427,201
Delaina,F,742,61,184,250,247
Delaine,F,1369,535,483,213,138
Delaine,M,107,39,32,26,10
Delana,F,2352,396,751,683,522
Deland,M,210,83,78,37,12
Delane,F,612,244,194,107,67
Delane,M,493,163,165,114,51
Delaney,F,536,12,30,159,335
Delaney,M,455,78,86,166,125
Delania,F,203,6,59,93,45
Delanie,F,328,40,37,130,121
Delano,F,10,5,0,0,5
Delano,M,1925,334,508,543,540
Delante,M,201,0,0,52,149
Delayne,F,253,100,92,24,37
Delayne,M,45,27,6,12,0
Delbert,F,22,6,16,0,0
Delbert,M,12931,6004,3910,1935,1082
Delbra,F,319,263,56,0,0
Delecia,F,220,0,38,84,98
Delena,F,1240,252,402,354,232
Delene,F,507,228,207,58,14
Deleon,F,14,0,0,0,14
Deleon,M,313,11,47,95,160
Delfina,F,1312,412,322,313,265
Delfino,M,854,217,199,211,227
Delia,F,13634,4589,3856,2976,2213
Delia,M,24,6,0,10,8
Deliah,F,397,95,75,108,119
Delicia,F,1541,50,222,753,516
Delight,F,329,160,72,63,34
Delila,F,776,181,122,191,282
Delilah,F,5807,1633,802,1477,1895
Delina,F,633,83,188,189,173
Delinda,F,1906,554,901,322,129
Delisa,F,2727,272,1151,705,599
Delise,F,293,68,117,51,57
Delisha,F,574,0,38,225,311
Delissa,F,272,17,79,67,109
Dell,F,784,450,239,84,11
Dell,M,1711,711,599,254,147
Della,F,13239,6038,4583,1804,814
Delma,F,2340,1057,771,355,157
Delma,M,279,167,80,19,13
Delmar,F,17,17,0,0,0
Delmar,M,3118,1323,824,595,376
Delmas,M,682,298,196,132,56
Delmer,M,1453,727,397,221,108
Delmus,M,213,90,53,52,18
Delois,F,3608,2346,952,218,92
Deloise,F,983,619,288,76,0
Delon,F,33,0,12,21,0
Delon,M,549,29,122,216,182
Delonda,F,283,6,96,139,42
Delonte,M,368,0,0,71,297
Delora,F,1129,405,350,243,131
Delores,F,31390,19363,8459,2423,1145
Delores,M,67,56,11,0,0
Deloria,F,218,100,76,32,10
Delories,F,321,239,76,6,0
Deloris,F,10418,6593,2695,775,355
Deloris,M,11,11,0,0,0
Delorise,F,593,409,151,33,0
Delorse,F,544,320,174,45,5
Delphia,F,715,335,224,109,47
Delphina,F,339,106,112,87,34
Delphine,F,3147,1676,987,343,141
Delray,M,322,70,112,57,83
Delroy,M,593,160,152,100,181
Delsie,F,231,124,79,28,0
Delta,F,1087,298,195,410,184
Delta,M,35,24,0,11,0
Delton,M,1790,603,500,408,279
Delvin,F,22,0,0,16,6
Delvin,M,2410,421,405,809,775
Delvon,M,374,0,0,134,240
Delwin,M,806,259,225,220,102
Delwyn,M,440,158,123,88,71
Delynn,F,636,190,267,128,51
Delynn,M,65,36,24,5,0
Demar,M,444,13,8,140,283
Demarco,M,1658,20,99,582,957
Demarcus,F,29,0,0,0,29
Demarcus,M,4168,5,37,909,3217
Demario,F,17,0,0,6,11
Demario,M,2718,0,13,481,2224
Demaris,F,419,137,111,91,80
Demaris,M,104,0,0,11,93
Demarius,M,258,0,0,20,238
Demarko,M,231,0,0,95,136
Demarkus,M,255,0,0,45,210
Demeka,F,251,0,0,141,110
Demetra,F,2746,306,870,999,571
Demetra,M,12,0,0,12,0
Demetri,F,147,6,47,82,12
Demetri,M,733,38,155,217,323
Demetria,F,7298,443,1368,3273,2214
Demetria,M,107,0,6,62,39
Demetric,F,405,11,88,225,81
Demetric,M,1184,5,107,550,522
Demetrica,F,216,0,41,123,52
Demetrice,F,1643,118,440,689,396
Demetrice,M,965,11,85,395,474
Demetrick,M,410,0,25,204,181
Demetrio,M,1132,201,274,307,350
Demetrios,M,1472,93,349,620,410
Demetrious,F,58,0,19,25,14
Demetrious,M,821,35,152,309,325
Demetris,F,844,57,235,348,204
Demetris,M,1334,21,157,495,661
Demetrius,F,1537,80,363,650,444
Demetrius,M,16546,507,2552,6300,7187
Demetruis,F,5,0,0,5,0
Demetruis,M,506,0,66,232,208
Demetrus,F,22,0,5,17,0
Demetrus,M,401,0,42,190,169
Demi,F,251,0,10,7,234
Demian,F,14,0,7,7,0
Demian,M,652,0,63,520,69
Demita,F,268,0,135,79,54
Demitra,F,315,11,64,135,105
Demitrius,F,11,0,0,6,5
Demitrius,M,592,0,63,217,312
Demon,M,465,0,10,246,209
Demond,F,25,0,0,20,5
Demond,M,3435,0,11,2493,931
Demone,M,264,0,11,133,120
Demont,M,333,0,10,210,113
Demonte,M,257,0,0,54,203
Demorris,M,227,10,11,59,147
Dempsey,M,923,368,235,181,139
Dena,F,25248,3956,9174,8504,3614
Dena,M,56,0,10,31,15
Denae,F,1138,50,167,290,631
Denard,M,444,32,78,108,226
Denay,F,241,0,36,76,129
Dene,F,419,86,136,83,114
Dene,M,105,53,40,12,0
Denea,F,209,0,24,67,118
Denean,F,466,12,243,143,68
Denee,F,666,26,153,212,275
Deneen,F,3492,127,2741,404,220
Deneen,M,7,0,7,0,0
Deneice,F,284,118,101,39,26
Deneise,F,278,137,108,33,0
Denell,F,400,53,160,118,69
Denell,M,33,0,0,22,11
Denelle,F,556,36,126,218,176
Denelle,M,6,0,0,0,6
Denene,F,351,27,232,76,16
Denese,F,1454,646,579,181,48
Denesha,F,385,0,0,106,279
Denetra,F,375,0,58,162,155
Denette,F,670,115,340,155,60
Deni,F,377,74,73,148,82
Deni,M,27,0,0,6,21
Denia,F,478,55,131,130,162
Denice,F,9140,3660,3105,1602,773
Deniece,F,931,282,266,169,214
Denielle,F,722,0,55,269,398
Deniese,F,343,142,134,67,0
Denika,F,332,0,0,152,180
Denine,F,940,105,519,232,84
Denis,F,316,59,74,72,111
Denis,M,10131,4953,2755,1398,1025
Denisa,F,718,128,270,199,121
Denise,F,333588,123783,128824,55868,25113
Denise,M,1226,321,457,243,205
Denisha,F,1891,0,53,493,1345
Denisse,F,973,7,39,110,817
Denita,F,2540,357,991,725,467
Denitra,F,369,0,33,174,162
Denna,F,1819,369,720,511,219
Dennette,F,209,22,125,57,5
Dennice,F,230,107,81,21,21
Dennie,F,353,149,95,93,16
Dennie,M,1840,743,575,330,192
Dennis,F,1548,518,421,360,249
Dennis,M,380266,204267,94984,50552,30463
Dennise,F,1822,450,504,401,467
Dennise,M,78,11,24,38,5
Dennison,M,374,83,78,95,118
Denny,F,271,103,56,79,33
Denny,M,8305,2693,2447,1942,1223
Deno,M,420,126,194,60,40
Denton,M,1695,423,359,397,516
Denver,F,85,6,0,29,50
Denver,M,4364,1295,984,1049,1036
Denyce,F,242,117,78,40,7
Denys,F,276,40,55,87,94
Denys,M,44,0,0,10,34
Denyse,F,927,299,306,213,109
Denzel,M,465,123,68,26,248
Denzil,M,1064,453,276,207,128
Deon,F,1104,263,287,378,176
Deon,M,5990,148,1130,2401,2311
Deona,F,582,38,154,193,197
Deondra,F,638,6,60,167,405
Deondra,M,195,0,6,80,109
Deondre,M,412,0,13,108,291
Deonna,F,1466,79,303,477,607
Deonna,M,5,0,0,0,5
Deonne,F,394,86,145,131,32
Deonne,M,17,0,6,11,0
Deonta,F,30,0,0,5,25
Deonta,M,567,0,0,80,487
Deontae,M,358,0,0,28,330
Deonte,F,20,0,0,0,20
Deonte,M,1253,0,0,142,1111
Dequan,M,453,0,0,135,318
Derald,M,838,331,290,120,97
Dereck,M,3065,196,539,779,1551
Derek,F,740,12,68,202,458
Derek,M,135499,5245,19021,38310,72923
Derell,M,371,0,54,92,225
Derenda,F,317,121,140,50,6
Deric,M,2627,92,556,951,1028
Derick,F,39,0,0,11,28
Derick,M,10203,369,1621,3256,4957
Derik,M,2965,59,385,871,1650
Derin,F,30,0,0,0,30
Derin,M,252,0,45,65,142
Derinda,F,378,153,155,60,10
Derk,M,501,96,167,143,95
Dermot,M,240,58,105,72,5
Deron,F,35,0,5,11,19
Deron,M,3453,36,1334,1135,948
Deronda,F,317,103,144,65,5
Derral,M,227,104,59,27,37
Derreck,M,789,28,143,247,371
Derrek,M,1576,54,250,430,842
Derrel,M,595,192,157,118,128
Derrell,F,16,6,10,0,0
Derrell,M,3120,719,710,674,1017
Derric,M,914,14,219,364,317
Derrick,F,904,36,190,352,326
Derrick,M,96567,6173,21192,32860,36342
Derrik,M,1009,38,154,236,581
Derrill,M,382,143,119,53,67
Derrin,M,359,0,129,83,147
Derris,M,263,44,22,72,125
Derron,M,767,7,204,251,305
Derry,F,87,48,28,11,0
Derry,M,914,335,261,187,131
Derryl,M,650,205,290,79,76
Derwin,M,2680,625,1160,553,342
Derwood,M,254,136,91,27,0
Deryck,M,228,0,44,84,100
Deryk,M,277,5,51,59,162
Deryl,F,144,120,24,0,0
Deryl,M,1130,478,343,203,106
Desarae,F,610,0,5,121,484
Desaray,F,208,0,0,30,178
Desaree,F,282,5,38,63,176
Desean,F,5,0,0,0,5
Desean,M,685,0,18,211,456
Deserae,F,443,0,5,71,367
Deseree,F,638,21,78,165,374
Deserie,F,707,28,211,260,208
Desha,F,395,0,41,184,170
Deshanna,F,248,0,5,145,98
Deshaun,F,174,0,20,86,68
Deshaun,M,1073,0,5,341,727
Deshawn,F,902,0,154,504,244
Deshawn,M,3485,0,87,1337,2061
Deshawna,F,235,0,5,90,140
Deshon,F,138,0,44,89,5
Deshon,M,695,0,36,339,320
Deshonda,F,255,0,5,127,123
Deshun,F,40,0,7,23,10
Deshun,M,310,0,7,130,173
Desi,F,435,129,134,106,66
Desi,M,1447,312,298,537,300
Desiderio,M,264,75,44,78,67
Desirae,F,3576,26,114,612,2824
Desiray,F,321,5,0,56,260
Desire,F,1217,36,114,273,794
Desirea,F,670,0,26,127,517
Desiree,F,41888,3063,7151,9865,21809
Desiree,M,150,0,16,42,92
Desma,F,292,60,63,107,62
Desmon,M,384,0,5,131,248
Desmond,F,101,0,0,33,68
Desmond,M,10138,492,1180,3066,5400
Despina,F,700,84,178,242,196
Dessa,F,494,125,119,118,132
Dessie,F,1300,589,344,200,167
Dessie,M,45,33,7,5,0
Destin,F,127,0,0,13,114
Destin,M,583,0,11,146,426
Destinee,F,887,0,0,83,804
Destiney,F,526,0,0,81,445
Destini,F,647,0,0,105,542
Destinie,F,333,0,0,56,277
Destiny,F,8307,16,137,1612,6542
Destiny,M,83,0,0,10,73
Destry,F,51,0,12,22,17
Destry,M,874,29,338,277,230
Detra,F,1934,208,718,735,273
Detria,F,282,10,99,128,45
Detric,F,5,0,5,0,0
Detric,M,239,0,5,131,103
Detrice,F,304,9,110,130,55
Detrick,F,25,0,0,20,5
Detrick,M,909,0,62,491,356
Deva,F,444,57,90,165,132
Deva,M,11,0,0,11,0
Devan,F,1223,0,14,270,939
Devan,M,2057,62,143,335,1517
Devaughn,M,574,30,28,201,315
Deven,F,530,7,27,192,304
Deven,M,1384,25,162,300,897
Devera,F,282,123,123,20,16
Devi,F,289,23,104,79,83
Devin,F,5081,37,153,1070,3821
Devin,M,31102,399,2728,6271,21704
Devina,F,404,0,42,146,216
Devita,F,218,8,63,76,71
Devlin,F,39,0,0,20,19
Devlin,M,701,5,125,271,300
Devon,F,8805,402,669,2546,5188
Devon,M,13968,474,1129,3101,9264
Devona,F,1793,247,373,793,380
Devonda,F,224,19,56,96,53
Devone,F,90,10,30,40,10
Devone,M,265,0,24,74,167
Devonna,F,1001,178,258,286,279
Devonne,F,699,127,215,183,174
Devonne,M,226,0,16,84,126
Devonte,M,275,0,0,0,275
Devora,F,828,167,181,205,275
Devorah,F,1178,167,168,321,522
Devra,F,680,224,224,132,100
Devron,M,372,0,52,118,202
Devyn,F,412,0,0,71,341
Devyn,M,195,0,0,0,195
Dewain,M,349,130,112,79,28
Dewaine,M,295,116,99,62,18
Dewan,F,16,0,6,10,0
Dewan,M,342,0,19,161,162
Dewana,F,517,114,175,144,84
Dewanda,F,642,89,229,222,102
Dewane,M,260,63,95,76,26
Dewanna,F,634,126,208,175,125
Deward,M,207,110,57,35,5
Dewayne,F,101,6,27,28,40
Dewayne,M,17550,3396,5876,4939,3339
Dewey,F,11,11,0,0,0
Dewey,M,9014,3831,2627,1635,921
Dewight,M,388,85,99,120,84
Dewitt,M,1715,721,474,285,235
Dexter,F,116,24,37,26,29
Dexter,M,16542,3483,4902,3869,4288
Deyanira,F,478,0,31,180,267
Dezarae,F,256,0,0,36,220
Dezmond,M,209,0,0,23,186
Dia,F,998,83,247,391,277
Dia,M,74,0,0,60,14
Diahann,F,349,62,181,94,12
Diallo,F,5,0,0,5,0
Diallo,M,322,0,0,310,12
Diamantina,F,328,112,93,65,58
Diamond,F,2011,14,35,218,1744
Diamond,M,659,55,26,165,413
Dian,F,2608,1538,716,205,149
Dian,M,5,5,0,0,0
Diana,F,215523,80234,65037,33348,36904
Diana,M,832,169,184,158,321
Dianah,F,351,121,94,75,61
Diandra,F,852,0,6,138,708
Diane,F,361582,210624,114453,25323,11182
Diane,M,966,433,324,121,88
Diania,F,478,251,156,56,15
Diann,F,7948,4627,2603,536,182
Dianna,F,38860,14973,13373,6228,4286
Dianna,M,43,13,14,5,11
Dianne,F,56739,34494,16928,3803,1514
Dianne,M,104,70,29,0,5
Diannia,F,333,201,113,19,0
Diantha,F,375,167,111,72,25
Dick,M,3659,2140,1110,288,121
Dickey,M,446,257,142,47,0
Dickie,F,73,62,11,0,0
Dickie,M,1857,1076,511,221,49
Dickson,M,272,105,66,71,30
Dicky,M,493,295,152,41,5
Diedra,F,1600,191,653,390,366
Diedre,F,1501,256,600,366,279
Diego,F,10,0,0,0,10
Diego,M,6129,350,633,1244,3902
Dierdre,F,944,163,436,226,119
Dieter,M,605,88,276,138,103
Dietra,F,578,56,248,210,64
Dietrich,F,149,17,85,47,0
Dietrich,M,805,90,180,316,219
Digna,F,273,34,65,87,87
Dijon,F,18,0,0,0,18
Dijon,M,223,0,5,21,197
Dillard,M,803,362,230,139,72
Dillon,F,35,0,0,0,35
Dillon,M,5139,76,79,483,4501
Dimas,M,637,116,142,150,229
Dimitra,F,547,21,64,261,201
Dimitri,F,82,5,35,18,24
Dimitri,M,1604,147,321,457,679
Dimitrios,M,1235,13,130,557,535
Dimitrius,M,273,0,50,93,130
Dimple,F,416,166,73,67,110
Dina,F,23272,1689,10216,8047,3320
Dina,M,71,0,30,21,20
Dinah,F,5993,2903,1626,836,628
Dineen,F,425,66,257,92,10
Dino,M,6237,1441,2794,1302,700
Dinora,F,330,12,63,122,133
Dinorah,F,358,12,121,121,104
Dion,F,829,75,247,326,181
Dion,M,10563,575,3245,4152,2591
Diona,F,864,45,165,325,329
Diondra,F,314,0,19,60,235
Diondre,M,204,0,5,63,136
Dione,F,2017,172,516,948,381
Dione,M,290,0,39,136,115
Dionicio,M,788,169,176,226,217
Dionisio,M,500,94,128,155,123
Dionna,F,1640,5,193,617,825
Dionna,M,5,0,0,0,5
Dionne,F,8483,288,2547,4152,1496
Dionne,M,279,0,29,145,105
Dionte,F,16,0,0,0,16
Dionte,M,677,0,0,102,575
Dirk,M,8950,2688,3310,1796,1156
Disa,F,206,10,53,86,57
Divina,F,283,23,40,99,121
Divya,F,217,0,0,32,185
Dixie,F,12429,6769,2796,1689,1175
Dixie,M,121,76,21,16,8
Dixon,M,752,288,188,128,148
Dj,M,204,0,6,59,139
Djuan,F,7,0,7,0,0
Djuan,M,653,0,70,231,352
Djuana,F,630,17,403,121,89
Djuna,F,320,0,285,30,5
Dmitri,M,461,27,105,153,176
Dock,M,720,342,153,140,85
Dodd,M,288,42,208,38,0
Dodi,F,458,49,165,233,11
Dodie,F,1185,226,464,434,61
Dody,F,333,95,131,99,8
Dolan,M,483,126,114,137,106
Dollie,F,2475,1341,626,314,194
Dolly,F,5348,2417,1464,940,527
Dolly,M,5,5,0,0,0
Dolores,F,33658,18304,9630,3594,2130
Dolores,M,251,127,79,34,11
Doloris,F,205,139,54,12,0
Dolphus,M,255,147,68,40,0
Domenic,M,2880,803,764,593,720
Domenica,F,1117,196,256,368,297
Domenick,M,1465,440,410,306,309
Domenico,M,1302,97,322,507,376
Domenique,F,207,0,5,28,174
Domenique,M,48,0,0,5,43
Dominga,F,925,394,194,202,135
Domingo,M,6083,1634,1555,1567,1327
Dominic,F,544,0,31,159,354
Dominic,M,28630,3729,5061,7548,12292
Dominica,F,973,42,188,292,451
Dominick,F,93,0,6,16,71
Dominick,M,13140,3187,3103,2877,3973
Dominik,F,5,0,0,0,5
Dominik,M,259,0,0,57,202
Dominique,F,18541,208,945,2289,15099
Dominique,M,6161,42,197,839,5083
Dominque,F,1725,0,18,190,1517
Dominque,M,738,0,13,105,620
Domonic,F,43,0,0,10,33
Domonic,M,881,14,116,291,460
Domonick,M,265,0,13,67,185
Domonique,F,1976,0,33,184,1759
Domonique,M,491,0,0,55,436
Don,F,449,153,145,112,39
Don,M,65060,29452,22123,8496,4989
Dona,F,7272,3910,2247,792,323
Dona,M,45,33,7,0,5
Donaciano,M,218,45,42,73,58
Donal,F,5,0,5,0,0
Donal,M,1237,470,379,222,166
Donald,F,2477,751,762,582,382
Donald,M,579480,273574,172628,82435,50843
Donalda,F,204,119,70,15,0
Donalee,F,206,105,80,21,0
Donalyn,F,234,95,93,41,5
Donata,F,318,111,100,78,29
Donato,M,1036,252,277,252,255
Donavan,M,2179,166,329,744,940
Donavon,M,1602,198,307,527,570
Dondi,F,375,12,169,143,51
Dondi,M,706,89,363,178,76
Dondra,F,439,68,160,140,71
Dondra,M,15,0,0,0,15
Donel,F,30,5,7,18,0
Donel,M,337,96,88,91,62
Donell,F,530,127,180,147,76
Donell,M,3003,752,724,812,715
Donella,F,1133,312,305,333,183
Donelle,F,958,165,263,315,215
Donelle,M,199,0,11,70,118
Donesha,F,219,0,0,46,173
Donetta,F,1434,450,488,331,165
Donette,F,952,281,401,223,47
Doni,F,616,152,191,166,107
Doni,M,122,0,58,52,12
Donia,F,483,61,122,181,119
Donica,F,601,16,135,236,214
Donice,F,298,143,90,53,12
Doniel,F,7,0,0,7,0
Doniel,M,209,11,19,94,85
Donielle,F,1435,0,159,606,670
Donielle,M,91,0,0,46,45
Donise,F,308,71,125,90,22
Donisha,F,619,0,0,146,473
Donita,F,4132,1563,1321,827,421
Donivan,M,228,30,34,63,101
Donn,F,62,5,38,19,0
Donn,M,3451,1822,964,458,207
Donna,F,544192,270338,213468,47342,13044
Donna,M,1369,504,574,218,73
Donnald,M,289,157,95,30,7
Donnalee,F,372,192,147,11,22
Donnamarie,F,949,337,392,132,88
Donnel,F,47,0,32,10,5
Donnel,M,457,82,118,130,127
Donnell,F,843,184,295,248,116
Donnell,M,8993,1736,2326,2502,2429
Donnella,F,278,74,82,105,17
Donnelle,F,286,33,78,101,74
Donnelle,M,148,0,6,60,82
Donnetta,F,1203,248,399,331,225
Donnette,F,977,258,416,199,104
Donnia,F,258,116,113,29,0
Donnie,F,1895,960,540,273,122
Donnie,M,39355,17171,10890,7468,3826
Donnis,F,347,200,98,43,6
Donnis,M,241,127,38,53,23
Donnita,F,726,189,225,201,111
Donny,F,40,12,5,17,6
Donny,M,9291,2608,2436,2762,1485
Donold,M,356,164,138,49,5
Donovan,F,72,0,8,18,46
Donovan,M,10992,876,1813,3750,4553
Donta,F,79,0,0,59,20
Donta,M,1895,0,57,752,1086
Dontae,F,11,0,0,0,11
Dontae,M,1460,0,6,324,1130
Dontavious,M,220,0,0,0,220
Dontay,M,790,0,0,230,560
Donte,F,107,0,0,30,77
Donte,M,5198,0,124,1463,3611
Dontez,M,231,0,0,42,189
Dontrell,F,11,0,0,5,6
Dontrell,M,528,0,0,123,405
Donya,F,1438,71,455,640,272
Donya,M,74,0,0,44,30
Donyale,F,320,0,138,145,37
Donyale,M,79,0,10,54,15
Donyell,F,307,0,56,158,93
Donyell,M,308,0,5,198,105
Donyelle,F,249,0,19,130,100
Donyelle,M,15,0,0,15,0
Donzell,F,5,0,5,0,0
Donzell,M,564,128,118,169,149
Donzella,F,249,185,64,0,0
Dora,F,23022,9285,7418,3941,2378
Dora,M,94,38,33,18,5
Doran,F,50,19,10,5,16
Doran,M,1266,410,373,269,214
Dorathy,F,252,149,85,18,0
Dorcas,F,2259,796,710,419,334
Doreatha,F,438,221,163,35,19
Doree,F,419,135,163,86,35
Doreen,F,35060,16090,14669,3351,950
Doreen,M,53,15,38,0,0
Doreena,F,259,49,136,57,17
Doreene,F,214,117,90,7,0
Dorena,F,475,122,194,123,36
Dorenda,F,450,170,161,91,28
Dorene,F,4754,2152,1888,602,112
Doretha,F,3542,1833,1123,400,186
Dorethea,F,447,225,167,55,0
Doretta,F,1263,741,347,129,46
Dorette,F,205,86,74,45,0
Dori,F,4228,858,1662,1228,480
Doria,F,740,202,205,200,133
Dorian,F,2625,511,497,715,902
Dorian,M,5685,532,783,2114,2256
Doriann,F,286,50,110,87,39
Dorianne,F,399,91,122,113,73
Dorice,F,377,165,141,66,5
Dorie,F,1300,352,450,330,168
Dorie,M,5,5,0,0,0
Dorina,F,633,129,227,170,107
Dorinda,F,3711,1401,1459,642,209
Dorine,F,1158,525,406,176,51
Doris,F,68400,42898,18193,4842,2467
Doris,M,404,211,121,42,30
Dorise,F,207,117,73,12,5
Dorita,F,513,262,159,92,0
Dorla,F,232,133,94,5,0
Dorman,M,425,213,116,70,26
Dornell,M,240,67,60,54,59
Doron,M,319,12,37,131,139
Doroteo,M,268,72,66,72,58
Dorotha,F,255,166,84,5,0
Dorothea,F,6580,3008,2326,768,478
Dorothea,M,6,6,0,0,0
Dorothy,F,126293,74475,33011,11664,7143
Dorothy,M,415,237,132,24,22
Dorraine,F,230,10,196,24,0
Dorrie,F,781,297,297,145,42
Dorris,F,784,494,202,53,35
Dorris,M,205,123,58,24,0
Dorsey,F,305,122,103,57,23
Dorsey,M,1469,604,398,265,202
Dortha,F,531,325,149,35,22
Dorthea,F,998,350,329,179,140
Dorthey,F,219,138,81,0,0
Dorthy,F,3178,1828,795,343,212
Dory,F,718,176,207,232,103
Dory,M,119,11,27,60,21
Dottie,F,3548,1704,1122,494,228
Dotty,F,584,337,199,41,7
Doug,F,5,0,5,0,0
Doug,M,19546,5348,11892,1918,388
Douglas,F,1316,298,424,316,278
Douglas,M,390095,148205,134989,65155,41746
Douglass,F,5,5,0,0,0
Douglass,M,3274,1098,890,798,488
Dougles,M,213,69,101,33,10
Dov,M,756,94,123,242,297
Dove,F,212,14,76,78,44
Dove,M,5,0,5,0,0
Dovid,M,335,5,19,95,216
Dovie,F,975,421,298,151,105
Dow,M,392,153,149,61,29
Doy,F,5,5,0,0,0
Doy,M,209,101,77,26,5
Doyal,M,268,155,71,20,22
Doyce,M,238,157,68,13,0
Doyle,F,39,33,6,0,0
Doyle,M,10676,5079,3465,1462,670
Drake,M,2530,399,587,366,1178
Draper,M,255,0,0,125,130
Drayton,M,290,56,61,78,95
Dreama,F,1983,711,637,418,217
Drema,F,1746,890,537,231,88
Drena,F,423,139,144,85,55
Drenda,F,383,158,179,46,0
Drew,F,930,121,56,51,702
Drew,M,27426,3280,4386,4168,15592
Drexel,M,484,194,162,58,70
Dru,F,824,395,214,71,144
Dru,M,970,149,238,239,344
Drucilla,F,1067,632,246,125,64
Drue,F,216,81,64,5,66
Drue,M,451,59,113,129,150
Drusilla,F,1120,622,348,88,62
Duaine,M,423,189,125,96,13
Duan,M,382,25,72,153,132
Duana,F,542,112,157,201,72
Duane,F,389,128,134,95,32
Duane,M,65550,24144,23755,12404,5247
Duc,M,200,0,0,36,164
Dudley,F,6,6,0,0,0
Dudley,M,3600,1859,1039,411,291
Duff,M,330,177,117,36,0
Duffy,F,16,5,5,6,0
Duffy,M,423,136,122,133,32
Dujuan,M,670,0,46,249,375
Duke,M,2578,780,795,553,450
Dulce,F,1751,97,155,351,1148
Dulce,M,6,0,0,0,6
Dulcie,F,474,108,130,176,60
Duncan,M,5519,1783,1389,933,1414
Dung,F,224,0,0,34,190
Dung,M,373,0,0,70,303
Dupree,M,310,11,34,104,161
Duran,M,804,61,88,151,504
Durand,M,719,126,162,257,174
Durell,M,898,60,108,121,609
Duriel,M,216,0,0,57,159
Durinda,F,206,120,58,28,0
Duron,M,302,0,30,127,145
Durrell,M,1035,82,145,158,650
Durward,M,458,224,148,66,20
Durwin,M,567,221,164,119,63
Durwood,M,716,376,215,102,23
Dushawn,F,11,0,5,6,0
Dushawn,M,225,0,24,127,74
Dustan,M,1240,33,58,476,673
Dusten,M,753,0,9,203,541
Dusti,F,1196,0,59,542,595
Dusti,M,9,0,0,0,9
Dustie,F,611,0,13,290,308
Dustie,M,11,0,0,0,11
Dustin,F,1165,0,31,295,839
Dustin,M,125764,284,1594,26572,97314
Duston,M,775,6,25,250,494
Dusty,F,3475,170,277,1773,1255
Dusty,M,7076,707,749,1626,3994
Dustyn,F,46,0,0,12,34
Dustyn,M,666,0,0,137,529
Dutch,M,306,52,76,95,83
Duval,M,285,51,80,66,88
Duwayne,M,1879,644,639,394,202
Duy,M,392,0,0,28,364
Dvid,M,282,31,47,111,93
Dwain,M,4330,1698,1456,764,412
Dwaine,M,2444,930,760,488,266
Dwan,F,878,88,141,279,370
Dwan,M,800,83,127,302,288
Dwana,F,909,145,330,285,149
Dwanda,F,222,16,100,79,27
Dwane,M,1949,552,720,452,225
Dwanna,F,382,74,112,129,67
Dwayne,F,442,34,162,138,108
Dwayne,M,58541,7878,26788,14811,9064
Dwight,F,273,90,87,61,35
Dwight,M,46027,20848,13010,7003,5166
Dwyane,M,965,129,458,262,116
Dyan,F,1621,222,418,656,325
Dyan,M,5,0,0,0,5
Dyana,F,929,106,211,299,313
Dyane,F,295,103,78,71,43
Dyann,F,702,305,215,123,59
Dyanna,F,687,117,154,175,241
Dyanne,F,575,261,190,80,44
Dyke,M,206,100,82,24,0
Dylan,F,390,0,14,76,300
Dylan,M,18988,97,684,4036,14171
Dyron,M,299,0,50,134,115
Dywane,M,226,5,90,73,58
Eamon,M,764,23,127,209,405
Eamonn,M,309,5,34,69,201
Ean,M,596,0,11,188,397
Earl,F,532,179,155,129,69
Earl,M,71823,32653,20369,11404,7397
Earla,F,215,135,80,0,0
Earle,M,2130,1027,567,328,208
Earlean,F,556,391,133,32,0
Earleen,F,406,251,119,27,9
Earlene,F,4316,2615,1143,362,196
Earlie,F,149,121,28,0,0
Earlie,M,502,238,136,89,39
Earline,F,3235,1914,906,283,132
Early,F,76,64,12,0,0
Early,M,842,396,209,147,90
Earnest,F,252,137,77,33,5
Earnest,M,16781,7310,4515,2961,1995
Earnestine,F,4488,3066,1017,265,140
Earnie,F,8,8,0,0,0
Earnie,M,495,218,154,95,28
Eartha,F,1280,744,365,127,44
Eartha,M,5,5,0,0,0
Earvin,M,463,173,98,61,131
Easter,F,1066,522,286,152,106
Easton,F,6,0,0,0,6
Easton,M,257,6,18,25,208
Eben,F,6,0,0,0,6
Eben,M,1025,149,185,341,350
Ebone,F,595,0,0,53,542
Ebonee,F,863,0,0,139,724
Eboney,F,458,0,0,111,347
Eboni,F,3352,0,0,953,2399
Eboni,M,5,0,0,0,5
Ebonie,F,1650,0,0,413,1237
Ebony,F,25016,6,59,6688,18263
Ebony,M,378,0,0,177,201
Echo,F,1668,129,149,397,993
Ector,M,397,97,80,101,119
Ed,M,7653,2952,3779,608,314
Eda,F,618,276,153,97,92
Edd,M,678,329,190,98,61
Edda,F,214,107,74,33,0
Eddie,F,2780,1580,681,329,190
Eddie,M,97050,38598,30573,15871,12008
Eddy,F,135,60,33,24,18
Eddy,M,5995,2185,1803,1008,999
Edelmira,F,363,110,69,96,88
Edelmiro,M,302,66,87,83,66
Eden,F,2632,145,450,675,1362
Eden,M,484,37,106,121,220
Eder,M,325,0,0,0,325
Edgar,F,233,5,46,60,122
Edgar,M,33532,8634,6485,6805,11608
Edgard,M,611,27,124,165,295
Edgardo,M,2704,276,632,862,934
Edie,F,2673,519,1353,593,208
Edilberto,M,298,7,46,112,133
Edina,F,220,21,63,93,43
Edison,M,1735,543,434,337,421
Edith,F,31926,15478,9001,4251,3196
Edith,M,89,40,17,11,21
Edmon,M,271,91,62,68,50
Edmond,F,7,0,7,0,0
Edmond,M,8029,3112,2144,1549,1224
Edmund,F,5,0,0,5,0
Edmund,M,14878,6027,4335,2541,1975
Edmundo,M,1520,354,338,417,411
Edna,F,28691,15418,7698,3411,2164
Edna,M,48,24,19,5,0
Edra,F,265,135,63,56,11
Edric,M,465,30,71,188,176
Edrick,M,635,51,116,240,228
Edsel,M,960,448,234,138,140
Edson,M,712,150,119,153,290
Eduard,M,545,90,161,147,147
Eduardo,F,180,0,6,70,104
Eduardo,M,27334,2243,4969,8679,11443
Edvardo,M,216,7,33,54,122
Edward,F,2253,557,676,596,424
Edward,M,476564,188323,143984,83425,60832
Edwardo,M,4197,748,1172,1233,1044
Edwin,F,466,97,149,103,117
Edwin,M,74105,26213,20635,13354,13903
Edwina,F,6038,2187,2187,832,832
Edyth,F,211,127,79,5,0
Edythe,F,1125,622,352,117,34
Effie,F,3169,1483,798,586,302
Effie,M,7,0,0,7,0
Efraim,M,488,84,102,145,157
Efrain,F,29,0,0,16,13
Efrain,M,7742,1010,1578,2368,2786
Efrem,M,1203,98,612,312,181
Efren,M,2770,305,476,854,1135
Egbert,M,208,79,71,32,26
Ehren,F,12,0,0,7,5
Ehren,M,656,0,20,306,330
Eileen,F,75042,36570,24868,7915,5689
Eileen,M,160,78,58,17,7
Eilene,F,640,286,191,78,85
Einar,M,253,88,86,49,30
Eladio,M,877,162,202,240,273
Elaina,F,4516,388,954,1172,2002
Elaine,F,98589,54232,27466,9779,7112
Elaine,M,235,88,79,30,38
Elam,M,473,101,87,128,157
Elan,F,284,0,19,92,173
Elan,M,645,0,50,201,394
Elana,F,3368,204,879,953,1332
Elanda,F,246,22,88,99,37
Elane,F,364,150,114,56,44
Elayna,F,299,10,70,51,168
Elayne,F,1130,538,306,145,141
Elba,F,1804,516,533,421,334
Elba,M,24,8,10,6,0
Elbert,F,24,18,0,6,0
Elbert,M,7882,3507,2246,1338,791
Elda,F,1694,565,480,370,279
Elden,M,1184,525,335,193,131
Elder,M,208,59,30,49,70
Eldon,M,5399,2523,1370,924,582
Eldora,F,341,189,105,42,5
Eldred,M,837,331,250,151,105
Eldridge,M,1573,559,419,395,200
Eleana,F,308,31,60,73,144
Eleanor,F,22542,11065,5938,2750,2789
Eleanor,M,14,7,0,0,7
Eleanora,F,523,261,142,63,57
Eleanore,F,909,434,198,138,139
Elease,F,548,258,142,66,82
Eleazar,M,1437,196,271,380,590
Elecia,F,315,25,79,87,124
Electa,F,210,110,46,22,32
Electra,F,315,57,71,93,94
Elena,F,19779,3454,4744,5281,6300
Elena,M,56,0,0,13,43
Elene,F,336,111,97,79,49
Eleni,F,1570,100,239,469,762
Elenor,F,265,127,89,43,6
Elenora,F,281,155,78,31,17
Eleonora,F,213,17,55,92,49
Elesha,F,448,6,61,169,212
Eleuterio,M,319,80,63,89,87
Elexis,F,239,0,0,27,212
Elgin,M,1539,312,481,425,321
Eli,F,131,0,5,42,84
Eli,M,11734,1346,1323,3610,5455
Elia,F,2151,577,474,528,572
Elia,M,303,33,47,101,122
Eliabeth,F,242,0,28,80,134
Eliana,F,1429,0,71,150,1208
Eliana,M,17,0,0,0,17
Elias,F,47,5,0,24,18
Elias,M,10762,1547,1774,2962,4479
Eliazar,M,641,114,144,167,216
Eliberto,M,229,60,48,73,48
Elicia,F,2168,107,305,667,1089
Elida,F,2938,1042,671,625,600
Elidia,F,279,73,30,81,95
Elie,M,635,145,90,142,258
Eliezer,M,1870,153,250,524,943
Eligah,M,266,134,37,34,61
Eligio,M,628,117,146,181,184
Elijah,F,117,5,0,27,85
Elijah,M,14805,2314,1524,3400,7567
Elijio,M,266,73,72,58,63
Elin,F,503,138,109,111,145
Elina,F,392,37,64,110,181
Elinda,F,207,109,67,25,6
Elinor,F,1702,836,417,217,232
Elio,M,686,77,159,183,267
Eliot,F,5,0,0,0,5
Eliot,M,2367,528,581,504,754
Eliott,M,321,8,18,103,192
Elisa,F,21675,2720,6196,6020,6739
Elisa,M,99,0,15,26,58
Elisabet,F,534,0,36,171,327
Elisabeth,F,19060,2564,4272,4713,7511
Elisabeth,M,27,0,0,6,21
Elise,F,17668,3511,3688,2716,7753
Elise,M,26,0,0,0,26
Eliseo,M,2771,510,541,753,967
Elisha,F,8265,82,600,2742,4841
Elisha,M,2258,401,262,601,994
Elisheva,F,391,0,10,112,269
Elishia,F,428,7,31,138,252
Elisia,F,610,43,113,175,279
Elissa,F,8377,1283,1352,2465,3277
Elita,F,289,33,62,116,78
Eliud,M,457,42,97,152,166
Eliyahu,M,380,8,17,106,249
Eliza,F,6563,1057,1007,1725,2774
Eliza,M,27,10,0,0,17
Elizabet,F,919,15,93,165,646
Elizabeth,F,676393,165656,168920,142845,198972
Elizabeth,M,2539,366,545,628,1000
Elizabethann,F,228,20,58,43,107
Elizbeth,F,478,112,163,99,104
Elizebeth,F,1406,382,476,310,238
Elka,F,263,8,74,121,60
Elke,F,822,17,354,339,112
Ella,F,19886,11038,5176,2096,1576
Ella,M,47,28,19,0,0
Elle,F,206,0,0,13,193
Ellen,F,111201,55392,34146,11422,10241
Ellen,M,268,115,94,20,39
Ellena,F,475,118,123,115,119
Ellery,F,122,5,5,34,78
Ellery,M,1033,323,250,248,212
Elli,F,244,21,32,75,116
Elli,M,5,0,0,0,5
Ellice,F,225,69,47,24,85
Ellie,F,2452,542,576,567,767
Ellie,M,160,80,47,18,15
Elliot,F,45,0,5,0,40
Elliot,M,9504,1606,1482,1944,4472
Elliott,F,125,5,5,33,82
Elliott,M,11973,2382,2442,2387,4762
Ellis,F,269,106,62,29,72
Ellis,M,9744,3970,2596,1664,1514
Ellisa,F,362,27,117,108,110
Ellison,F,141,5,12,53,71
Ellison,M,531,149,132,102,148
Ellsworth,M,774,399,208,100,67
Ellwood,M,203,133,53,17,0
Elly,F,653,88,142,192,231
Elly,M,5,0,0,5,0
Ellyn,F,1821,744,490,248,339
Elma,F,2318,1139,654,329,196
Elma,M,20,20,0,0,0
Elmer,F,139,93,36,5,5
Elmer,M,14418,6881,3833,2137,1567
Elmira,F,631,332,180,87,32
Elmo,M,1400,691,376,202,131
Elmore,M,765,394,176,145,50
Elna,F,369,230,81,32,26
Elnora,F,2429,1339,646,262,182
Elodia,F,568,202,145,117,104
Elois,F,536,390,135,11,0
Eloisa,F,2001,459,456,550,536
Eloise,F,5724,3676,1305,429,314
Elon,F,75,17,5,21,32
Elon,M,398,43,42,117,196
Elona,F,360,120,103,90,47
Elonda,F,575,41,186,256,92
Elora,F,201,32,23,13,133
Elouise,F,1382,942,295,93,52
Eloy,M,3755,896,929,1020,910
Elpidio,M,369,98,80,96,95
Elroy,M,2166,834,703,377,252
Elsa,F,9888,2508,2746,2551,2083
Elsa,M,16,6,0,10,0
Elsbeth,F,201,43,26,21,111
Elsie,F,10389,5356,2564,1295,1174
Elsie,M,16,16,0,0,0
Elson,M,343,88,68,91,96
Elspeth,F,335,33,26,36,240
Elston,M,563,172,250,50,91
Elton,F,13,7,0,6,0
Elton,M,7275,2724,1630,1844,1077
Elva,F,5532,2282,1508,988,754
Elva,M,88,64,14,5,5
Elvera,F,395,229,110,39,17
Elvia,F,3842,863,938,989,1052
Elvia,M,5,5,0,0,0
Elvin,F,6,0,0,6,0
Elvin,M,5567,1830,1444,1197,1096
Elvina,F,396,149,97,65,85
Elvira,F,6504,2212,1725,1395,1172
Elvis,F,45,24,0,5,16
Elvis,M,7388,1970,1596,1879,1943
Elwin,M,947,483,224,127,113
Elwood,M,3176,1642,880,421,233
Elwyn,F,5,5,0,0,0
Elwyn,M,484,270,113,71,30
Ely,F,23,0,0,11,12
Ely,M,734,84,74,224,352
Elyce,F,417,113,95,55,154
Elysa,F,557,89,118,100,250
Elyse,F,7241,1188,836,763,4454
Elyse,M,14,0,0,0,14
Elysha,F,247,0,0,43,204
Elysia,F,1087,10,39,271,767
Elyssa,F,1191,13,116,266,796
Elza,F,84,11,27,32,14
Elza,M,227,125,63,27,12
Elzie,F,7,7,0,0,0
Elzie,M,698,330,190,108,70
Ema,F,391,74,55,114,148
Emalee,F,218,0,6,23,189
Eman,F,322,0,0,75,247
Eman,M,26,0,0,5,21
Emanuel,F,43,0,5,11,27
Emanuel,M,11799,2386,2153,2391,4869
Ember,F,836,17,71,285,463
Emelda,F,501,194,131,103,73
Emelia,F,759,189,134,126,310
Emelie,F,279,52,40,67,120
Emeline,F,312,75,69,72,96
Emely,F,586,19,48,151,368
Emerald,F,1160,31,42,152,935
Emerald,M,40,11,5,5,19
Emerson,M,3243,946,759,680,858
Emery,F,253,14,12,55,172
Emery,M,3877,1275,1095,735,772
Emi,F,465,19,48,141,257
Emiko,F,244,0,22,105,117
Emil,F,5,0,5,0,0
Emil,M,4900,1861,1266,963,810
Emile,F,192,25,12,34,121
Emile,M,1911,671,520,392,328
Emilee,F,2693,68,67,509,2049
Emiley,F,267,6,11,65,185
Emilia,F,3490,686,718,726,1360
Emiliano,M,1233,119,181,471,462
Emilie,F,5214,748,553,1267,2646
Emilie,M,7,0,0,0,7
Emilio,F,28,5,0,10,13
Emilio,M,7592,1387,1563,1957,2685
Emily,F,203774,12839,12332,46839,131764
Emily,M,694,14,5,148,527
Emma,F,36652,14613,6993,4665,10381
Emma,M,140,44,18,16,62
Emmalee,F,446,0,11,83,352
Emmaline,F,266,85,34,31,116
Emmanuel,F,121,0,0,13,108
Emmanuel,M,13934,787,1219,2157,9771
Emmeline,F,266,6,18,68,174
Emmet,M,665,222,167,144,132
Emmett,F,5,5,0,0,0
Emmett,M,7426,2988,2032,1334,1072
Emmette,M,233,104,70,42,17
Emmie,F,663,229,142,131,161
Emmit,M,521,214,138,96,73
Emmitt,M,2071,860,560,392,259
Emmy,F,1301,224,158,391,528
Emory,F,105,16,5,11,73
Emory,M,3849,1440,1132,682,595
Emy,F,281,16,53,97,115
Ena,F,901,194,244,287,176
Encarnacion,M,282,104,62,75,41
Endia,F,342,10,10,114,208
Enedelia,F,504,180,140,128,56
Enedina,F,1198,374,291,262,271
Eneida,F,622,117,218,163,124
Enid,F,2246,799,684,493,270
Enjoli,F,630,0,0,126,504
Ennifer,F,208,0,6,82,120
Ennis,F,28,23,5,0,0
Ennis,M,932,335,239,236,122
Enoch,M,2203,588,455,604,556
Enola,F,588,359,152,62,15
Enos,M,988,294,198,238,258
Enrico,M,2061,395,521,659,486
Enrigue,M,507,90,104,144,169
Enrique,F,188,5,14,86,83
Enrique,M,20820,2829,4200,6166,7625
Enriqueta,F,569,203,140,143,83
Enza,F,285,11,86,134,54
Enzo,M,355,15,82,143,115
Ephraim,M,1525,228,258,439,600
Ephriam,M,236,46,66,73,51
Epifanio,M,764,209,171,203,181
Equilla,F,218,85,55,44,34
Era,F,530,248,129,104,49
Eraina,F,232,21,69,89,53
Eran,F,77,0,0,40,37
Eran,M,322,0,31,140,151
Erasmo,M,1776,424,383,471,498
Erek,M,336,0,13,134,189
Erendira,F,320,0,0,88,232
Eriberto,M,1034,69,192,318,455
Eric,F,3626,149,656,1344,1477
Eric,M,621228,53295,152222,211481,204230
Erica,F,150616,1537,6325,49595,93159
Erica,M,806,0,14,269,523
Ericca,F,348,0,22,153,173
Erice,F,30,0,0,5,25
Erice,M,220,0,57,96,67
Erich,F,27,0,0,7,20
Erich,M,7749,800,1946,2643,2360
Ericia,F,358,0,5,158,195
Erick,F,183,0,10,79,94
Erick,M,20401,938,3295,7167,9001
Ericka,F,14104,155,995,6731,6223
Ericka,M,40,0,0,16,24
Erickson,M,235,6,11,85,133
Erie,F,148,80,35,17,16
Erie,M,1448,227,379,510,332
Erik,F,508,0,72,174,262
Erik,M,85664,2450,14770,32094,36350
Erika,F,67375,890,5323,24310,36852
Erika,M,401,0,8,118,275
Erikka,F,555,0,25,207,323
Erin,F,203651,4382,15570,67888,115811
Erin,M,6240,209,948,2881,2202
Erina,F,298,5,19,125,149
Erinn,F,2067,0,200,815,1052
Erinn,M,106,0,7,61,38
Erle,M,230,120,81,24,5
Erlene,F,463,282,110,28,43
Erlinda,F,2151,991,572,329,259
Erma,F,6659,3916,1719,639,385
Erma,M,5,5,0,0,0
Ermalinda,F,207,85,73,49,0
Ermelinda,F,778,222,283,164,109
Erminia,F,378,138,95,70,75
Erna,F,649,379,181,70,19
Ernest,F,658,195,203,153,107
Ernest,M,94564,39680,26892,16756,11236
Ernestina,F,2371,770,613,562,426
Ernestine,F,10117,5653,2913,999,552
Ernestine,M,16,16,0,0,0
Ernesto,F,87,0,11,35,41
Ernesto,M,18199,2861,3604,5079,6655
Ernie,F,83,69,14,0,0
Ernie,M,9070,3380,3116,1541,1033
Ernst,M,701,208,182,149,162
Erol,M,282,37,93,51,101
Eron,F,117,0,6,69,42
Eron,M,608,10,90,273,235
Erric,M,252,18,73,114,47
Errica,F,309,0,22,170,117
Errick,M,863,57,154,387,265
Errin,F,607,0,45,304,258
Errin,M,201,0,27,116,58
Errol,M,4455,1197,1293,1064,901
Erroll,M,598,210,187,106,95
Erron,F,15,0,0,15,0
Erron,M,435,0,58,190,187
Erskine,M,853,324,207,213,109
Ervin,F,32,8,7,6,11
Ervin,M,10437,4287,2758,1776,1616
Erving,M,299,102,47,47,103
Erwin,F,13,7,0,0,6
Erwin,M,5113,1759,1452,913,989
Eryka,F,204,0,0,40,164
Eryn,F,1722,13,63,511,1135
Eryn,M,35,0,0,7,28
Erynn,F,286,0,0,98,188
Esau,M,663,155,114,149,245
Esequiel,M,1211,221,212,378,400
Esmeralda,F,11388,1092,1615,3898,4783
Esmeralda,M,89,0,0,27,62
Esperanza,F,5351,1500,1232,1317,1302
Esperanza,M,10,0,0,0,10
Essence,F,998,0,0,182,816
Essie,F,3752,2274,892,355,231
Essie,M,157,115,20,7,15
Esta,F,586,309,143,82,52
Esteban,M,7536,608,1035,2301,3592
Estee,F,321,0,0,130,191
Estee,M,5,5,0,0,0
Estefana,F,231,70,43,59,59
Estefania,F,264,0,0,0,264
Estel,F,15,10,5,0,0
Estel,M,344,182,106,45,11
Estela,F,3607,1007,802,929,869
Estell,F,284,164,68,39,13
Estell,M,49,33,11,5,0
Estella,F,7463,3380,2083,1200,800
Estella,M,10,5,5,0,0
Estelle,F,4050,1930,1077,589,454
Ester,F,4241,1584,1184,746,727
Ester,M,135,90,22,12,11
Estevan,M,2308,184,274,614,1236
Esther,F,41995,15766,10111,7299,8819
Esther,M,154,42,28,19,65
Estill,M,273,104,98,59,12
Eston,M,385,119,109,55,102
Estrella,F,1282,116,120,309,737
Estrellita,F,439,98,79,99,163
Ethan,F,35,0,0,0,35
Ethan,M,17945,553,1601,5301,10490
Ethel,F,18281,11544,4691,1499,547
Ethel,M,86,56,30,0,0
Ethelene,F,257,180,77,0,0
Ethelyn,F,343,226,100,17,0
Etienne,F,28,0,0,6,22
Etienne,M,466,50,97,145,174
Etta,F,4638,2480,1463,458,237
Eudora,F,305,114,90,56,45
Eufemia,F,229,88,66,42,33
Eugena,F,832,165,237,269,161
Eugene,F,681,198,189,170,124
Eugene,M,104686,48281,29311,16534,10560
Eugenia,F,10468,3362,3317,2360,1429
Eugenia,M,10,0,5,5,0
Eugenie,F,903,452,211,155,85
Eugenio,M,2116,406,540,602,568
Eugina,F,331,26,99,107,99
Eula,F,3479,2194,845,301,139
Eula,M,7,7,0,0,0
Eulalia,F,736,240,193,170,133
Eulalio,M,572,145,118,170,139
Eulogio,M,317,97,77,77,66
Eun,F,204,11,23,75,95
Eun,M,5,0,0,0,5
Eunice,F,10488,4494,2642,1669,1683
Eunice,M,145,91,20,24,10
Eureka,F,691,5,103,375,208
Eureka,M,5,0,0,5,0
Eusebio,M,1210,333,274,324,279
Eva,F,47122,17114,13592,8597,7819
Eva,M,216,52,39,45,80
Evalyn,F,472,259,124,43,46
Evamarie,F,387,45,149,83,110
Evan,F,1166,118,115,150,783
Evan,M,48427,2989,5084,7870,32484
Evander,M,239,72,44,28,95
Evangela,F,282,23,105,109,45
Evangelia,F,398,14,66,155,163
Evangelina,F,3351,904,836,864,747
Evangeline,F,3976,1411,1182,821,562
Evangelos,M,397,6,60,171,160
Evans,F,5,0,0,5,0
Evans,M,1459,446,358,289,366
Evaristo,M,773,158,180,221,214
Eve,F,8737,2335,2609,2174,1619
Evelena,F,239,120,68,28,23
Evelia,F,686,95,128,208,255
Evelin,F,786,26,121,148,491
Evelina,F,1071,311,280,151,329
Eveline,F,500,194,133,77,96
Evelio,M,261,12,64,78,107
Evelyn,F,81945,38411,22582,9974,10978
Evelyn,M,436,145,101,57,133
Evelyne,F,422,172,110,56,84
Evelynn,F,465,144,110,80,131
Ever,F,81,53,6,12,10
Ever,M,212,6,0,33,173
Everardo,M,1372,141,185,451,595
Everett,F,79,25,32,11,11
Everett,M,20127,7271,6089,3648,3119
Everette,F,5,5,0,0,0
Everette,M,3257,1017,1025,693,522
Evert,M,512,191,134,95,92
Evett,F,255,22,91,102,40
Evetta,F,289,92,121,44,32
Evette,F,4369,561,1678,1368,762
Evie,F,1506,478,357,330,341
Evie,M,5,5,0,0,0
Evin,F,179,0,0,27,152
Evin,M,616,30,79,133,374
Evita,F,774,49,57,16,652
Evon,F,1960,936,575,283,166
Evon,M,170,54,18,24,74
Evone,F,251,139,70,37,5
Evone,M,5,5,0,0,0
Evonne,F,3057,1011,888,705,453
Ewell,M,369,180,114,60,15
Eydie,F,453,136,206,99,12
Eyvette,F,218,31,127,44,16
Eyvonne,F,457,232,154,54,17
Ezekiel,M,3103,416,345,820,1522
Ezell,F,22,22,0,0,0
Ezell,M,1149,476,295,239,139
Ezequiel,M,2036,222,277,578,959
Ezra,F,67,0,0,28,39
Ezra,M,4291,677,588,1271,1755
Ezzard,M,465,319,18,98,30
Fabian,F,204,72,6,29,97
Fabian,M,9203,503,1624,2636,4440
Fabiana,F,215,0,24,69,122
Fabienne,F,305,71,27,70,137
Fabio,M,796,25,133,266,372
Fabiola,F,2253,79,180,671,1323
Fabiola,M,10,0,0,0,10
Fadi,M,220,0,0,40,180
Fae,F,278,168,60,39,11
Faheem,M,206,0,0,77,129
Faigy,F,296,6,6,95,189
Faisal,M,406,0,0,123,283
Faith,F,26980,6958,7000,6356,6666
Faith,M,37,5,5,8,19
Faithe,F,206,37,39,72,58
Falicia,F,399,5,70,137,187
Falisha,F,537,0,14,185,338
Fallon,F,3376,0,0,0,3376
Fallon,M,25,0,0,5,20
Falon,F,937,0,0,0,937
Falon,M,11,0,0,0,11
Fannie,F,6725,3670,1551,869,635
Fanny,F,1387,308,256,373,450
Fanta,F,240,0,0,131,109
Fara,F,710,112,180,269,149
Farah,F,1677,0,149,710,818
Farah,M,12,0,0,0,12
Faren,F,206,0,8,6,192
Farid,M,255,0,7,96,152
Faris,F,5,5,0,0,0
Faris,M,210,18,24,46,122
Farley,F,10,0,0,10,0
Farley,M,694,309,219,93,73
Faron,F,40,0,0,0,40
Faron,M,2019,669,717,406,227
Farrah,F,4496,0,6,3039,1451
Farrah,M,7,0,0,0,7
Farrel,M,336,166,96,55,19
Farrell,F,187,28,33,51,75
Farrell,M,1810,708,529,359,214
Farren,F,252,0,0,0,252
Farren,M,206,49,96,23,38
Farris,F,135,67,12,0,56
Farris,M,832,299,230,156,147
Farron,F,94,0,0,0,94
Farron,M,490,147,161,86,96
Fatima,F,4763,281,565,1484,2433
Fatima,M,11,0,0,0,11
Fatimah,F,847,6,55,247,539
Fatina,F,318,5,67,151,95
Faustina,F,392,108,103,97,84
Faustino,M,1398,329,291,371,407
Fausto,M,1004,120,163,275,446
Favian,M,370,0,8,93,269
Faviola,F,750,0,28,217,505
Fawn,F,4469,548,1095,1393,1433
Fay,F,5710,3130,1740,524,316
Fay,M,282,171,87,24,0
Faye,F,17287,10427,4244,1558,1058
Faye,M,71,65,6,0,0
Fayetta,F,330,219,91,20,0
Fayette,F,307,160,99,36,12
Fayette,M,14,9,5,0,0
Feather,F,243,0,0,145,98
Federico,M,3801,743,761,1121,1176
Felecia,F,8931,1384,3412,2468,1667
Felica,F,1753,58,428,710,557
Felice,F,2350,720,753,574,303
Felice,M,251,38,89,87,37
Felicia,F,66731,3902,18550,22330,21949
Felicia,M,258,0,46,103,109
Feliciano,M,943,158,190,302,293
Felicita,F,1009,236,280,290,203
Felicitas,F,555,151,143,131,130
Felicity,F,1078,89,140,378,471
Felina,F,234,5,17,109,103
Felipa,F,590,190,139,140,121
Felipe,F,85,0,18,12,55
Felipe,M,11679,1850,2284,3304,4241
Felisa,F,1553,116,572,602,263
Felisha,F,3803,47,396,1335,2025
Felishia,F,233,0,24,85,124
Felisia,F,242,0,63,102,77
Felissa,F,252,0,81,117,54
Felita,F,773,119,388,218,48
Felix,F,209,51,48,63,47
Felix,M,22329,5759,5749,5515,5306
Felton,M,2558,1020,722,459,357
Fenton,M,508,185,161,82,80
Ferdinand,M,1934,632,523,444,335
Ferlin,M,257,97,122,32,6
Ferman,M,415,150,111,93,61
Fermin,M,1878,400,391,502,585
Fern,F,3671,2213,985,299,174
Fern,M,31,21,5,5,0
Fernand,M,249,93,71,53,32
Fernanda,F,597,94,112,122,269
Fernanda,M,18,0,0,18,0
Fernandez,M,275,30,70,85,90
Fernando,F,286,19,36,74,157
Fernando,M,33476,4993,6113,9172,13198
Ferne,F,203,159,44,0,0
Ferrell,F,5,0,5,0,0
Ferrell,M,659,254,197,120,88
Ferris,F,102,31,0,0,71
Ferris,M,622,243,137,130,112
Fidel,M,4083,873,865,1031,1314
Fidencio,M,999,215,229,280,275
Filiberto,M,983,174,131,287,391
Filippo,M,269,5,40,132,92
Filomena,F,881,224,305,240,112
Finis,M,383,187,95,68,33
Finley,F,5,0,0,0,5
Finley,M,475,218,121,85,51
Finn,M,204,30,82,33,59
Fiona,F,2081,91,438,597,955
Fitzgerald,M,725,10,381,174,160
Flavia,F,478,115,120,134,109
Flavio,M,825,89,161,247,328
Flecia,F,221,6,107,103,5
Fleming,M,248,112,86,43,7
Fletcher,M,2964,965,745,545,709
Flint,M,1124,232,429,241,222
Flo,F,209,143,59,7,0
Flor,F,2062,87,263,653,1059
Flor,M,86,0,25,25,36
Flora,F,8658,4411,2277,1140,830
Flora,M,5,0,5,0,0
Florance,F,248,114,91,32,11
Florence,F,19177,10597,5081,2227,1272
Florence,M,55,21,34,0,0
Florencia,F,369,67,77,102,123
Florencio,M,1232,307,305,317,303
Florene,F,451,291,130,30,0
Florentina,F,367,92,71,111,93
Florentino,M,1257,308,295,338,316
Floretta,F,550,297,164,74,15
Floria,F,450,276,137,27,10
Florian,M,444,208,93,63,80
Florida,F,384,218,86,62,18
Florinda,F,856,318,254,195,89
Florine,F,1345,869,336,105,35
Florita,F,205,82,76,22,25
Flossie,F,1110,667,303,102,38
Floy,F,243,186,50,7,0
Floy,M,13,13,0,0,0
Floyd,F,264,116,79,44,25
Floyd,M,38256,17859,11236,5680,3481
Flynn,F,14,0,0,0,14
Flynn,M,489,96,138,116,139
Fonda,F,3060,948,1331,552,229
Fontella,F,345,15,233,70,27
Ford,M,1010,418,267,156,169
Forest,F,65,13,5,25,22
Forest,M,3361,1037,779,758,787
Forrest,F,213,88,25,47,53
Forrest,M,14694,4710,3589,2906,3489
Fortino,M,272,53,54,65,100
Fortunato,M,312,71,75,97,69
Foster,M,1953,757,476,359,361
Fotini,F,228,0,6,118,104
Foy,F,5,5,0,0,0
Foy,M,425,210,123,64,28
Fran,F,3332,1694,1294,258,86
Fran,M,230,59,97,29,45
Franca,F,353,29,149,150,25
France,F,472,141,181,82,68
France,M,51,17,18,10,6
Francena,F,212,137,61,14,0
Francene,F,1087,533,373,135,46
Frances,F,96028,51200,25001,11337,8490
Frances,M,1012,404,268,174,166
Francesca,F,8714,989,1380,2250,4095
Francesca,M,33,0,0,6,27
Francesco,M,2847,282,503,998,1064
Franchesca,F,1279,14,107,334,824
Francheska,F,472,11,20,81,360
Franci,F,219,48,71,56,44
Francia,F,269,51,48,62,108
Francie,F,1159,430,412,231,86
Francina,F,1031,339,344,197,151
Francine,F,23124,10203,7596,3382,1943
Francine,M,11,0,11,0,0
Francis,F,6314,2114,1496,1278,1426
Francis,M,73524,34766,19334,10012,9412
Francisca,F,4638,975,985,1293,1385
Francisca,M,30,0,0,6,24
Francisco,F,514,52,90,161,211
Francisco,M,50626,7319,8583,14642,20082
Franciso,M,345,60,60,113,112
Franco,M,1936,99,357,716,764
Francois,F,5,0,0,0,5
Francois,M,885,142,235,226,282
Francoise,F,426,74,139,127,86
Frank,F,1401,377,384,373,267
Frank,M,279983,112321,87155,46917,33590
Franki,F,324,50,82,89,103
Franki,M,5,0,0,0,5
Frankie,F,8541,3973,2492,1277,799
Frankie,M,22397,7138,6946,4656,3657
Franklin,F,325,84,98,72,71
Franklin,M,48475,17007,13892,9352,8224
Franklyn,M,1860,571,462,365,462
Franky,F,19,7,6,0,6
Franky,M,1117,260,296,269,292
Fransico,M,498,134,79,135,150
Fransisco,M,1285,254,172,402,457
Frantz,M,555,12,54,184,305
Franz,M,1394,321,446,328,299
Frazier,M,630,198,173,139,120
Fred,F,377,139,123,74,41
Fred,M,74869,37445,23189,9425,4810
Freda,F,9382,4776,2732,1329,545
Fredda,F,467,289,135,43,0
Freddie,F,2116,1407,433,164,112
Freddie,M,32691,14405,9016,5428,3842
Freddrick,M,685,187,115,204,179
Freddy,F,46,10,12,0,24
Freddy,M,11444,4027,2778,2054,2585
Frederic,M,5021,2173,1346,926,576
Frederica,F,1039,319,354,200,166
Frederich,M,263,94,96,68,5
Frederick,F,651,161,174,190,126
Frederick,M,108837,44288,30768,20725,13056
Fredericka,F,788,225,194,197,172
Frederico,M,576,149,131,156,140
Fredia,F,1052,567,368,111,6
Fredie,M,322,118,83,71,50
Fredric,M,3416,1675,868,567,306
Fredrica,F,443,125,94,106,118
Fredrich,M,206,97,69,40,0
Fredrick,F,236,43,73,88,32
Fredrick,M,32307,11347,8358,7742,4860
Fredricka,F,653,156,152,169,176
Fredrika,F,207,28,41,86,52
Fredy,M,752,87,86,148,431
Freeda,F,304,186,67,45,6
Freedom,F,400,0,0,290,110
Freedom,M,136,0,0,113,23
Freeman,M,2833,1089,720,545,479
Freida,F,3119,1823,787,335,174
French,M,227,94,75,46,12
Freya,F,376,70,54,131,121
Frieda,F,2713,1428,717,314,254
Friedrich,M,219,45,111,19,44
Fritz,M,2471,879,746,473,373
Fulton,M,588,273,155,90,70
Furman,M,757,346,223,119,69
Gabe,M,1052,179,240,466,167
Gabino,M,788,110,144,244,290
Gabrial,F,26,0,0,0,26
Gabrial,M,348,0,10,184,154
Gabriel,F,1655,39,140,467,1009
Gabriel,M,66073,3204,6159,24390,32320
Gabriela,F,13334,251,1160,4097,7826
Gabriela,M,139,0,0,28,111
Gabriele,F,550,62,169,130,189
Gabriele,M,216,0,37,78,101
Gabriell,F,251,0,0,18,233
Gabriell,M,5,0,0,0,5
Gabriella,F,4363,209,664,1080,2410
Gabriella,M,10,0,0,0,10
Gabrielle,F,18318,790,2241,3774,11513
Gabrielle,M,135,0,0,24,111
Gae,F,288,184,104,0,0
Gael,F,256,159,78,19,0
Gael,M,14,8,0,0,6
Gaetano,M,1221,236,359,351,275
Gage,M,733,29,29,177,498
Gail,F,127804,85618,32877,7138,2171
Gail,M,2080,1307,472,236,65
Gaila,F,405,209,146,45,5
Gaile,F,391,281,100,5,5
Gaines,M,364,171,94,49,50
Gala,F,912,247,417,182,66
Gale,F,13317,9479,2997,650,191
Gale,M,3627,2295,837,361,134
Galen,F,294,75,62,59,98
Galen,M,8079,2938,1957,1642,1542
Galvin,M,321,60,60,85,116
Gamal,M,298,30,46,108,114
Gamaliel,M,510,30,53,188,239
Gannon,M,361,0,25,179,157
Gara,F,251,53,57,90,51
Garcia,F,36,11,6,0,19
Garcia,M,288,91,69,70,58
Gardenia,F,407,154,99,75,79
Gardner,M,878,234,344,165,135
Garen,F,7,0,0,0,7
Garen,M,424,71,84,89,180
Garet,M,483,0,59,125,299
Gareth,F,5,5,0,0,0
Gareth,M,1371,212,241,341,577
Garett,M,1757,15,209,572,961
Garey,M,897,397,202,183,115
Garfield,M,1219,509,333,218,159
Gari,F,391,83,157,112,39
Gari,M,130,57,46,22,5
Garin,M,401,0,93,120,188
Garland,F,226,83,66,42,35
Garland,M,7626,3221,2216,1349,840
Garnell,F,11,6,5,0,0
Garnell,M,245,99,79,28,39
Garner,M,585,160,199,138,88
Garnet,F,867,443,227,119,78
Garnet,M,457,170,146,71,70
Garnett,F,326,174,103,44,5
Garnett,M,1043,419,283,208,133
Garnetta,F,232,122,78,32,0
Garold,M,1087,589,298,124,76
Garon,M,470,58,81,139,192
Garren,M,612,20,115,136,341
Garret,F,5,0,0,0,5
Garret,M,4200,333,884,791,2192
Garrett,F,214,0,8,55,151
Garrett,M,31955,1773,3087,6619,20476
Garrick,M,3132,285,458,1248,1141
Garrison,M,1230,180,168,244,638
Garron,M,342,11,77,102,152
Garry,F,116,76,24,10,6
Garry,M,32387,18792,7404,3647,2544
Garth,M,5620,1603,1853,1390,774
Garvin,M,798,264,240,144,150
Gary,F,2273,757,696,486,334
Gary,M,604455,329933,166031,68261,40230
Gaspar,M,568,107,132,160,169
Gasper,M,300,116,101,53,30
Gaston,M,1028,264,232,236,296
Gavin,F,22,0,0,5,17
Gavin,M,10122,504,1571,2665,5382
Gavino,M,491,73,106,154,158
Gay,F,9457,5654,3409,388,6
Gay,M,303,206,73,24,0
Gaye,F,3634,2043,1449,142,0
Gayl,F,360,225,102,33,0
Gayla,F,8834,3917,3330,1200,387
Gayla,M,6,0,6,0,0
Gaylan,F,41,30,11,0,0
Gaylan,M,294,162,93,39,0
Gayland,M,572,296,149,86,41
Gayle,F,37607,23727,10117,2707,1056
Gayle,M,1240,790,287,119,44
Gayleen,F,427,206,178,38,5
Gaylen,F,209,120,56,14,19
Gaylen,M,1074,568,295,159,52
Gaylene,F,1857,896,716,215,30
Gaylon,F,140,76,58,6,0
Gaylon,M,1833,788,522,338,185
Gaylord,M,1349,744,323,202,80
Gaylyn,F,253,104,120,23,6
Gaylynn,F,360,84,197,64,15
Gaynell,F,1544,896,452,162,34
Gaynelle,F,405,238,134,33,0
Geana,F,200,12,63,80,45
Gearld,F,5,0,5,0,0
Gearld,M,1729,957,517,182,73
Gearldine,F,941,670,247,24,0
Geary,M,1768,1152,268,206,142
Gema,F,358,12,61,101,184
Gemma,F,1319,313,300,274,432
Gena,F,10125,1233,3967,3214,1711
Genaro,M,2757,532,532,769,924
Gene,F,1077,566,235,171,105
Gene,M,43249,19694,13701,6233,3621
Genea,F,449,11,72,248,118
Genee,F,247,11,57,91,88
Geneen,F,222,18,100,75,29
Genell,F,618,222,175,133,88
Genelle,F,778,161,192,205,220
Genene,F,391,75,158,124,34
General,M,668,289,181,126,72
Genese,F,331,66,76,18,171
Genesis,F,1411,0,12,278,1121
Genesis,M,242,0,0,75,167
Genetta,F,268,102,86,47,33
Genette,F,340,107,117,79,37
Geneva,F,14371,6175,3350,2510,2336
Geneva,M,11,0,11,0,0
Genevia,F,353,186,92,37,38
Genevie,F,311,66,39,74,132
Genevieve,F,14106,3174,2546,3634,4752
Genevieve,M,12,0,0,0,12
Geni,F,312,94,90,75,53
Genia,F,1229,233,463,357,176
Genice,F,605,185,215,108,97
Genie,F,1360,376,337,269,378
Genie,M,6,6,0,0,0
Genine,F,537,78,175,195,89
Genise,F,770,173,263,179,155
Genita,F,362,97,101,101,63
Genna,F,1300,43,138,228,891
Gennaro,M,801,183,226,217,175
Gennie,F,806,308,203,156,139
Gennie,M,16,11,5,0,0
Gennifer,F,887,10,119,394,364
Genny,F,1008,220,236,277,275
Geno,M,1211,212,381,305,313
Genoveva,F,848,236,217,220,175
Gentry,F,348,0,6,104,238
Gentry,M,1026,175,232,300,319
Geoff,M,1346,224,493,445,184
Geoffery,M,1083,141,220,325,397
Geoffrey,F,135,0,23,44,68
Geoffrey,M,40562,6899,8755,12179,12729
Geoffry,M,526,109,110,166,141
Georg,F,5,5,0,0,0
Georg,M,275,54,107,63,51
Georgann,F,900,560,261,74,5
Georganna,F,685,285,193,143,64
Georganne,F,724,418,208,73,25
George,F,2651,1023,749,510,369
George,M,404523,181031,113023,64757,45712
Georgeann,F,1221,656,344,162,59
Georgeanna,F,666,248,186,156,76
Georgeanne,F,593,296,171,80,46
Georgena,F,322,123,101,68,30
Georgene,F,1300,890,306,90,14
Georges,M,276,44,56,78,98
Georgetta,F,1453,650,414,262,127
Georgette,F,6861,2567,2002,1450,842
Georgi,F,235,131,59,45,0
Georgia,F,29768,15059,7899,3929,2881
Georgia,M,106,60,21,6,19
Georgiana,F,1955,806,468,448,233
Georgiann,F,877,531,240,94,12
Georgianna,F,2438,1064,678,448,248
Georgianne,F,690,387,210,76,17
Georgie,F,1375,721,345,213,96
Georgie,M,463,105,144,131,83
Georgina,F,7665,1541,1844,2359,1921
Georgine,F,948,535,286,114,13
Georgios,M,347,0,0,132,215
Geovanni,M,226,0,0,33,193
Gerad,M,422,5,24,138,255
Gerald,F,1071,349,354,231,137
Gerald,M,179585,82626,55305,26147,15507
Geraldine,F,37804,24222,9789,2232,1561
Geraldine,M,129,72,35,0,22
Geraldo,M,1360,81,242,413,624
Geralyn,F,4378,2385,1567,229,197
Geralynn,F,410,193,167,30,20
Gerard,F,75,19,24,18,14
Gerard,M,30869,14216,9337,4013,3303
Gerardo,F,141,0,5,68,68
Gerardo,M,17106,1284,2923,5657,7242
Geremy,M,583,0,0,207,376
Gergory,M,432,48,181,121,82
Gerhard,M,706,246,287,114,59
Geri,F,6515,2280,2466,1081,688
Geriann,F,206,76,116,8,6
Gerianne,F,496,316,152,18,10
Gerilyn,F,615,203,242,99,71
Germain,F,42,0,22,15,5
Germain,M,394,5,5,187,197
Germaine,F,2612,882,939,560,231
Germaine,M,1543,0,7,972,564
German,M,2698,212,371,766,1349
Gerod,M,215,6,16,88,105
Geroge,M,576,66,115,182,213
Gerold,M,1244,577,362,188,117
Gerome,M,840,217,248,219,156
Geronimo,M,1081,208,220,342,311
Gerrad,M,244,0,6,96,142
Gerrard,M,334,40,57,108,129
Gerren,M,384,0,0,61,323
Gerri,F,4473,1400,1780,896,397
Gerri,M,17,5,12,0,0
Gerrick,M,338,13,36,140,149
Gerrie,F,699,308,228,127,36
Gerrie,M,6,0,6,0,0
Gerrit,M,887,179,168,259,281
Gerrod,M,415,10,11,172,222
Gerry,F,2097,1249,565,221,62
Gerry,M,8988,3900,2943,1340,805
Gershon,M,206,25,23,65,93
Gerson,M,452,27,44,102,279
Gertha,F,208,159,44,5,0
Gertie,F,470,321,110,29,10
Gertrude,F,5754,3936,1250,380,188
Gery,M,613,371,175,48,19
Gia,F,2684,112,933,943,696
Gia,M,5,0,0,5,0
Giacomo,M,454,68,106,142,138
Gian,M,551,16,97,157,281
Giana,F,379,0,43,84,252
Giancarlo,M,1041,5,75,266,695
Gianna,F,1714,54,333,420,907
Gianni,F,84,0,0,0,84
Gianni,M,584,0,59,230,295
Gibran,M,222,0,0,92,130
Gibson,M,388,118,107,66,97
Gideon,M,1473,160,207,402,704
Gidget,F,1546,41,705,690,110
Gifford,M,512,190,144,98,80
Gigi,F,2999,740,1704,380,175
Gil,M,2839,915,900,516,508
Gila,F,270,20,74,91,85
Gilbert,F,292,79,90,77,46
Gilbert,M,49918,18852,14426,9065,7575
Gilberto,F,42,0,10,15,17
Gilberto,M,12424,1888,2886,3619,4031
Gilda,F,3719,2079,913,462,265
Gildardo,M,412,29,57,147,179
Giles,M,1370,490,343,280,257
Gilford,M,387,198,110,52,27
Gill,F,45,24,21,0,0
Gill,M,772,378,211,106,77
Gillermo,M,309,56,38,112,103
Gillian,F,4705,234,758,1329,2384
Gillian,M,23,0,0,8,15
Gillis,M,223,127,61,25,10
Gina,F,128936,13984,52371,38120,24461
Gina,M,382,5,125,149,103
Ginamarie,F,733,16,210,229,278
Ginelle,F,253,0,17,93,143
Ginette,F,710,177,204,203,126
Ginger,F,36858,9012,11699,11780,4367
Ginger,M,42,0,13,29,0
Gini,F,456,146,159,104,47
Ginna,F,485,54,119,141,171
Ginnie,F,576,144,164,155,113
Ginny,F,5388,1401,1517,1409,1061
Gino,F,12,0,6,6,0
Gino,M,4847,799,1558,1264,1226
Gioia,F,210,49,76,47,38
Giorgio,M,354,0,26,77,251
Giovani,M,281,0,0,55,226
Giovanna,F,2466,220,460,749,1037
Giovanni,F,268,0,0,83,185
Giovanni,M,5509,153,579,1418,3359
Giovanny,M,291,0,0,49,242
Girard,M,757,307,220,118,112
Gisel,F,240,0,5,86,149
Gisela,F,1629,140,332,646,511
Gisele,F,1926,935,627,201,163
Gisella,F,248,5,66,109,68
Giselle,F,3947,481,707,835,1924
Giselle,M,8,0,0,0,8
Gisselle,F,323,0,16,51,256
Gita,F,319,41,99,106,73
Gitty,F,450,71,15,127,237
Giulia,F,304,5,81,79,139
Giuliana,F,242,5,41,59,137
Giulio,M,220,28,70,74,48
Giuseppe,M,2476,60,462,1053,901
Giuseppina,F,579,11,116,281,171
Gizelle,F,303,63,96,55,89
Glade,M,319,143,103,53,20
Gladis,F,514,120,56,82,256
Gladys,F,23404,12181,5948,2766,2509
Gladys,M,74,41,6,10,17
Gleen,M,291,135,119,21,16
Glen,F,412,208,126,50,28
Glen,M,62437,25395,21877,9834,5331
Glena,F,380,207,131,36,6
Glenda,F,60592,35228,17592,5324,2448
Glenda,M,138,86,52,0,0
Glendale,F,69,30,39,0,0
Glendale,M,263,100,85,28,50
Glendell,F,40,35,5,0,0
Glendell,M,207,84,80,32,11
Glendon,M,1561,474,356,454,277
Glendora,F,775,456,253,55,11
Glenice,F,202,155,47,0,0
Glenn,F,752,282,222,132,116
Glenn,M,133886,58714,48095,16888,10189
Glenna,F,8168,4684,2049,945,490
Glennda,F,393,197,112,52,32
Glennie,F,226,159,59,8,0
Glennie,M,68,47,11,10,0
Glennis,F,709,316,228,98,67
Glennis,M,283,152,81,39,11
Glennon,M,487,220,162,56,49
Glenwood,M,694,323,193,110,68
Glinda,F,1753,1092,460,143,58
Glori,F,331,81,138,81,31
Gloria,F,149945,86705,38591,14219,10430
Gloria,M,734,329,179,100,126
Glory,F,1588,538,465,327,258
Glover,M,213,115,58,22,18
Glyn,F,31,22,9,0,0
Glyn,M,508,223,159,79,47
Glynda,F,1237,667,387,138,45
Glynis,F,1854,491,1131,153,79
Glynis,M,10,0,10,0,0
Glynn,F,136,90,46,0,0
Glynn,M,2251,1027,631,341,252
Glynnis,F,463,81,197,80,105
Godfrey,M,1046,372,269,209,196
Golda,F,544,159,92,121,172
Golden,F,247,67,54,41,85
Golden,M,540,174,90,150,126
Goldie,F,2932,1284,606,549,493
Goldie,M,55,10,0,39,6
Gonzalo,M,3464,585,663,918,1298
Gordan,M,366,116,126,54,70
Gorden,M,486,218,151,85,32
Gordon,F,172,54,64,36,18
Gordon,M,53186,25741,15832,6583,5030
Gordy,M,248,144,94,10,0
Gorge,M,1433,210,287,477,459
Grabiel,M,297,11,44,132,110
Grace,F,45034,15929,11213,6096,11796
Grace,M,136,53,24,0,59
Graceann,F,267,78,88,39,62
Gracia,F,447,139,114,95,99
Gracie,F,7461,3297,2106,1006,1052
Graciela,F,7808,1752,2065,2181,1810
Graciela,M,28,0,0,12,16
Grady,F,73,46,12,10,5
Grady,M,10552,4014,2929,2132,1477
Graeme,M,470,39,61,132,238
Grafton,M,220,114,41,23,42
Graham,F,24,0,6,0,18
Graham,M,9353,971,1094,2330,4958
Graig,M,1182,143,234,455,350
Grant,F,123,0,0,42,81
Grant,M,34260,5733,6805,7200,14522
Granville,M,1152,490,314,214,134
Gray,F,16,11,0,0,5
Gray,M,1100,333,306,203,258
Grayce,F,221,110,62,0,49
Graydon,M,609,203,150,111,145
Graylin,M,367,169,89,43,66
Grayling,M,512,327,120,12,53
Grayson,F,124,0,11,24,89
Grayson,M,2014,247,282,393,1092
Grecia,F,562,0,0,17,545
Greer,F,765,147,216,170,232
Greer,M,103,40,19,15,29
Greg,F,143,16,75,42,10
Greg,M,69700,18229,36438,11435,3598
Gregary,M,448,111,170,113,54
Gregery,M,432,93,141,100,98
Gregg,F,112,23,59,30,0
Gregg,M,32270,11104,13792,5477,1897
Greggory,M,3756,708,1157,917,974
Gregor,M,534,140,189,104,101
Gregoria,F,536,181,117,146,92
Gregorio,F,5,5,0,0,0
Gregorio,M,4038,736,843,1136,1323
Gregory,F,2587,494,803,672,618
Gregory,M,575170,178457,187495,115563,93655
Gregrey,M,218,59,99,42,18
Gregroy,M,334,32,81,109,112
Greig,M,321,163,111,42,5
Greta,F,9397,2309,3462,2210,1416
Gretchen,F,33306,6093,9745,11800,5668
Gretchen,M,38,10,0,22,6
Gretel,F,351,51,87,114,99
Gretta,F,1335,314,491,337,193
Grey,M,529,102,140,121,166
Greyson,M,297,0,17,46,234
Gricel,F,231,0,50,45,136
Gricelda,F,967,17,131,387,432
Griffin,F,79,0,0,5,74
Griffin,M,2055,182,160,366,1347
Griffith,M,451,136,117,81,117
Grisel,F,1025,47,236,256,486
Grisel,M,7,0,0,0,7
Griselda,F,4692,208,550,1703,2231
Griselda,M,56,0,0,10,46
Griselle,F,246,10,55,82,99
Grover,M,4928,2478,1352,723,375
Guadalupe,F,21258,5780,4210,5197,6071
Guadalupe,M,11130,3186,2429,2860,2655
Guido,M,815,204,251,195,165
Guillermina,F,1168,274,293,350,251
Guillermo,F,35,0,5,5,25
Guillermo,M,11322,1495,2107,3357,4363
Guinevere,F,398,29,39,167,163
Gunnar,M,927,182,217,234,294
Gunther,M,265,31,92,72,70
Gus,M,4543,1748,1422,873,500
Gussie,F,804,515,204,56,29
Gussie,M,122,94,18,10,0
Gust,M,276,124,104,42,6
Gustav,M,658,195,171,149,143
Gustave,M,802,310,200,152,140
Gustavo,F,53,0,0,23,30
Gustavo,M,10834,1082,1897,3004,4851
Guy,F,130,55,54,16,5
Guy,M,44403,19158,15356,6254,3635
Guyla,F,202,122,80,0,0
Gwen,F,16565,6780,5961,2753,1071
Gwen,M,109,69,34,6,0
Gwenda,F,1568,895,484,161,28
Gwendalyn,F,304,88,70,85,61
Gwendlyn,F,333,143,128,57,5
Gwendolen,F,483,76,157,209,41
Gwendolyn,F,62332,31945,18635,7914,3838
Gwendolyn,M,180,104,57,19,0
Gwendolynn,F,545,202,120,131,92
Gwenetta,F,223,95,76,47,5
Gwenette,F,269,93,124,47,5
Gwenevere,F,336,157,146,27,6
Gwenn,F,1005,465,300,177,63
Gwyn,F,1497,443,726,262,66
Gwyn,M,75,39,24,12,0
Gwyneth,F,722,218,174,163,167
Gwynn,F,499,221,177,68,33
Gwynn,M,31,31,0,0,0
Gwynne,F,901,351,231,196,123
Gypsy,F,472,62,38,214,158
Ha,F,252,0,0,40,212
Ha,M,62,0,0,5,57
Hadassah,F,406,38,16,119,233
Hadley,F,577,0,43,192,342
Hadley,M,388,103,88,72,125
Hai,F,21,0,0,0,21
Hai,M,349,0,0,60,289
Hailee,F,383,0,0,8,375
Hailey,F,4011,0,25,397,3589
Hailey,M,20,0,0,0,20
Hakeem,M,843,0,0,209,634
Hakim,M,1012,0,67,503,442
Hal,M,8042,4423,2199,889,531
Hala,F,234,5,21,71,137
Halbert,M,456,203,122,82,49
Hale,M,239,81,68,28,62
Halee,F,276,0,0,32,244
Haleigh,F,543,0,0,5,538
Haley,F,15355,12,376,2191,12776
Haley,M,233,35,23,33,142
Hali,F,935,41,93,125,676
Halie,F,549,0,0,70,479
Halima,F,328,0,0,186,142
Halina,F,309,110,86,49,64
Halle,F,473,19,101,150,203
Halley,F,936,7,46,126,757
Halley,M,38,6,0,0,32
Hallie,F,4079,592,610,1062,1815
Hallie,M,165,70,55,26,14
Hally,F,245,25,60,83,77
Hamid,M,260,0,5,84,171
Hamilton,M,1678,338,352,373,615
Hampton,M,798,275,213,142,168
Hana,F,1197,0,36,239,922
Hanan,F,321,0,6,108,207
Hanan,M,5,0,0,0,5
Hang,F,289,0,0,34,255
Hanh,F,300,0,0,48,252
Hanh,M,21,0,0,0,21
Hanif,M,207,0,0,73,134
Hank,M,4887,1370,1562,982,973
Hanna,F,3776,175,211,517,2873
Hanna,M,39,0,0,0,39
Hannah,F,40062,1447,1369,4544,32702
Hannah,M,160,0,0,6,154
Hannibal,M,275,15,44,88,128
Hans,F,5,0,5,0,0
Hans,M,7676,1279,2333,2193,1871
Hansel,M,653,179,148,117,209
Hanson,M,331,80,60,65,126
Harald,M,275,106,136,17,16
Hardy,M,1447,554,432,268,193
Harlan,M,6242,2720,1824,965,733
Harland,M,1022,423,281,183,135
Harlen,M,660,254,197,112,97
Harlene,F,260,159,67,34,0
Harley,F,285,10,5,47,223
Harley,M,7711,2343,1382,1677,2309
Harlin,M,349,149,104,56,40
Harlon,M,503,236,147,73,47
Harlow,M,216,133,51,27,5
Harmon,M,1205,556,341,197,111
Harmony,F,2820,30,30,1295,1465
Harmony,M,5,0,0,5,0
Harold,F,666,223,194,155,94
Harold,M,125697,62183,36744,17587,9183
Harolyn,F,317,156,123,38,0
Harper,F,127,0,0,45,82
Harper,M,357,105,68,89,95
Harrell,M,941,400,264,152,125
Harriet,F,11376,7129,2943,851,453
Harriet,M,5,5,0,0,0
Harriett,F,3440,1998,976,289,177
Harriette,F,1115,687,321,81,26
Harris,M,3549,1362,794,649,744
Harrison,F,28,0,0,11,17
Harrison,M,8441,2037,1381,1053,3970
Harry,F,445,154,125,106,60
Harry,M,85183,43335,22670,11654,7524
Hart,F,7,0,0,0,7
Hart,M,241,66,49,38,88
Hartley,F,13,0,0,0,13
Hartley,M,221,98,74,22,27
Harvey,F,139,75,52,12,0
Harvey,M,28351,14247,7784,3908,2412
Harvie,M,232,136,67,29,0
Hasan,M,1105,5,57,459,584
Hasani,F,11,0,0,5,6
Hasani,M,322,0,0,190,132
Hashim,M,352,0,0,193,159
Haskel,M,211,117,60,29,5
Haskell,M,674,308,192,117,57
Hassan,F,7,0,0,7,0
Hassan,M,2592,50,281,950,1311
Hattie,F,7656,4450,1783,778,645
Hattie,M,16,16,0,0,0
Haven,F,434,29,42,123,240
Haven,M,557,110,71,215,161
Haydee,F,1721,288,417,536,480
Hayden,F,326,0,6,97,223
Hayden,M,2116,339,325,446,1006
Hayes,M,824,250,167,225,182
Haylee,F,943,0,5,104,834
Hayley,F,8047,0,634,1304,6109
Hayley,M,6,0,0,0,6
Haylie,F,336,0,0,32,304
Hayward,M,1724,744,456,302,222
Haywood,M,1951,798,552,375,226
Hazel,F,15534,9135,3674,1489,1236
Hazel,M,254,148,77,24,5
Hazen,M,214,74,36,45,59
Heath,F,166,0,6,93,67
Heath,M,19486,52,2101,10814,6519
Heather,F,434009,5550,32705,203902,191852
Heather,M,1341,0,74,632,635
Heaven,F,870,0,0,236,634
Heavenly,F,203,0,23,68,112
Heber,M,499,119,90,108,182
Hebert,M,272,113,88,34,37
Hector,F,354,22,60,123,149
Hector,M,43943,7101,9604,12130,15108
Hedy,F,851,454,239,99,59
Heide,F,1843,316,721,546,260
Heidi,F,112575,10218,33751,42219,26387
Heidi,M,356,0,77,166,113
Heidie,F,296,9,81,130,76
Heidy,F,606,33,95,162,316
Heinz,M,350,98,136,82,34
Heith,M,439,0,51,240,148
Helaine,F,875,425,354,79,17
Helen,F,106568,57580,29099,11476,8413
Helen,M,375,169,105,65,36
Helena,F,8647,2273,2342,2018,2014
Helene,F,9173,4739,2896,973,565
Helga,F,811,282,338,162,29
Hellen,F,1194,531,297,184,182
Helmut,M,262,79,137,46,0
Henderson,M,876,349,219,153,155
Hendrick,M,214,32,12,75,95
Henery,M,378,154,133,61,30
Henri,F,170,125,39,0,6
Henri,M,1300,360,334,289,317
Henrietta,F,6587,3830,1779,660,318
Henry,F,1056,361,286,220,189
Henry,M,145603,62230,39134,23511,20728
Herb,M,827,320,377,84,46
Herbert,F,281,109,91,56,25
Herbert,M,49710,24298,13701,7248,4463
Herbie,M,659,223,261,120,55
Herby,M,252,103,63,46,40
Hercules,M,396,163,109,67,57
Heriberto,F,16,0,0,5,11
Heriberto,M,4638,531,1040,1386,1681
Herlinda,F,2080,932,549,328,271
Herman,F,205,87,72,40,6
Herman,M,30077,13832,8360,4761,3124
Hermelinda,F,1129,422,348,226,133
Herminia,F,1276,476,288,303,209
Herminio,M,760,159,211,198,192
Hermon,M,620,385,133,72,30
Hernan,M,1078,84,167,342,485
Hernando,M,468,76,119,145,128
Herschel,M,2381,1012,591,376,402
Herschell,M,257,97,100,24,36
Hershel,M,2375,1006,652,411,306
Hershell,M,549,265,142,94,48
Hervey,M,246,91,63,39,53
Hester,F,1495,754,348,239,154
Hester,M,27,22,0,5,0
Hether,F,346,0,24,192,130
Hettie,F,505,262,140,69,34
Heyward,M,691,301,195,109,86
Hezekiah,M,702,254,143,153,152
Hiawatha,F,104,48,36,20,0
Hiawatha,M,352,146,91,69,46
Hiedi,F,871,13,164,432,262
Hieu,F,28,0,0,0,28
Hieu,M,302,0,0,16,286
Higinio,M,333,90,82,83,78
Hilaria,F,203,71,44,43,45
Hilarie,F,629,135,84,218,192
Hilario,M,1713,393,359,448,513
Hilary,F,16988,1289,2411,4951,8337
Hilary,M,734,325,166,132,111
Hilbert,M,304,144,94,43,23
Hilda,F,14388,6303,3596,2582,1907
Hilda,M,35,10,0,5,20
Hillard,M,458,217,127,90,24
Hillarie,F,213,5,0,94,114
Hillary,F,15708,708,1344,4049,9607
Hillary,M,549,187,141,119,102
Hillel,M,416,73,77,115,151
Hillery,F,397,0,16,171,210
Hillery,M,136,73,41,17,5
Hilliard,M,409,182,121,56,50
Hilton,M,2120,890,592,351,287
Hinda,F,261,67,30,55,109
Hindy,F,251,22,24,80,125
Hipolito,M,1005,242,232,272,259
Hiram,M,4061,1201,1106,989,765
Hoa,F,211,0,0,29,182
Hoa,M,149,0,0,11,138
Hoang,F,41,0,0,5,36
Hoang,M,386,0,0,67,319
Hobart,M,626,272,180,112,62
Hobert,M,1138,508,337,193,100
Holden,M,687,47,70,44,526
Holland,F,555,5,42,105,403
Holland,M,589,162,115,146,166
Hollee,F,359,24,53,104,178
Holley,F,2395,229,397,847,922
Holley,M,57,39,10,8,0
Holli,F,6435,366,1194,2425,2450
Holli,M,5,0,0,0,5
Hollie,F,12090,732,1364,4823,5171
Hollie,M,329,121,99,77,32
Hollis,F,1790,972,337,200,281
Hollis,M,3548,1497,911,670,470
Holly,F,150894,18633,32144,50464,49653
Holly,M,745,178,153,192,222
Hollyann,F,264,13,29,37,185
Hollye,F,395,46,95,131,123
Homar,M,241,15,13,73,140
Homer,F,21,11,10,0,0
Homer,M,9153,4606,2492,1308,747
Homero,M,1687,299,368,509,511
Honey,F,1511,220,309,662,320
Hong,F,317,0,0,50,267
Hong,M,117,0,0,6,111
Honor,F,385,76,100,121,88
Honor,M,6,6,0,0,0
Honora,F,313,125,86,46,56
Hope,F,32378,5008,8733,11013,7624
Hope,M,113,5,31,60,17
Horace,F,43,27,16,0,0
Horace,M,11791,5719,3138,1816,1118
Horacio,M,1760,244,313,537,666
Horatio,M,482,98,88,164,132
Hortencia,F,1473,563,343,325,242
Hortense,F,399,266,104,29,0
Hortensia,F,589,267,175,97,50
Hosea,M,1671,555,439,394,283
Hosie,M,324,151,88,63,22
Houston,F,27,0,0,0,27
Houston,M,3119,839,634,482,1164
Howard,F,475,157,140,122,56
Howard,M,96587,47852,28703,12980,7052
Howell,M,1046,540,290,138,78
Howie,M,399,170,160,46,23
Hoyt,M,1710,718,557,267,168
Hubert,M,11191,5270,3091,1740,1090
Hudson,M,773,200,146,133,294
Huey,M,2000,887,581,333,199
Hugh,F,34,20,9,0,5
Hugh,M,21732,9697,6783,3177,2075
Hughie,M,381,191,112,50,28
Hugo,F,10,0,0,0,10
Hugo,M,7995,794,1198,2271,3732
Hulon,M,249,133,57,53,6
Humberto,F,10,0,0,5,5
Humberto,M,6587,1008,1215,1860,2504
Humphrey,M,355,142,100,57,56
Hung,M,622,0,0,116,506
Hunter,F,242,5,5,48,184
Hunter,M,8426,576,764,1215,5871
Huong,F,423,0,0,79,344
Hurley,M,586,276,148,93,69
Hussein,M,329,0,6,68,255
Huston,M,448,174,105,66,103
Huy,M,709,0,0,87,622
Hyman,M,390,212,100,59,19
Hyrum,M,428,42,29,149,208
Iain,M,605,16,112,157,320
Ian,F,416,0,19,135,262
Ian,M,61603,1670,4977,17186,37770
Ibn,M,354,0,0,168,186
Ibrahim,M,994,5,36,284,669
Ichael,M,391,34,67,113,177
Ida,F,19891,9761,5605,2838,1687
Ida,M,46,22,24,0,0
Idalia,F,1292,255,366,325,346
Idell,F,313,204,92,11,6
Idella,F,1019,548,254,130,87
Idris,F,5,0,0,0,5
Idris,M,572,7,0,282,283
Ieasha,F,281,0,0,96,185
Ieisha,F,359,0,0,94,265
Iesha,F,2389,0,7,796,1586
Iesha,M,6,0,0,0,6
Ieshia,F,727,0,0,198,529
Ignacia,F,228,95,42,47,44
Ignacio,F,10,0,0,5,5
Ignacio,M,6694,1266,1331,1893,2204
Ignatius,M,503,200,154,85,64
Ikaika,M,235,0,0,21,214
Ike,M,1853,721,418,377,337
Ikea,F,208,0,0,0,208
Ikea,M,9,0,0,0,9
Ila,F,2047,1033,507,282,225
Ilan,M,391,0,34,137,220
Ilana,F,1939,63,264,580,1032
Ilda,F,566,102,140,174,150
Ildefonso,M,236,24,69,67,76
Ileana,F,1921,182,547,505,687
Ileen,F,496,208,148,61,79
Ilene,F,6639,3432,1867,718,622
Ilia,F,307,23,64,58,162
Iliana,F,2103,35,330,531,1207
Ilka,F,231,6,71,111,43
Illya,F,31,0,31,0,0
Illya,M,314,0,213,85,16
Ilona,F,1378,571,374,259,174
Ilsa,F,288,36,88,79,85
Ilse,F,366,66,84,56,160
Ilyse,F,290,49,112,70,59
Ima,F,488,302,114,42,30
Iman,F,573,0,0,92,481
Iman,M,229,0,0,95,134
Imani,F,777,0,0,255,522
Imani,M,156,0,0,75,81
Imelda,F,3632,666,786,1283,897
Immanuel,M,493,0,13,125,355
Imogene,F,1625,1101,353,113,58
Imran,M,533,0,0,137,396
Ina,F,4582,2210,1253,704,415
Ina,M,6,0,0,0,6
Inda,F,212,79,70,40,23
India,F,6179,424,356,1611,3788
India,M,14,0,0,0,14
Indira,F,683,0,90,241,352
Indra,F,301,29,72,102,98
Inell,F,321,224,80,12,5
Ines,F,1328,255,379,359,335
Ines,M,110,29,22,36,23
Inez,F,6966,3093,1861,1179,833
Inez,M,283,95,64,63,61
Infant,F,531,0,0,0,531
Infant,M,553,0,0,0,553
Inga,F,1810,261,608,635,306
Inge,F,493,129,217,103,44
Inger,F,1133,106,627,342,58
Ingrid,F,13718,2606,4873,3735,2504
Ingrid,M,12,0,0,0,12
Inocencio,M,264,81,68,67,48
Ioannis,M,451,0,10,182,259
Iola,F,720,437,164,79,40
Iona,F,1237,610,290,198,139
Ione,F,601,369,162,44,26
Ira,F,1213,553,318,191,151
Ira,M,16643,7026,4412,3107,2098
Iraida,F,440,60,158,130,92
Iran,F,81,0,5,71,5
Iran,M,681,82,159,259,181
Irasema,F,704,148,152,194,210
Irby,M,256,140,73,38,5
Irena,F,602,126,137,172,167
Irene,F,57822,26978,15451,8289,7104
Irene,M,241,102,48,36,55
Irina,F,290,14,51,89,136
Iris,F,24102,8871,5807,4685,4739
Iris,M,213,73,54,27,59
Irish,F,844,243,283,163,155
Irish,M,39,20,19,0,0
Irma,F,23171,9431,7073,4029,2638
Irma,M,88,31,28,10,19
Irvin,F,20,14,0,0,6
Irvin,M,8085,3371,2125,1188,1401
Irving,M,5956,2403,1466,883,1204
Irwin,M,2287,1139,575,264,309
Isa,F,575,74,133,188,180
Isa,M,250,0,12,90,148
Isaac,F,290,32,26,88,144
Isaac,M,38938,5479,4605,10480,18374
Isabel,F,16661,4041,3718,3940,4962
Isabel,M,593,174,134,145,140
Isabell,F,1173,537,273,180,183
Isabella,F,1882,590,429,296,567
Isabelle,F,3002,1028,817,465,692
Isac,M,286,12,21,61,192
Isacc,M,365,16,18,126,205
Isadora,F,288,49,7,113,119
Isadore,M,662,271,170,131,90
Isai,M,406,0,6,48,352
Isaiah,F,61,0,0,5,56
Isaiah,M,10194,1180,727,1578,6709
Isaias,M,1951,222,242,502,985
Isaura,F,479,25,42,125,287
Isela,F,1983,144,232,903,704
Isha,F,647,0,22,238,387
Ishmael,M,1229,164,155,372,538
Isiah,M,3890,1009,687,541,1653
Isidore,M,284,135,98,31,20
Isidoro,M,557,143,119,144,151
Isidra,F,202,44,51,51,56
Isidro,M,2927,519,550,740,1118
Isis,F,1127,0,38,491,598
Ismael,F,30,0,0,11,19
Ismael,M,11400,1684,2208,3252,4256
Ismail,M,397,0,12,138,247
Isom,M,315,142,57,59,57
Israel,F,142,5,6,62,69
Israel,M,16228,1853,2674,5386,6315
Isreal,M,1382,220,235,472,455
Issa,F,50,0,0,18,32
Issa,M,277,0,5,107,165
Issac,F,17,0,0,6,11
Issac,M,4524,731,608,1333,1852
Iva,F,3823,1900,979,576,368
Iva,M,76,53,12,6,5
Ivan,F,237,17,46,60,114
Ivan,M,30000,5333,6353,7018,11296
Ivana,F,890,47,101,300,442
Ivelisse,F,901,77,238,240,346
Ivery,F,66,37,12,11,6
Ivery,M,321,144,73,67,37
Ivette,F,5660,583,1961,1733,1383
Ivette,M,5,0,0,0,5
Ivey,F,704,174,114,151,265
Ivey,M,579,229,161,100,89
Ivon,F,265,0,38,97,130
Ivon,M,140,26,36,29,49
Ivonne,F,2699,321,708,882,788
Ivor,M,214,74,62,44,34
Ivory,F,2519,524,362,430,1203
Ivory,M,3803,1516,918,695,674
Ivy,F,10151,2510,1963,2573,3105
Ivy,M,979,377,250,204,148
Izell,M,316,108,65,77,66
Izetta,F,278,133,81,52,12
Jabar,M,231,0,0,124,107
Jabari,M,1470,0,0,581,889
Jabbar,M,414,0,0,262,152
Jabier,M,223,37,35,80,71
Jac,M,222,117,77,23,5
Jacalyn,F,4125,2599,734,368,424
Jacci,F,208,57,57,45,49
Jace,F,25,0,0,0,25
Jace,M,2753,308,290,505,1650
Jacelyn,F,567,75,31,170,291
Jacey,F,719,0,15,222,482
Jacey,M,85,0,0,25,60
Jaci,F,1101,176,242,287,396
Jacie,F,492,10,52,155,275
Jacinda,F,1959,0,315,822,822
Jacinta,F,2061,262,293,708,798
Jacinto,M,1194,241,288,312,353
Jack,F,543,148,147,132,116
Jack,M,132486,62387,35593,18562,15944
Jackalyn,F,249,68,20,57,104
Jackeline,F,1265,6,284,382,593
Jackelyn,F,848,45,32,164,607
Jackey,F,38,5,23,10,0
Jackey,M,462,205,147,75,35
Jacki,F,3049,785,1159,643,462
Jackie,F,60548,19303,25894,9304,6047
Jackie,M,37389,18446,9818,5919,3206
Jacklin,F,451,132,90,88,141
Jacklyn,F,7478,1562,939,919,4058
Jacklyn,M,5,0,0,0,5
Jacklynn,F,677,159,95,99,324
Jackqueline,F,1027,253,464,181,129
Jackquelyn,F,208,82,83,32,11
Jackquline,F,482,127,263,80,12
Jackson,F,34,0,0,16,18
Jackson,M,7143,1347,992,1580,3224
Jacky,F,562,164,220,88,90
Jacky,M,3052,1425,806,461,360
Jaclyn,F,30282,753,710,7017,21802
Jaclyn,M,89,0,0,22,67
Jaclynn,F,1274,167,102,246,759
Jacob,F,910,5,5,206,694
Jacob,M,171080,5400,5075,36351,124254
Jacobi,F,43,0,0,0,43
Jacobi,M,294,0,0,64,230
Jacobo,M,635,80,78,179,298
Jacoby,F,23,0,0,0,23
Jacoby,M,967,9,7,189,762
Jacolyn,F,234,146,42,5,41
Jacqlyn,F,428,69,19,73,267
Jacqualine,F,1439,423,488,262,266
Jacqualyn,F,563,186,116,84,177
Jacque,F,3440,1421,1099,538,382
Jacque,M,1196,238,294,314,350
Jacquel,F,275,0,129,77,69
Jacquel,M,12,0,0,0,12
Jacquelene,F,709,174,214,116,205
Jacquelin,F,3874,989,1322,645,918
Jacquelina,F,268,23,96,64,85
Jacqueline,F,234380,60459,84398,37962,51561
Jacqueline,M,859,130,293,158,278
Jacquelyn,F,46696,14821,11124,7337,13414
Jacquelyn,M,87,11,23,19,34
Jacquelyne,F,1578,476,397,237,468
Jacquelynn,F,2550,620,529,437,964
Jacquelynne,F,438,120,106,92,120
Jacques,F,168,0,20,50,98
Jacques,M,4665,800,1221,1307,1337
Jacquetta,F,1202,229,244,337,392
Jacqui,F,715,82,247,164,222
Jacquie,F,995,246,427,173,149
Jacquiline,F,543,112,195,105,131
Jacquita,F,280,40,57,47,136
Jacqulin,F,390,130,122,58,80
Jacquline,F,5800,1390,2632,1022,756
Jacqulyn,F,2345,716,469,435,725
Jacy,F,843,0,85,362,396
Jacy,M,243,0,0,113,130
Jad,M,244,0,14,96,134
Jada,F,4513,168,782,1804,1759
Jada,M,28,0,0,18,10
Jade,F,8921,187,346,1341,7047
Jade,M,2348,28,276,1063,981
Jaden,F,62,0,0,0,62
Jaden,M,292,0,0,59,233
Jadon,M,228,0,0,84,144
Jae,F,435,109,91,105,130
Jae,M,521,94,111,133,183
Jael,F,474,14,25,156,279
Jael,M,57,0,0,5,52
Jahaira,F,388,0,0,82,306
Jahmal,M,495,0,12,226,257
Jai,F,176,10,28,51,87
Jai,M,811,7,128,362,314
Jaime,F,40863,597,1280,22774,16212
Jaime,M,35181,3505,7012,11811,12853
Jaimee,F,2264,34,120,929,1181
Jaimee,M,16,0,0,5,11
Jaimi,F,849,6,80,382,381
Jaimie,F,5838,125,358,1827,3528
Jaimie,M,715,25,263,229,198
Jair,M,208,0,0,54,154
Jairo,M,1347,12,20,181,1134
Jairus,M,492,0,26,93,373
Jaison,M,600,0,15,309,276
Jajuan,F,11,0,0,11,0
Jajuan,M,467,0,0,123,344
Jake,F,48,0,0,5,43
Jake,M,17650,1613,1387,3368,11282
Jakia,F,219,0,0,46,173
Jakie,F,11,5,0,6,0
Jakie,M,203,108,60,23,12
Jakob,M,1563,19,42,288,1214
Jaleesa,F,1413,0,0,0,1413
Jaleesa,M,6,0,0,0,6
Jalene,F,504,100,125,131,148
Jalessa,F,267,0,0,0,267
Jalil,M,267,0,0,32,235
Jalisa,F,1220,0,0,0,1220
Jalisa,M,6,0,0,0,6
Jalissa,F,357,0,0,0,357
Jalyn,F,215,5,37,59,114
Jalynn,F,227,11,40,62,114
Jama,F,1318,294,429,386,209
Jama,M,14,0,0,14,0
Jamaal,F,40,0,0,11,29
Jamaal,M,4827,0,0,937,3890
Jamaar,M,335,0,0,66,269
Jamahl,M,359,0,10,149,200
Jamaica,F,652,0,0,258,394
Jamaica,M,26,0,0,26,0
Jamaine,F,16,0,0,16,0
Jamaine,M,775,0,0,383,392
Jamal,F,219,0,22,95,102
Jamal,M,12527,91,558,4691,7187
Jamale,M,230,0,0,48,182
Jamall,M,675,0,7,186,482
Jamar,F,66,0,0,12,54
Jamar,M,6690,0,30,1709,4951
Jamara,F,221,0,5,66,150
Jamara,M,40,0,0,11,29
Jamarcus,M,643,0,0,53,590
Jamario,M,363,0,0,29,334
Jamarr,M,653,0,0,169,484
Jamaul,M,228,0,0,55,173
Jame,F,310,11,72,103,124
Jame,M,1920,634,619,410,257
Jamee,F,1626,124,212,588,702
Jamee,M,153,0,5,77,71
Jameel,F,12,0,0,12,0
Jameel,M,1181,0,5,515,661
Jameela,F,270,0,0,100,170
Jameelah,F,602,0,5,267,330
Jameka,F,819,0,0,258,561
Jamel,F,297,0,42,132,123
Jamel,M,4934,15,134,1713,3072
Jamela,F,397,6,17,139,235
Jamelia,F,328,0,0,76,252
Jamell,F,75,0,5,51,19
Jamell,M,910,0,0,278,632
Jamella,F,241,0,5,91,145
Jamelle,F,333,35,45,135,118
Jamelle,M,464,0,0,67,397
Jamerson,M,225,0,13,86,126
James,F,10995,2543,3016,2830,2606
James,M,2329694,843768,684722,444713,356491
Jamese,F,282,0,5,88,189
Jamesetta,F,425,176,155,65,29
Jamesha,F,397,0,0,51,346
Jameson,F,39,0,0,0,39
Jameson,M,3541,53,172,745,2571
Jamey,F,2120,204,352,876,688
Jamey,M,5681,257,907,3422,1095
Jami,F,17631,844,3322,6958,6507
Jami,M,708,48,111,370,179
Jamia,F,661,26,58,164,413
Jamica,F,552,0,0,218,334
Jamie,F,200269,10174,25694,67845,96556
Jamie,M,67913,3175,10030,36296,18412
Jamiel,F,19,0,0,5,14
Jamiel,M,318,0,5,122,191
Jamielee,F,238,0,0,11,227
Jamieson,F,17,0,0,0,17
Jamieson,M,635,22,55,291,267
Jamika,F,710,0,0,220,490
Jamil,F,156,0,11,62,83
Jamil,M,2629,25,162,975,1467
Jamila,F,3729,0,61,1781,1887
Jamilah,F,845,0,22,349,474
Jamilah,M,16,0,0,16,0
Jamilia,F,201,0,0,59,142
Jamilla,F,506,0,0,189,317
Jamillah,F,694,0,12,421,261
Jamille,F,280,0,18,122,140
Jamille,M,122,0,0,62,60
Jamilyn,F,316,0,30,105,181
Jamin,F,88,0,0,29,59
Jamin,M,1518,0,22,664,832
Jamisha,F,214,0,0,25,189
Jamison,F,337,23,38,117,159
Jamison,M,5081,118,333,2440,2190
Jammie,F,3285,147,512,1422,1204
Jammie,M,1874,120,322,1058,374
Jammy,F,110,0,29,49,32
Jammy,M,281,5,41,179,56
Jamon,F,6,0,0,6,0
Jamon,M,873,0,18,374,481
Jamy,F,506,20,83,221,182
Jamy,M,334,0,49,236,49
Jamye,F,634,92,128,210,204
Jamye,M,12,0,5,0,7
Jan,F,43217,26169,12827,3095,1126
Jan,M,10591,5723,2397,1278,1193
Jana,F,35131,7084,11612,9168,7267
Jana,M,38,0,9,11,18
Janae,F,4486,157,372,1116,2841
Janae,M,6,0,0,0,6
Janai,F,495,0,18,113,364
Janalee,F,679,192,204,142,141
Janalyn,F,392,98,91,117,86
Janan,F,418,140,127,69,82
Janan,M,5,0,0,0,5
Janay,F,1975,19,69,291,1596
Janaya,F,403,0,0,134,269
Janda,F,242,50,63,69,60
Jane,F,143181,82919,43340,9483,7439
Jane,M,403,176,115,48,64
Janea,F,695,5,41,213,436
Janeal,F,203,42,57,43,61
Janean,F,1248,271,392,348,237
Janeane,F,344,81,103,103,57
Janece,F,383,118,114,70,81
Janee,F,1651,111,230,434,876
Janee,M,6,0,0,0,6
Janeen,F,5296,1197,1640,1595,864
Janeice,F,305,99,67,40,99
Janel,F,8778,913,1576,3661,2628
Janel,M,32,0,0,15,17
Janell,F,10179,2034,2537,2852,2756
Janell,M,18,0,0,5,13
Janella,F,1072,209,179,410,274
Janelle,F,29563,3528,5025,8439,12571
Janelle,M,81,0,0,15,66
Janene,F,2995,744,1027,899,325
Janese,F,716,166,190,161,199
Janessa,F,2201,31,84,362,1724
Janet,F,294809,167520,89315,24454,13520
Janet,M,792,309,234,98,151
Janeth,F,644,157,93,109,285
Janett,F,1592,529,370,291,402
Janetta,F,1880,573,508,434,365
Janette,F,18061,6097,5221,3547,3196
Janette,M,37,0,0,7,30
Janey,F,2139,853,538,364,384
Jani,F,1009,298,370,207,134
Jania,F,286,13,44,90,139
Janica,F,357,33,31,115,178
Janice,F,213914,133620,57966,14833,7495
Janice,M,596,261,217,84,34
Janie,F,29036,14615,7532,3810,3079
Janie,M,134,23,44,45,22
Janiece,F,1391,413,343,221,414
Janielle,F,291,0,12,52,227
Janifer,F,260,73,76,79,32
Janika,F,387,0,0,123,264
Janina,F,1496,205,328,392,571
Janine,F,28233,5956,11758,6067,4452
Janine,M,11,0,11,0,0
Janira,F,306,0,0,83,223
Janis,F,26359,18673,4968,1853,865
Janis,M,90,47,27,11,5
Janise,F,1195,407,295,204,289
Janisha,F,282,0,0,49,233
Janita,F,1130,207,322,245,356
Janmichael,M,222,0,0,57,165
Jann,F,1732,1080,466,152,34
Jann,M,56,33,10,13,0
Janna,F,10900,1745,2694,3195,3266
Janne,F,301,160,73,34,34
Jannell,F,597,116,147,166,168
Jannelle,F,583,72,97,147,267
Jannet,F,917,184,183,184,366
Jannett,F,564,175,142,104,143
Jannetta,F,235,71,68,67,29
Jannette,F,3136,960,907,650,619
Jannice,F,409,184,136,59,30
Jannie,F,3676,2017,901,421,337
Jannifer,F,743,124,207,219,193
Jannine,F,590,124,219,182,65
Jannis,F,207,129,60,13,5
Janny,F,266,48,45,41,132
Jansen,F,27,0,0,0,27
Jansen,M,425,5,37,114,269
Janson,M,358,5,18,136,199
January,F,1609,17,75,1000,517
Janyce,F,614,447,132,22,13
Japheth,M,301,0,0,125,176
Jaquan,F,5,0,0,0,5
Jaquan,M,599,0,0,43,556
Jaquelin,F,242,5,10,55,172
Jaqueline,F,2890,158,568,675,1489
Jaqueline,M,5,0,0,0,5
Jaquelyn,F,520,50,51,75,344
Jaquetta,F,552,43,55,168,286
Jaquita,F,513,36,35,124,318
Jara,F,347,0,15,126,206
Jarad,M,1353,0,7,387,959
Jared,F,472,0,0,127,345
Jared,M,87710,697,2292,24413,60308
Jarel,M,276,0,7,28,241
Jarell,M,582,0,0,40,542
Jaren,F,133,5,5,29,94
Jaren,M,835,0,30,168,637
Jaret,M,794,0,54,336,404
Jarett,M,1185,12,80,380,713
Jari,F,239,96,66,34,43
Jari,M,34,5,0,0,29
Jarid,M,666,0,0,184,482
Jarin,F,10,0,0,0,10
Jarin,M,217,0,0,41,176
Jarius,M,260,0,0,47,213
Jarmaine,M,279,0,0,158,121
Jarmar,M,253,0,0,74,179
Jarod,F,5,0,0,0,5
Jarod,M,4793,0,95,1583,3115
Jarold,M,272,111,61,55,45
Jarom,M,388,0,0,163,225
Jaron,F,26,0,0,0,26
Jaron,M,2768,0,29,590,2149
Jarrad,M,1285,0,32,457,796
Jarred,F,8,0,0,0,8
Jarred,M,5530,0,107,1230,4193
Jarrel,M,434,29,23,50,332
Jarrell,F,17,0,0,0,17
Jarrell,M,1645,218,175,219,1033
Jarren,M,296,0,0,19,277
Jarret,M,1559,0,82,546,931
Jarrett,F,56,0,0,15,41
Jarrett,M,8284,227,617,2526,4914
Jarrid,M,599,0,5,178,416
Jarrod,F,65,0,0,17,48
Jarrod,M,17076,0,1174,6721,9181
Jarron,M,389,0,0,80,309
Jarryd,M,348,0,0,0,348
Jarvis,F,107,8,5,29,65
Jarvis,M,8642,879,945,2044,4774
Jaryd,M,202,0,0,0,202
Jase,M,391,0,12,70,309
Jasen,M,2884,11,146,1703,1024
Jashua,M,658,0,0,122,536
Jasma,F,225,0,0,19,206
Jasmaine,F,232,0,0,10,222
Jasmaine,M,6,0,0,0,6
Jasmin,F,7582,85,132,1416,5949
Jasmin,M,279,0,0,54,225
Jasmina,F,252,0,0,59,193
Jasmine,F,37758,327,346,4133,32952
Jasmine,M,609,0,0,79,530
Jasmyn,F,478,0,0,50,428
Jasmyne,F,423,0,0,35,388
Jasn,M,224,0,0,92,132
Jason,F,4524,10,177,2474,1863
Jason,M,801139,3783,42527,462709,292120
Jasper,F,77,0,0,5,72
Jasper,M,6295,1918,1336,1181,1860
Jassen,M,230,0,12,166,52
Jasson,M,485,0,11,267,207
Jathan,M,214,0,0,104,110
Jaun,M,347,34,67,110,136
Jaunita,F,982,461,276,150,95
Javan,F,18,0,5,0,13
Javan,M,903,58,90,298,457
Javar,M,218,0,0,56,162
Javaris,M,373,0,0,42,331
Javier,F,270,0,30,104,136
Javier,M,34256,2899,6423,10452,14482
Javin,M,223,0,0,56,167
Javis,M,333,11,30,107,185
Javon,F,455,0,15,119,321
Javon,M,2179,0,32,553,1594
Javonda,F,212,0,6,72,134
Javonna,F,287,0,33,97,157
Javonne,F,244,0,19,82,143
Javonne,M,35,0,0,0,35
Jawan,F,12,0,0,12,0
Jawan,M,323,0,0,87,236
Jawana,F,327,15,60,126,126
Jawanda,F,210,0,18,106,86
Jawanna,F,234,0,12,108,114
Jay,F,1301,466,380,282,173
Jay,M,119493,36969,42712,23971,15841
Jaya,F,214,0,7,68,139
Jaya,M,5,0,0,5,0
Jayce,F,83,7,0,25,51
Jayce,M,584,32,32,66,454
Jaycee,F,258,0,5,89,164
Jaycee,M,206,48,10,42,106
Jayda,F,262,0,28,69,165
Jayde,F,228,0,0,12,216
Jayde,M,37,0,0,19,18
Jaye,F,1706,784,512,231,179
Jaye,M,621,163,189,135,134
Jayla,F,363,0,10,71,282
Jayleen,F,246,21,49,61,115
Jaylene,F,970,169,279,219,303
Jayma,F,246,41,63,72,70
Jayme,F,8847,604,1001,2637,4605
Jayme,M,2426,189,377,946,914
Jaymee,F,537,23,60,149,305
Jaymes,M,781,15,53,87,626
Jaymi,F,685,16,81,240,348
Jaymie,F,1747,129,264,533,821
Jaymie,M,210,5,27,86,92
Jayna,F,1702,136,408,458,700
Jayne,F,18335,9801,5872,1350,1312
Jayne,M,27,0,5,5,17
Jaynee,F,323,133,74,58,58
Jaynie,F,443,162,97,79,105
Jaysen,M,573,5,24,295,249
Jayson,F,32,0,5,12,15
Jayson,M,11861,307,952,5677,4925
Jazmin,F,3408,0,18,352,3038
Jazmin,M,71,0,0,0,71
Jazmine,F,2396,0,0,114,2282
Jazmine,M,39,0,0,0,39
Jazmyn,F,270,0,0,0,270
Jazzmin,F,265,0,0,0,265
Jazzmine,F,218,0,0,5,213
Jc,M,419,16,74,137,192
Jd,M,455,0,80,152,223
Jean,F,125428,72263,37280,11027,4858
Jean,M,8192,1516,1831,2228,2617
Jeana,F,5913,599,1703,2033,1578
Jeanann,F,424,116,187,81,40
Jeananne,F,266,87,111,35,33
Jeane,F,1099,495,289,174,141
Jeaneen,F,686,155,235,208,88
Jeanell,F,584,141,176,141,126
Jeanelle,F,1015,152,201,292,370
Jeanene,F,1629,461,609,398,161
Jeanett,F,573,144,208,128,93
Jeanetta,F,2734,837,844,600,453
Jeanette,F,68980,23984,22086,12970,9940
Jeanette,M,256,47,68,70,71
Jeani,F,353,123,107,88,35
Jeania,F,355,48,149,120,38
Jeanice,F,722,227,233,140,122
Jeanie,F,10577,4284,2830,2202,1261
Jeanine,F,18511,4633,6776,4767,2335
Jeanine,M,11,0,6,5,0
Jeanita,F,206,54,60,47,45
Jeanmarie,F,1928,426,897,342,263
Jeanna,F,6917,726,1899,2359,1933
Jeanne,F,72454,37671,23540,8200,3043
Jeanne,M,137,65,55,17,0
Jeannemarie,F,253,19,123,49,62
Jeannene,F,382,143,156,70,13
Jeannett,F,340,76,113,100,51
Jeannetta,F,699,252,189,152,106
Jeannette,F,25332,8863,7565,5196,3708
Jeannette,M,11,0,11,0,0
Jeannie,F,26660,9791,7357,6481,3031
Jeannie,M,49,16,10,17,6
Jeannine,F,14601,4285,5437,3564,1315
Jeanny,F,254,36,48,69,101
Jeanpaul,M,846,11,105,402,328
Jeanpierre,M,413,5,86,141,181
Jearld,M,223,125,70,22,6
Jeb,M,1459,180,236,516,527
Jebediah,M,214,0,0,109,105
Jed,M,5678,1084,1065,1950,1579
Jedadiah,M,310,0,0,90,220
Jedd,M,461,49,85,162,165
Jedediah,M,1784,0,0,736,1048
Jedidiah,M,1906,0,0,507,1399
Jeff,F,248,39,147,35,27
Jeff,M,103028,24920,62072,12249,3787
Jefferey,M,3317,541,1118,925,733
Jefferson,M,7558,1738,2017,2165,1638
Jeffery,F,1172,208,451,292,221
Jeffery,M,199549,45879,79534,44565,29571
Jeffory,M,1064,303,449,200,112
Jeffre,M,227,52,87,56,32
Jeffrey,F,3149,372,925,968,884
Jeffrey,M,834336,184668,302029,202850,144789
Jeffrie,F,55,48,7,0,0
Jeffrie,M,742,207,256,159,120
Jeffry,F,10,0,5,5,0
Jeffry,M,12386,4461,4311,2233,1381
Jefrey,M,510,82,155,131,142
Jelani,F,35,0,0,6,29
Jelani,M,935,0,0,387,548
Jelena,F,247,5,26,102,114
Jelisa,F,312,0,0,0,312
Jemal,M,621,0,251,234,136
Jemar,M,220,0,0,64,156
Jemel,M,407,0,15,163,229
Jemima,F,215,0,16,86,113
Jen,F,234,89,68,66,11
Jen,M,9,0,0,0,9
Jena,F,7275,378,1069,1753,4075
Jena,M,7,0,0,0,7
Jenae,F,1311,12,75,289,935
Jenai,F,267,7,29,77,154
Jenalee,F,209,0,0,6,203
Jenaro,M,300,59,47,96,98
Jenay,F,372,12,12,104,244
Jene,F,939,177,165,241,356
Jene,M,184,77,56,45,6
Jenea,F,463,0,5,163,295
Jenean,F,629,100,194,217,118
Jeneane,F,382,82,93,149,58
Jenee,F,1375,58,192,422,703
Jeneen,F,920,75,248,453,144
Jenefer,F,217,0,23,116,78
Jenel,F,373,7,51,143,172
Jenell,F,1936,297,378,578,683
Jenelle,F,3935,229,426,1174,2106
Jenene,F,462,79,151,160,72
Jenessa,F,767,0,6,147,614
Jenetta,F,345,64,117,78,86
Jenette,F,1262,228,266,392,376
Jeneva,F,272,20,31,55,166
Jenevieve,F,207,5,0,75,127
Jeni,F,2240,233,412,823,772
Jenica,F,894,0,0,237,657
Jenice,F,1239,318,317,289,315
Jeniece,F,315,26,49,64,176
Jenifer,F,18657,1344,3491,8169,5653
Jenifer,M,22,0,5,0,17
Jeniffer,F,1866,16,207,785,858
Jenika,F,235,0,0,62,173
Jenilee,F,656,0,0,0,656
Jenine,F,1837,258,505,659,415
Jenise,F,1833,303,492,456,582
Jenita,F,405,70,83,131,121
Jenna,F,41708,265,618,4224,36601
Jenna,M,124,0,0,0,124
Jennafer,F,627,0,23,152,452
Jennah,F,326,0,0,37,289
Jennalee,F,215,0,0,0,215
Jenne,F,414,54,63,146,151
Jennefer,F,1133,49,125,523,436
Jennell,F,891,118,187,274,312
Jennelle,F,679,27,63,188,401
Jennett,F,222,48,70,46,58
Jennetta,F,269,68,66,76,59
Jennette,F,1986,386,456,630,514
Jenney,F,391,43,51,165,132
Jennfier,F,221,0,8,83,130
Jenni,F,3972,277,663,1499,1533
Jennica,F,657,0,0,155,502
Jennice,F,258,69,71,67,51
Jennie,F,27785,7587,5979,7754,6465
Jennie,M,74,11,15,17,31
Jenniefer,F,292,7,8,142,135
Jennier,F,241,0,15,104,122
Jennife,F,265,0,21,138,106
Jennifer,F,1230131,43075,164413,581729,440914
Jennifer,M,4131,84,444,1920,1683
Jenniffer,F,2266,100,293,1040,833
Jennifier,F,501,5,45,280,171
Jennilee,F,354,5,0,0,349
Jennilyn,F,228,0,10,92,126
Jennine,F,1099,140,321,406,232
Jennings,M,877,339,223,151,164
Jennipher,F,443,0,37,193,213
Jenny,F,62275,8702,10952,22902,19719
Jenny,M,384,79,59,114,132
Jennyfer,F,264,0,5,85,174
Jens,M,978,160,234,265,319
Jensen,F,47,0,0,0,47
Jensen,M,564,13,10,128,413
Jera,F,389,10,50,134,195
Jerad,M,2655,0,42,701,1912
Jeral,F,5,5,0,0,0
Jeral,M,224,56,65,59,44
Jerald,F,55,29,21,5,0
Jerald,M,13435,5072,4132,2596,1635
Jeraldine,F,912,547,253,61,51
Jeralyn,F,680,216,218,116,130
Jerame,M,464,0,0,227,237
Jeramey,M,425,0,0,162,263
Jerami,M,237,0,0,107,130
Jeramiah,M,950,0,0,369,581
Jeramie,F,41,0,0,18,23
Jeramie,M,2578,0,15,1334,1229
Jeramy,F,5,0,0,5,0
Jeramy,M,3272,0,33,1588,1651
Jerard,M,631,62,121,168,280
Jerardo,M,686,9,97,268,312
Jere,F,628,265,140,51,172
Jere,M,1843,887,562,234,160
Jered,M,2304,11,58,730,1505
Jerel,M,2142,355,212,615,960
Jerell,F,5,0,0,0,5
Jerell,M,661,11,12,117,521
Jerelyn,F,424,196,123,74,31
Jereme,M,1678,0,9,782,887
Jeremey,M,2384,0,13,1098,1273
Jeremi,F,44,0,0,26,18
Jeremi,M,754,0,5,329,420
Jeremia,M,259,0,0,115,144
Jeremiah,F,338,0,0,134,204
Jeremiah,M,50041,1621,1312,18777,28331
Jeremias,M,421,0,38,142,241
Jeremie,F,70,0,0,43,27
Jeremie,M,2904,0,13,1430,1461
Jeremy,F,1927,35,28,849,1015
Jeremy,M,298328,998,4610,139307,153413
Jerene,F,216,122,60,23,11
Jeri,F,18256,7334,5866,3244,1812
Jeri,M,253,130,74,26,23
Jeriann,F,216,53,85,43,35
Jerica,F,1460,0,0,168,1292
Jericho,F,101,0,0,0,101
Jericho,M,417,0,0,140,277
Jerico,F,8,0,0,0,8
Jerico,M,207,0,0,84,123
Jerid,M,550,0,12,165,373
Jerika,F,360,0,0,15,345
Jerilyn,F,3157,1115,1048,509,485
Jerilynn,F,661,242,196,111,112
Jerime,M,249,0,0,128,121
Jerimiah,M,1354,31,5,517,801
Jerimie,M,229,0,0,133,96
Jerimy,M,622,0,7,352,263
Jerlene,F,219,154,33,21,11
Jerline,F,218,177,41,0,0
Jermain,M,1288,0,0,641,647
Jermaine,F,798,22,20,467,289
Jermaine,M,26354,20,5,13527,12802
Jermal,M,416,0,19,166,231
Jermane,M,482,0,0,218,264
Jermel,F,5,0,0,0,5
Jermel,M,770,0,5,320,445
Jermell,M,359,0,0,134,225
Jermey,M,1755,0,6,673,1076
Jermiah,M,676,16,20,227,413
Jermie,M,257,0,0,110,147
Jermine,M,302,0,0,144,158
Jermon,M,220,0,0,98,122
Jermy,M,434,0,0,163,271
Jerod,M,3992,19,156,1547,2270
Jerold,M,3473,1449,1127,569,328
Jerolyn,F,297,159,105,26,7
Jerome,F,623,175,172,154,122
Jerome,M,78970,29705,22295,14783,12187
Jeromey,M,346,0,0,199,147
Jeromie,M,495,0,6,296,193
Jeromy,M,3670,0,56,2109,1505
Jeron,M,887,22,50,283,532
Jerone,M,814,202,155,234,223
Jeronimo,M,484,76,55,163,190
Jerra,F,257,51,40,56,110
Jerrad,M,1203,0,32,385,786
Jerrald,M,502,147,176,101,78
Jerre,F,178,158,20,0,0
Jerre,M,312,173,95,34,10
Jerred,M,833,0,9,261,563
Jerrel,F,5,5,0,0,0
Jerrel,M,1002,272,189,213,328
Jerrell,F,70,10,11,11,38
Jerrell,M,3104,459,440,566,1639
Jerremy,M,257,0,0,109,148
Jerret,M,269,0,12,101,156
Jerrett,M,586,0,28,198,360
Jerri,F,12928,4215,4925,2617,1171
Jerri,M,168,64,38,48,18
Jerrica,F,1745,0,0,133,1612
Jerrick,M,640,0,23,168,449
Jerrid,M,652,0,25,195,432
Jerrie,F,2749,1197,939,436,177
Jerrie,M,163,65,66,27,5
Jerrilyn,F,742,317,235,110,80
Jerrilynn,F,228,76,94,45,13
Jerrod,F,10,0,0,0,10
Jerrod,M,6134,23,387,2324,3400
Jerrold,M,4650,2261,1093,949,347
Jerron,M,661,0,29,211,421
Jerry,F,4886,2528,1234,730,394
Jerry,M,304217,136567,93544,48351,25755
Jerusha,F,616,5,47,297,267
Jeryl,F,855,577,250,28,0
Jeryl,M,477,165,128,98,86
Jesenia,F,1605,0,0,496,1109
Jesenia,M,6,0,0,0,6
Jeshua,M,275,0,0,87,188
Jesica,F,2537,0,30,628,1879
Jesika,F,482,0,0,85,397
Jess,F,106,5,5,32,64
Jess,M,10108,2447,2315,2781,2565
Jessa,F,576,0,0,148,428
Jessalyn,F,593,0,13,66,514
Jessamyn,F,414,0,14,165,235
Jessamyn,M,5,0,0,0,5
Jesscia,F,266,0,0,39,227
Jesse,F,4840,266,330,1133,3111
Jesse,M,180054,26655,22605,44886,85908
Jesseca,F,795,0,0,229,566
Jessee,F,85,0,0,0,85
Jessee,M,609,84,67,150,308
Jessenia,F,1402,0,0,318,1084
Jessey,F,48,0,0,12,36
Jessey,M,308,6,12,62,228
Jessi,F,2523,5,31,527,1960
Jessi,M,413,0,0,76,337
Jessia,F,260,0,0,38,222
Jessica,F,631232,4559,13671,143492,469510
Jessica,M,2603,0,55,528,2020
Jessicca,F,351,0,0,92,259
Jessicia,F,274,0,0,68,206
Jessie,F,27230,7653,4201,4410,10966
Jessie,M,38615,10165,8697,8192,11561
Jessika,F,1941,0,6,338,1597
Jesslyn,F,343,39,53,71,180
Jessy,F,462,0,5,101,356
Jessy,M,1468,87,92,352,937
Jessyca,F,473,0,0,116,357
Jestin,M,386,0,0,77,309
Jestine,F,309,123,72,23,91
Jesus,F,1074,138,142,351,443
Jesus,M,65453,8352,10894,18807,27400
Jesusa,F,488,205,143,76,64
Jesusita,F,589,187,167,121,114
Jethro,M,696,240,107,170,179
Jett,F,5,5,0,0,0
Jett,M,352,82,64,36,170
Jetta,F,547,203,143,60,141
Jettie,F,454,234,110,63,47
Jettie,M,27,22,0,5,0
Jevon,F,66,0,0,26,40
Jevon,M,1600,0,80,858,662
Jewel,F,6779,2665,1823,1045,1246
Jewel,M,989,416,225,187,161
Jewell,F,3719,1707,1057,512,443
Jewell,M,874,390,214,159,111
Jhon,M,656,137,161,174,184
Jhonny,M,357,86,90,73,108
Jihad,M,399,0,6,91,302
Jihan,F,338,0,0,38,300
Jil,F,501,202,208,79,12
Jilian,F,310,0,0,42,268
Jill,F,187682,39061,69144,55070,24407
Jill,M,476,64,166,175,71
Jillaine,F,202,60,78,45,19
Jillene,F,578,110,190,171,107
Jillian,F,30526,86,333,4661,25446
Jillian,M,152,0,0,24,128
Jim,F,177,71,88,13,5
Jim,M,67984,26215,33201,6021,2547
Jimi,F,484,90,98,170,126
Jimi,M,671,75,62,324,210
Jimmey,M,470,184,165,98,23
Jimmi,F,222,31,48,87,56
Jimmie,F,3921,2094,993,575,259
Jimmie,M,35267,15535,10174,5951,3607
Jimmy,F,1124,345,322,268,189
Jimmy,M,148912,54892,47399,27099,19522
Jin,F,148,0,0,45,103
Jin,M,232,0,13,67,152
Jina,F,1389,128,416,462,383
Jinger,F,351,36,87,129,99
Jinnie,F,237,85,61,38,53
Jinny,F,574,124,93,174,183
Jo,F,92039,63939,20197,5918,1985
Jo,M,819,284,206,176,153
Joachim,M,405,72,105,121,107
Joan,F,131635,85179,36676,6480,3300
Joan,M,881,273,221,140,247
Joana,F,1873,121,174,350,1228
Joane,F,541,229,147,68,97
Joanette,F,294,126,126,37,5
Joani,F,481,104,156,112,109
Joanie,F,4215,1298,1150,821,946
Joann,F,71653,32677,24875,9824,4277
Joann,M,211,61,94,37,19
Joanna,F,51844,5151,9196,15281,22216
Joanna,M,208,0,12,42,154
Joanne,F,104358,53568,33363,11997,5430
Joanne,M,210,71,83,34,22
Joannie,F,1221,340,343,250,288
Joanthan,M,380,0,12,89,279
Joao,M,451,5,14,231,201
Joaquin,F,30,0,0,20,10
Joaquin,M,6413,775,1085,2130,2423
Job,M,813,81,114,278,340
Jobe,M,308,52,28,112,116
Jobeth,F,360,28,74,46,212
Joby,F,68,11,22,35,0
Joby,M,690,63,168,288,171
Jocelin,F,235,0,15,82,138
Jocelyn,F,19733,2966,2765,5215,8787
Jocelyn,M,122,0,0,32,90
Jocelyne,F,379,71,56,77,175
Jocelynn,F,375,17,24,90,244
Jock,M,800,288,263,98,151
Jodean,F,318,112,165,41,0
Jodee,F,2498,459,802,800,437
Jodee,M,10,5,0,5,0
Jodeen,F,318,123,150,45,0
Jodell,F,677,301,235,117,24
Jodelle,F,275,113,79,60,23
Jodene,F,863,290,395,157,21
Jodi,F,74119,5290,26874,30352,11603
Jodi,M,721,42,226,330,123
Jodie,F,22975,2711,6997,9010,4257
Jodie,M,1577,398,488,471,220
Jodine,F,458,146,234,73,5
Jody,F,52187,13276,17670,16222,5019
Jody,M,27556,3404,9271,11479,3402
Joe,F,3422,1844,905,454,219
Joe,M,157463,62620,53386,24949,16508
Joeann,F,550,215,168,94,73
Joel,F,1534,238,466,416,414
Joel,M,142485,27859,33832,37228,43566
Joelene,F,701,148,132,218,203
Joell,F,878,75,436,254,113
Joell,M,105,0,6,39,60
Joella,F,1472,447,431,310,284
Joelle,F,6067,261,1740,1878,2188
Joelle,M,27,0,0,0,27
Joellen,F,3704,1289,1312,709,394
Joellyn,F,627,229,213,125,60
Joely,F,462,0,185,214,63
Joelyn,F,402,165,97,73,67
Joeseph,M,1081,277,221,218,365
Joesph,F,12,0,12,0,0
Joesph,M,9209,2547,2313,2337,2012
Joetta,F,2102,952,643,334,173
Joette,F,1624,859,413,253,99
Joey,F,3484,292,597,1935,660
Joey,M,36927,6321,12258,10226,8122
Joh,M,394,26,78,139,151
Johan,F,13,5,0,0,8
Johan,M,798,46,110,197,445
Johana,F,1044,12,44,181,807
Johann,F,211,80,50,48,33
Johann,M,1015,88,161,361,405
Johanna,F,19499,2634,3525,5177,8163
Johanna,M,97,0,0,20,77
Johannah,F,796,107,110,205,374
Johanne,F,559,163,164,112,120
Johannes,M,635,54,165,148,268
Johathan,M,1437,18,108,336,975
John,F,9265,1996,2741,2393,2135
John,M,2235078,797922,713394,402612,321150
Johna,F,1713,233,633,466,381
Johnathan,F,234,0,6,64,164
Johnathan,M,32952,792,2432,7820,21908
Johnathen,M,320,0,5,68,247
Johnathon,F,42,0,0,0,42
Johnathon,M,8927,151,413,1670,6693
Johnda,F,207,32,69,76,30
Johndavid,M,354,0,17,130,207
Johnell,F,250,43,51,85,71
Johnell,M,660,158,139,185,178
Johnelle,F,218,5,39,74,100
Johnelle,M,13,0,0,0,13
Johnetta,F,1953,581,505,463,404
Johnette,F,1371,416,455,310,190
Johney,M,438,172,126,82,58
Johnie,F,395,195,74,78,48
Johnie,M,2753,1158,760,503,332
Johnita,F,453,93,137,114,109
Johnmichael,M,621,0,5,127,489
Johnn,M,276,111,93,37,35
Johnna,F,6748,464,2907,1711,1666
Johnnetta,F,325,53,69,123,80
Johnney,M,531,212,152,110,57
Johnnie,F,10659,6185,2664,1229,581
Johnnie,M,32817,14046,9149,5920,3702
Johnny,F,1808,629,550,396,233
Johnny,M,171156,65786,49843,32024,23503
Johnpaul,M,1798,0,108,594,1096
Johnson,F,16,0,0,6,10
Johnson,M,1807,365,352,268,822
Johnthan,M,435,5,59,136,235
Johny,M,869,233,231,173,232
Joi,F,2973,324,677,858,1114
Joie,F,908,92,183,382,251
Joie,M,196,65,80,41,10
Jolaine,F,208,98,62,31,17
Jolanda,F,897,67,342,287,201
Jolee,F,819,143,195,266,215
Joleen,F,4499,1112,1097,1302,988
Jolena,F,502,30,91,193,188
Jolene,F,20920,4820,4789,6018,5293
Jolene,M,12,0,0,12,0
Joletta,F,205,83,77,29,16
Joli,F,658,111,179,223,145
Jolie,F,3080,339,741,1286,714
Jolinda,F,800,199,244,232,125
Joline,F,1119,313,271,256,279
Jolyn,F,1413,311,385,411,306
Jolynn,F,2979,584,939,819,637
Jolynne,F,374,89,145,80,60
Jomarie,F,273,48,120,34,71
Jomo,M,324,0,43,235,46
Jon,F,851,204,288,205,154
Jon,M,120223,28950,44879,28690,17704
Jona,F,1174,175,428,303,268
Jona,M,79,0,0,36,43
Jonah,F,79,0,5,22,52
Jonah,M,5258,298,304,1767,2889
Jonas,F,23,0,0,7,16
Jonas,M,5622,621,760,1868,2373
Jonatan,M,245,0,0,30,215
Jonatha,F,5,5,0,0,0
Jonatha,M,286,0,13,53,220
Jonathan,F,2460,53,189,635,1583
Jonathan,M,411084,25816,47389,107926,229953
Jonathen,M,475,17,43,118,297
Jonathon,F,152,0,0,17,135
Jonathon,M,30553,1253,2524,7200,19576
Jonda,F,486,112,176,131,67
Jone,F,327,229,63,18,17
Jone,M,6,0,0,0,6
Jonel,F,224,49,63,50,62
Jonel,M,76,0,0,18,58
Jonell,F,1306,453,324,291,238
Jonell,M,67,0,0,12,55
Jonelle,F,2102,288,334,631,849
Jonelle,M,11,0,0,5,6
Jones,M,585,224,146,96,119
Jonetta,F,691,138,199,190,164
Jonette,F,984,249,359,242,134
Joni,F,25871,9218,8274,4213,4166
Joni,M,237,44,59,69,65
Jonica,F,387,21,67,130,169
Jonie,F,1011,208,206,311,286
Jonique,F,220,0,0,52,168
Jonita,F,616,164,161,128,163
Jonmichael,M,670,0,0,168,502
Jonn,M,389,63,109,130,87
Jonna,F,3925,528,1450,1053,894
Jonnathan,M,292,0,6,73,213
Jonni,F,814,248,209,168,189
Jonnie,F,1976,859,504,327,286
Jonnie,M,975,389,302,182,102
Jonny,F,52,31,21,0,0
Jonny,M,1218,320,411,239,248
Jonothan,M,558,67,95,169,227
Jonpaul,M,892,0,52,384,456
Jonte,F,130,0,0,19,111
Jonte,M,307,0,0,47,260
Jonthan,M,623,5,72,178,368
Jordan,F,14710,29,62,832,13787
Jordan,M,65661,1189,1851,5449,57172
Jordana,F,1268,0,222,359,687
Jordanna,F,263,0,0,46,217
Jorden,F,184,0,0,0,184
Jorden,M,458,7,6,34,411
Jordon,F,326,0,0,5,321
Jordon,M,2885,71,117,247,2450
Jordy,M,396,5,20,12,359
Jordyn,F,657,0,0,8,649
Jordyn,M,51,0,0,0,51
Jorel,M,349,0,0,22,327
Jorene,F,214,127,57,24,6
Joretta,F,329,192,112,25,0
Jorge,F,407,12,53,145,197
Jorge,M,46844,3332,7131,14640,21741
Jori,F,858,81,187,277,313
Jori,M,52,0,0,7,45
Jorie,F,486,35,73,168,210
Jorja,F,301,168,56,42,35
Jorje,M,763,62,111,300,290
Jory,F,224,41,30,65,88
Jory,M,1622,165,127,477,853
Josalyn,F,325,23,12,83,207
Joscelyn,F,395,30,25,114,226
Jose,F,2249,288,398,724,839
Jose,M,226520,31440,42043,66390,86647
Josef,M,3474,335,554,1026,1559
Josefa,F,1057,343,278,239,197
Josefina,F,5413,1403,1269,1374,1367
Josefina,M,7,0,0,0,7
Joselito,M,531,0,161,245,125
Joseluis,M,1055,33,86,258,678
Joselyn,F,1330,186,143,310,691
Joseph,F,5481,753,1223,1511,1994
Joseph,M,1127296,300012,283048,244825,299411
Josephina,F,709,132,163,196,218
Josephine,F,35615,16412,9317,5154,4732
Josephine,M,111,50,41,6,14
Josephus,M,382,140,94,89,59
Josetta,F,376,81,106,117,72
Josette,F,3900,575,1358,1435,532
Josey,F,331,26,7,73,225
Josey,M,317,0,0,36,281
Josh,M,8637,596,1212,4011,2818
Josha,F,21,0,0,9,12
Josha,M,279,0,0,72,207
Joshawa,M,275,0,0,49,226
Joshlyn,F,305,64,12,57,172
Joshlyn,M,5,0,0,0,5
Joshua,F,3375,0,13,801,2561
Joshua,M,544389,2221,5326,140318,396524
Joshuah,M,989,0,5,230,754
Joshue,M,398,0,0,95,303
Josi,F,249,8,23,88,130
Josiah,F,27,0,0,0,27
Josiah,M,5719,195,173,945,4406
Josie,F,9155,2427,2060,2123,2545
Josie,M,165,16,10,44,95
Joslin,F,256,23,5,87,141
Joslin,M,10,0,0,10,0
Joslyn,F,2139,407,231,547,954
Joslyn,M,21,0,0,16,5
Joslynn,F,203,18,0,54,131
Jospeh,M,864,24,72,241,527
Josph,M,248,100,53,37,58
Jossie,F,236,84,35,27,90
Josua,M,436,0,0,101,335
Josue,F,58,0,0,6,52
Josue,M,6458,157,354,1437,4510
Josuha,M,200,0,0,56,144
Jourdan,F,435,0,0,0,435
Jourdan,M,331,0,0,20,311
Jousha,M,272,0,0,55,217
Jovan,F,899,0,0,260,639
Jovan,M,2996,0,6,831,2159
Jovana,F,381,0,0,94,287
Jovani,F,21,0,0,0,21
Jovani,M,330,0,0,18,312
Jovanna,F,859,33,37,211,578
Jovanny,M,300,0,0,10,290
Jovany,F,5,0,0,0,5
Jovany,M,313,0,0,23,290
Jovita,F,1461,438,305,374,344
Jovon,F,255,0,15,71,169
Jovon,M,882,0,0,230,652
Jovonna,F,239,21,12,74,132
Jowanna,F,204,26,47,63,68
Joy,F,78073,24518,21756,20119,11680
Joy,M,638,183,166,156,133
Joya,F,846,104,197,269,276
Joyann,F,280,47,86,79,68
Joyce,F,179009,114984,46125,11992,5908
Joyce,M,586,305,178,50,53
Joycelyn,F,3213,1128,896,575,614
Joye,F,1480,593,434,315,138
Joyelle,F,237,0,0,167,70
Joylene,F,234,90,66,61,17
Joylyn,F,233,32,76,57,68
Joylynn,F,302,26,84,96,96
Jozette,F,317,0,98,133,86
Jr,M,397,5,67,111,214
Juan,F,1547,241,267,507,532
Juan,M,137079,18771,23457,43404,51447
Juana,F,6826,1525,1490,1965,1846
Juana,M,45,0,6,18,21
Juancarlos,M,648,0,17,155,476
Juanda,F,233,108,90,35,0
Juanetta,F,216,54,91,46,25
Juanita,F,59363,25656,16968,10178,6561
Juanita,M,263,86,86,59,32
Juanito,M,441,76,99,133,133
Juaquin,M,397,37,51,150,159
Jubal,M,399,41,109,146,103
Jud,M,362,115,115,113,19
Judah,F,5,0,0,0,5
Judah,M,1038,78,107,349,504
Judd,M,2815,413,535,1181,686
Jude,F,514,208,137,113,56
Jude,M,3617,597,945,1207,868
Judee,F,250,126,124,0,0
Judge,M,632,277,135,113,107
Judi,F,5817,1968,3039,629,181
Judie,F,1679,887,563,146,83
Judith,F,164167,108758,39780,9832,5797
Judith,M,419,197,116,42,64
Judson,M,4191,929,850,1255,1157
Judy,F,182897,118060,50325,9654,4858
Judy,M,523,255,165,58,45
Judyth,F,233,181,46,6,0
Julaine,F,409,181,140,75,13
Jule,F,487,212,151,84,40
Jule,M,335,138,72,83,42
Julee,F,2131,505,691,584,351
Juleen,F,303,83,107,76,37
Julene,F,1166,405,391,238,132
Jules,F,13,0,0,0,13
Jules,M,2204,766,493,442,503
Juli,F,5649,1089,2475,1475,610
Julia,F,123404,32457,34179,23414,33354
Julia,M,646,118,134,123,271
Julian,F,847,87,126,157,477
Julian,M,29395,4827,4835,6800,12933
Juliana,F,9114,1530,1952,1650,3982
Juliana,M,28,0,0,0,28
Juliane,F,1557,189,395,569,404
Juliann,F,4149,1112,1379,751,907
Julianna,F,5367,692,1048,1204,2423
Julianna,M,5,0,0,0,5
Julianne,F,14532,2980,4082,2864,4606
Julie,F,436440,86689,166150,121919,61682
Julie,M,1286,152,389,475,270
Julieann,F,1776,246,514,487,529
Julieanna,F,281,18,57,65,141
Julieanne,F,887,97,241,232,317
Julien,F,27,0,0,0,27
Julien,M,923,109,96,198,520
Juliene,F,316,83,110,56,67
Julienne,F,1283,281,377,294,331
Juliet,F,7196,1193,2082,2316,1605
Julieta,F,1047,164,210,298,375
Julietta,F,285,52,65,59,109
Juliette,F,4533,1047,1193,1186,1107
Julio,F,259,19,24,92,124
Julio,M,22998,2566,4052,7050,9330
Julious,M,337,126,78,63,70
Julisa,F,803,0,50,285,468
Julissa,F,2811,0,180,1232,1399
Julius,F,176,44,28,40,64
Julius,M,18409,5348,4155,3766,5140
Jullian,F,552,0,0,57,495
Jullian,M,197,0,0,33,164
Jullie,F,349,95,133,88,33
Juluis,M,216,63,45,47,61
July,F,275,0,38,122,115
July,M,13,0,0,5,8
Jun,F,11,0,0,0,11
Jun,M,337,0,41,109,187
June,F,37596,21101,11233,3518,1744
June,M,534,211,124,91,108
Junie,F,327,159,59,46,63
Junie,M,5,5,0,0,0
Junior,M,6071,2375,1535,948,1213
Junious,M,361,152,71,63,75
Junita,F,485,139,132,122,92
Junius,M,1057,422,289,197,149
Justan,M,258,0,0,55,203
Justen,F,5,0,0,0,5
Justen,M,1683,0,25,380,1278
Justice,F,142,0,0,38,104
Justice,M,696,54,47,237,358
Justin,F,2690,0,38,593,2059
Justin,M,385365,2295,6706,86539,289825
Justina,F,5539,403,983,1270,2883
Justine,F,16201,1375,3003,2745,9078
Justine,M,1306,0,24,246,1036
Justino,M,460,93,81,112,174
Justo,M,806,153,192,213,248
Juston,M,1474,15,33,493,933
Justus,F,5,0,0,5,0
Justus,M,813,84,65,268,396
Justyn,F,50,0,0,7,43
Justyn,M,700,0,0,136,564
Juvenal,M,423,44,66,116,197
Juventino,M,653,111,120,197,225
Juwan,F,5,0,0,5,0
Juwan,M,216,0,0,103,113
Jyl,F,379,137,96,100,46
Ka,F,371,0,5,22,344
Ka,M,63,0,0,5,58
Kaaren,F,310,92,142,63,13
Kacee,F,782,0,5,173,604
Kacee,M,39,0,0,0,39
Kacey,F,3816,28,106,1037,2645
Kacey,M,675,0,36,229,410
Kaci,F,2969,0,37,619,2313
Kaci,M,6,0,0,0,6
Kacie,F,4094,0,24,468,3602
Kacie,M,21,0,0,0,21
Kacy,F,2366,34,102,681,1549
Kacy,M,540,0,65,223,252
Kade,F,5,0,0,0,5
Kade,M,738,0,6,154,578
Kadee,F,211,0,0,32,179
Kadeem,M,248,0,0,0,248
Kadi,F,258,0,0,20,238
Kadie,F,648,0,0,88,560
Kady,F,676,0,0,74,602
Kae,F,369,203,116,26,24
Kaela,F,1033,0,7,65,961
Kaelyn,F,418,5,25,10,378
Kahla,F,270,0,6,16,248
Kahlil,M,620,0,34,303,283
Kai,F,977,33,102,429,413
Kai,M,2039,148,341,592,958
Kaia,F,442,20,44,167,211
Kaila,F,2036,0,30,144,1862
Kailee,F,550,0,0,28,522
Kailey,F,1016,0,0,10,1006
Kaili,F,275,0,0,33,242
Kailyn,F,349,0,0,0,349
Kaisha,F,405,0,0,144,261
Kaitlan,F,225,0,0,0,225
Kaitlin,F,12626,0,0,166,12460
Kaitlin,M,38,0,0,0,38
Kaitlyn,F,10966,0,0,76,10890
Kaitlyn,M,38,0,0,0,38
Kaitlynn,F,609,0,0,0,609
Kal,M,262,63,76,53,70
Kala,F,3536,149,298,425,2664
Kala,M,69,0,0,50,19
Kalah,F,233,0,0,16,217
Kalan,F,60,0,0,0,60
Kalan,M,228,0,0,26,202
Kalani,F,254,0,16,71,167
Kalani,M,410,5,41,153,211
Kale,F,46,0,0,5,41
Kale,M,1225,41,117,322,745
Kaleb,F,5,0,0,0,5
Kaleb,M,2924,0,0,387,2537
Kalee,F,764,0,32,99,633
Kaleen,F,400,67,92,71,170
Kaleena,F,1053,0,0,0,1053
Kaleigh,F,1397,0,0,0,1397
Kalen,F,409,30,41,85,253
Kalen,M,873,8,61,99,705
Kalena,F,444,0,10,105,329
Kalene,F,260,31,70,44,115
Kaley,F,1733,0,20,130,1583
Kaley,M,20,0,0,5,15
Kali,F,3386,21,87,526,2752
Kali,M,203,0,0,132,71
Kalia,F,360,0,5,66,289
Kalie,F,819,0,5,35,779
Kalin,F,300,0,0,46,254
Kalin,M,398,7,37,52,302
Kalina,F,401,0,11,79,311
Kalisha,F,668,0,0,246,422
Kalli,F,787,14,65,162,546
Kallie,F,1378,44,86,225,1023
Kally,F,439,31,81,124,203
Kally,M,5,0,0,0,5
Kalman,M,285,92,83,59,51
Kalon,M,214,5,10,57,142
Kalvin,M,2010,275,525,437,773
Kalyn,F,1378,17,115,135,1111
Kalyn,M,70,0,0,0,70
Kalynn,F,496,11,70,68,347
Kalynn,M,7,0,0,0,7
Kam,F,380,30,107,226,17
Kam,M,213,19,57,100,37
Kama,F,556,20,108,293,135
Kamal,F,10,0,0,10,0
Kamal,M,812,6,27,350,429
Kamala,F,936,22,463,304,147
Kamara,F,342,0,25,149,168
Kamaria,F,340,0,0,108,232
Kamau,M,323,0,0,205,118
Kameelah,F,227,0,0,115,112
Kameka,F,266,0,0,131,135
Kamela,F,533,0,230,189,114
Kameron,F,593,0,48,214,331
Kameron,M,1646,12,79,288,1267
Kamesha,F,664,0,0,203,461
Kami,F,5355,43,847,2438,2027
Kamie,F,751,24,152,289,286
Kamika,F,379,0,0,181,198
Kamila,F,281,0,18,110,153
Kamilah,F,1325,0,0,647,678
Kamilla,F,214,5,33,71,105
Kamille,F,611,13,54,183,361
Kamisha,F,749,0,0,283,466
Kammi,F,317,0,70,116,131
Kammie,F,482,6,156,163,157
Kammy,F,526,24,246,167,89
Kamran,M,308,0,6,91,211
Kamron,F,53,0,8,14,31
Kamron,M,344,0,10,85,249
Kana,F,209,6,12,79,112
Kanani,F,235,0,5,78,152
Kanani,M,5,0,0,5,0
Kandace,F,3570,412,516,687,1955
Kandee,F,422,112,159,104,47
Kandi,F,4936,537,1406,1608,1385
Kandice,F,4185,332,302,931,2620
Kandie,F,917,164,265,277,211
Kandis,F,1878,296,256,305,1021
Kandra,F,922,84,164,259,415
Kandy,F,4548,1170,1674,1199,505
Kandy,M,5,0,0,5,0
Kandyce,F,646,100,48,98,400
Kane,F,13,0,0,0,13
Kane,M,1461,90,165,471,735
Kaneisha,F,268,0,0,38,230
Kanesha,F,632,0,0,145,487
Kanika,F,858,0,0,500,358
Kanisha,F,1038,0,0,285,753
Kao,F,122,0,0,0,122
Kao,M,242,0,0,0,242
Kara,F,55048,743,7039,19760,27506
Kara,M,238,11,31,73,123
Karah,F,736,0,0,174,562
Karalee,F,703,64,166,240,233
Karalyn,F,515,6,100,160,249
Karan,F,2537,1316,849,267,105
Karan,M,116,0,0,5,111
Karee,F,502,108,95,154,145
Karee,M,5,0,0,0,5
Kareem,F,172,0,0,119,53
Kareem,M,6051,0,18,2967,3066
Kareema,F,347,0,0,120,227
Kareen,F,761,152,192,237,180
Kareen,M,582,0,0,348,234
Kareena,F,206,0,0,61,145
Karel,F,607,331,194,41,41
Karel,M,221,51,38,53,79
Karen,F,748671,332531,286053,95173,34914
Karen,M,1933,563,722,376,272
Karena,F,1922,48,261,962,651
Karene,F,325,87,113,77,48
Karessa,F,216,0,0,55,161
Karey,F,1930,195,454,902,379
Karey,M,460,102,156,108,94
Kari,F,49506,2238,10972,18753,17543
Kari,M,419,33,84,164,138
Kariann,F,520,0,59,220,241
Karianne,F,608,0,42,288,278
Karie,F,4635,295,1049,2143,1148
Karilyn,F,525,115,109,129,172
Karim,F,53,0,0,43,10
Karim,M,1429,25,132,626,646
Karima,F,695,0,13,389,293
Karimah,F,229,0,0,101,128
Karin,F,22980,5769,8784,6008,2419
Karin,M,63,0,12,34,17
Karina,F,11968,51,686,2860,8371
Karina,M,131,0,0,16,115
Karine,F,653,44,208,192,209
Karis,F,905,67,146,233,459
Karis,M,32,0,0,15,17
Karisa,F,1133,0,42,374,717
Karisha,F,224,0,0,77,147
Karissa,F,4919,0,122,987,3810
Karl,F,792,67,225,249,251
Karl,M,59904,18731,21179,10623,9371
Karla,F,49905,11462,17716,11367,9360
Karla,M,182,5,40,48,89
Karlee,F,938,5,14,186,733
Karleen,F,1540,538,521,277,204
Karlene,F,2367,853,798,372,344
Karley,F,497,0,0,83,414
Karli,F,1655,0,22,306,1327
Karlie,F,863,0,5,134,724
Karlo,M,209,6,6,82,115
Karlos,M,728,45,93,311,279
Karlton,M,888,162,238,243,245
Karly,F,1768,0,0,344,1424
Karly,M,5,0,0,5,0
Karlyn,F,1036,223,300,232,281
Karma,F,1478,344,336,578,220
Karman,F,285,11,98,107,69
Karman,M,5,0,0,5,0
Karmen,F,2245,192,597,770,686
Karmin,F,317,0,83,117,117
Karna,F,438,116,141,166,15
Karol,F,4718,2215,1776,488,239
Karol,M,196,80,32,18,66
Karole,F,560,178,265,82,35
Karolina,F,224,0,10,38,176
Karoline,F,780,94,231,225,230
Karolyn,F,2781,791,869,651,470
Karon,F,3981,2030,1320,437,194
Karon,M,531,46,13,169,303
Karra,F,430,5,28,137,260
Karrah,F,227,0,0,61,166
Karren,F,1342,525,532,194,91
Karri,F,3902,162,1138,1692,910
Karrie,F,8666,582,2209,4040,1835
Karriem,F,5,0,0,5,0
Karriem,M,340,0,36,258,46
Karrin,F,252,16,83,84,69
Karron,F,239,113,69,52,5
Karron,M,20,0,0,5,15
Karry,F,1061,118,311,430,202
Karry,M,549,150,211,115,73
Karsten,F,10,0,0,5,5
Karsten,M,610,18,98,283,211
Kary,F,1458,189,397,571,301
Kary,M,1124,268,415,269,172
Karyl,F,1235,631,420,120,64
Karyn,F,11548,1856,4311,3671,1710
Karyn,M,5,0,0,0,5
Kasandra,F,2889,136,376,739,1638
Kasaundra,F,227,0,23,60,144
Kaseem,M,242,11,0,116,115
Kasey,F,13490,60,490,3225,9715
Kasey,M,4562,56,257,1243,3006
Kasha,F,850,0,55,324,471
Kashia,F,208,0,5,56,147
Kashif,M,463,0,0,56,407
Kasi,F,1311,0,48,352,911
Kasia,F,394,5,28,115,246
Kasie,F,2085,0,40,488,1557
Kasie,M,10,0,0,5,5
Kason,M,243,0,0,41,202
Kasondra,F,457,0,19,116,322
Kassandra,F,5336,119,384,866,3967
Kassey,F,210,0,0,21,189
Kassi,F,952,0,12,138,802
Kassia,F,264,0,5,93,166
Kassidy,F,543,0,0,44,499
Kassidy,M,65,0,0,0,65
Kassie,F,2798,57,150,398,2193
Kassondra,F,316,0,7,14,295
Kassy,F,384,0,6,90,288
Katara,F,323,0,0,109,214
Katarina,F,759,5,53,148,553
Katasha,F,346,0,0,178,168
Kate,F,22360,1259,2037,5496,13568
Kate,M,58,0,0,8,50
Katee,F,261,0,0,46,215
Katelin,F,1718,0,0,23,1695
Katelyn,F,14958,0,0,183,14775
Katelyn,M,40,0,0,0,40
Katelynn,F,1629,0,0,5,1624
Katelynn,M,6,0,0,0,6
Kateri,F,911,87,180,202,442
Katerina,F,1195,15,170,376,634
Katey,F,939,23,51,200,665
Katha,F,243,149,71,23,0
Kathaleen,F,2067,1050,623,247,147
Katharina,F,786,128,231,158,269
Katharine,F,18534,3712,3114,3848,7860
Katharine,M,11,0,0,0,11
Katharyn,F,615,140,91,115,269
Kathe,F,710,442,208,39,21
Katheleen,F,595,267,177,79,72
Katherin,F,1265,237,218,233,577
Katherina,F,744,123,235,186,200
Katherine,F,270697,66855,50619,54048,99175
Katherine,M,956,147,156,203,450
Kathern,F,1474,743,348,232,151
Katheryn,F,5494,1745,1189,962,1598
Katheryne,F,571,154,101,107,209
Kathey,F,1331,877,390,64,0
Kathi,F,9225,4863,3319,830,213
Kathie,F,11009,7066,2618,957,368
Kathleen,F,429535,224342,120952,44847,39394
Kathleen,M,1056,394,300,178,184
Kathleene,F,203,122,75,6,0
Kathlene,F,2359,876,740,427,316
Kathlyn,F,1838,851,382,223,382
Kathlynn,F,222,96,29,37,60
Kathreen,F,202,80,46,23,53
Kathren,F,523,166,138,98,121
Kathrin,F,726,184,165,175,202
Kathrina,F,548,53,131,161,203
Kathrine,F,7967,2288,1817,1707,2155
Kathryn,F,221544,77803,44864,36434,62443
Kathryn,M,662,130,124,128,280
Kathryne,F,1966,619,362,338,647
Kathy,F,288740,157930,101127,22706,6977
Kathy,M,661,296,248,88,29
Kathye,F,252,195,52,5,0
Kathyleen,F,308,176,100,26,6
Kathyrn,F,1889,866,447,266,310
Kati,F,2839,49,141,555,2094
Katia,F,945,0,85,293,567
Katie,F,100842,5257,5216,17486,72883
Katie,M,279,0,0,37,242
Katina,F,9993,270,472,7888,1363
Katina,M,34,0,0,34,0
Katiria,F,359,0,0,78,281
Katisha,F,606,0,0,293,313
Katja,F,246,0,51,107,88
Katlin,F,911,0,0,0,911
Katlin,M,84,0,0,0,84
Katlyn,F,1924,0,0,7,1917
Katlyn,M,5,0,0,0,5
Katlynn,F,217,0,0,0,217
Katonya,F,268,0,31,161,76
Katrena,F,1157,63,253,483,358
Katrenia,F,217,19,82,93,23
Katrice,F,1644,0,170,678,796
Katricia,F,242,6,25,116,95
Katrin,F,636,93,134,208,201
Katrina,F,69211,3812,12279,24292,28828
Katrina,M,215,0,20,71,124
Katrine,F,542,78,115,172,177
Katrinia,F,452,8,89,221,134
Katrinka,F,442,161,136,116,29
Katryna,F,246,0,6,72,168
Kattie,F,1399,390,198,207,604
Katty,F,270,8,16,88,158
Katy,F,10779,935,1445,2473,5926
Katy,M,5,0,0,0,5
Katya,F,384,0,52,106,226
Kavin,M,1063,135,345,288,295
Kavita,F,461,0,19,170,272
Kawana,F,863,7,66,503,287
Kawanda,F,390,0,14,220,156
Kawanna,F,487,0,5,272,210
Kawika,M,399,0,5,133,261
Kay,F,40961,24645,12390,2517,1409
Kay,M,604,321,164,64,55
Kaya,F,296,0,12,93,191
Kaya,M,32,0,0,5,27
Kayce,F,1214,28,51,315,820
Kayce,M,7,0,0,0,7
Kaycee,F,1596,31,33,316,1216
Kaycee,M,26,0,0,5,21
Kayci,F,359,0,0,45,314
Kaycie,F,475,0,7,65,403
Kaydee,F,301,0,0,36,265
Kaye,F,6414,3537,2008,495,374
Kaye,M,33,33,0,0,0
Kayla,F,59421,700,1488,1942,55291
Kayla,M,154,0,0,0,154
Kaylah,F,242,0,5,0,237
Kaylan,F,688,0,0,11,677
Kaylan,M,84,0,0,0,84
Kayle,F,479,11,13,37,418
Kayle,M,253,10,36,65,142
Kaylea,F,270,0,0,14,256
Kaylee,F,3760,5,73,186,3496
Kaylee,M,11,0,0,0,11
Kayleen,F,1806,384,461,280,681
Kayleigh,F,2677,0,0,0,2677
Kaylen,F,352,0,12,22,318
Kaylen,M,46,0,0,0,46
Kaylene,F,1904,346,531,357,670
Kayley,F,481,0,0,5,476
Kayli,F,496,0,0,6,490
Kaylie,F,879,0,7,18,854
Kaylin,F,1149,11,65,69,1004
Kaylin,M,28,0,0,0,28
Kaylyn,F,1232,35,131,125,941
Kaylynn,F,853,43,140,144,526
Kaysha,F,300,0,7,58,235
Kaysie,F,306,0,0,67,239
Kaytlin,F,203,0,0,0,203
Kc,F,266,0,5,47,214
Kc,M,701,0,46,153,502
Kea,F,402,0,44,185,173
Kean,M,252,46,78,45,83
Keana,F,368,0,0,106,262
Keandra,F,318,0,0,41,277
Keane,M,355,28,49,108,170
Keanna,F,553,0,0,73,480
Keara,F,692,0,7,120,565
Keary,F,97,0,20,51,26
Keary,M,504,101,91,234,78
Keasha,F,425,0,14,214,197
Keaton,F,66,0,0,0,66
Keaton,M,1051,0,5,103,943
Kecia,F,2979,0,1549,955,475
Kedra,F,429,0,41,194,194
Kedric,M,451,17,50,167,217
Kedrick,M,1013,39,82,414,478
Kee,F,5,0,0,5,0
Kee,M,382,122,105,59,96
Keefe,M,446,74,118,131,123
Keegan,F,373,0,0,45,328
Keegan,M,2063,0,14,328,1721
Keela,F,619,26,127,259,207
Keelan,F,34,0,0,5,29
Keelan,M,384,0,12,114,258
Keeley,F,1266,52,174,306,734
Keeley,M,22,0,5,17,0
Keeli,F,313,7,26,111,169
Keelie,F,226,0,27,85,114
Keely,F,3989,210,741,1305,1733
Keely,M,5,0,0,0,5
Keena,F,1560,135,257,642,526
Keena,M,124,27,0,5,92
Keenan,F,139,0,6,45,88
Keenan,M,4850,292,866,1173,2519
Keenon,M,208,0,0,76,132
Keenya,F,269,0,15,168,86
Keesha,F,2217,0,117,1269,831
Keevin,M,340,76,69,90,105
Kegan,F,46,0,0,0,46
Kegan,M,475,0,0,40,435
Keia,F,378,0,12,179,187
Keiana,F,255,0,0,58,197
Keidra,F,250,0,0,93,157
Keiko,F,353,18,60,103,172
Keil,M,203,0,18,42,143
Keila,F,1325,34,158,388,745
Keion,F,5,0,0,0,5
Keion,M,218,0,0,76,142
Keiona,F,205,0,0,34,171
Keir,F,59,0,6,48,5
Keir,M,543,0,131,273,139
Keira,F,1095,0,99,359,637
Keirsten,F,209,0,18,89,102
Keisa,F,377,0,18,269,90
Keisha,F,16683,0,904,8897,6882
Keisha,M,44,0,0,34,10
Keishia,F,200,0,14,84,102
Keith,F,1715,311,535,470,399
Keith,M,333146,91235,112575,76689,52647
Keitha,F,996,257,254,303,182
Kekoa,M,229,0,0,80,149
Kela,F,507,18,67,211,211
Kelan,M,238,14,29,48,147
Kelby,F,142,0,0,27,115
Kelby,M,1260,63,86,474,637
Kelcey,F,491,19,7,98,367
Kelcey,M,487,0,29,273,185
Kelci,F,361,0,0,23,338
Kelcie,F,492,0,5,18,469
Kelcie,M,19,5,0,0,14
Kelcy,F,232,0,10,35,187
Kelcy,M,54,0,0,11,43
Kelda,F,205,0,52,95,58
Keldrick,M,252,0,0,77,175
Kelee,F,214,5,49,82,78
Keleigh,F,240,0,38,70,132
Keli,F,3490,98,849,1285,1258
Keli,M,39,0,0,18,21
Kelia,F,272,0,59,103,110
Kellan,F,93,0,5,0,88
Kellan,M,403,6,0,0,397
Kelle,F,2123,236,895,606,386
Kelle,M,38,0,21,0,17
Kellee,F,2997,163,864,1052,918
Kellee,M,10,0,0,5,5
Kelleen,F,587,86,247,140,114
Kellen,F,457,0,65,12,380
Kellen,M,2966,43,43,26,2854
Kellene,F,425,58,188,86,93
Kelley,F,39517,2237,14747,12745,9788
Kelley,M,4115,891,1370,1059,795
Kelli,F,61442,1986,16867,21540,21049
Kelli,M,275,0,52,97,126
Kelliann,F,444,5,121,136,182
Kellianne,F,424,0,90,120,214
Kellie,F,39752,1652,13122,13669,11309
Kellie,M,237,16,80,83,58
Kelly,F,386495,15358,128053,133545,109539
Kelly,M,68235,13134,28006,17321,9774
Kellyann,F,1322,7,422,494,399
Kellyanne,F,372,0,94,123,155
Kellye,F,2160,161,810,544,645
Kellyn,F,624,0,27,26,571
Kellyn,M,26,0,0,0,26
Kelsea,F,620,0,0,17,603
Kelsea,M,5,0,0,0,5
Kelsey,F,29234,139,226,1111,27758
Kelsey,M,2643,164,239,818,1422
Kelsi,F,1675,0,6,158,1511
Kelsie,F,2618,11,40,202,2365
Kelsie,M,69,18,14,13,24
Kelsy,F,644,0,0,58,586
Kelsy,M,21,0,0,13,8
Kelton,F,5,0,0,0,5
Kelton,M,1090,172,251,310,357
Kelvin,F,264,21,92,77,74
Kelvin,M,32140,5182,11860,7931,7167
Kem,F,353,125,174,54,0
Kem,M,619,309,227,55,28
Kemberly,F,911,48,327,319,217
Kemp,M,547,180,192,103,72
Kemper,M,262,74,81,56,51
Ken,F,25,0,15,10,0
Ken,M,22483,7111,11898,2243,1231
Kena,F,1228,62,285,522,359
Kenan,F,5,0,0,0,5
Kenan,M,767,52,107,258,350
Kenard,M,372,46,74,110,142
Kenda,F,1815,315,625,513,362
Kendal,F,1399,68,158,267,906
Kendal,M,1829,284,394,449,702
Kendale,F,15,0,0,0,15
Kendale,M,298,0,26,94,178
Kendall,F,6474,279,891,1068,4236
Kendall,M,15150,2641,4352,3401,4756
Kendel,F,248,0,36,61,151
Kendel,M,281,11,80,68,122
Kendell,F,551,32,81,163,275
Kendell,M,1882,182,405,523,772
Kenderick,M,244,0,7,98,139
Kendra,F,46950,1568,5334,15661,24387
Kendra,M,260,0,0,91,169
Kendrea,F,245,0,5,89,151
Kendrell,F,13,0,0,0,13
Kendrell,M,241,0,0,50,191
Kendria,F,509,0,6,180,323
Kendric,M,725,0,26,324,375
Kendrick,F,162,0,0,71,91
Kendrick,M,10324,284,711,3924,5405
Kendy,F,219,41,52,73,53
Kendyl,F,257,0,21,22,214
Kenesha,F,468,0,0,117,351
Keneth,M,575,176,215,96,88
Kenia,F,780,0,51,209,520
Kenisha,F,2051,0,0,916,1135
Kenisha,M,5,0,0,0,5
Kenita,F,320,22,26,128,144
Kenith,M,848,229,296,173,150
Kenitra,F,239,0,0,107,132
Kenji,F,21,0,0,13,8
Kenji,M,911,18,104,430,359
Kenley,F,59,0,0,16,43
Kenley,M,337,47,44,140,106
Kenn,M,569,183,202,103,81
Kenna,F,2780,521,683,735,841
Kenna,M,75,34,12,13,16
Kennan,F,6,0,0,0,6
Kennan,M,379,77,112,54,136
Kennard,M,1319,385,340,246,348
Kennedy,F,170,5,16,23,126
Kennedy,M,2029,186,1129,250,464
Kenneth,F,3230,716,1025,758,731
Kenneth,M,690949,262819,227531,111489,89110
Kennetha,F,485,101,69,156,159
Kenney,F,5,0,0,5,0
Kenney,M,1514,507,507,268,232
Kennie,F,172,64,52,27,29
Kennie,M,763,243,255,150,115
Kennieth,M,350,139,122,73,16
Kennis,M,313,77,95,75,66
Kennisha,F,298,0,0,66,232
Kennith,F,5,0,0,5,0
Kennith,M,5560,2064,1801,959,736
Kennon,F,5,0,0,5,0
Kennon,M,834,165,207,234,228
Kennth,M,1618,473,649,313,183
Kenny,F,283,68,101,47,67
Kenny,M,31137,8389,12363,4789,5596
Keno,M,259,11,6,155,87
Kenon,M,212,0,0,86,126
Kenosha,F,208,0,0,92,116
Kenric,M,628,54,76,420,78
Kenrick,M,591,73,82,197,239
Kent,F,161,39,75,26,21
Kent,M,49676,18691,19258,6728,4999
Kenta,F,5,0,0,5,0
Kenta,M,213,0,0,93,120
Kenton,M,5106,1410,1369,934,1393
Kentrell,F,40,0,0,6,34
Kentrell,M,653,0,0,140,513
Kenya,F,10722,89,691,6502,3440
Kenya,M,1480,0,102,1060,318
Kenyada,F,357,0,0,121,236
Kenyada,M,104,0,0,72,32
Kenyata,F,561,0,0,202,359
Kenyata,M,232,0,0,148,84
Kenyatta,F,2766,0,100,1416,1250
Kenyatta,M,2012,0,147,1430,435
Kenyetta,F,2004,0,105,966,933
Kenyetta,M,118,0,6,92,20
Kenyon,F,113,0,5,78,30
Kenyon,M,2494,243,335,1178,738
Kenzie,F,516,0,0,77,439
Kenzie,M,158,40,15,38,65
Keola,F,6,0,0,6,0
Keola,M,228,0,0,105,123
Keon,F,112,0,0,47,65
Keon,M,1640,0,0,387,1253
Keona,F,929,0,0,223,706
Keondra,F,259,0,0,27,232
Keone,M,233,0,6,82,145
Keoni,M,460,0,16,134,310
Keonna,F,464,0,0,88,376
Keosha,F,793,0,0,44,749
Kera,F,1457,0,61,411,985
Kerby,F,68,0,0,0,68
Kerby,M,582,129,172,147,134
Keren,F,1153,132,196,355,470
Kerensa,F,397,0,67,232,98
Keri,F,26431,803,3870,12312,9446
Keri,M,264,12,18,116,118
Keriann,F,635,0,16,203,416
Kerianne,F,446,0,7,133,306
Kerie,F,291,5,65,139,82
Kerilyn,F,250,0,16,104,130
Kerin,F,1018,157,311,284,266
Kerin,M,209,41,62,49,57
Kermit,M,4585,1965,1442,841,337
Kern,M,416,150,134,83,49
Kerra,F,402,6,21,137,238
Kerri,F,32142,1572,7558,14448,8564
Kerri,M,311,11,77,121,102
Kerriann,F,530,0,57,230,243
Kerrianne,F,344,0,40,156,148
Kerrick,M,318,6,65,130,117
Kerrie,F,7671,619,2073,3384,1595
Kerrie,M,99,0,24,48,27
Kerrin,F,691,64,164,232,231
Kerrin,M,10,0,5,0,5
Kerry,F,42381,6442,12223,16123,7593
Kerry,M,40770,14416,15286,6662,4406
Kerryann,F,254,0,47,119,88
Kersten,F,367,0,69,148,150
Kerstin,F,1163,64,315,339,445
Kert,M,213,53,105,49,6
Kervin,M,791,79,227,197,288
Kerwin,M,1593,384,559,318,332
Keryn,F,202,0,18,63,121
Kesha,F,4400,0,276,2668,1456
Kesha,M,5,0,0,5,0
Keshawn,F,142,0,0,42,100
Keshawn,M,223,0,0,56,167
Keshia,F,4142,0,202,1285,2655
Keshia,M,6,0,0,0,6
Kesia,F,450,0,84,208,158
Ketra,F,233,0,30,125,78
Keturah,F,1308,55,117,451,685
Keva,F,822,41,154,363,264
Kevan,F,52,44,0,0,8
Kevan,M,2429,625,557,533,714
Keven,F,116,90,26,0,0
Keven,M,4376,809,1443,1174,950
Kevin,F,4322,687,1137,1234,1264
Kevin,M,831323,159010,271412,212231,188670
Kevon,F,12,0,0,0,12
Kevon,M,515,54,64,87,310
Kevyn,F,80,13,0,0,67
Kevyn,M,412,50,86,93,183
Keya,F,786,0,12,465,309
Keyana,F,879,0,0,170,709
Keyanna,F,562,0,0,89,473
Keyla,F,511,0,19,152,340
Keyna,F,282,23,42,117,100
Keyon,F,80,0,0,19,61
Keyon,M,766,0,0,244,522
Keyona,F,850,0,0,172,678
Keyonna,F,787,0,0,138,649
Keysha,F,1124,0,69,706,349
Kezia,F,535,0,46,195,294
Khadija,F,632,0,38,215,379
Khadijah,F,1154,0,74,408,672
Khaled,M,319,0,5,86,228
Khaliah,F,209,0,0,76,133
Khalid,M,1392,0,84,600,708
Khalif,M,392,0,0,120,272
Khalil,F,7,0,0,7,0
Khalil,M,1236,5,68,363,800
Khalilah,F,1057,0,0,658,399
Khanh,F,118,0,0,19,99
Khanh,M,206,0,0,18,188
Khara,F,449,0,0,231,218
Khari,F,47,0,0,10,37
Khari,M,385,0,0,285,100
Khary,M,544,0,0,373,171
Khoa,M,206,0,0,24,182
Khristina,F,812,0,104,342,366
Khristine,F,484,39,174,162,109
Khristopher,M,921,0,57,374,490
Khristy,F,309,5,69,146,89
Kia,F,4378,25,329,1770,2254
Kia,M,67,0,0,21,46
Kiah,F,300,0,0,62,238
Kiah,M,55,0,0,18,37
Kian,F,21,0,0,5,16
Kian,M,216,0,0,78,138
Kiana,F,2133,0,28,613,1492
Kiana,M,8,0,0,0,8
Kianna,F,562,0,0,127,435
Kiara,F,3662,0,12,170,3480
Kiara,M,119,0,0,0,119
Kiarra,F,250,0,0,0,250
Kiel,F,25,0,0,0,25
Kiel,M,1622,0,27,91,1504
Kiera,F,1809,0,61,280,1468
Kiera,M,8,0,0,0,8
Kieran,F,238,11,49,59,119
Kieran,M,1621,222,374,415,610
Kierra,F,1246,0,0,25,1221
Kierra,M,6,0,0,0,6
Kiersten,F,2221,0,254,721,1246
Kierstin,F,468,0,37,142,289
Kiesha,F,1945,0,91,1003,851
Kieth,M,1964,435,652,557,320
Kiki,F,620,71,134,273,142
Kiki,M,25,0,0,0,25
Kila,F,381,13,42,183,143
Kila,M,5,0,0,5,0
Kile,M,412,16,63,90,243
Kiley,F,2746,5,27,783,1931
Kiley,M,816,0,23,535,258
Kim,F,174981,56080,94388,20697,3816
Kim,M,31125,21208,7188,1818,911
Kima,F,203,26,62,84,31
Kimala,F,326,72,167,76,11
Kimani,F,7,0,0,7,0
Kimani,M,336,0,5,250,81
Kimara,F,202,10,39,117,36
Kimball,F,107,66,24,17,0
Kimball,M,1042,469,304,147,122
Kimbely,F,417,11,139,160,107
Kimber,F,2550,332,752,477,989
Kimber,M,226,121,76,29,0
Kimberely,F,2152,137,941,743,331
Kimberle,F,1180,290,526,249,115
Kimberlea,F,459,79,160,151,69
Kimberlee,F,13949,2167,4832,4044,2906
Kimberleigh,F,346,26,109,99,112
Kimberley,F,34259,4097,16261,10113,3788
Kimberley,M,228,118,83,27,0
Kimberli,F,2909,268,1249,887,505
Kimberlie,F,2920,327,1124,991,478
Kimberlin,F,280,31,141,87,21
Kimberly,F,683579,48958,259072,229097,146452
Kimberly,M,3777,1238,1054,858,627
Kimberlyann,F,267,0,63,89,115
Kimberlyn,F,1412,129,637,417,229
Kimbery,F,519,18,168,196,137
Kimble,F,221,22,105,76,18
Kimble,M,392,140,196,51,5
Kimbley,F,573,5,196,307,65
Kimbra,F,1086,266,446,207,167
Kimela,F,320,91,182,47,0
Kimerly,F,587,54,205,194,134
Kimesha,F,205,0,0,69,136
Kimi,F,1139,204,462,287,186
Kimiko,F,596,10,102,147,337
Kimm,F,386,118,221,47,0
Kimm,M,96,82,14,0,0
Kimmarie,F,220,7,131,76,6
Kimmie,F,1048,209,502,254,83
Kimmie,M,131,78,43,10,0
Kimmy,F,758,80,372,222,84
Kimmy,M,277,127,125,18,7
Kimo,M,488,41,103,167,177
Kimra,F,209,40,104,48,17
Kimya,F,283,0,0,212,71
Kimyatta,F,269,0,7,176,86
Kina,F,912,27,245,392,248
Kinberly,F,202,0,33,89,80
Kindra,F,2642,58,348,1006,1230
King,F,5,0,5,0,0
King,M,1813,708,454,316,335
Kingsley,F,26,0,0,5,21
Kingsley,M,553,101,75,128,249
Kinney,M,240,79,90,32,39
Kinsey,F,766,0,5,87,674
Kinsey,M,138,24,5,33,76
Kinya,F,239,0,5,166,68
Kiona,F,390,0,0,114,276
Kionna,F,250,0,0,42,208
Kip,F,143,68,68,0,7
Kip,M,6258,1441,2639,1350,828
Kipling,M,226,53,96,59,18
Kipp,F,5,0,5,0,0
Kipp,M,1636,228,589,433,386
Kira,F,7682,88,627,1505,5462
Kira,M,16,0,0,0,16
Kiran,F,380,0,15,116,249
Kiran,M,226,0,0,87,139
Kirby,F,1778,121,108,85,1464
Kirby,M,8287,3009,2351,1589,1338
Kiri,F,345,0,5,35,305
Kirk,F,191,29,71,46,45
Kirk,M,57254,16223,22204,11641,7186
Kirkland,M,925,208,272,196,249
Kirsten,F,24479,813,6662,8263,8741
Kirsten,M,163,0,24,73,66
Kirsti,F,464,53,90,145,176
Kirstie,F,1571,45,177,674,675
Kirstin,F,4094,51,748,1428,1867
Kirsty,F,346,0,37,130,179
Kirstyn,F,271,0,0,38,233
Kirt,M,3224,675,1377,774,398
Kisa,F,408,0,50,218,140
Kisha,F,6011,0,400,3811,1800
Kisha,M,12,0,0,12,0
Kishia,F,254,0,13,151,90
Kit,F,800,401,229,104,66
Kit,M,1674,726,370,318,260
Kittie,F,496,239,135,81,41
Kitty,F,5009,2553,1575,602,279
Kiva,F,461,8,102,206,145
Kiven,M,276,29,119,98,30
Kiwana,F,232,0,0,134,98
Kiya,F,337,0,0,163,174
Kiyana,F,270,0,0,55,215
Kizzie,F,844,34,6,573,231
Kizzy,F,2205,0,0,1842,363
Kizzy,M,12,0,0,12,0
Kjell,M,248,5,57,107,79
Klarissa,F,235,0,6,33,196
Klaus,M,540,83,232,124,101
Klay,M,209,21,48,58,82
Klayton,M,299,5,6,68,220
Klint,M,555,6,100,228,221
Klinton,M,392,0,18,132,242
Knute,M,253,115,74,39,25
Kobie,F,12,0,0,6,6
Kobie,M,230,0,0,207,23
Koby,F,15,0,0,10,5
Koby,M,531,12,54,179,286
Kodi,F,581,0,7,161,413
Kodi,M,428,0,0,112,316
Kody,F,235,0,6,59,170
Kody,M,3542,5,79,475,2983
Kofi,F,5,0,0,5,0
Kofi,M,357,0,0,164,193
Kolby,F,144,0,0,13,131
Kolby,M,871,0,5,154,712
Kole,M,338,0,5,51,282
Koleen,F,223,78,89,45,11
Kolin,M,250,5,34,70,141
Kolleen,F,840,172,326,209,133
Kong,M,359,0,0,9,350
Koni,F,282,60,170,42,10
Konni,F,208,55,112,41,0
Konnie,F,861,306,379,121,55
Konrad,M,1122,264,275,238,345
Konstantina,F,228,0,11,109,108
Konstantinos,M,808,0,76,388,344
Koreen,F,591,116,219,194,62
Koren,F,1217,114,257,540,306
Koren,M,5,0,0,5,0
Korena,F,293,0,108,111,74
Korene,F,205,44,70,76,15
Korey,F,665,5,64,256,340
Korey,M,4740,48,367,1499,2826
Kori,F,4435,69,514,1793,2059
Kori,M,534,0,15,197,322
Korie,F,696,0,41,298,357
Korie,M,159,0,0,66,93
Korin,F,600,6,94,210,290
Korina,F,864,0,164,262,438
Korinne,F,498,30,97,149,222
Korri,F,261,0,26,111,124
Korrie,F,362,0,10,164,188
Korrie,M,20,0,0,14,6
Korrin,F,203,0,26,62,115
Korrine,F,210,15,31,63,101
Korry,F,7,0,0,7,0
Korry,M,228,0,32,93,103
Kortney,F,1633,0,23,278,1332
Kortney,M,274,0,0,96,178
Kortni,F,339,0,0,57,282
Kortnie,F,203,0,0,5,198
Kory,F,782,26,109,296,351
Kory,M,7827,185,953,2530,4159
Kostas,M,228,0,31,107,90
Kou,F,18,0,0,0,18
Kou,M,329,0,0,6,323
Kourtney,F,3051,0,45,528,2478
Kourtney,M,359,0,0,98,261
Kraig,M,4857,707,1845,1245,1060
Kreg,M,804,124,303,202,175
Kregg,M,377,48,169,99,61
Kris,F,12520,2891,7158,2009,462
Kris,M,11651,2634,4152,3681,1184
Krisann,F,398,68,165,106,59
Krisanne,F,285,38,115,88,44
Krisha,F,672,0,42,332,298
Krishna,F,741,10,86,391,254
Krishna,M,372,5,53,162,152
Kriss,F,357,113,207,37,0
Kriss,M,427,127,194,73,33
Krissa,F,440,0,49,155,236
Krissi,F,270,0,19,133,118
Krissie,F,323,0,33,162,128
Krissy,F,1515,7,170,708,630
Krista,F,51790,2043,7076,19807,22864
Krista,M,142,0,0,71,71
Kristal,F,8260,181,953,2788,4338
Kristalyn,F,204,0,0,63,141
Kristan,F,3966,184,643,1061,2078
Kristan,M,390,17,75,167,131
Kriste,F,606,129,175,228,74
Kristee,F,461,42,94,204,121
Kristeen,F,1088,248,263,351,226
Kristeena,F,209,0,5,69,135
Kristel,F,1839,54,219,670,896
Kristen,F,148284,2811,18039,44206,83228
Kristen,M,1533,102,229,597,605
Kristena,F,501,11,69,184,237
Kristene,F,902,136,279,305,182
Kristi,F,68858,5210,16907,29035,17706
Kristi,M,138,0,11,84,43
Kristia,F,286,0,49,102,135
Kristian,F,2703,5,185,508,2005
Kristian,M,4776,141,555,2363,1717
Kristiana,F,538,0,38,184,316
Kristianna,F,206,0,9,73,124
Kristianne,F,232,0,36,100,96
Kristie,F,33773,2582,5681,17366,8144
Kristie,M,44,0,0,38,6
Kristin,F,142133,4837,24354,42384,70558
Kristin,M,1394,40,213,658,483
Kristina,F,94588,3279,12712,32650,45947
Kristina,M,322,5,20,118,179
Kristine,F,70314,12075,24125,20543,13571
Kristine,M,180,10,60,53,57
Kristinia,F,218,5,17,99,97
Kristle,F,752,0,37,136,579
Kristofer,M,5003,68,247,1893,2795
Kristoffer,M,2504,0,18,1275,1211
Kristofor,M,681,0,7,293,381
Kristol,F,238,0,12,96,130
Kriston,F,520,0,46,138,336
Kriston,M,268,0,23,143,102
Kristopher,F,246,0,0,85,161
Kristopher,M,36005,426,1628,13883,20068
Kristy,F,61480,3230,8088,27776,22386
Kristy,M,179,0,26,86,67
Kristyn,F,4750,87,473,1048,3142
Kristyna,F,334,0,7,69,258
Kristyne,F,293,41,69,72,111
Krysta,F,2616,0,62,399,2155
Krystal,F,45979,514,1720,6249,37496
Krystal,M,154,0,0,11,143
Krystel,F,542,0,0,66,476
Krysten,F,1675,0,47,184,1444
Krysti,F,624,12,93,148,371
Krystie,F,346,0,5,70,271
Krystin,F,1504,0,62,134,1308
Krystina,F,2224,5,59,178,1982
Krystine,F,507,46,55,64,342
Krystle,F,10946,0,5,72,10869
Krystle,M,44,0,0,0,44
Krystyn,F,319,0,10,42,267
Krystyna,F,882,70,115,178,519
Kunal,M,365,0,0,14,351
Kunta,F,8,0,0,8,0
Kunta,M,292,0,0,283,9
Kurk,M,208,29,95,67,17
Kurt,F,196,14,86,45,51
Kurt,M,71196,18642,28215,13657,10682
Kurtis,F,25,0,5,7,13
Kurtis,M,10994,1201,2522,2410,4861
Kurtiss,M,232,43,81,70,38
Kwame,F,30,0,0,30,0
Kwame,M,1445,0,109,678,658
Kwan,F,27,0,0,27,0
Kwan,M,224,0,6,133,85
Kwasi,M,277,0,0,155,122
Kwesi,M,314,0,0,196,118
Ky,F,33,0,5,18,10
Ky,M,489,30,65,150,244
Kyana,F,286,0,0,74,212
Kye,F,17,0,5,5,7
Kye,M,428,23,54,109,242
Kyesha,F,287,0,0,70,217
Kyla,F,6354,221,542,1524,4067
Kyla,M,5,0,0,0,5
Kylan,F,19,0,0,5,14
Kylan,M,266,0,5,61,200
Kyle,F,6221,1682,1151,969,2419
Kyle,M,196960,5789,16579,32645,141947
Kylee,F,2986,0,19,530,2437
Kylee,M,82,0,0,7,75
Kyleen,F,443,16,62,77,288
Kyleigh,F,375,0,0,23,352
Kylene,F,1009,19,45,335,610
Kyler,F,35,0,0,0,35
Kyler,M,1024,5,42,110,867
Kyley,F,226,0,0,49,177
Kyley,M,58,0,0,23,35
Kyli,F,206,0,0,34,172
Kylie,F,6736,0,39,1256,5441
Kylie,M,123,0,0,46,77
Kym,F,1244,358,611,193,82
Kym,M,142,87,43,0,12
Kymberlee,F,288,0,44,72,172
Kymberli,F,271,0,48,72,151
Kymberly,F,1809,72,459,461,817
Kyna,F,727,106,109,267,245
Kyndal,F,205,0,5,6,194
Kyndra,F,678,0,23,228,427
Kyra,F,4457,251,715,1238,2253
Kyrie,F,545,0,7,49,489
Kyrie,M,18,0,0,0,18
Kyron,M,430,5,14,167,244
Kyrsten,F,223,0,6,40,177
Kysha,F,342,0,6,230,106
La,F,737,30,153,250,304
La,M,127,8,25,35,59
Lacee,F,925,0,6,112,807
Lacey,F,24112,145,371,2823,20773
Lacey,M,686,171,156,156,203
Lachanda,F,303,0,13,190,100
Lachandra,F,448,0,15,254,179
Lachelle,F,1617,58,356,583,620
Laci,F,3056,0,33,418,2605
Lacie,F,3908,17,83,650,3158
Lacinda,F,838,187,287,189,175
Lacole,F,218,0,0,73,145
Lacosta,F,223,0,0,149,74
Lacrecia,F,336,10,54,151,121
Lacresha,F,925,0,33,374,518
Lacretia,F,789,35,143,335,276
Lacrisha,F,323,0,5,123,195
Lacy,F,10641,174,345,1717,8405
Lacy,M,2023,772,558,399,294
Ladana,F,296,0,93,104,99
Ladarius,M,426,0,0,20,406
Ladawn,F,1389,142,379,573,295
Ladawna,F,284,6,94,96,88
Ladd,M,655,180,242,134,99
Laddie,F,5,5,0,0,0
Laddie,M,366,213,104,37,12
Ladean,F,208,106,79,18,5
Ladean,M,5,5,0,0,0
Ladeana,F,273,44,121,95,13
Ladell,F,162,87,36,39,0
Ladell,M,504,106,127,143,128
Ladena,F,366,81,126,108,51
Ladon,F,247,79,78,81,9
Ladon,M,631,112,162,206,151
Ladona,F,491,149,151,137,54
Ladonna,F,15575,3790,5422,3867,2496
Ladora,F,292,69,100,49,74
Lady,F,388,96,98,102,92
Lael,F,598,174,124,144,156
Lael,M,255,11,23,155,66
Lafayette,F,11,0,5,6,0
Lafayette,M,1708,499,466,401,342
Lafe,M,258,53,61,68,76
Lafonda,F,671,122,226,232,91
Lagina,F,381,8,139,131,103
Lahoma,F,479,85,207,170,17
Laila,F,1524,136,220,474,694
Laina,F,854,56,204,236,358
Laine,F,1016,141,135,181,559
Laine,M,486,117,153,94,122
Lainey,F,211,0,6,10,195
Lainie,F,706,0,201,371,134
Laird,M,780,392,217,119,52
Lajoyce,F,223,67,62,52,42
Lajuan,F,596,153,182,181,80
Lajuan,M,551,10,29,262,250
Lajuana,F,1385,395,468,388,134
Lakasha,F,249,0,0,116,133
Lake,M,258,60,38,64,96
Lakeasha,F,236,0,0,112,124
Lakecia,F,559,0,24,274,261
Lakeesha,F,1233,0,0,747,486
Lakeia,F,371,0,0,111,260
Lakeisha,F,10245,0,27,4666,5552
Lakeisha,M,36,0,0,16,20
Lakeita,F,264,0,0,89,175
Lakeith,M,352,0,32,176,144
Lakeitha,F,735,0,23,380,332
Laken,F,593,0,0,0,593
Lakendra,F,1193,0,0,225,968
Lakendrick,M,345,0,0,81,264
Lakenya,F,1046,0,6,479,561
Lakesha,F,7263,0,34,3887,3342
Lakesha,M,6,0,0,6,0
Lakeshia,F,3966,0,22,1705,2239
Lakesia,F,516,0,0,313,203
Laketa,F,580,11,26,251,292
Laketha,F,283,0,0,177,106
Lakeya,F,835,0,0,291,544
Lakeysha,F,1066,0,0,650,416
Lakia,F,1507,0,0,510,997
Lakiesha,F,1574,0,0,752,822
Lakisa,F,263,0,0,160,103
Lakisha,F,11318,0,37,6412,4869
Lakisha,M,12,0,0,12,0
Lakishia,F,383,0,0,223,160
Lakita,F,1336,0,58,543,735
Lakrisha,F,253,0,0,89,164
Lala,F,239,96,68,36,39
Lalena,F,286,0,42,217,27
Lalita,F,520,48,103,182,187
Lam,F,6,0,0,0,6
Lam,M,204,0,0,30,174
Lamanda,F,309,0,28,127,154
Lamar,F,441,90,120,123,108
Lamar,M,15571,2764,2606,4137,6064
Lamarcus,M,1109,0,6,312,791
Lamario,M,292,0,0,68,224
Lamark,M,358,17,98,145,98
Lamarr,F,19,0,6,13,0
Lamarr,M,1630,210,291,522,607
Lambert,M,988,381,257,185,165
Lameka,F,383,0,0,187,196
Lamesha,F,346,0,0,115,231
Lamia,F,229,0,8,54,167
Lamika,F,280,0,0,132,148
Lamisha,F,220,0,0,79,141
Lamon,M,682,108,114,277,183
Lamona,F,241,62,105,63,11
Lamond,M,437,23,52,225,137
Lamonica,F,1159,6,175,642,336
Lamonica,M,6,0,0,6,0
Lamont,F,165,0,34,114,17
Lamont,M,15568,2131,3317,6673,3447
Lamonte,M,1683,259,440,625,359
Lamorris,M,225,24,41,65,95
Lan,F,433,0,0,97,336
Lan,M,187,31,10,38,108
Lana,F,25971,8932,8320,5235,3484
Lana,M,5,0,5,0,0
Lanae,F,1147,170,270,285,422
Lance,F,328,17,68,122,121
Lance,M,70997,9720,20034,21791,19452
Lancelot,M,222,23,37,52,110
Landa,F,498,175,148,110,65
Landen,M,291,0,6,58,227
Landis,F,90,29,0,11,50
Landis,M,765,203,163,170,229
Landon,F,123,0,0,26,97
Landon,M,8897,337,682,1912,5966
Landra,F,311,84,82,74,71
Landry,F,27,0,0,0,27
Landry,M,480,70,60,129,221
Landy,F,101,11,10,27,53
Landy,M,362,136,91,71,64
Lane,F,1411,348,247,203,613
Lane,M,7883,1993,2416,1578,1896
Lanea,F,203,11,19,68,105
Lanee,F,316,0,79,104,133
Laneisha,F,275,0,0,43,232
Lanell,F,1052,371,302,248,131
Lanell,M,206,16,42,90,58
Lanelle,F,563,163,141,162,97
Lanesha,F,451,0,0,136,315
Lanessa,F,223,0,8,92,123
Lanetta,F,855,176,241,305,133
Lanette,F,4099,910,1600,1024,565
Laney,F,599,64,87,151,297
Laney,M,154,80,57,11,6
Lang,F,6,0,0,0,6
Lang,M,285,50,65,66,104
Langdon,M,253,61,62,75,55
Langston,M,557,94,92,145,226
Lani,F,3530,894,887,911,838
Lani,M,96,44,31,10,11
Lanice,F,220,23,51,86,60
Lanie,F,759,101,157,230,271
Lanie,M,10,5,0,5,0
Laniece,F,274,0,36,105,133
Lanier,F,33,10,6,5,12
Lanier,M,439,114,105,117,103
Lanika,F,354,0,0,139,215
Lanise,F,353,12,64,149,128
Lanisha,F,669,0,0,212,457
Lanita,F,2653,616,806,718,513
Lanna,F,911,211,243,243,214
Lannette,F,509,88,199,148,74
Lannie,F,395,190,97,73,35
Lannie,M,1033,517,256,170,90
Lanny,F,35,18,0,6,11
Lanny,M,5009,2749,1222,748,290
Lanora,F,885,225,289,205,166
Lansing,M,221,116,64,23,18
Lantz,M,264,35,49,92,88
Laporsha,F,293,0,0,9,284
Laquan,F,160,0,0,87,73
Laquan,M,566,0,0,156,410
Laquana,F,563,0,0,193,370
Laquanda,F,1192,0,14,409,769
Laquandra,F,271,0,0,53,218
Laquanta,F,257,0,0,74,183
Laquesha,F,484,0,0,109,375
Laqueta,F,306,39,44,106,117
Laquetta,F,822,103,123,247,349
Laquinta,F,936,8,18,323,587
Laquinta,M,27,0,0,5,22
Laquisha,F,1659,0,8,498,1153
Laquita,F,4600,468,553,1438,2141
Laquitta,F,592,32,79,201,280
Lara,F,17460,241,4195,7612,5412
Lara,M,23,0,12,5,6
Larae,F,1798,471,527,398,402
Laraine,F,1447,863,338,127,119
Laramie,F,171,6,0,39,126
Laramie,M,500,5,19,165,311
Laray,F,201,21,69,59,52
Laray,M,228,28,46,62,92
Laree,F,753,245,208,138,162
Lareina,F,252,0,14,107,131
Laren,F,289,27,22,38,202
Laren,M,243,65,56,62,60
Larena,F,478,58,127,153,140
Larence,M,272,138,58,29,47
Larenda,F,327,37,101,108,81
Larene,F,248,123,82,26,17
Larenzo,M,310,5,29,104,172
Laresa,F,343,13,96,94,140
Laretha,F,208,52,48,79,29
Laretta,F,270,119,85,40,26
Larhonda,F,2236,138,473,933,692
Lari,F,696,184,268,184,60
Lari,M,38,38,0,0,0
Larie,F,266,60,70,99,37
Larina,F,296,6,39,134,117
Larinda,F,484,88,155,143,98
Larisa,F,1773,53,410,605,705
Larisha,F,252,0,0,77,175
Larissa,F,8637,112,786,2920,4819
Larita,F,1156,364,307,267,218
Lark,F,825,430,133,141,121
Lark,M,100,26,59,5,10
Larkin,F,195,5,6,55,129
Larkin,M,513,176,129,99,109
Larnell,M,551,145,120,144,142
Laron,F,113,0,21,72,20
Laron,M,2407,139,289,940,1039
Laronda,F,2045,138,555,810,542
Laroy,M,583,114,150,155,164
Larraine,F,529,301,145,56,27
Larrie,F,205,88,71,39,7
Larrie,M,395,227,89,53,26
Larry,F,2398,995,599,520,284
Larry,M,443696,245698,108582,58138,31278
Lars,M,3017,500,876,826,815
Larson,M,216,16,59,45,96
Larua,F,207,0,26,64,117
Larue,F,436,272,124,34,6
Larue,M,516,203,122,108,83
Larwence,M,270,210,54,6,0
Lary,M,870,461,257,97,55
Laryssa,F,336,0,89,107,140
Lasalle,F,16,0,0,16,0
Lasalle,M,203,39,66,50,48
Lasandra,F,1278,98,323,528,329
Lasaundra,F,283,0,64,107,112
Lasha,F,550,0,18,166,366
Lashae,F,436,0,12,77,347
Lashan,F,492,0,126,304,62
Lashan,M,87,0,8,61,18
Lashana,F,862,0,27,394,441
Lashanda,F,4187,0,165,2157,1865
Lashandra,F,840,0,8,393,439
Lashanna,F,660,0,16,309,335
Lashannon,F,248,0,0,106,142
Lashanta,F,406,0,0,189,217
Lashara,F,232,0,0,66,166
Lashaun,F,1019,5,252,478,284
Lashaun,M,396,0,18,187,191
Lashauna,F,514,0,12,230,272
Lashaunda,F,1237,0,29,552,656
Lashaundra,F,400,0,5,132,263
Lashawn,F,6156,29,1278,3505,1344
Lashawn,M,1538,0,119,832,587
Lashawna,F,1159,0,34,462,663
Lashawnda,F,1757,0,35,774,948
Lashawndra,F,200,0,0,58,142
Lashay,F,927,0,27,238,662
Lashay,M,5,0,0,5,0
Lashea,F,429,0,12,138,279
Lasheena,F,415,0,0,61,354
Lasheka,F,258,0,0,88,170
Lashell,F,777,20,184,306,267
Lashelle,F,803,35,170,334,264
Lashon,F,1360,21,408,790,141
Lashon,M,390,0,44,243,103
Lashona,F,372,0,8,230,134
Lashonda,F,7878,0,239,4137,3502
Lashondra,F,886,0,15,345,526
Lashone,F,391,0,125,231,35
Lashone,M,56,0,0,56,0
Lashonna,F,355,0,27,167,161
Lashun,F,627,0,158,360,109
Lashun,M,214,0,16,137,61
Lashunda,F,2076,0,93,1111,872
Lashundra,F,791,0,7,322,462
Lasondra,F,476,5,75,181,215
Lasonia,F,450,0,142,259,49
Lasonja,F,430,0,126,229,75
Lasonya,F,1620,6,386,892,336
Laszlo,M,413,52,186,98,77
Latania,F,485,5,135,263,82
Latanya,F,9226,523,2121,4655,1927
Latanya,M,23,0,5,13,5
Latara,F,1092,0,23,325,744
Latarsha,F,1908,0,62,1257,589
Latasha,F,26326,9,405,10877,15035
Latasha,M,114,0,0,40,74
Latashia,F,1543,0,53,763,727
Latausha,F,269,0,0,185,84
Latavia,F,745,0,0,132,613
Lataya,F,426,0,0,153,273
Lateasha,F,311,0,6,131,174
Latecia,F,374,0,36,153,185
Lateef,M,527,0,21,289,217
Lateefah,F,462,0,0,254,208
Lateesha,F,316,0,0,114,202
Lateisha,F,675,0,0,203,472
Latesha,F,2279,0,30,934,1315
Lateshia,F,516,0,0,202,314
Latessa,F,213,0,0,95,118
Lathan,M,529,107,96,133,193
Latia,F,1605,0,5,312,1288
Laticia,F,1791,17,254,844,676
Latiesha,F,223,0,0,65,158
Latifa,F,391,0,13,171,207
Latifah,F,342,0,0,101,241
Latika,F,348,0,0,143,205
Latina,F,1741,51,298,810,582
Latisa,F,491,0,73,262,156
Latisha,F,14830,80,500,6643,7607
Latisha,M,38,0,0,17,21
Latishia,F,553,0,41,242,270
Latitia,F,458,18,97,215,128
Latoia,F,255,0,0,69,186
Latona,F,333,22,77,140,94
Latonda,F,246,0,59,127,60
Latonia,F,4849,120,1366,2646,717
Latonia,M,16,0,0,16,0
Latonja,F,659,0,235,343,81
Latonya,F,20275,193,3440,10911,5731
Latonya,M,67,0,0,44,23
Latora,F,462,0,0,151,311
Latoria,F,2003,0,8,559,1436
Latorya,F,486,0,0,117,369
Latosha,F,5762,0,112,2911,2739
Latoshia,F,967,0,23,561,383
Latoya,F,41067,0,71,11459,29537
Latoya,M,179,0,0,58,121
Latoyia,F,1489,0,6,451,1032
Latrease,F,263,0,25,127,111
Latrece,F,580,0,81,286,213
Latrecia,F,414,0,66,198,150
Latrell,F,443,21,72,238,112
Latrell,M,324,0,0,112,212
Latrelle,F,306,65,72,102,67
Latrelle,M,17,0,0,6,11
Latrena,F,246,0,46,149,51
Latrenda,F,473,0,191,164,118
Latresa,F,525,17,119,239,150
Latrese,F,691,0,69,317,305
Latresha,F,413,0,11,195,207
Latressa,F,258,0,38,139,81
Latrica,F,463,0,37,260,166
Latrice,F,7073,45,681,2963,3384
Latrice,M,17,0,0,5,12
Latricia,F,4757,388,1022,2089,1258
Latrina,F,2055,9,241,1208,597
Latrisha,F,1499,0,127,598,774
Latroy,M,506,0,18,253,235
Latunya,F,219,0,51,154,14
Launa,F,1098,301,404,233,160
Laura,F,522523,95526,174185,118204,134608
Laura,M,1719,217,449,454,599
Lauraine,F,294,147,119,23,5
Laural,F,715,253,239,128,95
Lauralee,F,1299,266,391,350,292
Lauralyn,F,299,94,110,65,30
Lauran,F,753,103,125,87,438
Laurance,F,5,0,5,0,0
Laurance,M,796,362,220,107,107
Laure,F,1483,482,606,192,203
Lauree,F,550,193,209,105,43
Laureen,F,5656,2221,2384,557,494
Laurel,F,24771,9439,6366,4065,4901
Laurel,M,368,164,103,44,57
Laurell,F,207,91,54,24,38
Lauren,F,187925,8471,12466,21827,145161
Lauren,M,2522,713,489,380,940
Laurena,F,385,104,103,83,95
Laurence,F,126,29,60,12,25
Laurence,M,14445,6889,4216,1938,1402
Laurene,F,2155,1041,765,188,161
Laurent,M,697,197,178,140,182
Lauretta,F,2327,1256,673,241,157
Laurette,F,1263,580,493,129,61
Laurey,F,225,114,92,14,5
Lauri,F,10672,2478,5561,2095,538
Lauri,M,37,37,0,0,0
Lauria,F,263,54,122,47,40
Laurianne,F,224,38,114,50,22
Laurice,F,915,289,253,222,151
Laurice,M,65,11,14,33,7
Laurie,F,155842,46964,74451,26101,8326
Laurie,M,712,285,268,130,29
Laurieann,F,405,5,248,115,37
Laurin,F,820,85,145,141,449
Laurin,M,170,97,47,26,0
Laurinda,F,1111,356,435,229,91
Laurine,F,672,325,254,74,19
Laurissa,F,298,0,18,108,172
Laurita,F,332,176,93,31,32
Lauro,M,851,173,177,229,272
Laury,F,707,218,307,124,58
Laury,M,28,28,0,0,0
Lauryn,F,1341,19,85,138,1099
Lavada,F,987,397,286,186,118
Lavanda,F,325,79,89,96,61
Lavar,F,11,0,0,6,5
Lavar,M,1207,18,10,605,574
Lavaughn,F,149,75,49,25,0
Lavaughn,M,322,80,56,102,84
Laveda,F,433,139,124,113,57
Lavell,F,99,30,52,12,5
Lavell,M,1312,163,270,424,455
Lavelle,F,368,105,110,106,47
Lavelle,M,1092,133,208,359,392
Lavena,F,393,103,127,96,67
Lavenia,F,544,185,156,148,55
Lavera,F,583,210,176,100,97
Lavern,F,2707,1398,884,299,126
Lavern,M,2043,960,602,281,200
Laverna,F,667,328,211,103,25
Laverne,F,10253,5772,3271,958,252
Laverne,M,1885,969,561,244,111
Laveta,F,443,181,146,77,39
Lavetta,F,745,175,256,188,126
Lavette,F,1072,77,409,375,211
Lavina,F,1290,422,309,329,230
Lavinia,F,1289,362,380,350,197
Lavita,F,613,83,171,187,172
Lavon,F,1906,751,575,361,219
Lavon,M,1679,365,346,394,574
Lavona,F,420,177,127,69,47
Lavonda,F,2877,480,958,865,574
Lavone,F,397,157,141,68,31
Lavone,M,52,5,6,7,34
Lavonia,F,748,199,209,227,113
Lavonna,F,1083,341,384,196,162
Lavonne,F,5538,2498,1762,892,386
Lavonne,M,84,17,18,30,19
Lavonya,F,239,0,38,135,66
Lavren,F,342,18,34,21,269
Lawana,F,2037,633,653,573,178
Lawanda,F,9773,1266,2315,4533,1659
Lawanda,M,6,0,0,6,0
Lawanna,F,1782,462,524,565,231
Lawayne,F,10,5,5,0,0
Lawayne,M,246,58,58,75,55
Lawerance,M,461,251,138,49,23
Lawerence,M,1746,957,416,210,163
Lawernce,M,443,244,114,66,19
Lawonda,F,302,6,82,155,59
Lawrance,M,1265,567,362,208,128
Lawren,F,348,10,5,54,279
Lawren,M,53,0,15,5,33
Lawrence,F,960,276,259,248,177
Lawrence,M,188752,91110,51342,26662,19638
Lawson,M,1208,416,296,219,277
Lawton,M,652,231,166,127,128
Layla,F,2450,19,24,1355,1052
Laymon,M,236,129,62,45,0
Layna,F,413,46,94,106,167
Layne,F,1128,267,178,182,501
Layne,M,2987,882,1025,548,532
Layton,M,1049,291,244,196,318
Lazaro,M,2369,254,362,686,1067
Lazarus,M,556,76,72,157,251
Le,F,611,104,184,119,204
Le,M,296,68,50,72,106
Lea,F,15779,2889,4493,4453,3944
Lea,M,206,61,61,42,42
Leaann,F,438,49,173,127,89
Leah,F,75904,5960,12743,21145,36056
Leah,M,262,0,32,76,154
Leaha,F,267,0,32,96,139
Leamon,M,764,322,214,134,94
Lean,F,422,33,93,102,194
Leana,F,1394,235,247,398,514
Leander,F,23,5,0,18,0
Leander,M,2075,603,576,487,409
Leandra,F,2718,187,362,696,1473
Leandra,M,29,0,0,0,29
Leandre,F,10,0,0,0,10
Leandre,M,506,10,49,145,302
Leandrea,F,358,5,40,112,201
Leandrew,M,457,121,111,94,131
Leandro,M,1384,243,313,390,438
Leane,F,431,66,161,110,94
Leann,F,17930,3411,6057,4140,4322
Leann,M,7,0,0,0,7
Leanna,F,9155,1337,1863,2261,3694
Leanna,M,5,0,0,0,5
Leanne,F,21481,3587,7066,5063,5765
Leanne,M,5,0,0,0,5
Leanora,F,466,201,131,59,75
Leasa,F,916,170,502,179,65
Leasha,F,239,0,111,68,60
Leatha,F,1685,680,619,258,128
Leatrice,F,1525,590,439,286,210
Lebron,M,271,93,70,59,49
Lecia,F,1072,217,586,166,103
Leda,F,1014,389,317,166,142
Ledell,F,5,5,0,0,0
Ledell,M,290,121,69,55,45
Lee,F,37293,13861,13100,6590,3742
Lee,M,107360,35826,30200,21546,19788
Leea,F,249,0,72,72,105
Leeann,F,9519,1357,3053,2328,2781
Leeanna,F,1380,134,246,367,633
Leeanne,F,2125,249,682,532,662
Leela,F,331,17,47,109,158
Leeland,M,310,74,67,84,85
Leena,F,599,0,46,195,358
Leeroy,M,997,281,281,208,227
Leesa,F,3663,1125,1439,622,477
Leesha,F,267,0,71,92,104
Leetta,F,200,94,69,27,10
Lehman,M,280,120,71,54,35
Lei,F,429,124,160,87,58
Lei,M,10,0,0,5,5
Leia,F,1728,16,220,518,974
Leida,F,290,64,77,89,60
Leif,F,5,0,0,0,5
Leif,M,3717,442,886,1158,1231
Leigh,F,34654,4081,10705,11411,8457
Leigh,M,2902,943,768,600,591
Leigha,F,1337,0,91,292,954
Leighann,F,1898,18,324,508,1048
Leighanna,F,223,0,0,45,178
Leighanne,F,738,12,114,209,403
Leighton,F,63,6,0,0,57
Leighton,M,1629,383,308,389,549
Leila,F,7048,1740,1578,1624,2106
Leilani,F,4693,713,1011,1315,1654
Leisa,F,4764,1212,2604,640,308
Leisha,F,1596,74,816,383,323
Leita,F,210,105,66,27,12
Leith,F,92,35,37,20,0
Leith,M,264,30,59,90,85
Leitha,F,221,88,104,29,0
Lekeisha,F,670,0,0,284,386
Lekesha,F,617,0,0,340,277
Lekeshia,F,368,0,0,176,192
Lekisha,F,860,0,0,440,420
Lela,F,5792,2382,1478,1068,864
Lelah,F,215,50,42,64,59
Leland,F,56,11,22,11,12
Leland,M,13171,5256,3528,2284,2103
Lelia,F,2463,1117,687,359,300
Lemar,M,887,121,135,230,401
Lemont,M,536,78,142,220,96
Lemuel,M,3124,1001,882,670,571
Len,F,92,52,30,10,0
Len,M,2427,829,896,494,208
Lena,F,20188,5732,5193,4680,4583
Lena,M,16,5,0,11,0
Lenae,F,360,35,99,89,137
Lenard,M,3349,1206,938,663,542
Lenda,F,432,281,109,33,9
Lendell,M,377,145,113,67,52
Lene,F,203,10,80,43,70
Lenee,F,386,40,117,98,131
Lenell,F,198,88,57,35,18
Lenell,M,362,89,82,99,92
Lenetta,F,292,112,97,59,24
Lenette,F,809,206,321,176,106
Leni,F,226,89,62,40,35
Lenice,F,236,91,73,53,19
Lenin,M,247,0,5,95,147
Lenise,F,607,133,185,147,142
Lenita,F,846,248,262,189,147
Lenn,F,6,6,0,0,0
Lenn,M,357,149,113,69,26
Lenna,F,771,269,202,155,145
Lennard,M,572,181,164,129,98
Lennette,F,300,93,126,58,23
Lennie,F,717,341,178,138,60
Lennie,M,1644,584,568,320,172
Lennis,F,104,85,14,5,0
Lennis,M,542,247,164,73,58
Lennon,F,11,0,0,0,11
Lennon,M,616,124,134,121,237
Lennox,M,231,37,52,65,77
Lenny,F,169,55,44,52,18
Lenny,M,4365,994,1514,1192,665
Lenoard,M,237,130,83,14,10
Lenora,F,10589,4588,3560,1527,914
Lenord,M,369,188,127,35,19
Lenore,F,6084,2775,1927,1030,352
Lenton,M,216,104,55,35,22
Lenwood,M,897,391,244,161,101
Leo,F,230,82,52,54,42
Leo,M,34929,15536,9487,5365,4541
Leobardo,M,723,104,93,208,318
Leodis,M,212,100,55,42,15
Leola,F,3066,1740,730,372,224
Leon,F,444,127,129,115,73
Leon,M,52645,21341,13823,9854,7627
Leona,F,12715,5641,3695,2024,1355
Leonard,F,563,179,165,128,91
Leonard,M,98264,43551,28441,15805,10467
Leonarda,F,250,90,52,53,55
Leonardo,F,22,0,0,5,17
Leonardo,M,7940,879,1400,2467,3194
Leoncio,M,206,25,33,50,98
Leondra,F,352,0,56,127,169
Leondra,M,5,0,0,5,0
Leone,F,331,200,101,18,12
Leone,M,15,5,0,10,0
Leonel,M,4078,476,633,1083,1886
Leonela,F,272,0,0,0,272
Leonette,F,200,84,65,33,18
Leonia,F,285,129,70,46,40
Leonidas,M,471,83,112,134,142
Leonides,F,12,0,0,5,7
Leonides,M,257,19,87,73,78
Leonie,F,268,73,73,58,64
Leonna,F,298,43,66,60,129
Leonor,F,2174,549,599,579,447
Leonora,F,1713,610,513,360,230
Leonore,F,380,144,107,86,43
Leontyne,F,213,26,104,40,43
Leopold,M,531,185,127,125,94
Leopoldo,M,2351,434,471,694,752
Leora,F,1850,648,468,332,402
Leota,F,678,370,182,97,29
Leotis,M,485,174,133,106,72
Lequita,F,434,61,71,143,159
Lera,F,369,154,95,56,64
Leron,M,872,73,118,350,331
Lerone,M,326,6,79,150,91
Leroy,F,407,186,110,61,50
Leroy,M,53816,24588,15220,8408,5600
Les,F,32,26,6,0,0
Les,M,2352,790,1072,307,183
Lesa,F,11022,2472,6310,1693,547
Lesa,M,12,0,12,0,0
Lesha,F,948,16,476,252,204
Leshawn,F,283,0,55,161,67
Leshawn,M,344,0,6,187,151
Leshia,F,510,0,348,91,71
Lesia,F,3117,496,2094,431,96
Leslea,F,327,50,98,105,74
Leslee,F,3503,1040,910,824,729
Leslee,M,80,18,21,31,10
Lesleigh,F,271,14,36,99,122
Lesley,F,22383,3125,5137,7719,6402
Lesley,M,2661,809,848,628,376
Lesli,F,3290,480,1190,997,623
Leslie,F,181070,43049,54453,44839,38729
Leslie,M,46163,21381,13724,7194,3864
Leslieann,F,287,0,24,66,197
Lesly,F,1152,157,331,227,437
Lesly,M,310,36,76,81,117
Leslye,F,1053,381,325,183,164
Lessie,F,1705,890,469,187,159
Lessie,M,179,99,52,23,5
Lester,F,304,147,94,46,17
Lester,M,34989,16568,9741,5110,3570
Leta,F,2994,1439,864,426,265
Letasha,F,263,0,0,97,166
Letecia,F,440,11,112,182,135
Letha,F,4144,1662,1511,671,300
Lethia,F,291,112,120,53,6
Letia,F,272,11,27,79,155
Leticia,F,30333,3704,8312,10156,8161
Leticia,M,189,0,36,75,78
Letisha,F,1623,6,116,708,793
Letisia,F,696,26,129,285,256
Letitia,F,7533,1205,2645,2482,1201
Letoya,F,258,0,0,92,166
Letrice,F,372,0,60,162,150
Letricia,F,468,64,146,166,92
Letticia,F,417,24,94,149,150
Lettie,F,1208,628,324,173,83
Letty,F,931,318,350,169,94
Levan,M,270,86,70,75,39
Levar,F,9,0,0,9,0
Levar,M,1452,0,0,952,500
Levell,M,374,111,72,96,95
Levern,F,140,102,38,0,0
Levern,M,904,506,222,106,70
Leverne,F,174,107,62,5,0
Leverne,M,354,186,117,41,10
Levert,M,238,77,65,48,48
Levester,M,395,166,120,71,38
Levette,F,241,23,103,88,27
Levi,F,169,0,0,42,127
Levi,M,19944,1997,1501,3798,12648
Levin,M,321,63,81,71,106
Leviticus,M,203,5,7,82,109
Levon,F,244,117,67,40,20
Levon,M,2141,544,368,540,689
Levonne,F,212,96,74,24,18
Levonne,M,21,0,6,5,10
Levy,M,804,253,179,159,213
Lew,F,10,10,0,0,0
Lew,M,822,394,250,106,72
Lewis,F,308,81,85,83,59
Lewis,M,43174,18133,11683,7517,5841
Lex,M,1171,529,316,162,164
Lexi,F,535,12,46,91,386
Lexie,F,1012,263,153,141,455
Lexie,M,119,67,36,11,5
Leya,F,203,0,17,82,104
Leyla,F,693,23,73,354,243
Leyna,F,233,0,0,6,227
Leza,F,284,42,137,63,42
Lezlee,F,385,97,141,88,59
Lezli,F,270,53,113,77,27
Lezlie,F,1776,496,646,380,254
Lia,F,3729,273,790,1060,1606
Liam,M,2828,117,400,784,1527
Liana,F,3871,367,637,1130,1737
Liane,F,2933,745,873,746,569
Liann,F,292,65,85,68,74
Lianna,F,799,31,93,154,521
Lianne,F,1980,396,605,399,580
Libbie,F,436,161,140,79,56
Libby,F,5746,1669,2070,1120,887
Libby,M,5,5,0,0,0
Liberty,F,1385,10,46,809,520
Liberty,M,97,5,0,75,17
Libra,F,218,0,5,194,19
Librado,M,536,137,125,139,135
Licia,F,638,93,297,143,105
Lida,F,950,356,258,175,161
Lidia,F,3604,708,830,969,1097
Lien,F,294,0,0,52,242
Liesa,F,385,104,209,62,10
Liesel,F,324,5,71,86,162
Liesl,F,931,0,377,246,308
Ligia,F,407,12,82,128,185
Liisa,F,417,69,173,114,61
Lila,F,7963,3569,1905,1234,1255
Lilah,F,403,74,60,121,148
Lili,F,1052,348,263,201,240
Lilia,F,4169,712,923,1353,1181
Lilia,M,5,0,0,0,5
Lilian,F,1697,190,315,475,717
Liliana,F,6003,77,331,1633,3962
Liliana,M,77,0,0,5,72
Lilibeth,F,235,0,0,34,201
Lilla,F,356,158,108,64,26
Lilli,F,562,231,172,60,99
Lillia,F,291,107,74,43,67
Lilliam,F,453,95,166,110,82
Lillian,F,37869,16509,10606,5364,5390
Lillian,M,137,51,57,15,14
Lilliana,F,768,20,85,218,445
Lillie,F,15903,9622,3873,1404,1004
Lillie,M,50,33,17,0,0
Lilly,F,3894,1416,1134,630,714
Lily,F,6502,1426,1148,1220,2708
Lily,M,6,0,0,0,6
Lin,F,561,269,166,45,81
Lin,M,422,205,142,38,37
Lina,F,4078,746,909,1050,1373
Lina,M,5,0,0,0,5
Lincoln,F,16,0,0,0,16
Lincoln,M,4554,818,1260,1318,1158
Linda,F,858537,564364,225454,45900,22819
Linda,M,2239,1169,684,224,162
Linde,F,355,103,80,106,66
Lindee,F,218,37,36,47,98
Lindell,F,205,148,35,22,0
Lindell,M,1104,491,293,186,134
Linden,F,346,98,31,28,189
Linden,M,932,391,231,127,183
Linder,F,216,146,70,0,0
Lindi,F,754,125,134,209,286
Lindia,F,284,186,93,5,0
Lindie,F,260,62,37,76,85
Lindley,F,298,11,31,35,221
Lindley,M,197,102,62,23,10
Lindon,M,381,151,97,60,73
Lindsay,F,82380,948,583,12358,68491
Lindsay,M,2927,1047,814,408,658
Lindsey,F,80796,602,520,7734,71940
Lindsey,M,4252,1412,1049,708,1083
Lindsi,F,422,0,0,53,369
Lindsie,F,442,0,0,43,399
Lindsy,F,1157,0,0,153,1004
Lindy,F,5401,1234,922,1468,1777
Lindy,M,746,383,207,95,61
Linell,F,215,141,29,40,5
Linell,M,120,40,26,31,23
Linette,F,3117,620,1077,956,464
Linford,M,242,100,73,32,37
Linh,F,622,0,0,64,558
Linh,M,156,0,0,16,140
Link,M,399,73,153,138,35
Linn,F,631,305,198,83,45
Linn,M,655,339,180,89,47
Linna,F,275,88,54,32,101
Linnea,F,3309,990,682,700,937
Linnette,F,829,219,269,202,139
Linnie,F,921,488,240,128,65
Linnie,M,268,101,102,50,15
Lino,M,1456,293,360,363,440
Linsay,F,425,0,0,55,370
Linsey,F,2605,15,8,423,2159
Linsey,M,101,48,25,5,23
Linton,M,814,308,212,153,141
Linus,M,759,281,234,138,106
Linwood,M,4999,2316,1398,805,480
Linzi,F,223,0,0,29,194
Linzy,F,231,0,0,21,210
Linzy,M,196,89,68,12,27
Lionel,F,34,5,0,0,29
Lionel,M,12892,3632,3466,2426,3368
Lionell,M,982,286,249,199,248
Lis,F,210,29,83,53,45
Lisa,F,924111,95824,496987,228690,102610
Lisa,M,2710,188,1292,804,426
Lisaann,F,560,14,296,154,96
Lisabeth,F,1052,332,385,186,149
Lisamarie,F,1213,7,250,326,630
Lisandra,F,719,26,108,283,302
Lisandro,M,311,7,11,123,170
Lisanne,F,387,65,185,66,71
Lisbeth,F,1749,598,441,296,414
Lise,F,2564,1084,1006,334,140
Liset,F,378,0,16,90,272
Lisette,F,4718,263,1048,1737,1670
Lisha,F,2101,33,1157,530,381
Lissa,F,3040,761,989,693,597
Lisset,F,328,0,20,94,214
Lissett,F,298,0,23,121,154
Lissette,F,4166,28,761,1624,1753
Lissette,M,5,0,0,0,5
Liston,M,261,111,73,41,36
Lita,F,1897,779,674,238,206
Litisha,F,234,0,5,123,106
Little,F,134,30,29,47,28
Little,M,770,167,210,248,145
Liv,F,217,10,5,129,73
Livia,F,1041,276,248,266,251
Livingston,M,238,92,59,26,61
Liz,F,6421,1761,3392,657,611
Liza,F,10802,763,2694,4263,3082
Liza,M,14,0,0,9,5
Lizabeth,F,3660,1325,1129,611,595
Lizanne,F,398,154,196,21,27
Lizbeth,F,2841,632,452,512,1245
Lizet,F,625,0,17,114,494
Lizeth,F,1050,0,0,208,842
Lizett,F,358,0,0,59,299
Lizette,F,4996,234,1147,1161,2454
Lizette,M,5,0,0,0,5
Lizzette,F,897,10,233,261,393
Lizzie,F,3443,1765,844,466,368
Llewellyn,F,24,24,0,0,0
Llewellyn,M,1138,421,326,232,159
Lloyd,F,224,92,64,23,45
Lloyd,M,45460,20619,13430,6813,4598
Lluvia,F,232,0,0,48,184
Loan,F,324,0,0,56,268
Loann,F,209,137,72,0,0
Logan,F,1455,0,0,106,1349
Logan,M,16547,532,547,1485,13983
Loida,F,428,76,121,130,101
Lois,F,53735,36200,13254,2884,1397
Lois,M,332,147,91,52,42
Lola,F,10850,5542,2864,1591,853
Loleta,F,395,123,119,119,34
Loletha,F,234,55,96,65,18
Lolita,F,5485,978,2496,1348,663
Loma,F,318,184,113,11,10
Lon,F,15,5,10,0,0
Lon,M,5384,2396,1723,898,367
Lona,F,2916,1171,946,503,296
Londa,F,1418,446,568,291,113
Londell,M,383,65,79,156,83
London,F,651,0,78,161,412
London,M,847,70,180,202,395
Lonell,M,480,145,112,109,114
Lonetta,F,208,37,82,65,24
Long,M,877,0,0,146,731
Loni,F,2811,286,435,356,1734
Loni,M,108,16,37,42,13
Lonie,F,206,94,68,12,32
Lonie,M,203,88,63,42,10
Lonita,F,262,80,95,57,30
Lonn,M,344,111,134,90,9
Lonna,F,2141,731,789,409,212
Lonnell,M,726,131,171,227,197
Lonney,M,212,82,76,43,11
Lonni,F,326,111,77,69,69
Lonni,M,19,5,14,0,0
Lonnie,F,2640,1149,767,429,295
Lonnie,M,49102,19198,15120,9649,5135
Lonny,F,56,25,26,0,5
Lonny,M,4777,1576,1767,1052,382
Lonzell,M,264,93,31,85,55
Lonzie,M,243,114,76,36,17
Lonzo,M,1089,447,260,220,162
Lora,F,32374,6305,14170,7769,4130
Lora,M,75,7,51,12,5
Lorain,F,288,145,112,31,0
Loraine,F,4773,2128,1544,688,413
Loralee,F,1063,319,362,241,141
Loralie,F,310,75,121,81,33
Loralyn,F,307,120,139,38,10
Loran,F,383,50,92,58,183
Loran,M,1236,453,403,209,171
Lorayne,F,222,124,79,14,5
Lore,F,860,296,375,122,67
Loreal,F,699,0,0,140,559
Lorean,F,223,123,35,0,65
Loredana,F,236,5,59,92,80
Loree,F,2046,588,834,421,203
Loreen,F,2281,865,993,276,147
Lorelei,F,3351,1269,1020,633,429
Loreli,F,221,88,85,25,23
Lorelle,F,443,115,108,120,100
Loren,F,5322,635,1082,951,2654
Loren,M,20612,6617,6353,4010,3632
Lorena,F,17607,1655,3534,5860,6558
Lorena,M,161,0,5,51,105
Lorenda,F,705,153,282,172,98
Lorene,F,7029,3368,2309,885,467
Lorene,M,10,0,10,0,0
Lorenz,M,309,100,85,70,54
Lorenza,F,1039,317,263,242,217
Lorenza,M,1706,648,464,382,212
Lorenzo,F,259,18,66,78,97
Lorenzo,M,23287,4911,5923,5381,7072
Loreta,F,292,134,94,47,17
Loretha,F,903,380,331,137,55
Loretta,F,64383,30394,22070,8640,3279
Loretta,M,175,80,80,10,5
Lorette,F,420,202,153,60,5
Lorey,F,260,55,131,59,15
Lori,F,332052,56070,176560,77777,21645
Lori,M,853,98,412,261,82
Loria,F,1318,122,802,269,125
Loriann,F,3247,154,1763,901,429
Lorianne,F,1267,69,539,396,263
Lorie,F,20642,3466,10619,5292,1265
Lorie,M,70,21,37,12,0
Lorien,F,488,0,38,247,203
Lorilee,F,767,216,312,157,82
Lorilyn,F,283,88,114,76,5
Lorin,F,1294,136,245,277,636
Lorin,M,2184,665,712,445,362
Lorina,F,916,135,251,261,269
Lorinda,F,3763,973,1443,973,374
Lorine,F,1540,708,539,211,82
Loring,F,22,12,0,10,0
Loring,M,416,198,129,63,26
Loris,F,494,250,135,80,29
Loris,M,76,40,31,0,5
Lorisa,F,277,13,62,106,96
Lorissa,F,548,0,48,220,280
Lorita,F,885,332,306,184,63
Lorn,M,319,102,105,77,35
Lorna,F,13616,6649,4652,1396,919
Lorna,M,15,0,15,0,0
Lorne,F,33,6,17,0,10
Lorne,M,2817,243,1441,660,473
Lorra,F,420,69,200,103,48
Lorrain,F,272,105,115,34,18
Lorraine,F,66955,33593,22251,7002,4109
Lorraine,M,164,83,69,5,7
Lorre,F,398,139,222,37,0
Lorretta,F,1332,479,484,271,98
Lorri,F,7904,1964,4564,1143,233
Lorriane,F,434,105,187,107,35
Lorrie,F,16229,4335,8235,3063,596
Lorrie,M,50,34,16,0,0
Lorrine,F,398,168,155,53,22
Lorry,F,941,311,414,165,51
Lorry,M,106,90,16,0,0
Lory,F,1920,533,762,442,183
Lory,M,115,90,25,0,0
Loryn,F,342,26,34,72,210
Lotoya,F,443,0,0,147,296
Lottie,F,3256,1680,859,423,294
Lou,F,13065,9084,3037,767,177
Lou,M,1352,513,413,259,167
Louann,F,3626,1739,1276,439,172
Louanna,F,441,159,145,101,36
Louanne,F,1154,564,416,130,44
Loucinda,F,204,52,86,50,16
Louella,F,1995,1150,508,214,123
Louetta,F,282,171,88,23,0
Louie,F,268,116,81,49,22
Louie,M,9023,3437,2495,1771,1320
Louis,F,817,254,210,176,177
Louis,M,118814,47933,33382,20145,17354
Louisa,F,4890,1442,1371,1005,1072
Louise,F,41629,25852,10894,2918,1965
Louise,M,432,160,112,61,99
Loura,F,428,81,204,93,50
Lourdes,F,8633,1475,3064,2235,1859
Lourdes,M,63,0,12,28,23
Lourie,F,558,75,310,141,32
Louvenia,F,781,459,192,83,47
Love,F,484,22,62,261,139
Love,M,121,28,5,59,29
Lovell,F,92,52,22,12,6
Lovell,M,1229,374,309,315,231
Lovella,F,336,153,100,66,17
Lovely,F,321,49,25,88,159
Lovetta,F,438,154,159,79,46
Lovette,F,301,36,94,104,67
Lovie,F,965,408,226,178,153
Lovie,M,169,54,61,16,38
Lovina,F,472,102,102,113,155
Lowanda,F,333,68,125,128,12
Lowell,F,33,23,0,0,10
Lowell,M,10810,4916,3374,1532,988
Loy,F,256,161,74,21,0
Loy,M,1002,451,285,178,88
Loyal,M,633,254,206,97,76
Loyce,F,677,446,184,34,13
Loyce,M,143,82,40,21,0
Loyd,M,4378,2112,1212,653,401
Ltanya,F,506,208,160,128,10
Lu,F,2893,2021,747,100,25
Luan,F,329,214,115,0,0
Luan,M,104,0,0,25,79
Luana,F,1741,624,604,304,209
Luann,F,13741,8621,4116,763,241
Luann,M,6,6,0,0,0
Luanna,F,860,301,331,149,79
Luanne,F,7014,4148,2334,385,147
Luba,F,270,174,81,15,0
Luc,M,345,34,86,69,156
Luca,F,14,0,0,0,14
Luca,M,421,0,48,121,252
Lucas,F,168,0,0,42,126
Lucas,M,36101,339,857,8817,26088
Lucero,F,512,0,10,113,389
Lucero,M,24,0,0,0,24
Luci,F,1027,208,418,236,165
Lucia,F,10865,2501,2547,2476,3341
Lucia,M,61,0,5,12,44
Lucian,F,11,0,0,11,0
Lucian,M,1320,448,300,272,300
Luciana,F,1660,54,122,1082,402
Luciano,M,2272,403,503,588,778
Lucie,F,1291,520,347,195,229
Lucien,M,1528,518,345,321,344
Lucienne,F,243,84,65,33,61
Lucila,F,1149,259,273,286,331
Lucile,F,1060,708,218,80,54
Lucilla,F,296,116,83,64,33
Lucille,F,18921,12048,4418,1402,1053
Lucille,M,20,20,0,0,0
Lucina,F,442,78,104,124,136
Lucinda,F,21532,8988,6697,3644,2203
Lucinda,M,11,11,0,0,0
Lucio,M,1813,339,370,500,604
Lucious,M,1331,589,299,250,193
Lucius,M,2017,737,513,413,354
Lucky,F,87,41,13,5,28
Lucky,M,1150,355,320,243,232
Lucrecia,F,617,75,148,239,155
Lucretia,F,5273,1311,1552,1568,842
Lucus,M,577,0,10,179,388
Lucy,F,30742,13644,8671,3700,4727
Lucy,M,79,43,6,6,24
Ludivina,F,359,71,91,131,66
Ludwig,M,466,175,134,75,82
Lue,F,927,626,242,54,5
Lue,M,175,62,14,18,81
Luella,F,1793,947,502,212,132
Luellen,F,239,144,90,5,0
Luetta,F,233,147,69,12,5
Lugene,F,384,329,55,0,0
Lugene,M,282,143,85,31,23
Luigi,M,1751,160,513,564,514
Luis,F,834,75,132,241,386
Luis,M,87110,9790,15907,23966,37447
Luisa,F,4290,715,974,1131,1470
Luisa,M,25,0,0,12,13
Luisana,F,352,0,0,0,352
Luiz,M,930,81,135,240,474
Lukas,M,2392,0,46,446,1900
Luke,F,224,0,0,46,178
Luke,M,43706,2308,4071,10283,27044
Lukus,M,212,0,0,43,169
Lula,F,5903,3819,1373,501,210
Lulu,F,502,213,145,113,31
Luna,F,255,44,29,67,115
Lupe,F,5735,2287,1971,964,513
Lupe,M,2166,832,715,392,227
Lupita,F,1785,379,390,435,581
Lura,F,1631,626,470,283,252
Lurdes,F,296,12,105,107,72
Lus,F,346,20,92,137,97
Luster,M,256,147,79,24,6
Luther,F,57,41,16,0,0
Luther,M,15097,6479,4069,2615,1934
Lutricia,F,586,263,177,140,6
Luvenia,F,753,384,204,98,67
Luwana,F,276,102,112,56,6
Luz,F,12528,1782,3404,3882,3460
Luz,M,398,79,89,105,125
Lyda,F,524,218,148,70,88
Lydell,M,1308,153,304,503,348
Lydia,F,45005,14613,11709,7612,11071
Lydia,M,130,22,28,29,51
Lyla,F,1056,441,210,190,215
Lyle,F,197,121,39,31,6
Lyle,M,19058,8304,5259,2959,2536
Lyman,M,1822,800,487,308,227
Lyn,F,5186,2448,1787,699,252
Lyn,M,941,439,302,146,54
Lyna,F,311,67,57,62,125
Lynae,F,639,70,184,160,225
Lynann,F,276,80,119,59,18
Lynda,F,45025,22689,15694,4349,2293
Lynda,M,61,42,11,8,0
Lynde,F,357,37,61,124,135
Lyndee,F,517,48,69,161,239
Lyndel,F,89,63,19,0,7
Lyndel,M,208,90,105,13,0
Lyndell,F,363,159,102,72,30
Lyndell,M,963,299,315,201,148
Lynden,F,55,21,0,0,34
Lynden,M,346,131,96,35,84
Lyndi,F,888,28,79,257,524
Lyndia,F,552,283,150,52,67
Lyndie,F,282,15,12,106,149
Lyndon,F,11,0,5,0,6
Lyndon,M,4426,1107,2034,473,812
Lyndsay,F,3890,0,0,532,3358
Lyndsey,F,6487,0,16,637,5834
Lyndsey,M,27,0,0,0,27
Lyndsi,F,521,0,0,44,477
Lyndsie,F,580,0,0,36,544
Lyndsy,F,371,0,0,48,323
Lyndy,F,221,23,32,72,94
Lynee,F,258,32,98,74,54
Lynell,F,1447,469,456,354,168
Lynell,M,508,123,133,122,130
Lynelle,F,1619,385,614,386,234
Lynett,F,400,96,151,95,58
Lynetta,F,1234,332,420,311,171
Lynette,F,33687,10128,12751,7279,3529
Lynette,M,53,6,24,23,0
Lynita,F,348,59,143,86,60
Lynley,F,281,0,85,83,113
Lynn,F,142367,66049,51931,17609,6778
Lynn,M,23590,13774,6373,2323,1120
Lynna,F,975,274,258,253,190
Lynnae,F,684,124,185,184,191
Lynnann,F,291,40,122,94,35
Lynnda,F,411,287,106,13,5
Lynne,F,43830,22194,16907,3341,1388
Lynne,M,182,97,85,0,0
Lynnea,F,754,156,161,185,252
Lynnell,F,466,145,151,120,50
Lynnelle,F,256,68,91,57,40
Lynnett,F,257,55,100,85,17
Lynnetta,F,488,121,158,150,59
Lynnette,F,12232,3445,4711,2703,1373
Lynnsey,F,288,0,0,18,270
Lynsay,F,221,0,0,43,178
Lynsey,F,2471,0,13,387,2071
Lynsi,F,249,0,0,26,223
Lynsie,F,421,0,0,30,391
Lynwood,M,1624,735,457,275,157
Lyra,F,280,19,39,108,114
Lysa,F,589,76,231,144,138
Lysandra,F,316,0,43,109,164
Lysette,F,281,0,43,94,144
Lyssa,F,614,51,89,113,361
Ma,F,229,31,33,40,125
Mabel,F,4358,1836,1053,690,779
Mable,F,4102,2659,950,308,185
Mac,M,2500,929,541,647,383
Macario,M,880,192,183,240,265
Macarthur,M,540,131,148,151,110
Mace,M,476,122,204,107,43
Maceo,M,769,158,139,308,164
Macey,F,362,0,30,105,227
Machele,F,381,66,209,98,8
Machell,F,515,79,273,141,22
Machelle,F,2962,369,1455,862,276
Macie,F,668,137,104,159,268
Mack,F,26,16,10,0,0
Mack,M,9974,4212,2715,1741,1306
Mackenzie,F,5433,0,0,836,4597
Mackenzie,M,1506,0,0,182,1324
Mackey,M,251,124,63,36,28
Mackie,F,60,48,12,0,0
Mackie,M,415,211,103,67,34
Macon,F,44,0,0,24,20
Macon,M,404,121,95,94,94
Macy,F,1103,130,130,260,583
Macy,M,214,43,40,55,76
Madaline,F,597,255,144,101,97
Madalyn,F,1322,343,216,193,570
Maddalena,F,205,26,71,67,41
Maddie,F,216,13,6,0,197
Madelaine,F,585,179,84,109,213
Madeleine,F,3826,1336,805,400,1285
Madeleine,M,10,0,0,0,10
Madelene,F,706,259,222,158,67
Madelin,F,532,29,112,235,156
Madeline,F,19281,6270,4775,2739,5497
Madeline,M,39,11,5,0,23
Madelon,F,254,163,54,10,27
Madelyn,F,5175,1959,1140,870,1206
Madelyne,F,305,67,64,68,106
Madelynn,F,300,102,51,27,120
Madge,F,781,484,217,67,13
Madison,F,3810,0,0,16,3794
Madison,M,1654,407,329,251,667
Madlyn,F,385,194,130,45,16
Madolyn,F,203,103,47,6,47
Madonna,F,4514,1867,1483,622,542
Mae,F,9150,5542,2172,830,606
Mae,M,36,36,0,0,0
Maegan,F,3323,0,0,456,2867
Maegen,F,446,0,0,74,372
Maeghan,F,310,0,0,32,278
Maeve,F,598,74,102,89,333
Magali,F,801,78,191,173,359
Magaly,F,1443,102,340,407,594
Magan,F,1506,0,7,259,1240
Magda,F,1795,290,538,545,422
Magdalen,F,365,138,77,55,95
Magdalena,F,6119,1288,1572,1591,1668
Magdalena,M,10,0,0,0,10
Magdalene,F,1289,457,273,220,339
Magdaleno,M,376,88,72,100,116
Magdaline,F,314,112,118,39,45
Magen,F,1729,0,0,251,1478
Maggi,F,324,32,13,97,182
Maggie,F,16685,3503,2327,3347,7508
Maggie,M,6,0,0,0,6
Maghan,F,284,0,0,40,244
Magnolia,F,736,303,153,149,131
Maha,F,362,0,26,131,205
Mahala,F,389,126,51,92,120
Mahalia,F,432,124,126,75,107
Maher,M,248,0,12,88,148
Mahlon,M,1290,428,296,280,286
Mahmoud,M,368,0,10,90,268
Mahogany,F,781,0,0,201,580
Mai,F,2022,77,107,252,1586
Mai,M,20,0,0,0,20
Maia,F,1671,58,217,668,728
Maida,F,643,211,133,159,140
Maija,F,371,16,75,156,124
Maile,F,1268,92,209,477,490
Maira,F,2254,64,168,384,1638
Maira,M,11,0,0,0,11
Maire,F,304,61,83,56,104
Maisha,F,1126,0,23,738,365
Maisie,F,271,11,12,101,147
Maite,F,237,0,23,105,109
Maja,F,365,11,58,143,153
Major,M,2930,1114,692,572,552
Majorie,F,344,98,102,71,73
Makala,F,206,0,0,60,146
Makayla,F,676,0,0,83,593
Makeba,F,615,0,99,396,120
Makeda,F,614,0,19,188,407
Makenzie,F,618,0,0,78,540
Makenzie,M,21,0,0,0,21
Makesha,F,436,0,0,273,163
Makia,F,343,0,0,164,179
Makisha,F,412,0,0,224,188
Makita,F,202,0,0,71,131
Mala,F,456,175,128,83,70
Malachi,M,1399,155,108,390,746
Malaika,F,612,0,15,423,174
Malana,F,213,7,42,109,55
Malanie,F,336,6,58,136,136
Malarie,F,264,0,0,6,258
Malcolm,F,62,10,0,28,24
Malcolm,M,18982,5700,4907,3848,4527
Malcom,M,1818,529,449,348,492
Malea,F,509,81,101,135,192
Maleah,F,334,15,29,83,207
Malena,F,906,45,111,462,288
Malerie,F,397,0,0,0,397
Malia,F,3241,323,449,1027,1442
Malik,F,53,0,0,32,21
Malik,M,2920,6,139,1348,1427
Malika,F,1662,0,30,819,813
Malika,M,5,0,0,0,5
Malikah,F,442,0,12,195,235
Malina,F,749,28,88,325,308
Malinda,F,12859,2757,3544,4100,2458
Malisa,F,1866,36,452,866,512
Malisha,F,369,0,29,159,181
Malissa,F,6157,293,1403,2657,1804
Malissia,F,202,28,66,68,40
Malka,F,1197,110,164,353,570
Mallary,F,287,0,0,0,287
Mallie,F,236,86,58,41,51
Mallie,M,61,37,19,5,0
Mallori,F,461,0,0,0,461
Mallorie,F,949,15,5,6,923
Mallory,F,15809,256,220,249,15084
Mallory,M,681,192,161,173,155
Malori,F,222,0,0,0,222
Malorie,F,1004,6,5,40,953
Malory,F,374,0,0,0,374
Malvin,M,717,285,180,155,97
Malynda,F,692,48,171,275,198
Mamie,F,6608,3588,1646,816,558
Mammie,F,320,221,93,0,6
Manal,F,289,0,14,109,166
Manda,F,1662,113,125,695,729
Mandee,F,622,0,11,316,295
Mandel,M,382,57,83,171,71
Mandell,M,210,20,49,93,48
Mandi,F,8040,29,269,3655,4087
Mandie,F,1761,21,86,914,740
Mandisa,F,261,0,0,150,111
Mandy,F,32019,744,1896,16244,13135
Mandy,M,125,0,6,62,57
Manette,F,241,110,83,43,5
Manford,M,214,117,68,17,12
Manfred,M,675,200,275,125,75
Manish,M,340,0,15,195,130
Manisha,F,398,0,6,167,225
Manley,M,488,231,103,85,69
Mannie,F,5,0,5,0,0
Mannie,M,237,108,67,29,33
Manning,M,318,112,91,68,47
Manny,M,1409,275,384,370,380
Manon,F,297,73,102,75,47
Manon,M,5,5,0,0,0
Manual,M,435,107,123,111,94
Manuel,F,629,98,128,208,195
Manuel,M,70094,16376,16036,17697,19985
Manuela,F,2702,813,638,655,596
Manuelita,F,283,104,82,62,35
Manya,F,336,90,133,78,35
Maple,F,280,190,65,10,15
Mara,F,8545,1417,1940,2565,2623
Mara,M,16,0,0,0,16
Marah,F,362,0,16,88,258
Maralee,F,447,190,127,87,43
Maralyn,F,254,180,58,11,5
Maranda,F,4800,84,144,1337,3235
Marbella,F,203,0,0,74,129
Marc,F,472,49,119,161,143
Marc,M,105682,21951,31375,31837,20519
Marca,F,228,86,80,56,6
Marcee,F,653,169,175,210,99
Marcel,F,666,170,245,164,87
Marcel,M,6343,1035,1451,1718,2139
Marcela,F,2932,156,408,975,1393
Marcelene,F,239,124,77,32,6
Marcelina,F,992,168,193,294,337
Marceline,F,432,164,116,82,70
Marcelino,M,2519,471,591,681,776
Marcell,F,499,130,197,118,54
Marcell,M,1629,154,275,541,659
Marcella,F,19278,6616,5984,3891,2787
Marcella,M,66,23,11,16,16
Marcelle,F,1982,618,675,410,279
Marcelle,M,253,0,40,118,95
Marcellina,F,203,6,22,124,51
Marcello,F,10,0,5,5,0
Marcello,M,1548,106,317,506,619
Marcellous,M,375,48,73,117,137
Marcellus,F,5,0,0,5,0
Marcellus,M,2518,414,612,818,674
Marcelo,M,2126,255,397,678,796
Marcelyn,F,249,128,84,24,13
Marcene,F,471,273,142,56,0
Marcey,F,1022,146,294,430,152
Marchell,F,527,126,254,93,54
Marchelle,F,1340,255,487,339,259
Marchello,M,288,0,0,0,288
Marci,F,12672,1440,3834,4916,2482
Marci,M,11,0,0,11,0
Marcia,F,74703,43733,18427,8965,3578
Marcia,M,151,68,45,33,5
Marcial,M,903,162,174,231,336
Marciano,M,349,91,68,83,107
Marcie,F,13264,2217,3291,5175,2581
Marcie,M,8,0,8,0,0
Marcina,F,259,58,82,69,50
Marcine,F,393,204,148,36,5
Marco,F,224,0,26,101,97
Marco,M,22741,1272,3731,7914,9824
Marcoantonio,M,200,0,0,41,159
Marcos,F,80,0,0,15,65
Marcos,M,14794,1062,2200,4610,6922
Marcus,F,1061,54,114,376,517
Marcus,M,114510,8694,14545,39464,51807
Marcy,F,18547,4043,5659,6378,2467
Marcy,M,138,25,50,48,15
Mardell,F,429,253,118,48,10
Mardell,M,43,0,11,18,14
Mardi,F,685,251,225,150,59
Mardi,M,6,0,6,0,0
Mardy,F,60,35,25,0,0
Mardy,M,205,41,73,75,16
Mare,M,321,72,96,86,67
Marea,F,287,58,81,101,47
Maree,F,341,100,76,83,82
Marek,M,468,16,86,147,219
Marella,F,210,36,30,99,45
Maren,F,2498,335,344,720,1099
Marena,F,367,94,96,53,124
Maresa,F,302,11,58,84,149
Maretta,F,470,174,135,118,43
Margaret,F,293751,149582,81870,31947,30352
Margaret,M,856,316,260,120,160
Margarete,F,501,213,147,53,88
Margarett,F,1093,591,273,146,83
Margaretta,F,562,246,158,101,57
Margarette,F,1015,457,269,157,132
Margarita,F,19821,5452,5310,4758,4301
Margarita,M,102,18,9,41,34
Margarite,F,497,227,146,74,50
Margarito,M,1741,528,349,433,431
Margaux,F,600,0,0,160,440
Marge,F,711,406,283,22,0
Margeaux,F,260,0,0,41,219
Margene,F,437,331,91,15,0
Margene,M,5,0,0,5,0
Margeret,F,219,110,93,16,0
Margert,F,226,108,87,31,0
Margery,F,2615,1507,711,247,150
Margherita,F,482,127,154,122,79
Margi,F,234,97,125,7,5
Margie,F,25438,13673,8161,2443,1161
Margie,M,39,20,19,0,0
Margit,F,360,124,137,68,31
Margo,F,13854,5886,3956,2271,1741
Margo,M,22,5,5,6,6
Margorie,F,236,146,65,14,11
Margot,F,3935,1130,1208,617,980
Margret,F,2765,1054,832,504,375
Margretta,F,254,119,91,24,20
Marguerita,F,609,228,215,115,51
Marguerite,F,13291,7434,3510,1194,1153
Marguerite,M,5,5,0,0,0
Marguita,F,491,24,42,101,324
Margurite,F,336,197,97,25,17
Margy,F,282,179,103,0,0
Mari,F,9714,3175,2990,1732,1817
Maria,F,293459,62458,88850,76373,65778
Maria,M,2402,350,471,645,936
Mariaelena,F,874,38,207,282,347
Mariah,F,5513,115,154,1656,3588
Mariah,M,26,0,0,15,11
Mariam,F,2108,251,341,435,1081
Mariam,M,5,0,0,0,5
Marian,F,26577,15340,6768,2480,1989
Marian,M,252,94,74,45,39
Mariana,F,4116,314,486,1025,2291
Mariana,M,27,0,0,0,27
Mariane,F,363,155,113,35,60
Marianela,F,355,37,107,126,85
Mariann,F,4142,1939,1394,501,308
Marianna,F,3741,1029,927,774,1011
Marianne,F,38450,18480,11948,4730,3292
Marianne,M,43,18,25,0,0
Mariano,M,2592,484,524,751,833
Maribel,F,13539,215,2437,5343,5544
Maribel,M,137,0,0,46,91
Maribell,F,336,0,96,154,86
Maribeth,F,4451,1666,1585,617,583
Marica,F,710,127,159,229,195
Marice,F,297,85,72,101,39
Marice,M,488,28,75,192,193
Maricel,F,283,0,43,106,134
Maricela,F,7695,452,1252,3083,2908
Maricela,M,51,0,0,12,39
Maricella,F,729,34,135,267,293
Maricia,F,237,30,59,71,77
Marico,M,231,0,0,107,124
Maricruz,F,844,0,97,307,440
Marie,F,118727,49263,34812,18110,16542
Marie,M,663,153,146,169,195
Mariea,F,494,121,148,115,110
Mariel,F,1966,79,68,269,1550
Mariel,M,66,0,0,8,58
Mariela,F,1788,6,94,470,1218
Marielena,F,255,0,46,67,142
Mariella,F,527,57,110,130,230
Marielle,F,842,23,137,114,568
Mariellen,F,685,349,222,69,45
Mariesa,F,205,0,19,50,136
Marietta,F,4426,2208,1326,496,396
Mariette,F,492,159,125,88,120
Marija,F,200,0,22,91,87
Marijane,F,541,279,146,74,42
Marijo,F,891,401,294,118,78
Marika,F,1233,78,207,400,548
Mariko,F,708,22,61,150,475
Mariko,M,6,0,0,0,6
Marilee,F,3752,1818,1095,459,380
Marilena,F,219,0,46,89,84
Marilin,F,229,11,56,79,83
Marilou,F,1241,697,295,143,106
Marilu,F,961,196,167,225,373
Marily,F,251,98,17,31,105
Marilyn,F,120671,80161,27002,7930,5578
Marilyn,M,364,167,103,62,32
Marilynn,F,4031,2723,653,354,301
Marilynne,F,226,179,47,0,0
Marin,F,758,22,73,233,430
Marin,M,353,54,69,97,133
Marina,F,12104,1906,3199,2834,4165
Marina,M,31,0,0,0,31
Marinda,F,1020,145,208,327,340
Marino,M,697,116,154,170,257
Mario,F,826,70,145,300,311
Mario,M,71315,10479,13491,20949,26396
Marion,F,22419,11883,6212,2562,1762
Marion,M,15920,7261,4343,2664,1652
Maris,F,555,160,112,99,184
Maris,M,146,37,91,11,7
Marisa,F,23426,1315,3432,8321,10358
Marisa,M,59,0,0,29,30
Marisel,F,329,13,94,126,96
Marisela,F,5776,289,766,2088,2633
Marisela,M,24,0,0,8,16
Marisella,F,202,5,23,99,75
Marisha,F,920,12,45,321,542
Marisol,F,13979,73,2039,6292,5575
Marisol,M,231,0,21,89,121
Marissa,F,29106,408,1475,6122,21101
Marissa,M,127,0,0,29,98
Marit,F,348,25,101,102,120
Marita,F,2597,1056,787,389,365
Maritsa,F,366,7,73,119,167
Maritza,F,9615,896,2421,2887,3411
Maritza,M,45,0,5,0,40
Marius,M,609,89,89,249,182
Marivel,F,1493,17,327,634,515
Mariya,F,221,0,0,71,150
Mariza,F,554,0,93,221,240
Marizol,F,214,0,12,117,85
Marja,F,366,68,74,111,113
Marjean,F,556,392,138,20,6
Marjie,F,297,153,121,18,5
Marjorie,F,38698,20941,10511,4340,2906
Marjorie,M,53,33,10,5,5
Marjory,F,1235,679,298,164,94
Mark,F,3767,646,1347,967,807
Mark,M,1147681,382589,441390,194260,129442
Marka,F,204,58,62,62,22
Marka,M,5,0,5,0,0
Markanthony,M,477,0,0,85,392
Markee,F,49,0,0,0,49
Markee,M,277,0,0,100,177
Markeeta,F,285,17,5,88,175
Markeisha,F,446,0,0,87,359
Markeith,M,931,0,58,306,567
Markel,F,15,0,0,10,5
Markel,M,610,63,89,132,326
Markell,F,75,0,0,38,37
Markell,M,575,0,29,182,364
Markese,M,214,0,0,48,166
Markesha,F,521,0,0,146,375
Marketa,F,491,34,41,137,279
Marketta,F,693,69,143,181,300
Markham,M,377,100,167,56,54
Markia,F,367,0,0,62,305
Markie,F,408,0,0,14,394
Markie,M,157,11,33,44,69
Markis,M,200,0,0,50,150
Markisha,F,667,0,0,221,446
Markita,F,1541,38,127,333,1043
Marko,M,1203,113,223,354,513
Markos,M,200,0,27,69,104
Markus,M,4433,291,725,1281,2136
Marla,F,31445,11441,10615,6613,2776
Marla,M,38,11,17,5,5
Marlaina,F,607,6,78,184,339
Marlaine,F,228,138,61,13,16
Marlan,F,14,9,5,0,0
Marlan,M,566,173,155,178,60
Marlana,F,1828,133,253,637,805
Marland,M,482,97,117,206,62
Marlane,F,384,249,98,21,16
Marlayna,F,233,5,15,53,160
Marlea,F,287,91,80,42,74
Marlee,F,1013,194,166,180,473
Marleen,F,1954,938,473,313,230
Marlen,F,860,32,126,229,473
Marlen,M,290,69,56,101,64
Marlena,F,6316,732,995,2164,2425
Marlene,F,48699,25251,12951,5728,4769
Marlene,M,110,30,34,16,30
Marletta,F,221,65,88,44,24
Marley,F,700,38,41,124,497
Marley,M,204,57,11,17,119
Marli,F,241,6,31,80,124
Marlin,F,512,107,136,103,166
Marlin,M,7937,2882,2092,1838,1125
Marlina,F,616,57,112,208,239
Marlinda,F,472,110,145,126,91
Marline,F,668,228,186,118,136
Marlis,F,309,187,75,29,18
Marlisa,F,544,18,197,169,160
Marlise,F,281,49,90,71,71
Marlissa,F,207,5,33,72,97
Marlo,F,4792,113,1603,2546,530
Marlo,M,1564,253,259,655,397
Marlon,F,274,48,45,121,60
Marlon,M,16623,2226,2803,7066,4528
Marlow,F,169,0,51,89,29
Marlow,M,834,158,168,345,163
Marlowe,F,177,6,35,68,68
Marlowe,M,547,175,135,162,75
Marly,F,269,19,22,82,146
Marlyn,F,1828,682,448,290,408
Marlyn,M,448,235,101,73,39
Marlynn,F,407,153,111,77,66
Marlys,F,2024,1391,463,121,49
Marna,F,1444,573,491,328,52
Marne,F,713,83,239,297,94
Marne,M,5,5,0,0,0
Marnee,F,357,43,100,165,49
Marney,F,393,58,100,199,36
Marni,F,2788,96,955,1315,422
Marni,M,5,0,0,5,0
Marnie,F,4874,219,1939,2263,453
Marnita,F,642,17,473,70,82
Marny,F,210,29,62,114,5
Marolyn,F,391,282,109,0,0
Marque,F,74,0,6,11,57
Marque,M,492,21,54,142,275
Marquel,F,106,0,10,37,59
Marquel,M,460,0,0,108,352
Marquell,F,5,0,0,0,5
Marquell,M,263,0,0,31,232
Marquerite,F,254,113,74,33,34
Marques,F,23,0,0,0,23
Marques,M,3265,29,48,772,2416
Marquese,M,241,0,0,46,195
Marqueta,F,220,18,15,52,135
Marquetta,F,1547,209,246,404,688
Marquette,F,517,38,101,178,200
Marquette,M,649,23,93,273,260
Marquez,M,732,0,7,117,608
Marquia,F,200,0,0,18,182
Marquis,F,269,0,0,83,186
Marquis,M,6978,170,265,1650,4893
Marquise,F,170,0,5,58,107
Marquise,M,1482,0,11,256,1215
Marquisha,F,519,0,0,110,409
Marquita,F,8710,574,676,1202,6258
Marquita,M,30,0,0,0,30
Marquitta,F,929,55,99,184,591
Marqus,M,335,0,0,80,255
Marrianne,F,226,79,77,59,11
Marrio,M,311,0,16,133,162
Marrisa,F,286,0,11,70,205
Marrissa,F,364,0,15,67,282
Marry,F,560,171,164,110,115
Marsha,F,72134,41552,16645,10415,3522
Marsha,M,190,84,54,41,11
Marshal,F,74,34,14,26,0
Marshal,M,1721,391,319,441,570
Marshall,F,667,182,204,157,124
Marshall,M,33208,10688,7781,6771,7968
Marshawn,F,44,0,5,39,0
Marshawn,M,278,0,0,90,188
Marshell,F,546,95,192,171,88
Marshell,M,341,125,108,80,28
Marshelle,F,467,84,165,121,97
Marshia,F,201,131,45,19,6
Mart,M,461,180,153,91,37
Marta,F,11777,4163,3417,2378,1819
Marta,M,46,0,0,15,31
Martel,F,10,0,0,5,5
Martel,M,677,12,50,119,496
Martell,F,21,0,0,5,16
Martell,M,1036,31,31,108,866
Marten,M,241,63,98,38,42
Martez,M,1109,5,38,277,789
Martha,F,155195,83190,41040,17926,13039
Martha,M,612,205,149,110,148
Marti,F,3338,801,1145,943,449
Marti,M,211,63,108,30,10
Martie,F,731,207,229,224,71
Martie,M,195,65,114,16,0
Martika,F,240,0,0,0,240
Martin,F,789,143,222,189,235
Martin,M,147603,50994,49116,24267,23226
Martina,F,8456,1224,2473,1966,2793
Martina,M,40,7,18,6,9
Martine,F,1868,315,467,402,684
Martine,M,147,5,25,46,71
Martinez,F,24,0,0,19,5
Martinez,M,636,98,116,192,230
Martinique,F,256,0,0,99,157
Martino,M,287,7,51,112,117
Martisha,F,269,0,5,114,150
Marty,F,2946,1078,1043,657,168
Marty,M,27850,7309,12787,5724,2030
Martyn,M,348,123,102,74,49
Marva,F,4772,2576,1344,571,281
Marvel,F,527,309,141,58,19
Marvel,M,367,73,84,108,102
Marvell,F,30,7,18,5,0
Marvell,M,511,71,109,158,173
Marvella,F,534,156,180,119,79
Marvetta,F,269,84,105,52,28
Marvette,F,314,33,117,114,50
Marvin,F,682,163,220,178,121
Marvin,M,89074,34706,28130,14732,11506
Marvina,F,456,136,131,111,78
Marvis,F,447,258,143,46,0
Marvis,M,587,110,118,151,208
Marwan,M,247,0,5,118,124
Mary,F,1202962,625606,355240,126254,95862
Mary,M,4174,1538,1346,680,610
Marya,F,1167,179,345,388,255
Maryalice,F,927,285,350,145,147
Maryam,F,950,0,66,284,600
Maryann,F,28008,12236,9227,3704,2841
Maryann,M,11,0,11,0,0
Maryanna,F,605,167,148,110,180
Maryanne,F,7444,3107,2500,996,841
Marybel,F,483,0,119,178,186
Marybell,F,277,5,96,108,68
Marybeth,F,8066,1885,3801,1234,1146
Marycatherine,F,311,17,67,75,152
Marye,F,315,167,78,31,39
Maryelizabeth,F,812,66,168,211,367
Maryellen,F,7464,2859,2970,987,648
Maryetta,F,309,164,81,40,24
Maryfrances,F,489,67,193,115,114
Marygrace,F,491,84,133,101,173
Maryhelen,F,496,111,184,111,90
Maryjane,F,3154,1239,1095,454,366
Maryjean,F,566,203,210,78,75
Maryjo,F,4891,1689,2081,740,381
Marykate,F,557,14,115,135,293
Marykay,F,775,195,444,104,32
Maryland,F,291,137,93,51,10
Maryland,M,71,65,6,0,0
Marylee,F,1045,412,333,134,166
Marylin,F,1315,621,335,212,147
Marylou,F,4779,2128,1598,536,517
Marylouise,F,521,243,192,44,42
Marylu,F,362,177,80,33,72
Marylyn,F,840,389,196,154,101
Marylynn,F,1176,343,433,185,215
Marymargaret,F,352,19,117,89,127
Maryrose,F,819,276,249,116,178
Marysol,F,639,0,69,239,331
Marysue,F,259,113,126,20,0
Mashell,F,297,22,144,90,41
Mason,F,88,0,0,10,78
Mason,M,9643,848,958,2296,5541
Massiel,F,343,0,0,96,247
Massimo,M,282,0,34,165,83
Mat,M,227,55,109,58,5
Matasha,F,215,0,0,110,105
Mateo,M,873,116,102,285,370
Mathew,F,159,0,0,56,103
Mathew,M,36183,2059,4653,10849,18622
Mathias,M,1089,148,161,311,469
Mathieu,M,637,12,64,202,359
Mathilda,F,338,134,106,73,25
Mathis,M,359,107,83,69,100
Matias,M,900,156,173,229,342
Matilda,F,3141,1179,983,620,359
Matilde,F,920,189,227,295,209
Matilde,M,60,31,15,14,0
Matina,F,245,12,55,110,68
Matt,F,5,0,0,5,0
Matt,M,18053,3513,8226,4564,1750
Matteo,M,394,26,74,120,174
Mattew,M,717,15,78,191,433
Matthew,F,4202,64,339,1232,2567
Matthew,M,878412,35796,105938,277727,458951
Matthews,M,651,121,120,141,269
Matthias,M,1044,80,179,258,527
Mattie,F,11648,6622,2611,1118,1297
Mattie,M,46,26,20,0,0
Maud,F,259,134,73,35,17
Maude,F,1203,647,302,145,109
Maudie,F,757,438,177,91,51
Maura,F,10589,2069,3651,2176,2693
Maura,M,5,0,0,0,5
Maureen,F,95042,42813,34449,10658,7122
Maureen,M,238,88,88,40,22
Maurene,F,212,116,70,15,11
Mauri,F,517,107,142,132,136
Mauri,M,30,25,0,5,0
Maurica,F,275,41,90,58,86
Maurice,F,911,230,227,252,202
Maurice,M,58035,12584,14643,15233,15575
Mauricia,F,206,10,53,54,89
Mauricio,M,4366,238,675,1381,2072
Maurie,F,217,64,71,46,36
Maurie,M,64,34,17,13,0
Maurilio,M,246,25,23,86,112
Maurine,F,1059,554,292,133,80
Maurio,M,244,0,23,82,139
Maurita,F,495,188,102,126,79
Maurizio,M,284,0,69,129,86
Mauro,M,1899,336,409,539,615
Maury,F,196,43,79,33,41
Maury,M,1338,370,623,214,131
Maverick,M,658,182,160,77,239
Mavis,F,3220,1722,987,335,176
Mavis,M,5,0,5,0,0
Max,F,113,35,12,11,55
Max,M,25425,7430,5023,4231,8741
Maxcine,F,330,261,64,5,0
Maxie,F,497,221,97,83,96
Maxie,M,1413,580,428,222,183
Maxim,M,275,25,32,36,182
Maximilian,M,1302,12,102,260,928
Maximiliano,M,539,40,69,172,258
Maximillian,M,803,6,69,228,500
Maximino,M,701,120,140,208,233
Maximo,M,1084,171,224,323,366
Maxine,F,16949,9742,4309,1541,1357
Maxine,M,13,13,0,0,0
Maxwell,F,24,0,0,0,24
Maxwell,M,8130,723,632,967,5808
Maxx,F,5,0,0,0,5
Maxx,M,210,0,0,0,210
May,F,4969,1724,1111,911,1223
May,M,120,26,35,0,59
Maya,F,5679,111,427,2139,3002
Maya,M,16,0,0,5,11
Maybelle,F,232,128,64,19,21
Mayda,F,361,61,80,115,105
Mayela,F,242,0,8,93,141
Mayer,M,557,120,106,133,198
Maylene,F,282,61,68,59,94
Mayme,F,410,157,103,76,74
Maynard,M,2647,1305,672,416,254
Mayo,F,28,17,0,6,5
Mayo,M,303,126,77,55,45
Mayra,F,14691,177,892,2537,11085
Mayra,M,228,0,0,5,223
Mayte,F,336,0,19,149,168
Mazie,F,503,280,101,81,41
Mcarthur,M,1060,365,323,216,156
Mccoy,M,231,111,44,23,53
Mcdonald,M,209,118,63,23,5
Mckay,F,14,0,0,0,14
Mckay,M,247,0,9,61,177
Mckenna,F,548,0,0,29,519
Mckenzie,F,2375,0,0,333,2042
Mckenzie,M,626,27,45,129,425
Mckinley,F,94,0,0,11,83
Mckinley,M,2437,948,618,403,468
Meadow,F,249,0,6,169,74
Meagan,F,18684,22,208,2206,16248
Meagan,M,55,0,0,0,55
Meagen,F,713,0,0,121,592
Meaghan,F,6602,14,143,1103,5342
Meaghan,M,7,0,0,0,7
Mearl,F,5,5,0,0,0
Mearl,M,217,128,70,19,0
Mecca,F,690,5,68,317,300
Mecca,M,6,0,0,6,0
Mechele,F,681,88,313,233,47
Mechell,F,451,39,193,174,45
Mechelle,F,3808,284,1619,1353,552
Meda,F,230,123,67,34,6
Medina,F,656,86,165,213,192
Mee,F,253,5,17,24,207
Meegan,F,778,50,121,434,173
Meena,F,281,0,17,115,149
Meena,M,6,0,0,0,6
Meera,F,337,0,26,89,222
Meg,F,3247,857,1343,658,389
Megan,F,198658,1887,5916,37355,153500
Megan,M,711,0,5,136,570
Megann,F,381,0,6,91,284
Megen,F,434,0,11,137,286
Meggan,F,2143,5,53,773,1312
Meggie,F,247,0,0,0,247
Meggin,F,314,6,11,156,141
Meghan,F,46624,102,958,9358,36206
Meghan,M,185,0,0,38,147
Meghann,F,2787,0,0,728,2059
Megin,F,232,0,8,110,114
Mehgan,F,286,0,0,32,254
Mei,F,299,16,37,110,136
Meighan,F,379,0,39,149,191
Meir,M,496,26,48,150,272
Meisha,F,562,0,10,219,333
Meka,F,348,0,5,213,130
Mel,F,166,92,69,5,0
Mel,M,1938,843,686,266,143
Melaina,F,216,0,18,100,98
Melaine,F,1773,171,345,633,624
Melana,F,288,42,84,77,85
Melanee,F,673,140,197,191,145
Melaney,F,596,84,141,204,167
Melani,F,1388,158,367,511,352
Melania,F,375,34,88,119,134
Melanie,F,145875,19849,36751,53323,35952
Melanie,M,411,13,70,175,153
Melannie,F,262,0,45,146,71
Melany,F,1708,255,442,503,508
Melba,F,6377,3792,1538,736,311
Melchor,M,386,79,91,93,123
Melda,F,309,188,94,27,0
Mele,F,260,5,18,65,172
Melea,F,476,73,92,153,158
Meleah,F,474,41,74,157,202
Melena,F,435,6,82,223,124
Melessa,F,481,34,152,196,99
Melessia,F,212,6,88,99,19
Melford,M,241,135,53,46,7
Melia,F,1195,189,217,341,448
Melida,F,339,88,72,90,89
Melina,F,3472,118,616,1104,1634
Melinda,F,116456,21509,36297,36438,22212
Melinda,M,332,22,82,139,89
Melisa,F,13644,473,3396,5890,3885
Melisa,M,10,0,0,10,0
Melisha,F,695,0,94,297,304
Meliss,F,332,7,34,135,156
Melissa,F,612684,22293,119202,253267,217922
Melissa,M,2153,31,307,894,921
Melisse,F,268,34,48,125,61
Melissia,F,1807,105,558,827,317
Melita,F,1168,252,318,397,201
Meliza,F,287,0,24,127,136
Mellanie,F,534,89,163,163,119
Mellisa,F,3712,53,551,1569,1539
Mellissa,F,4668,143,874,1921,1730
Mellody,F,283,82,103,63,35
Melodee,F,1666,740,475,277,174
Melodi,F,947,207,292,252,196
Melodie,F,6983,2352,2226,1396,1009
Melody,F,56672,15526,18469,12302,10375
Melody,M,164,15,48,43,58
Melodye,F,674,385,172,102,15
Melonee,F,295,85,109,62,39
Meloney,F,760,109,281,231,139
Meloni,F,255,16,86,88,65
Melonie,F,4156,558,1251,1468,879
Melony,F,3018,352,960,1040,666
Melora,F,226,29,103,83,11
Melton,M,1403,594,415,252,142
Melva,F,3817,1977,1041,554,245
Melvia,F,328,179,100,26,23
Melville,M,319,164,100,50,5
Melvin,F,819,290,242,178,109
Melvin,M,81815,36165,23093,13126,9431
Melvina,F,2006,731,582,427,266
Melvyn,M,696,275,208,118,95
Melynda,F,2272,169,617,879,607
Melyssa,F,810,0,51,231,528
Memory,F,548,84,105,205,154
Mena,F,284,56,46,87,95
Mena,M,52,0,0,0,52
Menachem,M,1036,47,98,316,575
Mendel,M,642,201,103,176,162
Mendi,F,503,0,71,343,89
Mendy,F,2024,86,306,1297,335
Mendy,M,35,6,0,9,20
Meng,M,240,0,0,5,235
Menno,M,371,64,82,83,142
Meosha,F,219,0,0,60,159
Meranda,F,1011,7,22,328,654
Merced,F,40,10,7,5,18
Merced,M,296,86,62,73,75
Mercedes,F,9835,1741,1699,1985,4410
Mercedes,M,186,5,0,35,146
Mercedez,F,283,0,5,53,225
Mercy,F,1817,494,371,531,421
Meredith,F,41860,2889,3927,15840,19204
Meredith,M,1257,508,306,255,188
Meredyth,F,277,37,24,108,108
Meri,F,1746,543,644,379,180
Meriam,F,240,83,54,39,64
Meribeth,F,373,145,123,77,28
Merida,F,218,50,66,59,43
Merideth,F,1095,104,116,494,381
Meridith,F,1914,144,227,888,655
Meridith,M,5,5,0,0,0
Merilee,F,854,340,254,169,91
Merilyn,F,512,311,123,37,41
Merinda,F,456,75,122,149,110
Merissa,F,1176,0,17,306,853
Merita,F,562,302,159,64,37
Merl,F,11,6,5,0,0
Merl,M,494,265,145,69,15
Merle,F,1665,1151,363,94,57
Merle,M,5965,3031,1503,929,502
Merlene,F,677,432,181,53,11
Merlin,F,92,35,14,11,32
Merlin,M,3408,1574,894,533,407
Merlinda,F,425,121,150,93,61
Merline,F,222,111,49,7,55
Merlyn,F,296,139,66,33,58
Merlyn,M,500,301,128,48,23
Merna,F,339,214,100,18,7
Merrell,F,53,43,5,0,5
Merrell,M,376,150,81,94,51
Merri,F,2762,991,1150,419,202
Merrick,F,66,0,5,0,61
Merrick,M,781,163,172,241,205
Merrie,F,1731,875,542,230,84
Merrilee,F,1170,578,301,203,88
Merrill,F,966,419,253,127,167
Merrill,M,3006,1446,774,468,318
Merrily,F,366,171,111,67,17
Merrilyn,F,222,138,57,27,0
Merritt,F,594,11,187,212,184
Merritt,M,1225,469,333,215,208
Merry,F,5939,2972,1833,698,436
Merton,M,485,239,135,84,27
Mervin,M,3208,1135,920,601,552
Mervyn,M,352,122,105,67,58
Merwin,M,236,132,67,22,15
Meryl,F,2756,1283,611,199,663
Meryl,M,59,44,15,0,0
Mesha,F,751,0,48,333,370
Meshell,F,402,6,167,162,67
Meshelle,F,273,6,118,109,40
Meta,F,1047,451,323,164,109
Meyer,M,469,150,89,127,103
Mi,F,378,22,92,63,201
Mia,F,14698,360,4240,4411,5687
Mia,M,39,0,0,13,26
Mica,F,1419,57,154,619,589
Mica,M,341,7,36,186,112
Micael,M,414,101,110,91,112
Micaela,F,2812,289,262,586,1675
Micaela,M,6,0,0,0,6
Micah,F,2681,40,133,792,1716
Micah,M,19382,238,1134,6979,11031
Micahel,M,1113,23,128,327,635
Mical,F,58,0,0,25,33
Mical,M,223,5,14,101,103
Micha,F,510,22,47,196,245
Micha,M,371,0,46,139,186
Michae,F,16,0,0,0,16
Michae,M,474,123,164,79,108
Michael,F,16269,2313,3679,5075,5202
Michael,M,3041697,837471,833092,707327,663807
Michaela,F,7640,640,931,1455,4614
Michaela,M,18,0,6,0,12
Michaelangelo,M,217,0,29,69,119
Michaele,F,1214,282,532,235,165
Michaele,M,11,0,5,0,6
Michaelene,F,919,384,247,173,115
Michaeline,F,451,208,120,84,39
Michaell,F,5,0,0,5,0
Michaell,M,267,94,62,55,56
Michaella,F,371,26,47,79,219
Michaelle,F,1101,177,396,312,216
Michaelyn,F,352,81,66,80,125
Michail,M,347,89,85,105,68
Michal,F,1808,325,281,517,685
Michal,M,1952,574,467,410,501
Michala,F,206,0,0,42,164
Michale,F,266,30,75,86,75
Michale,M,2620,602,592,733,693
Michalene,F,323,123,99,90,11
Michalle,F,250,11,88,86,65
Micheal,F,1507,230,378,526,373
Micheal,M,115420,40908,31979,23798,18735
Micheala,F,285,5,36,62,182
Michel,F,2144,354,680,641,469
Michel,M,6902,2309,2032,1401,1160
Michela,F,658,67,94,164,333
Michelangelo,M,202,0,54,75,73
Michele,F,202788,41973,86993,56560,17262
Michele,M,1754,259,537,584,374
Michelene,F,561,193,189,142,37
Michelina,F,441,112,92,124,113
Micheline,F,893,270,282,216,125
Michell,F,5227,316,1655,2176,1080
Michell,M,427,88,126,114,99
Michella,F,773,75,207,279,212
Michelle,F,658229,46779,208293,249130,154027
Michelle,M,2717,117,716,1072,812
Michial,M,931,414,279,169,69
Michiel,F,5,0,5,0,0
Michiel,M,801,315,261,145,80
Michiko,F,295,25,69,96,105
Michon,F,479,23,179,162,115
Michon,M,5,0,0,0,5
Mick,M,993,218,237,238,300
Mickael,F,5,0,0,0,5
Mickael,M,864,335,259,162,108
Mickeal,M,820,377,207,149,87
Mickel,F,19,0,0,13,6
Mickel,M,1244,448,358,280,158
Mickey,F,2783,1559,708,356,160
Mickey,M,16794,6659,5160,3172,1803
Micki,F,2206,686,639,554,327
Micki,M,26,0,0,16,10
Mickie,F,2285,1016,638,419,212
Mickie,M,439,154,124,111,50
Mickle,M,222,83,102,32,5
Micky,F,453,200,121,89,43
Micky,M,1894,500,561,522,311
Micole,F,440,0,12,177,251
Midge,F,446,259,170,17,0
Midori,F,216,16,43,59,98
Miesha,F,1281,0,0,475,806
Migdalia,F,3834,1156,1638,705,335
Migdalia,M,5,0,5,0,0
Migel,M,700,83,67,205,345
Mignon,F,1010,189,316,286,219
Miguel,F,549,28,82,171,268
Miguel,M,57827,6166,9783,16316,25562
Miguelangel,M,383,0,0,56,327
Mika,F,1452,38,146,570,698
Mika,M,244,0,57,85,102
Mikael,F,105,0,0,28,77
Mikael,M,1116,130,137,278,571
Mikaela,F,1171,0,5,172,994
Mikal,F,238,0,15,115,108
Mikal,M,1066,94,135,358,479
Mikala,F,486,0,13,95,378
Mikayla,F,788,0,0,52,736
Mike,F,438,130,195,87,26
Mike,M,133614,48345,71456,10304,3509
Mikeal,F,6,0,0,0,6
Mikeal,M,1287,422,310,273,282
Mikel,F,529,46,91,174,218
Mikel,M,5346,1503,1144,1261,1438
Mikell,F,189,5,45,58,81
Mikell,M,607,143,138,141,185
Mikelle,F,331,0,8,158,165
Mikey,M,404,112,51,120,121
Mikhail,F,7,0,0,7,0
Mikhail,M,533,0,5,59,469
Miki,F,1137,166,256,426,289
Miki,M,57,10,11,30,6
Mikka,F,224,0,0,85,139
Mikkel,F,11,0,0,0,11
Mikkel,M,200,6,5,74,115
Mikki,F,1608,152,388,590,478
Mikki,M,6,0,0,6,0
Miko,F,252,0,43,129,80
Miko,M,43,0,0,22,21
Mila,F,857,230,258,206,163
Milagro,F,630,111,178,159,182
Milagro,M,17,0,0,0,17
Milagros,F,4830,1210,1594,1184,842
Milagros,M,5,0,5,0,0
Milan,F,173,0,8,12,153
Milan,M,1859,537,432,451,439
Milburn,M,354,171,120,48,15
Mildred,F,29504,17573,7695,2858,1378
Mildred,M,69,50,12,7,0
Milena,F,603,39,94,231,239
Miles,F,37,0,0,5,32
Miles,M,13921,3174,2834,2241,5672
Milford,M,1437,701,415,211,110
Milinda,F,776,148,215,256,157
Milisa,F,298,0,78,170,50
Milissa,F,2873,202,908,1125,638
Millard,M,3026,1506,829,453,238
Miller,F,6,0,0,0,6
Miller,M,1114,402,269,233,210
Millicent,F,3325,1054,1020,710,541
Millie,F,4424,1932,1289,741,462
Millisa,F,249,5,55,133,56
Millissa,F,324,8,89,145,82
Milly,F,420,123,132,79,86
Milo,F,10,0,0,10,0
Milo,M,2484,885,522,563,514
Milton,F,187,99,62,19,7
Milton,M,32020,14578,9004,4695,3743
Mimi,F,3841,1281,1334,637,589
Mina,F,2165,577,522,431,635
Mina,M,96,0,0,0,96
Minda,F,971,288,237,307,139
Mindee,F,466,28,76,221,141
Mindi,F,3979,168,642,1983,1186
Mindie,F,460,24,45,239,152
Mindy,F,36461,4322,5460,14022,12657
Mindy,M,67,0,0,39,28
Minerva,F,5366,1874,1585,1070,837
Minette,F,386,98,131,112,45
Minh,F,143,0,0,13,130
Minh,M,681,0,0,98,583
Minna,F,433,86,51,135,161
Minnie,F,9653,5933,2266,966,488
Minnie,M,21,21,0,0,0
Minor,M,306,133,87,65,21
Minta,F,298,97,60,84,57
Miquel,F,42,0,6,11,25
Miquel,M,1138,123,171,350,494
Mira,F,1504,341,338,386,439
Mira,M,5,0,0,0,5
Miracle,F,863,0,72,187,604
Miranda,F,33157,795,1526,8120,22716
Miranda,M,100,0,0,23,77
Mireille,F,265,8,52,112,93
Mirella,F,1144,49,159,455,481
Mireya,F,1812,62,150,758,842
Miriah,F,424,0,0,119,305
Miriam,F,31790,9544,8084,6433,7729
Miriam,M,143,26,11,42,64
Mirian,F,1144,206,263,280,395
Mirinda,F,280,5,49,116,110
Mirna,F,2250,226,420,828,776
Mirna,M,5,0,0,0,5
Miroslava,F,293,66,83,103,41
Mirta,F,692,153,232,206,101
Mirtha,F,373,20,108,129,116
Misael,F,5,0,0,0,5
Misael,M,879,26,78,249,526
Mischa,F,448,16,87,217,128
Mischa,M,147,0,6,61,80
Mischelle,F,936,141,512,236,47
Misha,F,1504,12,138,615,739
Misha,M,128,0,5,38,85
Mishelle,F,717,46,305,234,132
Missi,F,222,15,122,68,17
Missie,F,492,54,213,148,77
Missy,F,5114,586,2362,1406,760
Mistee,F,232,0,29,134,69
Misti,F,7623,34,914,4204,2471
Mistie,F,1996,0,225,1096,675
Misty,F,77059,276,5294,42375,29114
Misty,M,237,0,0,137,100
Mitch,M,4343,1076,2012,480,775
Mitcheal,M,241,101,76,23,41
Mitchel,F,12,0,0,0,12
Mitchel,M,6129,1838,1633,884,1774
Mitchell,F,634,78,130,159,267
Mitchell,M,82148,21962,22678,12966,24542
Mitchelle,F,274,5,60,110,99
Mitchelle,M,89,0,5,7,77
Mitra,F,257,0,43,84,130
Mittie,F,534,335,117,49,33
Mitzi,F,10045,3234,3900,2268,643
Mitzie,F,1158,403,463,224,68
Mitzy,F,408,71,142,105,90
Miya,F,657,0,28,209,420
Miyoshi,F,294,28,38,161,67
Moana,F,274,53,37,108,76
Modesta,F,494,145,147,120,82
Modesto,M,1075,247,260,295,273
Mohamad,M,531,0,0,95,436
Mohamed,M,1487,12,87,318,1070
Mohammad,F,10,0,0,0,10
Mohammad,M,2184,0,35,439,1710
Mohammed,M,2001,50,97,438,1416
Moira,F,3413,881,1199,679,654
Moise,M,277,31,27,79,140
Moises,F,20,0,0,6,14
Moises,M,6443,495,892,1908,3148
Moishe,M,391,39,44,154,154
Molli,F,522,33,68,154,267
Mollie,F,9138,2018,1459,2131,3530
Molly,F,57428,6458,9364,15715,25891
Molly,M,212,0,0,61,151
Mona,F,24879,11181,8795,3387,1516
Mona,M,10,0,10,0,0
Monae,F,270,0,11,64,195
Monalisa,F,766,140,241,214,171
Moncia,F,397,0,59,194,144
Moneka,F,204,0,0,102,102
Monet,F,1239,25,138,301,775
Monet,M,6,0,0,0,6
Monette,F,871,183,356,210,122
Monic,F,399,0,38,153,208
Monica,F,177457,18722,45192,61680,51863
Monica,M,798,14,124,325,335
Monico,F,17,0,6,11,0
Monico,M,348,80,68,113,87
Monifa,F,336,0,13,230,93
Monigue,F,467,0,118,165,184
Monika,F,5739,374,1337,1866,2162
Moniqua,F,205,0,0,78,127
Monique,F,54698,1396,11937,17468,23897
Monique,M,327,0,60,125,142
Monisha,F,680,0,14,208,458
Monita,F,347,54,123,97,73
Monna,F,379,228,136,15,0
Monnie,F,332,197,89,36,10
Monnie,M,136,70,48,18,0
Monquie,F,268,0,23,128,117
Monroe,F,6,6,0,0,0
Monroe,M,2953,1278,753,534,388
Mont,M,248,123,88,37,0
Monta,F,290,169,88,21,12
Monta,M,278,11,16,125,126
Montana,F,433,15,0,53,365
Montana,M,385,5,0,44,336
Monte,F,379,156,110,80,33
Monte,M,14444,5482,4938,2782,1242
Montel,M,293,15,36,105,137
Montell,M,288,18,25,131,114
Montez,F,151,63,51,25,12
Montez,M,1084,19,87,347,631
Montgomery,M,1565,431,579,286,269
Monti,F,165,40,93,32,0
Monti,M,293,48,127,96,22
Montie,F,200,106,72,22,0
Montie,M,793,330,277,122,64
Montina,F,214,5,109,79,21
Montoya,F,362,0,17,118,227
Montoya,M,103,0,5,79,19
Montreal,M,391,0,5,146,240
Montrel,M,259,0,0,73,186
Montrell,F,17,0,0,12,5
Montrell,M,1136,0,25,352,759
Monty,F,155,64,69,22,0
Monty,M,10830,3817,4172,2029,812
Monya,F,468,75,182,145,66
Mordecai,M,248,69,70,44,65
Mordechai,M,960,51,94,302,513
Morey,M,233,115,94,19,5
Morgan,F,26320,110,354,1569,24287
Morgan,M,14748,1768,2445,3329,7206
Morgen,F,411,5,41,109,256
Morgen,M,81,0,0,12,69
Moria,F,372,32,61,158,121
Moriah,F,1626,0,8,471,1147
Moriah,M,41,0,0,7,34
Morrell,M,280,77,51,83,69
Morris,F,144,67,38,15,24
Morris,M,18426,8323,5355,2792,1956
Morrison,M,202,82,59,32,29
Morton,M,925,438,270,144,73
Mose,M,1527,646,405,262,214
Moses,F,25,5,0,14,6
Moses,M,10935,2775,2106,2777,3277
Moshe,F,5,0,0,0,5
Moshe,M,3092,343,390,854,1505
Moya,F,302,52,71,90,89
Mozell,F,246,178,55,13,0
Mozell,M,120,75,21,19,5
Mozella,F,336,193,87,51,5
Mozelle,F,270,181,72,17,0
Muhammad,M,1600,0,53,524,1023
Muhammed,M,266,0,0,84,182
Muriel,F,4767,2571,1265,498,433
Muriel,M,68,56,12,0,0
Murl,F,11,11,0,0,0
Murl,M,324,185,94,34,11
Murphy,F,35,0,0,0,35
Murphy,M,1677,597,393,354,333
Murray,F,86,37,33,10,6
Murray,M,5402,2681,1633,671,417
Murrell,M,223,110,57,37,19
Murry,F,5,5,0,0,0
Murry,M,833,393,242,119,79
Musa,M,262,0,0,102,160
Mustafa,M,873,0,21,219,633
My,F,665,0,0,125,540
My,M,186,0,0,48,138
Mya,F,1033,10,100,377,546
Mychael,F,45,0,0,0,45
Mychael,M,375,0,0,28,347
Mychal,F,119,0,0,0,119
Mychal,M,968,0,0,94,874
Mychelle,F,289,0,95,93,101
Myeisha,F,357,0,0,78,279
Myesha,F,1463,0,0,508,955
Myeshia,F,462,0,0,147,315
Myia,F,378,0,0,129,249
Myiesha,F,218,0,0,73,145
Myisha,F,981,0,6,376,599
Myka,F,328,0,11,122,195
Mykel,F,143,0,0,32,111
Mykel,M,384,0,0,17,367
Myla,F,922,225,222,254,221
Mylene,F,335,37,144,76,78
Myles,M,5654,1140,1017,970,2527
Mylinda,F,699,140,253,187,119
Mylissa,F,277,5,58,121,93
Myra,F,24695,10378,7359,3781,3177
Myra,M,30,13,5,0,12
Myranda,F,791,0,6,185,600
Myria,F,290,56,23,105,106
Myriah,F,450,0,0,175,275
Myriam,F,1189,200,328,347,314
Myrna,F,8964,4186,2630,1361,787
Myron,F,211,80,70,43,18
Myron,M,18002,6303,5323,3647,2729
Myrtice,F,373,256,100,12,5
Myrtis,F,781,500,187,66,28
Myrtle,F,4781,3106,1166,356,153
Mysti,F,498,0,44,212,242
Naaman,M,275,44,45,92,94
Nabil,F,16,0,0,0,16
Nabil,M,377,0,21,118,238
Nachelle,F,220,0,25,67,128
Nacole,F,873,0,27,399,447
Nada,F,1354,458,292,279,325
Nadean,F,401,150,129,66,56
Nadeen,F,388,119,118,87,64
Nadene,F,712,268,222,156,66
Nader,M,669,0,54,251,364
Nadia,F,9500,355,536,3076,5533
Nadia,M,39,0,0,17,22
Nadina,F,355,48,94,106,107
Nadine,F,24195,8979,8008,3889,3319
Nadine,M,16,5,11,0,0
Nadir,M,203,0,0,59,144
Nadira,F,225,0,0,86,139
Nadirah,F,306,0,0,97,209
Nadiyah,F,248,0,0,106,142
Nadja,F,501,46,127,150,178
Nadya,F,419,28,47,118,226
Naeem,M,375,0,10,159,206
Naeemah,F,260,0,0,133,127
Naftali,M,377,28,36,124,189
Nahum,M,225,13,0,82,130
Naida,F,444,159,106,95,84
Naila,F,200,5,0,66,129
Nailah,F,344,0,0,138,206
Naim,M,471,0,0,198,273
Naima,F,564,0,9,288,267
Naimah,F,440,0,0,187,253
Naisha,F,342,0,0,102,240
Naja,F,299,0,5,89,205
Najah,F,348,0,5,103,240
Najee,F,42,0,0,0,42
Najee,M,283,0,0,15,268
Nakeia,F,272,0,0,98,174
Nakeisha,F,987,0,0,384,603
Nakesha,F,839,0,0,396,443
Nakeshia,F,367,0,0,110,257
Naketa,F,222,0,0,96,126
Nakeya,F,450,0,0,166,284
Nakia,F,5709,0,0,3551,2158
Nakia,M,1499,0,0,1383,116
Nakiesha,F,200,0,0,70,130
Nakisha,F,2092,0,0,1074,1018
Nakita,F,1844,16,36,620,1172
Nakita,M,23,0,0,5,18
Nakiya,F,203,0,0,74,129
Nakiya,M,5,0,0,5,0
Nalani,F,394,53,59,125,157
Nam,M,539,0,0,81,458
Namon,M,391,135,91,90,75
Nan,F,3402,2181,877,223,121
Nana,F,642,172,108,170,192
Nana,M,113,0,0,44,69
Nance,F,323,224,87,12,0
Nancee,F,855,460,282,95,18
Nancey,F,316,192,97,16,11
Nanci,F,4294,1908,1302,640,444
Nancie,F,1566,902,397,187,80
Nancy,F,496879,286812,142724,41850,25493
Nancy,M,1422,540,411,211,260
Nancye,F,310,221,72,17,0
Nanette,F,13566,5396,5670,2027,473
Nannette,F,4448,1561,2034,683,170
Nannie,F,981,640,232,93,16
Naoma,F,254,139,89,19,7
Naomi,F,32946,7495,6161,8426,10864
Naomi,M,82,0,5,29,48
Naomie,F,392,42,54,107,189
Napoleon,M,2751,899,795,525,532
Naquan,M,252,0,0,36,216
Narciso,M,894,240,198,233,223
Narda,F,419,151,179,49,40
Narissa,F,244,0,6,66,172
Nasario,M,218,43,52,64,59
Nash,F,6,0,0,0,6
Nash,M,611,112,62,145,292
Nasha,F,220,0,0,85,135
Nasir,M,224,0,0,68,156
Nasser,M,303,20,45,92,146
Nastasha,F,239,0,0,22,217
Nastassia,F,595,0,0,0,595
Nastassja,F,224,0,0,0,224
Nat,M,527,216,183,94,34
Natacha,F,1002,11,45,489,457
Natale,F,193,0,16,66,111
Natale,M,324,122,89,73,40
Natalee,F,1219,30,147,371,671
Natali,F,694,0,36,109,549
Natalia,F,6176,324,541,1438,3873
Natalia,M,7,0,0,0,7
Natalie,F,110361,6567,19565,29801,54428
Natalie,M,388,0,40,99,249
Nataly,F,826,0,6,51,769
Natalya,F,475,0,0,115,360
Natanya,F,279,0,15,140,124
Natarsha,F,454,0,13,289,152
Natascha,F,590,0,51,327,212
Natasha,F,59676,332,1800,19331,38213
Natasha,M,249,0,0,68,181
Natashia,F,1875,0,38,620,1217
Natasia,F,242,0,0,5,237
Natassia,F,428,0,0,0,428
Natausha,F,235,0,6,88,141
Nate,F,204,0,7,86,111
Nate,M,999,163,290,311,235
Natesha,F,253,0,0,100,153
Nathalia,F,223,11,22,32,158
Nathalie,F,3514,287,531,825,1871
Nathalie,M,6,0,0,0,6
Nathaly,F,211,0,0,0,211
Nathan,F,1119,31,60,355,673
Nathan,M,197494,10126,15524,65857,105987
Nathanael,F,12,0,0,0,12
Nathanael,M,5257,78,174,1491,3514
Nathaneal,M,226,0,0,65,161
Nathanial,M,3208,119,184,927,1978
Nathaniel,F,684,128,104,178,274
Nathaniel,M,80417,12389,10191,19185,38652
Nathen,M,1389,83,102,363,841
Nathon,M,524,0,27,171,326
Natia,F,279,0,0,65,214
Natika,F,240,0,5,126,109
Natisha,F,1491,0,8,643,840
Natividad,F,588,147,144,152,145
Natividad,M,663,200,155,160,148
Natlie,F,262,6,39,76,141
Natosha,F,2350,0,37,846,1467
Natoshia,F,352,0,0,125,227
Natoya,F,516,0,0,116,400
Nayeli,F,226,0,0,12,214
Nazario,M,243,56,16,83,88
Neal,F,67,21,18,18,10
Neal,M,31533,10735,9361,6011,5426
Neale,F,5,0,5,0,0
Neale,M,338,106,92,62,78
Nechama,F,777,17,61,265,434
Nechelle,F,207,0,46,85,76
Necia,F,406,101,99,119,87
Necole,F,1170,0,130,689,351
Ned,M,5419,2596,1533,777,513
Neda,F,851,204,108,192,347
Nedra,F,3279,1228,954,665,432
Neel,M,444,14,22,119,289
Neely,F,757,0,62,408,287
Neely,M,82,54,5,17,6
Neena,F,694,158,130,138,268
Nefertiti,F,351,0,7,157,187
Neftali,F,11,0,0,0,11
Neftali,M,665,41,118,225,281
Neha,F,757,0,9,225,523
Nehemiah,M,1218,146,132,235,705
Neida,F,344,90,130,72,52
Neil,F,251,58,22,78,93
Neil,M,57256,17715,13668,14040,11833
Neila,F,362,171,77,74,40
Neill,M,923,282,193,243,205
Neisha,F,658,0,72,251,335
Nekeisha,F,220,0,0,103,117
Nekesha,F,256,0,0,136,120
Nekia,F,587,0,0,279,308
Nekia,M,50,0,0,50,0
Nekisha,F,375,0,0,200,175
Nekita,F,336,0,6,163,167
Nelda,F,5489,3211,1488,536,254
Nelia,F,410,113,87,138,72
Nelida,F,1034,210,337,252,235
Nell,F,2195,1122,462,340,271
Nell,M,6,0,0,6,0
Nella,F,588,285,183,89,31
Nellie,F,10360,5360,2409,1479,1112
Nelly,F,2216,384,428,634,770
Nels,M,1337,454,343,276,264
Nelson,F,210,23,45,84,58
Nelson,M,31616,9198,8562,6847,7009
Nelva,F,206,132,61,13,0
Nena,F,2703,827,778,458,640
Neoma,F,317,149,55,88,25
Neomi,F,567,131,116,150,170
Nephi,M,237,6,12,110,109
Nereida,F,2338,509,535,495,799
Nereida,M,6,0,0,0,6
Nereyda,F,403,0,13,106,284
Nerissa,F,1252,87,223,454,488
Nesha,F,373,0,24,176,173
Nestor,M,3160,404,536,768,1452
Neta,F,577,362,165,38,12
Netta,F,250,129,68,23,30
Nettie,F,3806,2185,908,418,295
Neva,F,3604,1766,950,535,353
Nevada,F,513,138,90,132,153
Nevada,M,268,26,21,109,112
Neville,M,979,199,239,273,268
Nevin,F,12,0,0,7,5
Nevin,M,1628,365,349,355,559
Newell,M,640,311,163,112,54
Newman,M,400,163,109,73,55
Newton,M,1514,613,398,285,218
Neysa,F,693,145,154,231,163
Nga,F,285,0,0,28,257
Ngoc,F,351,0,0,46,305
Ngoc,M,41,0,0,0,41
Nia,F,2090,19,85,788,1198
Nia,M,5,0,0,0,5
Niall,M,333,24,68,101,140
Nicanor,M,341,57,73,94,117
Nicci,F,219,12,40,88,79
Niccole,F,1105,0,53,556,496
Nichalos,M,244,0,0,56,188
Nichele,F,497,0,119,208,170
Nichelle,F,3700,0,1197,1226,1277
Nichelle,M,5,0,0,0,5
Nichol,F,2552,0,153,1428,971
Nichol,M,22,0,6,16,0
Nichola,F,681,74,144,276,187
Nichola,M,93,0,0,17,76
Nicholas,F,1922,52,68,408,1394
Nicholas,M,333329,22614,22339,65068,223308
Nicholaus,M,1661,14,30,462,1155
Nichole,F,47298,58,1486,18519,27235
Nichole,M,167,0,0,60,107
Nicholes,M,389,11,11,85,282
Nicholette,F,625,85,66,115,359
Nicholis,M,330,5,5,68,252
Nicholle,F,1197,0,71,527,599
Nicholos,M,399,16,24,109,250
Nichols,M,464,27,17,98,322
Nicholus,M,416,0,11,145,260
Nick,F,55,0,17,32,6
Nick,M,21316,5695,8004,4890,2727
Nickey,F,272,20,33,99,120
Nickey,M,1178,432,362,277,107
Nicki,F,4598,1060,975,1340,1223
Nicki,M,225,60,68,74,23
Nickie,F,2387,401,456,823,707
Nickie,M,848,304,248,216,80
Nicklas,M,650,32,50,202,366
Nicklaus,M,1023,0,24,285,714
Nickol,F,216,0,11,146,59
Nickolas,F,42,0,0,0,42
Nickolas,M,11530,1003,910,2380,7237
Nickolaus,M,701,10,11,144,536
Nickole,F,1599,0,59,780,760
Nicky,F,1186,185,201,403,397
Nicky,M,5278,1639,1766,1294,579
Nico,F,180,0,32,112,36
Nico,M,695,0,52,134,509
Nicol,F,1370,5,262,808,295
Nicol,M,28,0,10,18,0
Nicola,F,3157,288,685,1320,864
Nicola,M,1255,159,335,441,320
Nicolas,F,84,0,0,7,77
Nicolas,M,16567,1041,1388,3870,10268
Nicolasa,F,264,58,37,99,70
Nicolaus,M,371,0,0,101,270
Nicole,F,375039,1314,18564,144667,210494
Nicole,M,1538,0,79,637,822
Nicoletta,F,467,110,109,109,139
Nicolette,F,5518,772,828,988,2930
Nicolette,M,5,0,0,0,5
Nicolina,F,367,61,79,95,132
Nicolle,F,3302,5,390,1571,1336
Nicollette,F,200,0,5,7,188
Nicolo,M,252,16,59,77,100
Nida,F,387,56,43,79,209
Nidia,F,1442,177,266,419,580
Niel,M,646,213,168,136,129
Niels,M,602,180,156,138,128
Niesha,F,1226,0,5,337,884
Nieves,F,302,67,61,60,114
Nieves,M,240,70,60,60,50
Nigel,F,49,0,0,38,11
Nigel,M,3528,171,317,1088,1952
Nija,F,232,0,0,65,167
Nika,F,556,0,48,213,295
Nikea,F,227,0,0,83,144
Nikesha,F,410,0,0,204,206
Niketa,F,296,0,5,109,182
Nikeya,F,314,0,0,104,210
Nikhil,M,537,0,0,111,426
Niki,F,4859,657,742,1901,1559
Niki,M,182,5,24,101,52
Nikia,F,2595,0,0,1288,1307
Nikia,M,190,0,0,180,10
Nikisha,F,1011,0,5,536,470
Nikita,F,5191,83,318,1447,3343
Nikita,M,513,19,169,122,203
Nikiya,F,229,0,0,73,156
Nikki,F,26572,2179,3115,10876,10402
Nikki,M,566,27,79,219,241
Nikkia,F,977,0,0,431,546
Nikkia,M,7,0,0,7,0
Nikkie,F,434,7,46,174,207
Nikkita,F,371,0,0,99,272
Nikko,F,118,0,0,93,25
Nikko,M,216,0,0,5,211
Nikkole,F,452,0,5,190,257
Niko,F,170,0,24,125,21
Niko,M,420,0,21,86,313
Nikol,F,499,0,38,310,151
Nikola,F,265,0,40,153,72
Nikola,M,391,0,54,145,192
Nikolai,M,545,0,52,202,291
Nikolaos,M,636,0,48,295,293
Nikolas,F,5,0,0,0,5
Nikolas,M,2569,5,107,502,1955
Nikolaus,M,842,5,22,198,617
Nikole,F,3533,0,159,1575,1799
Nikos,M,260,0,41,91,128
Nila,F,1584,833,377,200,174
Nilda,F,2435,813,834,496,292
Nile,F,18,0,0,5,13
Nile,M,645,171,136,125,213
Niles,M,1402,390,272,317,423
Nils,M,1254,315,353,310,276
Nilsa,F,1558,419,606,349,184
Nima,F,55,0,0,0,55
Nima,M,360,0,0,68,292
Nina,F,44604,12798,10890,7275,13641
Nina,M,132,15,34,11,72
Ninette,F,566,140,211,155,60
Ninfa,F,997,362,278,193,164
Nino,M,859,167,214,280,198
Nirav,M,252,0,0,94,158
Nisa,F,423,22,81,174,146
Nisha,F,1362,0,59,457,846
Nissa,F,883,0,44,527,312
Nita,F,6596,3451,2034,764,347
Nitasha,F,231,0,0,49,182
Nitza,F,355,34,107,115,99
Nivia,F,299,45,70,77,107
Niya,F,621,0,0,250,371
Nneka,F,623,0,0,317,306
Noah,F,146,0,5,38,103
Noah,M,21048,1456,1519,5688,12385
Noam,F,5,0,0,0,5
Noam,M,337,0,42,123,172
Noami,F,284,29,71,103,81
Noble,F,16,11,5,0,0
Noble,M,1435,542,369,287,237
Noe,F,49,0,0,15,34
Noe,M,6602,912,1202,1748,2740
Noel,F,6494,905,1288,1807,2494
Noel,M,18218,3646,4664,5135,4773
Noelani,F,368,6,36,135,191
Noelia,F,1749,398,404,450,497
Noell,F,331,5,64,112,150
Noell,M,16,0,5,11,0
Noella,F,464,206,80,99,79
Noelle,F,10684,290,2309,3501,4584
Noelle,M,24,0,0,6,18
Noemi,F,7312,951,1446,2120,2795
Noemi,M,45,0,0,0,45
Noemy,F,334,5,17,97,215
Nohemi,F,542,39,72,179,252
Nola,F,4251,2183,1130,516,422
Nolan,F,31,0,0,0,31
Nolan,M,10138,1960,1494,2006,4678
Noland,M,709,206,212,159,132
Nolberto,M,258,30,52,65,111
Nolen,M,461,160,95,75,131
Nona,F,4309,2434,1097,529,249
Noni,F,292,52,45,164,31
Nonie,F,282,148,82,34,18
Noor,F,250,0,0,7,243
Noor,M,55,0,0,0,55
Nora,F,32363,11540,9521,5770,5532
Nora,M,181,63,61,5,52
Norah,F,1012,234,213,238,327
Norah,M,22,22,0,0,0
Norbert,M,3994,1919,1208,519,348
Norberto,M,2538,379,586,720,853
Noreen,F,11126,5187,4269,1078,592
Norene,F,1119,676,329,85,29
Nori,F,338,85,108,93,52
Norine,F,1553,892,457,142,62
Norita,F,254,130,104,20,0
Norm,M,373,203,154,16,0
Norma,F,68145,30801,21519,10272,5553
Norma,M,465,126,117,108,114
Norman,F,521,179,179,115,48
Norman,M,72240,33749,22753,9885,5853
Normand,M,1442,769,431,156,86
Norris,F,112,79,23,5,5
Norris,M,6047,2620,1710,962,755
Norton,M,344,159,99,59,27
Norval,M,350,191,96,48,15
Norvel,M,211,91,72,38,10
Norvell,M,488,178,134,92,84
Norvin,M,210,76,80,30,24
Norwood,M,716,321,221,98,76
Nova,F,1634,283,402,589,360
Nova,M,47,6,0,23,18
Novella,F,1050,444,329,178,99
Nubia,F,581,0,6,175,400
Nunzio,M,356,110,113,68,65
Nuvia,F,231,0,0,49,182
Nycole,F,529,0,13,196,320
Nydia,F,2061,409,403,581,668
Nyesha,F,588,0,0,167,421
Nyisha,F,313,0,0,90,223
Nykia,F,279,0,0,88,191
Nyla,F,1211,570,271,186,184
Nyle,M,359,128,65,62,104
Nyoka,F,577,174,96,196,111
Nyree,F,745,0,0,598,147
Nyssa,F,445,0,0,68,377
Oakley,F,11,0,0,0,11
Oakley,M,361,134,83,64,80
Obadiah,M,370,35,17,152,166
Obed,M,696,71,115,184,326
Obie,M,1075,407,282,244,142
Ocie,F,273,164,61,37,11
Ocie,M,738,295,223,108,112
Octavia,F,6196,665,849,1629,3053
Octavia,M,109,0,0,43,66
Octaviano,M,264,81,34,76,73
Octavio,F,5,0,0,0,5
Octavio,M,3291,338,519,1027,1407
Octavious,F,5,0,0,0,5
Octavious,M,444,5,7,161,271
Octavius,F,10,0,0,0,10
Octavius,M,1263,11,78,490,684
Odalys,F,218,0,43,63,112
Odelia,F,480,223,121,61,75
Odell,F,291,204,73,14,0
Odell,M,4019,1769,1019,726,505
Odessa,F,2794,1167,683,505,439
Odessa,M,15,15,0,0,0
Odetta,F,227,56,113,58,0
Odette,F,931,292,300,204,135
Odie,F,43,25,18,0,0
Odie,M,555,256,125,112,62
Odilia,F,505,226,148,72,59
Odis,M,1973,852,523,355,243
Ofelia,F,3194,1109,740,684,661
Okey,M,303,142,85,62,14
Oksana,F,200,100,54,32,14
Ola,F,2480,1522,508,248,202
Ola,M,40,22,0,13,5
Olaf,M,544,142,175,148,79
Olan,M,585,237,149,110,89
Olando,M,411,19,76,178,138
Ole,M,389,148,109,92,40
Olen,M,1568,676,415,282,195
Oleta,F,499,265,137,75,22
Oletha,F,285,99,103,78,5
Olevia,F,239,131,76,19,13
Olga,F,16698,5660,4739,3629,2670
Olga,M,59,0,20,19,20
Olin,M,1981,730,521,391,339
Olinda,F,340,188,69,65,18
Oliva,F,367,56,45,101,165
Olive,F,1090,617,257,122,94
Olive,M,6,6,0,0,0
Oliver,F,121,32,19,38,32
Oliver,M,16212,4987,3340,3732,4153
Olivia,F,32022,6100,4016,7846,14060
Olivia,M,120,6,0,38,76
Olivier,F,5,0,0,0,5
Olivier,M,286,6,44,100,136
Ollie,F,3305,2093,760,300,152
Ollie,M,3105,1355,871,539,340
Olympia,F,1047,145,131,375,396
Oma,F,671,386,159,88,38
Oma,M,15,5,0,10,0
Omaira,F,287,0,14,188,85
Omar,F,251,0,7,116,128
Omar,M,25612,739,1936,9256,13681
Omari,F,5,0,0,5,0
Omari,M,1057,0,0,411,646
Omarr,M,262,0,0,155,107
Omayra,F,624,0,42,391,191
Omega,F,709,157,135,226,191
Omega,M,153,16,17,78,42
Omer,M,1088,383,232,197,276
Omero,M,204,6,6,67,125
Omid,M,228,0,0,33,195
Ona,F,1078,451,250,232,145
Ondrea,F,451,21,81,184,165
Oneal,M,893,365,224,175,129
Oneida,F,770,170,210,237,153
Oneil,M,459,142,85,83,149
Onesimo,M,226,51,61,44,70
Onika,F,279,0,15,161,103
Onita,F,381,165,124,78,14
Ontario,M,379,0,11,163,205
Oona,F,210,5,51,114,40
Opal,F,3840,1712,897,704,527
Ophelia,F,2800,1388,720,397,295
Ora,F,4018,2291,998,436,293
Ora,M,702,303,185,124,90
Oral,F,11,11,0,0,0
Oral,M,638,376,158,72,32
Oralia,F,2705,1244,689,444,328
Oran,M,1017,374,248,230,165
Orelia,F,204,96,41,39,28
Oren,M,2067,527,432,550,558
Orenthal,M,266,0,33,171,62
Oretha,F,319,170,118,26,5
Oriana,F,510,0,27,178,305
Orie,F,10,5,5,0,0
Orie,M,330,133,62,51,84
Orin,M,1429,392,312,357,368
Orion,M,1399,84,82,500,733
Oris,F,20,10,10,0,0
Oris,M,322,143,102,48,29
Orland,M,374,145,91,86,52
Orlanda,F,208,20,88,83,17
Orlanda,M,470,67,140,177,86
Orlando,F,209,0,49,86,74
Orlando,M,23265,2777,5971,6880,7637
Orlin,M,218,104,54,37,23
Oronde,M,207,0,0,183,24
Orpha,F,333,157,81,56,39
Orrin,M,1429,388,406,207,428
Orson,M,485,139,111,146,89
Orval,M,811,461,212,103,35
Orvil,M,226,126,65,29,6
Orville,M,4408,2290,1184,615,319
Osama,M,250,0,6,63,181
Osbaldo,M,794,46,72,337,339
Osborne,M,373,176,91,55,51
Oscar,F,353,77,45,106,125
Oscar,M,48781,11365,9908,11847,15661
Osiel,M,224,0,0,67,157
Osman,M,318,13,19,77,209
Ossie,F,269,196,67,0,6
Ossie,M,451,185,124,85,57
Osualdo,M,254,6,57,93,98
Osvaldo,M,3140,219,491,1068,1362
Oswald,M,915,276,218,211,210
Oswaldo,M,1387,156,234,460,537
Otha,F,157,111,37,9,0
Otha,M,1835,852,493,298,192
Otho,M,396,182,117,76,21
Otilia,F,507,137,122,123,125
Otis,F,191,74,81,36,0
Otis,M,18030,7285,4955,3553,2237
Otoniel,M,259,6,30,87,136
Ottis,M,851,367,221,168,95
Otto,M,3925,1514,1125,712,574
Ouida,F,797,439,220,112,26
Ovidio,M,488,92,133,135,128
Owen,F,52,11,6,17,18
Owen,M,13928,3945,2916,3017,4050
Ozell,F,63,53,10,0,0
Ozell,M,630,249,182,119,80
Ozella,F,284,189,65,30,0
Ozie,F,76,62,14,0,0
Ozie,M,203,103,64,36,0
Ozzie,F,77,66,11,0,0
Ozzie,M,807,309,174,133,191
Pa,F,545,0,0,10,535
Pablo,F,22,0,0,0,22
Pablo,M,13801,1967,2690,4020,5124
Paden,M,256,0,0,0,256
Padraic,M,535,43,119,141,232
Page,F,1881,319,600,467,495
Page,M,594,181,210,126,77
Paige,F,21675,988,5654,4677,10356
Paige,M,645,165,171,150,159
Paisley,F,238,0,25,57,156
Palma,F,725,450,189,76,10
Palmer,F,101,45,38,0,18
Palmer,M,1192,435,315,189,253
Palmira,F,373,110,130,69,64
Paloma,F,835,0,5,131,699
Pam,F,29614,11235,17109,1126,144
Pam,M,23,6,17,0,0
Pamala,F,6213,2575,2396,940,302
Pamela,F,503116,237398,181939,58039,25740
Pamela,M,1168,377,462,228,101
Pamelia,F,1550,844,539,147,20
Pamella,F,2245,1254,651,200,140
Pamila,F,641,315,237,72,17
Pamla,F,663,270,268,109,16
Pammy,F,379,35,231,113,0
Pamula,F,662,231,295,117,19
Panagiota,F,365,0,37,191,137
Panagiotis,M,610,0,56,281,273
Pandora,F,1691,659,660,285,87
Pang,F,377,0,0,15,362
Pang,M,6,0,0,0,6
Pansy,F,1544,813,474,196,61
Paola,F,2537,44,217,619,1657
Paola,M,37,0,0,0,37
Paolo,M,1031,15,218,345,453
Paris,F,3307,225,602,500,1980
Paris,M,3323,402,626,861,1434
Parisa,F,257,0,0,54,203
Parish,F,42,0,6,10,26
Parish,M,398,0,116,157,125
Park,M,369,147,123,55,44
Parke,M,228,90,74,41,23
Parker,F,126,0,0,18,108
Parker,M,4524,568,524,632,2800
Parnell,M,729,145,262,156,166
Parris,F,334,11,81,59,183
Parris,M,922,128,250,210,334
Parrish,F,187,0,74,64,49
Parrish,M,1609,0,796,504,309
Parry,M,367,114,138,76,39
Parthenia,F,377,184,110,67,16
Pascal,F,6,0,0,0,6
Pascal,M,719,167,155,187,210
Pascale,F,336,0,95,124,117
Pascha,F,214,0,6,191,17
Pascual,M,995,219,199,244,333
Pasha,F,279,0,31,141,107
Pasha,M,86,0,6,23,57
Pasquale,M,2807,768,860,691,488
Passion,F,453,0,0,165,288
Pat,F,8449,5256,2884,242,67
Pat,M,11882,4820,6046,787,229
Pati,F,304,176,118,5,5
Patience,F,2127,258,360,750,759
Patina,F,273,0,85,135,53
Patra,F,297,89,88,80,40
Patrece,F,286,12,58,121,95
Patrecia,F,224,130,61,22,11
Patria,F,287,57,118,35,77
Patric,F,73,29,28,16,0
Patric,M,1489,445,317,282,445
Patrica,F,6347,2403,2457,1083,404
Patrica,M,5,0,5,0,0
Patrice,F,29208,10280,7587,5321,6020
Patrice,M,581,17,216,204,144
Patrici,F,216,13,151,52,0
Patricia,F,817097,459681,231178,81111,45127
Patricia,M,2559,1021,726,438,374
Patriciaann,F,218,114,57,21,26
Patricio,F,5,0,0,5,0
Patricio,M,1366,257,319,374,416
Patrick,F,2108,284,521,558,745
Patrick,M,422216,96851,122717,91240,111408
Patrina,F,1678,136,509,696,337
Patrisha,F,621,42,85,132,362
Patrisia,F,290,0,23,131,136
Patrizia,F,417,0,125,194,98
Patsy,F,31244,21734,6919,1746,845
Patsy,M,724,357,233,84,50
Patti,F,37844,20604,14338,2366,536
Patti,M,46,23,18,5,0
Pattie,F,4383,2109,1722,418,134
Patton,M,252,76,46,71,59
Patty,F,37577,16106,17521,3057,893
Patty,M,59,27,27,5,0
Paul,F,3054,615,916,815,708
Paul,M,736492,253202,242503,136390,104397
Paula,F,209177,84869,80512,32724,11072
Paula,M,614,159,189,143,123
Paulene,F,435,177,154,81,23
Paulett,F,260,121,89,50,0
Pauletta,F,1509,757,440,222,90
Paulette,F,27180,14883,7430,3640,1227
Paulette,M,25,20,5,0,0
Paulina,F,2115,228,326,451,1110
Pauline,F,29873,14437,8939,4011,2486
Pauline,M,67,48,19,0,0
Paulino,M,633,103,139,175,216
Paulita,F,503,136,130,166,71
Paulo,M,1661,121,224,689,627
Paxton,M,703,28,124,332,219
Payal,F,330,0,0,59,271
Payton,F,187,0,32,45,110
Payton,M,1050,122,153,201,574
Peaches,F,477,26,47,174,230
Pearl,F,10461,4757,2594,1471,1639
Pearl,M,271,158,68,34,11
Pearlene,F,471,349,105,17,0
Pearlie,F,2953,1972,685,206,90
Pearlie,M,80,68,12,0,0
Pearline,F,1213,711,334,110,58
Pearly,F,264,197,55,7,5
Pearly,M,29,24,5,0,0
Pebbles,F,533,0,131,233,169
Peder,M,478,104,112,134,128
Pedro,F,291,39,46,89,117
Pedro,M,34515,5772,7067,9498,12178
Peg,F,440,303,137,0,0
Peggi,F,579,302,231,41,5
Peggie,F,2453,1678,560,150,65
Peggy,F,134928,84293,37036,10516,3083
Peggy,M,311,169,111,31,0
Penelope,F,9988,4758,2871,1750,609
Penina,F,238,6,19,73,140
Penne,F,346,107,226,13,0
Penney,F,1665,540,746,312,67
Penni,F,2320,614,1182,419,105
Pennie,F,4098,1298,1849,707,244
Penny,F,78872,25123,38220,12578,2951
Penny,M,271,87,132,52,0
Pepper,F,897,45,138,552,162
Pepper,M,80,49,12,19,0
Per,M,292,46,111,74,61
Percell,M,465,190,137,76,62
Percilla,F,278,116,73,26,63
Percival,M,312,74,76,87,75
Percy,F,101,52,49,0,0
Percy,M,8268,3537,2157,1538,1036
Perez,M,271,31,42,91,107
Perfecto,M,366,107,93,92,74
Peri,F,932,254,438,99,141
Peri,M,10,5,5,0,0
Perla,F,3196,150,279,776,1991
Perla,M,5,0,0,0,5
Pernell,F,33,18,10,5,0
Pernell,M,2024,176,945,464,439
Perri,F,1139,373,440,129,197
Perri,M,98,35,53,0,10
Perrin,F,105,0,13,31,61
Perrin,M,386,65,101,106,114
Perry,F,880,286,235,140,219
Perry,M,42154,17078,15121,5351,4604
Persephone,F,206,0,38,97,71
Pervis,M,453,128,135,111,79
Pete,F,62,10,21,31,0
Pete,M,15897,5926,5153,2854,1964
Peter,F,1139,184,268,329,358
Peter,M,314198,102747,92418,62320,56713
Peterson,M,334,37,50,69,178
Petra,F,4367,1059,1260,1165,883
Petra,M,5,0,0,5,0
Petrina,F,1505,194,362,746,203
Petros,M,251,0,20,115,116
Peyton,F,541,5,118,161,257
Peyton,M,1363,209,235,335,584
Phaedra,F,1090,0,285,589,216
Phebe,F,585,132,147,167,139
Phil,F,21,16,5,0,0
Phil,M,9176,3777,4053,889,457
Philana,F,270,0,10,182,78
Philander,M,222,42,74,59,47
Philbert,M,534,171,122,165,76
Philemon,M,325,67,68,92,98
Philicia,F,278,0,52,77,149
Philip,F,645,99,140,174,232
Philip,M,172733,60853,44780,31367,35733
Philipp,M,400,70,90,109,131
Philippa,F,381,101,114,61,105
Philippe,M,1628,305,401,409,513
Phill,M,263,126,113,24,0
Phillip,F,1021,188,236,278,319
Phillip,M,188405,52457,50396,39845,45707
Phillipe,M,331,16,45,106,164
Phillips,M,496,157,126,89,124
Phillis,F,1663,825,601,168,69
Philomena,F,960,534,239,115,72
Phoebe,F,4413,1092,1064,1134,1123
Phoenix,F,252,0,0,104,148
Phoenix,M,47,0,5,10,32
Phong,F,5,0,0,0,5
Phong,M,476,0,0,49,427
Phuong,F,660,0,0,91,569
Phuong,M,224,0,0,30,194
Phylicia,F,1225,0,11,11,1203
Phylis,F,1051,641,345,60,5
Phyliss,F,964,549,336,60,19
Phyllis,F,88733,57764,25704,3835,1430
Phyllis,M,193,118,68,7,0
Phylliss,F,235,151,78,6,0
Pia,F,1566,262,382,438,484
Pier,F,358,153,141,31,33
Pier,M,56,5,18,0,33
Pierce,M,1498,306,234,179,779
Pierre,F,67,5,5,5,52
Pierre,M,9459,1557,2160,1700,4042
Pieter,M,560,100,155,146,159
Pietro,M,945,75,212,378,280
Pilar,F,1975,246,530,626,573
Pilar,M,323,101,86,63,73
Pinkie,F,501,296,146,28,31
Piper,F,2118,295,531,719,573
Pixie,F,279,177,91,11,0
Placido,M,358,90,83,108,77
Pleshette,F,210,0,62,117,31
Polly,F,12754,5068,5030,1967,689
Pollyanna,F,526,25,284,171,46
Pooja,F,437,0,0,68,369
Poppy,F,477,57,52,334,34
Porcha,F,421,0,0,34,387
Porche,F,382,0,0,40,342
Porchia,F,309,0,5,41,263
Porfirio,M,1448,340,343,396,369
Porscha,F,763,0,0,72,691
Porsche,F,1164,0,0,176,988
Porsha,F,1844,0,10,247,1587
Porsha,M,6,0,0,0,6
Porshia,F,317,0,0,36,281
Porter,F,6,0,6,0,0
Porter,M,1304,473,333,241,257
Portia,F,5789,1545,1324,1056,1864
Portia,M,8,0,0,0,8
Powell,M,347,135,118,38,56
Precilla,F,326,75,73,75,103
Precious,F,5066,165,326,1020,3555
Precious,M,40,0,0,6,34
Prentice,F,23,0,7,11,5
Prentice,M,1747,438,420,448,441
Prentis,M,529,157,123,131,118
Prentiss,F,45,7,22,5,11
Prentiss,M,1230,343,299,304,284
Prescilla,F,477,118,94,93,172
Prescott,M,537,103,135,127,172
Presley,F,55,0,0,7,48
Presley,M,616,205,119,145,147
Preston,F,183,20,27,48,88
Preston,M,25666,5164,4783,5483,10236
Price,M,879,242,255,174,208
Pricilla,F,1971,287,399,442,843
Primitivo,M,357,89,86,92,90
Prince,F,143,97,31,5,10
Prince,M,3348,669,551,602,1526
Princella,F,283,98,96,52,37
Princess,F,4693,488,865,845,2495
Princess,M,7,0,0,0,7
Princeton,M,466,30,24,65,347
Priscella,F,574,90,128,140,216
Priscila,F,447,0,11,118,318
Priscilla,F,49699,14241,10338,9114,16006
Priscilla,M,144,16,23,28,77
Priscillia,F,306,73,82,71,80
Priti,F,202,0,0,92,110
Priya,F,1125,0,8,308,809
Prudence,F,1556,551,350,537,118
Puja,F,356,0,0,44,312
Purcell,M,202,83,61,34,24
Purnell,M,399,118,126,95,60
Purvis,M,344,111,115,75,43
Qiana,F,2042,0,0,1261,781
Quan,F,34,0,5,5,24
Quan,M,507,0,8,196,303
Quana,F,244,0,15,120,109
Quanda,F,484,17,111,249,107
Quang,M,399,0,0,62,337
Quanisha,F,432,0,0,47,385
Quanita,F,410,5,31,153,221
Quantina,F,201,0,6,99,96
Queen,F,2969,1803,723,230,213
Queena,F,301,0,12,94,195
Queenie,F,631,321,178,74,58
Quenten,M,208,5,22,74,107
Quentin,F,139,0,5,54,80
Quentin,M,13715,1242,1830,4312,6331
Quenton,M,1171,96,185,354,536
Quiana,F,2584,0,0,1037,1547
Quianna,F,342,0,0,80,262
Quin,F,36,0,7,6,23
Quin,M,368,65,101,85,117
Quince,M,229,51,66,65,47
Quincey,F,33,0,11,0,22
Quincey,M,656,40,79,295,242
Quincy,F,595,67,108,207,213
Quincy,M,9468,551,797,4450,3670
Quinetta,F,299,12,33,75,179
Quinn,F,1439,5,163,326,945
Quinn,M,5153,347,999,1547,2260
Quint,M,456,7,301,92,56
Quintella,F,395,62,84,111,138
Quinten,M,1319,82,191,328,718
Quintin,F,7,0,0,0,7
Quintin,M,5036,551,1413,796,2276
Quintina,F,882,48,80,400,354
Quinton,F,42,0,0,0,42
Quinton,M,9123,766,1395,1986,4976
Quoc,M,362,0,0,66,296
Quran,M,206,0,0,72,134
Rabecca,F,456,11,53,170,222
Rabia,F,200,0,0,49,151
Race,M,224,41,39,30,114
Rachael,F,42691,1249,3048,12724,25670
Rachael,M,163,0,6,39,118
Rachal,F,863,17,71,292,483
Racheal,F,5951,289,478,1810,3374
Rachel,F,267994,16775,26795,77749,146675
Rachel,M,1112,74,86,291,661
Rachele,F,2488,151,434,883,1020
Rachell,F,2154,182,375,711,886
Rachelle,F,24251,1855,4964,8403,9029
Rachelle,M,37,0,5,22,10
Racine,F,362,50,88,41,183
Racquel,F,2745,18,326,1134,1267
Racquel,M,5,0,0,0,5
Radames,M,599,81,155,221,142
Radford,M,462,178,149,87,48
Radhika,F,236,0,5,83,148
Radley,M,213,8,21,85,99
Radonna,F,329,85,147,86,11
Rae,F,9449,3456,2895,1848,1250
Rae,M,220,106,64,26,24
Raeann,F,1905,226,528,511,640
Raeanna,F,326,0,22,63,241
Raeanne,F,764,82,171,187,324
Raechel,F,1062,5,56,266,735
Raechelle,F,395,0,35,149,211
Raegan,F,867,0,95,469,303
Raegan,M,10,5,0,5,0
Raejean,F,268,90,101,53,24
Raeleen,F,292,72,85,70,65
Raelene,F,1411,400,429,283,299
Raelyn,F,643,42,135,162,304
Raelynn,F,1050,76,269,240,465
Raena,F,417,5,38,177,197
Rafael,F,356,20,51,128,157
Rafael,M,32105,3954,6285,9592,12274
Rafaela,F,939,279,201,225,234
Rafe,M,492,36,174,122,160
Rafeal,M,611,41,56,168,346
Raffaele,M,499,21,141,193,144
Raffi,M,321,0,45,114,162
Ragan,F,571,0,94,257,220
Ragan,M,196,5,71,77,43
Ragina,F,324,17,91,129,87
Raguel,F,296,15,50,121,110
Raheem,F,6,0,0,0,6
Raheem,M,1873,0,16,673,1184
Raheen,M,261,0,0,127,134
Rahiem,M,204,0,0,71,133
Rahim,M,603,0,19,297,287
Rahman,M,580,5,54,311,210
Rahmel,M,207,0,0,43,164
Rahn,M,320,141,86,46,47
Rahsaan,F,6,0,0,6,0
Rahsaan,M,971,0,0,736,235
Rahul,M,691,0,13,236,442
Raina,F,2905,114,281,1333,1177
Rainbow,F,242,0,0,112,130
Raine,F,251,32,33,65,121
Raine,M,21,0,0,0,21
Rainer,M,327,47,135,54,91
Rainey,F,380,26,51,134,169
Rainey,M,133,53,47,17,16
Rainy,F,249,0,26,111,112
Raisa,F,299,0,10,39,250
Raizel,F,280,12,0,92,176
Raizy,F,249,14,12,58,165
Raj,M,571,5,78,196,292
Rajan,M,310,0,20,121,169
Rajeev,M,307,0,19,164,124
Rajesh,M,547,0,45,319,183
Rajiv,M,457,0,51,134,272
Rakeem,M,303,0,0,28,275
Rakesh,M,298,0,16,129,153
Raleigh,F,159,8,10,40,101
Raleigh,M,2375,860,574,444,497
Ralf,M,200,55,102,38,5
Ralph,F,549,185,184,128,52
Ralph,M,117383,60440,34190,14755,7998
Ralston,M,209,24,58,35,92
Rama,F,205,92,58,35,20
Rama,M,138,0,0,106,32
Ramel,M,634,0,13,202,419
Ramey,F,117,0,0,67,50
Ramey,M,342,40,58,159,85
Rami,F,131,0,25,60,46
Rami,M,546,0,11,134,401
Ramie,F,410,6,88,174,142
Ramie,M,178,0,41,74,63
Ramin,M,313,0,37,98,178
Ramiro,F,18,0,0,18,0
Ramiro,M,10485,2113,2218,2856,3298
Ramon,F,362,46,84,119,113
Ramon,M,34916,6277,7833,10272,10534
Ramona,F,35711,14650,12926,5784,2351
Ramona,M,138,37,54,31,16
Ramond,M,785,150,185,206,244
Ramonda,F,281,25,96,123,37
Ramone,F,12,0,0,5,7
Ramone,M,1123,13,85,391,634
Ramonia,F,265,92,111,35,27
Ramonita,F,505,137,193,131,44
Ramses,M,259,0,0,91,168
Ramsey,F,214,0,5,64,145
Ramsey,M,2141,205,319,639,978
Ramy,M,240,0,0,66,174
Rana,F,2382,169,432,1036,745
Rana,M,10,0,0,5,5
Ranada,F,293,5,0,54,234
Ranae,F,1792,466,608,443,275
Rance,M,1571,359,461,386,365
Rand,M,1815,982,478,178,177
Randa,F,2304,551,439,577,737
Randal,F,102,6,17,0,79
Randal,M,24537,10368,8386,3365,2418
Randale,M,305,76,83,60,86
Randall,F,918,219,201,149,349
Randall,M,156856,62450,52055,23025,19326
Rande,F,141,101,21,0,19
Rande,M,366,236,83,28,19
Randee,F,1940,596,339,412,593
Randee,M,154,80,30,11,33
Randel,F,20,0,0,0,20
Randel,M,2638,1104,813,401,320
Randell,F,119,14,17,21,67
Randell,M,7147,2451,2414,1137,1145
Randi,F,20277,3561,3412,3580,9724
Randi,M,881,270,231,144,236
Randie,F,1041,373,200,188,280
Randie,M,426,203,124,51,48
Randle,F,7,0,0,0,7
Randle,M,1721,667,512,275,267
Randol,M,408,192,112,66,38
Randolf,M,817,423,195,112,87
Randolph,F,97,44,30,18,5
Randolph,M,30611,15496,8195,4020,2900
Randon,F,10,0,0,0,10
Randon,M,871,115,91,189,476
Randy,F,3921,1938,1071,489,423
Randy,M,280472,120537,93878,36545,29512
Ranee,F,1183,220,327,467,169
Ranell,F,256,61,78,71,46
Ranell,M,32,0,0,12,20
Ranelle,F,328,79,81,87,81
Rani,F,843,50,152,377,264
Rani,M,34,0,0,7,27
Rania,F,469,0,29,176,264
Ranisha,F,213,0,0,33,180
Ranita,F,325,31,83,76,135
Ransom,M,838,274,200,147,217
Raoul,M,1137,371,307,276,183
Raphael,F,142,6,32,45,59
Raphael,M,6048,893,1107,1762,2286
Rapheal,M,733,82,90,158,403
Raquel,F,25162,1569,4214,9592,9787
Raquel,M,168,0,13,63,92
Rasha,F,267,0,5,95,167
Rasha,M,22,0,0,11,11
Rashaad,M,862,0,0,161,701
Rashaan,F,28,0,0,28,0
Rashaan,M,486,0,0,290,196
Rashad,F,67,0,0,8,59
Rashad,M,5093,0,0,1319,3774
Rashan,F,50,0,0,38,12
Rashan,M,498,0,0,242,256
Rashanda,F,537,0,0,213,324
Rashard,M,838,0,0,228,610
Rashaud,M,238,0,0,39,199
Rashaun,F,127,0,6,41,80
Rashaun,M,892,0,0,222,670
Rashawn,F,491,0,38,231,222
Rashawn,M,1745,0,12,530,1203
Rashawnda,F,248,0,0,85,163
Rasheda,F,812,0,0,450,362
Rasheed,F,30,0,0,18,12
Rasheed,M,1522,0,12,678,832
Rasheeda,F,1133,0,0,487,646
Rasheeda,M,5,0,0,5,0
Rasheedah,F,771,0,8,394,369
Rasheem,M,589,0,0,239,350
Rasheen,F,95,0,0,76,19
Rasheen,M,771,0,0,375,396
Rasheena,F,262,0,0,55,207
Rashel,F,316,0,35,132,149
Rashell,F,628,5,82,235,306
Rashelle,F,822,23,115,279,405
Rashid,M,975,0,45,435,495
Rashida,F,2267,0,12,1266,989
Rashida,M,6,0,0,0,6
Rashidah,F,260,0,0,118,142
Rashod,M,261,0,0,76,185
Rashon,F,104,0,6,50,48
Rashon,M,674,0,0,235,439
Rashonda,F,1054,0,15,400,639
Rashunda,F,293,0,0,111,182
Raudel,M,295,0,13,108,174
Raul,F,325,60,65,84,116
Raul,M,38931,7750,8507,10548,12126
Raven,F,5361,67,138,1188,3968
Raven,M,463,50,85,134,194
Ravi,F,5,0,5,0,0
Ravi,M,1183,0,113,397,673
Ravin,F,239,0,0,53,186
Ravin,M,46,0,5,5,36
Ravon,F,63,0,0,17,46
Ravon,M,229,5,44,55,125
Ray,F,1027,433,282,200,112
Ray,M,70007,29912,22183,10077,7835
Raya,F,223,5,16,64,138
Rayann,F,437,68,102,133,134
Rayanne,F,398,87,99,90,122
Rayburn,M,794,295,230,167,102
Raychel,F,417,0,20,77,320
Raychelle,F,327,0,36,115,176
Raye,F,1015,456,323,154,82
Raye,M,131,68,44,13,6
Rayetta,F,415,172,148,76,19
Rayfield,M,752,333,195,128,96
Rayford,M,2129,892,641,348,248
Rayleen,F,393,95,113,82,103
Raylene,F,1932,560,600,385,387
Rayma,F,362,202,93,51,16
Raymon,M,2347,643,564,512,628
Raymona,F,292,89,89,67,47
Raymond,F,1537,370,442,423,302
Raymond,M,281557,108928,81793,49332,41504
Raymondo,M,267,60,77,74,56
Raymone,M,282,0,16,116,150
Raymont,M,212,0,43,90,79
Raymund,M,334,44,100,101,89
Raymundo,M,3568,607,739,991,1231
Rayn,M,249,0,0,53,196
Rayna,F,2642,272,368,994,1008
Raynaldo,M,1000,278,285,218,219
Raynard,M,2017,325,873,296,523
Rayne,F,404,72,102,110,120
Rayne,M,79,10,5,13,51
Raynell,F,468,114,129,96,129
Raynell,M,248,24,49,81,94
Raynetta,F,219,82,66,48,23
Raynette,F,591,168,208,134,81
Rayshaun,M,223,0,0,35,188
Rayshawn,F,108,0,0,50,58
Rayshawn,M,893,0,5,231,657
Rayshon,M,227,0,0,95,132
Rayvon,F,5,0,0,0,5
Rayvon,M,451,67,67,102,215
Rea,F,580,208,137,129,106
Rea,M,17,17,0,0,0
Reagan,F,1769,7,115,880,767
Reagan,M,1190,194,233,375,388
Reana,F,204,11,43,34,116
Reanna,F,1341,0,25,345,971
Reatha,F,639,394,184,51,10
Reba,F,7708,4138,2175,737,658
Rebbeca,F,655,86,148,209,212
Rebbecca,F,1760,378,381,546,455
Rebeca,F,4205,392,717,1298,1798
Rebeca,M,5,0,0,0,5
Rebecca,F,488685,115690,99462,137285,136248
Rebecca,M,1583,204,288,533,558
Rebeccah,F,834,96,125,273,340
Rebecka,F,1583,120,206,547,710
Rebeckah,F,283,15,31,109,128
Rebeka,F,735,11,56,210,458
Rebekah,F,32196,1822,2401,9654,18319
Rebekah,M,107,0,0,24,83
Rebekka,F,844,0,38,260,546
Rebekkah,F,564,5,73,157,329
Rebel,F,344,54,156,78,56
Rebel,M,151,12,48,39,52
Recardo,M,443,55,82,159,147
Rechelle,F,530,20,148,208,154
Reco,M,810,29,58,411,312
Reda,F,767,483,200,53,31
Reece,M,1607,268,270,284,785
Reed,F,51,0,10,6,35
Reed,M,7848,2494,1696,1452,2206
Reem,F,419,0,7,131,281
Reema,F,330,0,12,75,243
Reena,F,1217,115,153,321,628
Reesa,F,431,103,153,91,84
Reese,F,5,5,0,0,0
Reese,M,2301,503,558,488,752
Refugio,F,126,60,16,35,15
Refugio,M,1562,414,334,424,390
Regan,F,3220,163,359,1425,1273
Regan,M,1796,311,583,519,383
Regena,F,1849,661,641,400,147
Regenia,F,1775,801,633,297,44
Reggie,F,220,123,65,22,10
Reggie,M,7610,1665,2104,2295,1546
Regina,F,119521,30797,45827,28319,14578
Regina,M,477,70,175,145,87
Reginal,F,5,0,0,5,0
Reginal,M,1886,357,544,606,379
Reginald,F,716,120,231,195,170
Reginald,M,74950,19338,24921,17191,13500
Regine,F,568,37,113,175,243
Reginia,F,974,253,411,242,68
Regino,M,385,74,89,116,106
Reginold,M,430,111,167,122,30
Regis,F,110,51,6,5,48
Regis,M,1766,667,441,257,401
Reid,F,31,0,10,0,21
Reid,M,7618,1771,1355,1637,2855
Reiko,F,276,0,64,139,73
Reiko,M,6,0,0,6,0
Reilly,F,114,0,0,6,108
Reilly,M,237,13,0,18,206
Reina,F,2760,232,412,790,1326
Reinaldo,M,2542,363,737,701,741
Reita,F,363,236,105,17,5
Rejeana,F,247,64,78,64,41
Rema,F,400,70,88,105,137
Remi,F,236,0,54,74,108
Remi,M,313,52,80,81,100
Remigio,M,304,59,76,86,83
Remington,F,10,0,0,0,10
Remington,M,652,5,0,5,642
Remo,M,319,95,95,69,60
Remona,F,862,300,335,172,55
Remonia,F,251,122,91,38,0
Remus,M,293,70,42,88,93
Remy,F,408,0,25,97,286
Remy,M,577,79,99,108,291
Ren,F,11,0,0,0,11
Ren,M,369,70,65,33,201
Rena,F,14379,4430,4719,2917,2313
Rena,M,69,25,22,12,10
Renada,F,659,22,81,70,486
Renae,F,10594,2013,3297,2932,2352
Renae,M,33,10,12,0,11
Renaldo,M,1916,360,389,400,767
Renard,M,1818,421,500,444,453
Renardo,F,12,0,0,0,12
Renardo,M,558,45,106,179,228
Renata,F,3876,503,893,753,1727
Renata,M,6,0,0,0,6
Renate,F,1062,269,452,195,146
Renato,F,6,0,0,0,6
Renato,M,1247,150,272,433,392
Renay,F,1543,426,637,308,172
Renay,M,24,19,5,0,0
Renda,F,956,388,326,148,94
Rendell,M,429,86,74,163,106
Rene,F,17909,4733,7324,3693,2159
Rene,M,26820,4946,7351,7266,7257
Renea,F,3605,666,1348,961,630
Renee,F,150770,32950,55815,37591,24414
Renee,M,1163,182,313,378,290
Renell,F,482,121,184,100,77
Renell,M,105,19,21,34,31
Renelle,F,321,59,90,83,89
Renesha,F,231,0,0,43,188
Renetta,F,1154,299,411,271,173
Renette,F,480,160,202,82,36
Renia,F,437,136,138,90,73
Renie,F,369,176,114,66,13
Renika,F,266,0,0,87,179
Renisha,F,391,0,0,98,293
Renita,F,6721,1584,2400,1504,1233
Renna,F,551,215,168,95,73
Renne,F,530,111,168,161,90
Renne,M,24,12,0,0,12
Rennie,F,392,136,127,89,40
Rennie,M,589,201,192,116,80
Renny,F,12,7,5,0,0
Renny,M,342,85,78,109,70
Reno,M,1240,281,363,321,275
Renwick,M,461,120,191,91,59
Renzo,M,206,12,23,74,97
Resa,F,891,290,310,171,120
Reshma,F,223,0,0,80,143
Reshonda,F,270,0,6,131,133
Reta,F,2217,1450,495,177,95
Retha,F,2867,1595,872,257,143
Retta,F,850,482,225,101,42
Reuben,F,18,0,0,6,12
Reuben,M,9570,2193,2076,2542,2759
Reva,F,3979,1582,988,503,906
Revonda,F,602,193,279,109,21
Rex,F,85,44,23,7,11
Rex,M,28125,13499,8735,3359,2532
Rexanne,F,208,114,63,26,5
Rexford,M,777,321,192,148,116
Rey,M,1903,297,441,506,659
Reyes,F,173,70,42,38,23
Reyes,M,2210,523,466,548,673
Reymundo,M,1836,433,401,493,509
Reyna,F,3132,184,302,847,1799
Reyna,M,10,0,0,0,10
Reynaldo,F,23,0,0,6,17
Reynaldo,M,10145,2092,2574,2657,2822
Reynard,M,431,75,111,120,125
Reyne,F,224,127,91,6,0
Reynold,M,1571,630,448,264,229
Reynolds,M,477,181,136,84,76
Reza,M,372,0,7,150,215
Rhea,F,4537,1248,1055,990,1244
Rhea,M,87,51,25,11,0
Rheanna,F,422,0,0,111,311
Rheannon,F,208,0,0,57,151
Rheta,F,233,165,63,5,0
Rhett,M,4482,509,975,1521,1477
Rhetta,F,250,124,83,37,6
Rhiana,F,270,0,0,113,157
Rhianna,F,1042,0,0,321,721
Rhiannon,F,4942,0,0,1666,3276
Rhiannon,M,5,0,0,0,5
Rhoda,F,6265,2615,1925,1215,510
Rhona,F,990,516,316,136,22
Rhonda,F,199941,59816,93607,37946,8572
Rhonda,M,570,124,256,154,36
Rhyan,F,140,0,0,18,122
Rhyan,M,269,0,5,67,197
Rhys,M,616,105,111,86,314
Ria,F,690,105,145,186,254
Rian,F,553,0,0,176,377
Rian,M,1458,103,142,516,697
Riana,F,272,0,0,45,227
Riann,F,213,0,0,135,78
Rianna,F,380,0,0,85,295
Ric,M,1032,386,329,151,166
Rica,F,332,39,31,122,140
Ricard,M,338,72,110,62,94
Ricarda,F,360,146,84,70,60
Ricardo,F,520,59,104,169,188
Ricardo,M,64213,10318,13149,17657,23089
Riccardo,M,978,206,244,270,258
Ricci,F,594,61,90,188,255
Ricci,M,785,350,195,113,127
Ricco,M,768,27,82,353,306
Rich,M,3010,750,1789,316,155
Richad,M,295,60,94,64,77
Richar,M,257,34,68,70,85
Richard,F,5021,1149,1465,1277,1130
Richard,M,1266917,535461,373907,202804,154745
Richardo,M,1456,276,303,366,511
Richardson,M,223,57,30,48,88
Richele,F,650,61,240,208,141
Richelle,F,5964,409,1518,2096,1941
Richey,M,393,89,181,96,27
Richie,F,163,91,58,9,5
Richie,M,4130,648,1703,1139,640
Richmond,M,1335,403,322,334,276
Richrd,M,386,92,88,102,104
Richy,M,399,54,193,78,74
Rick,F,130,40,70,8,12
Rick,M,70500,34371,25717,6155,4257
Rickard,M,389,256,102,31,0
Rickey,F,505,223,155,74,53
Rickey,M,52042,27956,13942,5227,4917
Ricki,F,2098,721,397,459,521
Ricki,M,1816,1040,397,202,177
Rickie,F,1041,470,169,178,224
Rickie,M,13639,7649,3292,1503,1195
Ricky,F,1408,474,456,238,240
Ricky,M,187800,79170,66402,22071,20157
Rico,F,45,0,0,36,9
Rico,M,4530,177,460,2049,1844
Ridge,M,265,30,5,0,230
Rifka,F,279,32,29,95,123
Rigo,M,371,12,21,91,247
Rigoberto,M,4255,303,533,1240,2179
Rik,M,257,75,78,60,44
Rika,F,237,6,32,93,106
Riki,F,717,81,124,214,298
Riki,M,178,40,16,28,94
Rikki,F,3348,180,235,892,2041
Rikki,M,382,81,35,99,167
Riley,F,781,18,11,72,680
Riley,M,6888,1424,938,1090,3436
Rilla,F,277,175,79,23,0
Rima,F,698,85,177,185,251
Rina,F,1973,218,575,533,647
Rinaldo,M,288,87,90,72,39
Rinda,F,557,259,185,82,31
Rio,F,121,0,0,0,121
Rio,M,314,10,16,97,191
Rion,F,10,0,0,0,10
Rion,M,347,25,5,107,210
Risa,F,2862,692,1073,561,536
Rise,F,892,549,271,52,20
Risha,F,350,5,62,154,129
Rishi,M,563,0,0,131,432
Rita,F,109845,60265,32883,10547,6150
Rita,M,290,125,106,43,16
Ritchie,F,5,5,0,0,0
Ritchie,M,2731,818,1035,580,298
Rito,M,666,181,132,172,181
Riva,F,616,157,124,115,220
Rivka,F,1660,121,207,525,807
Rivkah,F,276,7,12,86,171
Roann,F,202,123,68,11,0
Roanna,F,338,98,116,64,60
Roanne,F,280,138,82,44,16
Rob,M,7594,1550,4159,1441,444
Robb,M,2900,396,1117,1043,344
Robbert,M,353,109,111,57,76
Robbi,F,1232,321,387,307,217
Robbi,M,313,48,128,112,25
Robbie,F,9592,4087,3339,1468,698
Robbie,M,16482,2541,6803,4651,2487
Robbin,F,8051,2917,3558,1192,384
Robbin,M,1459,632,515,188,124
Robby,F,156,36,68,28,24
Robby,M,8556,1130,3313,2471,1642
Robbye,F,207,91,77,39,0
Robbyn,F,908,251,299,231,127
Roben,F,295,114,141,34,6
Roben,M,106,14,55,25,12
Rober,M,334,67,70,91,106
Robert,F,9713,2199,2680,2628,2206
Robert,M,2200061,830395,650786,397225,321655
Roberta,F,70392,37916,21101,8094,3281
Roberta,M,327,111,98,58,60
Roberto,F,500,87,118,144,151
Roberto,M,51396,7549,10870,15155,17822
Robertson,M,271,50,65,68,88
Robet,M,613,126,168,178,141
Robi,F,291,43,96,84,68
Robi,M,82,0,45,37,0
Robie,F,319,108,137,56,18
Robie,M,687,141,280,172,94
Robin,F,269387,82423,118327,45943,22694
Robin,M,34476,15225,10848,4571,3832
Robina,F,381,132,109,99,41
Robinette,F,611,190,224,151,46
Robinson,M,947,133,193,234,387
Roby,F,29,13,6,10,0
Roby,M,1006,260,358,245,143
Robyn,F,50153,8603,15100,14684,11766
Robyn,M,947,240,253,232,222
Robyne,F,601,157,215,134,95
Robynn,F,921,153,285,279,204
Robynne,F,325,60,127,83,55
Rocco,F,5,0,0,0,5
Rocco,M,6768,2200,1785,1415,1368
Roch,M,211,124,87,0,0
Rochel,F,979,111,147,270,451
Rochele,F,459,49,138,156,116
Rochell,F,1356,174,439,463,280
Rochell,M,57,29,11,17,0
Rochelle,F,33146,6885,9885,9082,7294
Rochelle,M,269,64,85,72,48
Rocio,F,5523,59,347,1774,3343
Rocio,M,242,0,0,54,188
Rock,M,1830,908,525,214,183
Rockey,M,800,343,198,147,112
Rockford,M,357,126,67,72,92
Rockie,F,42,6,25,11,0
Rockie,M,719,307,185,136,91
Rockne,M,214,122,67,13,12
Rockwell,M,209,84,49,40,36
Rocky,F,198,72,44,45,37
Rocky,M,19569,6971,4578,3667,4353
Rod,M,7010,2025,3746,923,316
Rodd,M,757,130,334,234,59
Roddrick,M,471,13,66,195,197
Roddy,M,1482,484,566,276,156
Rodell,M,409,125,95,96,93
Roderic,M,1453,338,528,415,172
Roderick,F,263,11,67,101,84
Roderick,M,31152,6291,9638,8598,6625
Rodger,M,11852,5503,3673,1701,975
Rodman,M,493,179,169,87,58
Rodney,F,980,147,363,299,171
Rodney,M,182329,54817,72194,37446,17872
Rodolfo,F,63,0,0,16,47
Rodolfo,M,15361,3031,3100,4053,5177
Rodric,M,333,49,83,115,86
Rodrick,F,5,0,0,5,0
Rodrick,M,5791,615,1248,2211,1717
Rodrigo,F,5,0,0,0,5
Rodrigo,M,4521,379,592,1462,2088
Rodriguez,F,5,0,0,5,0
Rodriguez,M,615,13,68,272,262
Rodriquez,M,839,14,74,301,450
Roel,M,2378,409,608,663,698
Rogelio,F,53,5,0,16,32
Rogelio,M,10497,1583,1867,3112,3935
Rogena,F,204,79,105,20,0
Roger,F,928,282,311,205,130
Roger,M,229311,110158,71440,29714,17999
Rogerio,M,294,59,63,98,74
Rogers,F,10,10,0,0,0
Rogers,M,2432,1222,587,353,270
Rohan,M,430,0,6,82,342
Rohit,M,369,0,0,138,231
Rohn,M,314,113,118,48,35
Rojelio,M,1658,376,357,433,492
Rolan,M,259,78,52,37,92
Roland,F,136,25,38,53,20
Roland,M,31724,12329,9681,5484,4230
Rolanda,F,2858,359,744,1248,507
Rolanda,M,26,0,5,0,21
Rolando,F,62,0,6,23,33
Rolando,M,12152,1618,2652,3663,4219
Rolf,M,1648,663,662,234,89
Rolfe,M,218,148,59,11,0
Rolinda,F,398,138,156,95,9
Rolland,M,2024,914,556,318,236
Rollie,M,922,434,239,149,100
Rollin,M,1390,593,380,227,190
Rolonda,F,305,0,70,135,100
Roma,F,1406,664,410,175,157
Roma,M,101,58,24,12,7
Romaine,F,749,358,220,110,61
Romaine,M,272,29,40,108,95
Roman,F,66,0,0,31,35
Roman,M,10736,1646,1797,3346,3947
Romana,F,659,142,206,178,133
Rome,F,5,0,0,5,0
Rome,M,407,98,97,125,87
Romel,M,752,59,88,236,369
Romelia,F,740,243,192,174,131
Romell,F,22,10,12,0,0
Romell,M,514,53,42,201,218
Romeo,M,2302,450,502,604,746
Romero,M,632,78,134,214,206
Romie,F,50,19,10,7,14
Romie,M,424,159,118,89,58
Romina,F,419,16,43,134,226
Rommel,M,676,61,107,264,244
Rommie,M,254,124,69,26,35
Romon,M,219,0,20,115,84
Romona,F,3169,1152,1226,595,196
Romulo,M,356,56,67,122,111
Romy,F,599,5,316,188,90
Romy,M,59,0,8,16,35
Ron,F,70,0,32,26,12
Ron,M,27158,7785,13109,4263,2001
Rona,F,3361,1054,1333,766,208
Ronal,M,495,168,160,96,71
Ronald,F,2488,715,800,598,375
Ronald,M,581729,271139,182190,81730,46670
Ronalda,F,239,77,46,69,47
Ronaldo,M,909,179,225,236,269
Ronda,F,31652,6854,16281,6928,1589
Ronda,M,187,64,73,44,6
Rondal,M,902,329,308,173,92
Rondale,M,259,0,0,116,143
Rondall,M,482,144,190,91,57
Rondel,M,248,55,53,76,64
Rondell,F,67,0,12,48,7
Rondell,M,1406,130,229,498,549
Rondey,M,233,40,92,76,25
Rondi,F,569,219,189,120,41
Rondi,M,7,0,0,7,0
Rondy,M,366,123,125,72,46
Ronee,F,274,31,42,105,96
Ronell,F,290,58,96,96,40
Ronell,M,903,94,161,330,318
Ronelle,F,466,94,147,133,92
Ronelle,M,51,0,0,20,31
Ronesha,F,235,0,0,33,202
Ronetta,F,635,83,209,190,153
Ronette,F,872,113,368,284,107
Roney,M,476,191,138,80,67
Roni,F,3272,948,967,743,614
Roni,M,236,41,45,68,82
Ronica,F,1012,47,247,398,320
Ronika,F,287,0,0,93,194
Ronisha,F,565,0,0,102,463
Ronit,F,272,0,56,119,97
Ronita,F,587,87,158,195,147
Ronn,M,565,176,215,124,50
Ronna,F,3433,1300,1357,564,212
Ronnald,M,448,276,141,31,0
Ronnell,F,183,17,61,80,25
Ronnell,M,1320,127,191,496,506
Ronnetta,F,301,7,81,130,83
Ronnette,F,706,60,305,242,99
Ronney,M,949,396,282,149,122
Ronni,F,1759,454,456,423,426
Ronni,M,27,6,0,6,15
Ronnie,F,3821,1576,936,782,527
Ronnie,M,115857,51302,34720,18271,11564
Ronny,F,289,45,78,101,65
Ronny,M,8149,3238,2582,1334,995
Ronold,M,449,239,164,46,0
Ronson,M,207,15,20,71,101
Rony,M,371,10,32,92,237
Roosevelt,F,104,53,45,0,6
Roosevelt,M,13095,5675,3663,2161,1596
Roque,M,992,179,219,290,304
Rori,F,596,80,119,176,221
Rori,M,12,5,0,0,7
Rory,F,1095,223,185,342,345
Rory,M,14764,3621,3737,2668,4738
Rosa,F,58003,19876,15041,12292,10794
Rosa,M,473,118,101,109,145
Rosaland,F,304,73,147,78,6
Rosalba,F,1737,164,284,642,647
Rosalee,F,1900,753,426,330,391
Rosaleen,F,250,89,85,41,35
Rosalia,F,2503,471,577,693,762
Rosalie,F,13786,6790,3645,1679,1672
Rosalie,M,5,5,0,0,0
Rosalin,F,361,100,87,104,70
Rosalina,F,1255,237,279,320,419
Rosalind,F,13770,5331,5350,2168,921
Rosalinda,F,9247,2518,2522,2201,2006
Rosalinda,M,5,0,0,0,5
Rosaline,F,918,341,266,195,116
Rosalio,M,806,206,161,203,236
Rosalva,F,1507,227,337,517,426
Rosalyn,F,10121,3779,2808,1982,1552
Rosalynn,F,900,119,157,311,313
Rosamaria,F,1081,90,257,339,395
Rosamond,F,302,169,49,45,39
Rosana,F,1458,231,325,385,517
Rosangela,F,237,0,5,19,213
Rosann,F,1717,929,473,179,136
Rosanna,F,8676,1851,1713,1902,3210
Rosanna,M,6,0,0,0,6
Rosanne,F,10533,5883,2661,1073,916
Rosaria,F,775,193,215,233,134
Rosario,F,5236,1381,1398,1348,1109
Rosario,M,1672,405,431,464,372
Rosaura,F,1352,226,308,441,377
Rosco,M,271,121,63,46,41
Roscoe,M,4443,1927,1111,769,636
Rose,F,119767,66688,31859,11388,9832
Rose,M,492,203,147,65,77
Roseann,F,9579,4113,2997,1368,1101
Roseanna,F,3268,1022,622,582,1042
Roseanne,F,4688,1733,1393,722,840
Roselee,F,261,98,65,54,44
Roselia,F,224,20,46,72,86
Roselie,F,221,98,61,27,35
Roselind,F,201,66,83,42,10
Roseline,F,239,85,44,34,76
Rosella,F,1949,906,522,318,203
Roselle,F,614,234,164,146,70
Rosellen,F,296,174,85,20,17
Roselyn,F,2424,924,644,420,436
Roselynn,F,311,62,58,74,117
Rosemarie,F,20234,8129,7403,2725,1977
Rosemarie,M,5,5,0,0,0
Rosemary,F,50436,25020,14604,5823,4989
Rosemary,M,129,48,48,12,21
Rosena,F,334,159,104,22,49
Rosenda,F,372,69,72,115,116
Rosendo,M,2297,506,511,607,673
Rosetta,F,7836,3818,2218,1100,700
Rosette,F,428,121,125,107,75
Rosevelt,M,416,226,97,44,49
Rosey,F,268,120,73,38,37
Roshan,F,87,0,17,45,25
Roshan,M,286,0,0,66,220
Roshanda,F,1030,0,55,512,463
Roshawn,F,368,0,59,194,115
Roshawn,M,381,0,6,163,212
Roshawnda,F,233,0,5,87,141
Roshell,F,492,35,123,174,160
Roshell,M,12,0,0,12,0
Roshelle,F,644,33,138,233,240
Roshni,F,209,0,0,31,178
Roshonda,F,842,0,41,417,384
Roshunda,F,519,0,33,243,243
Rosia,F,536,340,124,47,25
Rosie,F,18217,10012,4920,1961,1324
Rosie,M,56,34,22,0,0
Rosiland,F,575,188,257,120,10
Rosilyn,F,367,141,126,77,23
Rosina,F,1338,434,363,301,240
Rosio,F,1305,0,67,493,745
Rosio,M,19,0,0,0,19
Rosita,F,3567,1228,1099,683,557
Rosland,F,266,48,104,84,30
Roslyn,F,7465,2941,2530,1243,751
Roslynn,F,489,108,127,136,118
Ross,F,207,23,32,46,106
Ross,M,42940,9513,9781,7936,15710
Rossana,F,704,132,225,176,171
Rossie,F,199,89,44,21,45
Rossie,M,207,95,65,42,5
Rosslyn,F,277,86,106,63,22
Roswell,M,252,103,75,37,37
Rosy,F,382,95,85,63,139
Rowan,F,95,0,0,6,89
Rowan,M,408,77,71,78,182
Rowdy,M,1006,22,348,281,355
Rowena,F,3185,1268,960,566,391
Rowland,M,1237,522,379,183,153
Rox,F,309,208,89,7,5
Roxan,F,391,149,102,64,76
Roxana,F,4494,588,690,944,2272
Roxana,M,20,0,0,0,20
Roxane,F,4622,1762,1931,607,322
Roxann,F,7677,3152,2334,1212,979
Roxanna,F,7401,1843,2034,1432,2092
Roxanna,M,7,0,0,0,7
Roxanne,F,47398,16608,13577,8169,9044
Roxanne,M,55,10,6,5,34
Roxie,F,4412,2228,1156,544,484
Roxie,M,34,29,5,0,0
Roxy,F,918,457,230,97,134
Roxy,M,21,21,0,0,0
Roy,F,914,335,261,171,147
Roy,M,138555,61847,40047,22353,14308
Roya,F,394,19,42,99,234
Royal,F,113,18,5,33,57
Royal,M,2860,1068,735,561,496
Royce,F,802,387,217,115,83
Royce,M,9689,3492,2451,1809,1937
Royden,M,252,88,52,73,39
Rozanna,F,331,124,71,31,105
Rozanne,F,778,462,204,54,58
Rozell,F,32,32,0,0,0
Rozell,M,256,100,63,53,40
Rozella,F,345,169,107,55,14
Rozetta,F,264,110,90,54,10
Rozlyn,F,270,67,51,71,81
Ruben,F,446,100,84,120,142
Ruben,M,53414,12395,12623,13538,14858
Rubi,F,693,8,13,257,415
Rubie,F,467,208,96,62,101
Rubin,F,16,6,10,0,0
Rubin,M,2281,716,589,558,418
Rubina,F,258,27,48,79,104
Ruby,F,43459,20550,10164,6433,6312
Ruby,M,491,153,113,86,139
Rubye,F,448,330,92,21,5
Rudi,F,104,0,0,0,104
Rudi,M,415,80,110,104,121
Rudolf,M,880,349,221,173,137
Rudolfo,M,1313,505,289,270,249
Rudolph,F,23,12,0,11,0
Rudolph,M,14076,6652,3535,2186,1703
Rudolpho,M,233,89,32,75,37
Rudy,F,405,96,80,85,144
Rudy,M,23523,6894,6348,4926,5355
Rueben,M,1903,398,422,507,576
Ruel,M,448,155,115,99,79
Rufina,F,232,72,54,46,60
Rufino,M,633,153,146,146,188
Rufus,F,32,22,10,0,0
Rufus,M,9470,4155,2625,1570,1120
Rui,M,256,0,5,146,105
Rulon,M,276,89,56,57,74
Rumaldo,M,368,103,100,89,76
Rupert,M,1211,464,346,218,183
Ruperto,M,448,80,111,130,127
Rush,M,529,171,126,108,124
Russ,M,4710,1415,2217,673,405
Russel,M,5613,1802,1729,1168,914
Russell,F,864,183,240,226,215
Russell,M,184973,62406,60447,35469,26651
Rusti,F,270,0,38,118,114
Rustin,M,1468,84,188,541,655
Ruston,M,323,31,54,108,130
Rusty,F,491,95,96,194,106
Rusty,M,14613,2956,4242,3647,3768
Ruta,F,266,102,123,28,13
Ruth,F,121362,62538,34189,13431,11204
Ruth,M,462,130,139,85,108
Rutha,F,502,359,128,15,0
Ruthann,F,2826,1055,996,413,362
Ruthanne,F,1143,372,386,179,206
Ruthie,F,5910,3295,1660,590,365
Ruthy,F,354,172,104,39,39
Ryan,F,8399,7,78,2136,6178
Ryan,M,431856,1961,11322,139635,278938
Ryane,F,254,0,0,68,186
Ryane,M,25,0,0,0,25
Ryann,F,1554,0,0,382,1172
Ryann,M,239,0,0,53,186
Ryanne,F,718,0,0,165,553
Rydell,M,218,0,78,42,98
Ryder,M,417,0,55,154,208
Ryen,F,51,0,0,7,44
Ryen,M,218,0,0,54,164
Rylan,M,538,0,6,118,414
Ryland,F,6,0,0,0,6
Ryland,M,801,192,131,157,321
Rylee,F,201,0,0,0,201
Rylee,M,32,0,0,0,32
Ryne,F,14,0,0,0,14
Ryne,M,1339,53,48,0,1238
Ryon,F,7,0,0,0,7
Ryon,M,943,0,71,363,509
Saad,M,259,0,0,36,223
Saadia,F,338,60,85,81,112
Saba,F,382,0,0,99,283
Saba,M,5,0,0,0,5
Sabas,M,274,54,71,85,64
Sabina,F,2162,347,646,577,592
Sabine,F,798,44,246,267,241
Sabino,M,650,149,119,192,190
Sable,F,572,12,0,0,560
Sabra,F,2596,514,879,555,648
Sabrena,F,1449,134,553,468,294
Sabrina,F,66502,4911,12454,24500,24637
Sabrina,M,243,0,31,99,113
Sacha,F,1214,0,30,632,552
Sacha,M,173,0,0,114,59
Sachin,M,340,0,0,121,219
Sada,F,368,0,0,54,314
Sade,F,3474,0,0,0,3474
Sade,M,54,0,0,0,54
Sadia,F,242,0,0,60,182
Sadie,F,8484,2437,1131,1754,3162
Sadie,M,5,0,0,0,5
Saeed,M,340,0,10,115,215
Safiya,F,387,0,0,123,264
Sagar,M,316,0,0,37,279
Sage,F,870,0,42,341,487
Sage,M,713,0,12,318,383
Sahar,F,558,0,0,119,439
Sahar,M,5,0,0,0,5
Sahara,F,336,0,5,93,238
Said,M,277,0,28,82,167
Saida,F,332,27,35,103,167
Saira,F,492,0,5,115,372
Sakeena,F,269,8,14,113,134
Sakina,F,459,0,33,215,211
Sakinah,F,530,0,0,275,255
Sal,M,1821,531,759,328,203
Saleem,M,501,0,17,177,307
Salem,F,122,0,0,34,88
Salem,M,290,11,23,97,159
Salena,F,2339,123,343,930,943
Salim,M,486,0,46,178,262
Salina,F,3626,114,357,1420,1735
Salli,F,522,233,172,100,17
Sallie,F,7816,3991,2284,882,659
Sallie,M,5,5,0,0,0
Sally,F,86452,46706,24344,9275,6127
Sally,M,223,99,78,30,16
Sallyann,F,462,175,178,79,30
Sallye,F,261,165,65,25,6
Salma,F,237,0,0,59,178
Salman,M,208,0,0,27,181
Salome,F,587,116,126,158,187
Salome,M,288,77,56,88,67
Salomon,M,1064,168,169,287,440
Salvador,F,121,0,5,44,72
Salvador,M,18268,3236,3216,5164,6652
Salvadore,M,483,135,156,103,89
Salvator,M,246,78,66,24,78
Salvatore,F,26,0,0,21,5
Salvatore,M,18999,6090,5505,4015,3389
Sam,F,391,119,131,69,72
Sam,M,27263,10052,8657,4516,4038
Samanatha,F,317,0,33,74,210
Samantha,F,161543,486,11027,28906,121124
Samantha,M,599,0,24,121,454
Samanthia,F,362,0,118,90,154
Samar,F,233,0,0,60,173
Samar,M,58,0,0,26,32
Samara,F,2228,68,180,898,1082
Samaria,F,387,6,38,140,203
Samatha,F,2556,0,243,704,1609
Sameer,M,646,0,11,236,399
Sameerah,F,209,0,0,92,117
Samella,F,221,127,40,34,20
Samer,M,517,0,16,173,328
Sameul,M,466,143,95,104,124
Sami,F,597,42,152,209,194
Sami,M,748,21,88,193,446
Samia,F,568,46,59,177,286
Samir,M,1580,5,136,562,877
Samira,F,895,0,61,245,589
Sammantha,F,414,0,6,43,365
Sammi,F,677,31,94,292,260
Sammie,F,1863,797,447,314,305
Sammie,M,7436,3423,2117,1172,724
Sammuel,M,1001,318,229,178,276
Sammy,F,512,151,128,89,144
Sammy,M,21216,8105,6602,3888,2621
Sammye,F,202,137,54,11,0
Samona,F,234,0,38,115,81
Samone,F,674,0,104,131,439
Sampson,M,1080,303,243,222,312
Samson,M,1965,243,255,530,937
Samual,M,1931,386,411,478,656
Samuel,F,1365,218,265,363,519
Samuel,M,219569,53767,44247,48099,73456
Samule,M,208,83,45,31,49
San,F,1408,442,460,336,170
San,M,371,43,73,100,155
Sana,F,702,39,43,142,478
Sana,M,5,0,0,0,5
Sanchez,F,17,0,0,0,17
Sanchez,M,384,0,25,107,252
Sanda,F,425,134,158,97,36
Sandee,F,1321,332,586,286,117
Sandeep,F,53,0,0,15,38
Sandeep,M,464,0,41,183,240
Sander,F,79,25,40,14,0
Sander,M,369,99,124,67,79
Sanders,F,6,0,6,0,0
Sanders,M,688,282,165,128,113
Sandi,F,7921,1495,3103,2184,1139
Sandi,M,7,0,0,0,7
Sandie,F,1896,455,871,363,207
Sandie,M,5,0,5,0,0
Sandor,M,534,93,169,167,105
Sandra,F,529825,251591,183846,64340,30048
Sandra,M,1656,480,563,330,283
Sandrea,F,360,86,66,93,115
Sandria,F,373,109,92,87,85
Sandro,M,751,12,101,434,204
Sandy,F,50832,12188,22710,9107,6827
Sandy,M,5753,2169,1966,932,686
Sanford,M,4450,2104,1382,625,339
Sang,F,26,0,0,0,26
Sang,M,324,13,17,75,219
Sanita,F,221,27,26,86,82
Sanjay,M,841,0,137,391,313
Sanjuana,F,1297,541,215,321,220
Sanjuanita,F,2718,982,635,727,374
Sanna,F,262,68,35,67,92
Santa,F,1645,477,453,439,276
Santa,M,10,5,0,5,0
Santana,F,1717,0,0,116,1601
Santana,M,703,46,63,304,290
Santanna,F,278,0,0,0,278
Santanna,M,5,0,0,0,5
Santiago,F,30,0,0,11,19
Santiago,M,7504,1330,1464,2083,2627
Santina,F,908,116,191,281,320
Santino,M,945,5,19,367,554
Santo,M,1431,396,434,356,245
Santonio,M,305,0,12,127,166
Santos,F,637,240,133,156,108
Santos,M,6483,1351,1526,1750,1856
Sanya,F,501,12,112,254,123
Sapna,F,333,0,0,148,185
Sapphire,F,203,0,0,5,198
Saprina,F,335,0,22,220,93
Sara,F,205175,20491,23044,56958,104682
Sara,M,736,35,61,202,438
Sarabeth,F,494,13,30,109,342
Sarah,F,475339,39966,43913,118823,272637
Sarah,M,1827,120,149,438,1120
Sarahann,F,252,6,10,46,190
Sarai,F,1695,19,115,362,1199
Sarajane,F,319,55,89,63,112
Saralee,F,227,120,46,28,33
Saralyn,F,612,165,142,129,176
Saran,F,286,13,6,111,156
Sarena,F,899,35,144,297,423
Sarha,F,244,0,0,56,188
Sari,F,1896,495,476,487,438
Sariah,F,329,0,6,136,187
Sarina,F,2639,143,305,847,1344
Sarita,F,3380,646,1019,784,931
Sarra,F,251,0,0,66,185
Sarrah,F,507,10,10,143,344
Sascha,F,438,0,0,181,257
Sascha,M,150,0,15,80,55
Sasha,F,12281,10,155,2418,9698
Sasha,M,540,0,37,221,282
Saskia,F,324,0,61,132,131
Satin,F,206,0,0,32,174
Saturnino,M,244,66,60,60,58
Saudia,F,238,0,65,83,90
Saul,F,38,0,0,0,38
Saul,M,9581,1241,1519,2712,4109
Saundra,F,9008,3813,3082,1365,748
Savana,F,257,0,0,0,257
Savanah,F,720,12,0,7,701
Savanna,F,2126,13,18,38,2057
Savanna,M,5,0,0,0,5
Savannah,F,9442,326,170,232,8714
Savannah,M,32,0,0,0,32
Saverio,M,529,152,167,133,77
Savina,F,262,16,46,76,124
Sawyer,F,53,0,0,0,53
Sawyer,M,280,0,0,5,275
Scarlet,F,1986,348,609,536,493
Scarlett,F,3678,560,988,923,1207
Scarlette,F,375,58,142,76,99
Scherrie,F,280,81,33,124,42
Scherry,F,363,213,119,31,0
Scheryl,F,262,161,94,7,0
Schuyler,F,221,16,6,45,154
Schuyler,M,1501,191,186,247,877
Scot,F,11,5,6,0,0
Scot,M,12656,2769,5244,3450,1193
Scott,F,2442,216,742,884,600
Scott,M,681311,111819,266828,194520,108144
Scotti,F,258,21,57,75,105
Scotti,M,103,0,19,49,35
Scottie,F,753,206,211,168,168
Scottie,M,8347,679,2631,3619,1418
Scotty,F,179,60,43,58,18
Scotty,M,15221,1631,4482,6075,3033
Seamus,M,976,25,122,332,497
Sean,F,1998,137,463,588,810
Sean,M,240423,5452,47282,83819,103870
Seana,F,1166,34,322,428,382
Seann,M,329,0,46,153,130
Seanna,F,580,6,96,201,277
Season,F,915,0,0,510,405
Sebastian,F,17,0,0,0,17
Sebastian,M,5865,500,1113,1413,2839
Sebastiano,M,230,6,65,90,69
Sebastien,M,234,0,0,65,169
Sebrena,F,437,57,233,123,24
Sebrina,F,1717,132,569,680,336
Sedric,M,859,39,161,356,303
Sedrick,M,2129,86,290,974,779
See,F,238,0,0,6,232
Seema,F,745,0,49,334,362
Seferino,M,480,140,112,121,107
Sejal,F,292,0,6,138,148
Sekou,M,278,0,0,189,89
Seldon,M,215,89,58,51,17
Selena,F,11704,964,2535,4843,3362
Selene,F,1474,161,359,473,481
Selia,F,229,63,48,55,63
Selina,F,7723,644,2148,2272,2659
Selinda,F,370,86,131,91,62
Selma,F,2218,1061,681,251,225
Selma,M,28,23,5,0,0
Selwyn,F,5,0,5,0,0
Selwyn,M,653,141,258,129,125
Semaj,F,48,0,0,10,38
Semaj,M,232,0,0,81,151
Sena,F,701,134,183,201,183
Sena,M,15,0,0,0,15
Senaida,F,537,105,166,151,115
Seneca,F,552,48,21,185,298
Seneca,M,1001,0,0,520,481
Senora,F,412,124,145,93,50
Senta,F,315,0,129,156,30
September,F,1085,83,254,346,402
Sequoia,F,579,5,0,106,468
Sequoia,M,33,0,0,18,15
Sera,F,298,5,5,92,196
Serafin,M,657,119,155,168,215
Serafina,F,304,40,89,87,88
Serena,F,13730,1055,2568,4844,5263
Serena,M,16,0,0,5,11
Serene,F,630,65,106,216,243
Serenity,F,820,0,0,352,468
Seretha,F,318,81,106,77,54
Serge,M,861,181,204,243,233
Sergio,F,198,0,0,56,142
Sergio,M,25369,1589,3365,7263,13152
Serina,F,2235,66,333,860,976
Serita,F,1008,167,287,268,286
Serjio,M,558,39,90,203,226
Servando,M,762,153,138,206,265
Seth,F,279,0,5,85,189
Seth,M,53601,2101,3787,16584,31129
Severiano,M,281,67,54,63,97
Severo,M,559,149,155,120,135
Seymour,M,535,264,143,84,44
Sha,F,391,0,49,192,150
Sha,M,92,0,0,52,40
Shabnam,F,207,0,5,44,158
Shad,M,3717,21,388,2582,726
Shada,F,231,0,0,25,206
Shadae,F,200,0,0,0,200
Shade,F,237,0,0,11,226
Shade,M,173,13,31,45,84
Shadi,F,87,0,0,26,61
Shadi,M,242,0,0,50,192
Shadia,F,274,0,0,78,196
Shadonna,F,506,0,0,167,339
Shadrick,M,362,0,12,217,133
Shae,F,1336,23,104,474,735
Shae,M,383,0,7,146,230
Shaela,F,214,0,5,54,155
Shaena,F,295,0,0,60,235
Shaheed,M,362,0,0,137,225
Shahid,M,232,0,14,107,111
Shahidah,F,203,0,0,98,105
Shaila,F,397,0,42,124,231
Shain,F,16,0,0,16,0
Shain,M,638,0,52,286,300
Shaina,F,4452,0,13,373,4066
Shaina,M,18,0,0,0,18
Shaindy,F,254,16,0,76,162
Shaine,F,71,0,0,37,34
Shaine,M,433,0,10,178,245
Shajuana,F,219,0,0,126,93
Shaka,F,123,0,0,45,78
Shaka,M,351,0,0,170,181
Shakara,F,307,0,0,48,259
Shakeema,F,371,0,0,84,287
Shakeena,F,338,0,0,66,272
Shakela,F,212,0,0,53,159
Shakema,F,285,0,0,67,218
Shakena,F,279,0,0,81,198
Shakera,F,438,0,0,80,358
Shaketa,F,303,0,0,86,217
Shakeya,F,404,0,0,75,329
Shakia,F,1093,0,0,198,895
Shakima,F,434,0,0,116,318
Shakina,F,466,0,0,157,309
Shakir,M,303,0,0,123,180
Shakira,F,2151,0,0,682,1469
Shakirah,F,262,0,0,38,224
Shakisha,F,207,0,0,98,109
Shakita,F,862,0,0,196,666
Shala,F,1262,21,102,469,670
Shalana,F,424,0,7,147,270
Shalanda,F,1519,0,84,828,607
Shalane,F,342,0,22,60,260
Shalee,F,410,0,15,99,296
Shaleen,F,408,6,65,163,174
Shalena,F,647,0,15,244,388
Shalene,F,632,0,79,280,273
Shalimar,F,349,11,32,124,182
Shalimar,M,5,0,0,5,0
Shalina,F,381,0,0,125,256
Shalini,F,302,0,0,137,165
Shalisa,F,457,0,22,170,265
Shalise,F,228,0,14,77,137
Shalisha,F,224,0,5,84,135
Shalita,F,348,0,0,151,197
Shallon,F,210,0,0,92,118
Shalom,F,155,0,8,101,46
Shalom,M,332,15,53,98,166
Shalon,F,946,0,91,563,292
Shalon,M,71,0,0,36,35
Shalonda,F,3852,0,170,1933,1749
Shalyn,F,566,0,12,152,402
Shalynn,F,336,0,5,96,235
Shama,F,221,0,5,91,125
Shamar,F,147,0,5,44,98
Shamar,M,816,0,0,191,625
Shamara,F,707,0,0,181,526
Shameca,F,266,0,0,110,156
Shameeka,F,762,0,0,274,488
Shameika,F,696,0,0,197,499
Shameka,F,4980,0,0,1626,3354
Shamekia,F,786,0,0,238,548
Shamel,F,102,0,0,32,70
Shamel,M,386,0,0,89,297
Shamia,F,456,0,0,71,385
Shamica,F,518,0,0,181,337
Shamieka,F,200,0,0,67,133
Shamika,F,4013,0,0,1241,2772
Shamir,F,86,0,0,0,86
Shamir,M,225,0,0,5,220
Shamira,F,427,0,0,74,353
Shamon,F,115,0,8,55,52
Shamon,M,206,0,0,114,92
Shamus,M,664,7,38,339,280
Shan,F,752,171,254,239,88
Shan,M,1318,95,346,540,337
Shana,F,23405,313,2905,10230,9957
Shana,M,106,0,0,52,54
Shanae,F,1579,0,19,297,1263
Shanan,F,669,10,116,365,178
Shanan,M,110,0,14,84,12
Shanay,F,734,0,0,132,602
Shanda,F,7041,266,1127,3470,2178
Shandel,F,215,0,15,74,126
Shandel,M,5,0,0,5,0
Shandell,F,345,0,21,161,163
Shandell,M,57,0,0,50,7
Shandi,F,1102,0,11,175,916
Shandon,F,128,0,18,37,73
Shandon,M,277,0,6,124,147
Shandra,F,2582,94,428,1115,945
Shandrea,F,222,0,0,74,148
Shandy,F,529,0,23,205,301
Shandy,M,109,0,0,68,41
Shane,F,2452,151,334,1263,704
Shane,M,109960,2589,13923,50279,43169
Shanea,F,550,0,0,138,412
Shanee,F,935,0,31,289,615
Shaneeka,F,325,0,0,89,236
Shaneen,F,275,0,13,122,140
Shaneika,F,406,0,0,95,311
Shaneka,F,1897,0,0,499,1398
Shanel,F,1167,0,56,342,769
Shanell,F,2449,0,101,798,1550
Shanell,M,12,0,0,6,6
Shanelle,F,1839,0,50,434,1355
Shanequa,F,748,0,0,234,514
Shanese,F,382,0,5,111,266
Shanetta,F,754,0,13,327,414
Shanette,F,679,0,62,326,291
Shaney,F,274,0,39,135,100
Shani,F,2762,0,413,1429,920
Shani,M,12,0,0,6,6
Shania,F,427,0,0,112,315
Shanica,F,302,0,0,107,195
Shanice,F,2014,0,5,135,1874
Shanice,M,5,0,0,0,5
Shanie,F,292,0,61,156,75
Shaniece,F,592,0,0,67,525
Shanika,F,3946,0,0,1234,2712
Shanika,M,11,0,0,0,11
Shanin,F,257,0,54,151,52
Shaniqua,F,1459,0,0,326,1133
Shanique,F,574,0,0,187,387
Shanise,F,634,0,16,190,428
Shanisha,F,206,0,0,37,169
Shanita,F,2734,6,96,996,1636
Shanitra,F,205,0,0,69,136
Shann,F,214,35,75,87,17
Shann,M,275,11,55,134,75
Shanna,F,22892,533,2418,9812,10129
Shanna,M,88,0,0,51,37
Shannah,F,844,10,106,346,382
Shannan,F,4293,82,846,2161,1204
Shannan,M,300,0,52,191,57
Shannel,F,702,0,31,222,449
Shannell,F,304,0,0,118,186
Shannen,F,597,0,77,251,269
Shannen,M,77,0,21,41,15
Shannon,F,232163,6100,33850,113793,78420
Shannon,M,44063,1444,9851,24649,8119
Shannyn,F,227,0,20,124,83
Shanon,F,4201,191,709,2071,1230
Shanon,M,1484,18,289,847,330
Shant,M,261,0,0,58,203
Shanta,F,4318,5,302,1985,2026
Shanta,M,142,0,0,92,50
Shantae,F,990,0,5,337,648
Shantae,M,6,0,0,6,0
Shantal,F,412,0,14,102,296
Shantavia,F,224,0,0,16,208
Shantay,F,926,0,72,326,528
Shante,F,3749,0,80,1113,2556
Shante,M,186,0,0,85,101
Shantee,F,371,0,5,150,216
Shantel,F,5477,0,312,1939,3226
Shantel,M,47,0,0,28,19
Shantell,F,3153,0,185,1279,1689
Shantell,M,26,0,0,16,10
Shantelle,F,1548,0,105,532,911
Shanteria,F,214,0,0,0,214
Shanti,F,824,0,34,441,349
Shanti,M,135,0,0,93,42
Shantia,F,531,0,0,114,417
Shantina,F,275,0,0,124,151
Shantrell,F,373,0,6,133,234
Shantrell,M,5,0,0,0,5
Shantrice,F,251,0,0,85,166
Shaquan,F,208,0,0,68,140
Shaquan,M,229,0,0,18,211
Shaquana,F,1229,0,0,207,1022
Shaquanda,F,347,0,0,43,304
Shaquanna,F,468,0,0,60,408
Shaquetta,F,253,0,0,36,217
Shaquita,F,1451,0,0,226,1225
Shaquita,M,5,0,0,0,5
Shar,F,204,40,47,84,33
Shara,F,3859,253,602,1378,1626
Shara,M,5,0,0,5,0
Sharae,F,558,0,50,175,333
Sharalyn,F,277,101,60,64,52
Sharan,F,722,372,203,97,50
Sharanda,F,363,0,32,162,169
Sharay,F,337,0,14,102,221
Sharay,M,5,0,0,5,0
Sharayah,F,248,0,0,0,248
Sharda,F,354,0,0,7,347
Shardae,F,620,0,0,0,620
Sharday,F,447,0,0,0,447
Sharde,F,541,0,0,0,541
Sharee,F,2956,378,457,906,1215
Shareef,M,389,0,0,147,242
Shareen,F,726,106,166,261,193
Shareese,F,355,0,19,145,191
Shareka,F,613,0,0,132,481
Sharel,F,211,83,54,30,44
Sharell,F,797,59,51,199,488
Sharell,M,16,0,0,5,11
Sharelle,F,479,0,26,100,353
Sharen,F,1982,1164,561,189,68
Sharena,F,358,0,8,100,250
Sharene,F,482,101,147,140,94
Sharese,F,671,0,79,255,337
Sharetta,F,229,0,12,83,134
Sharhonda,F,1066,0,36,424,606
Shari,F,37045,6460,20516,6439,3630
Shari,M,46,5,35,6,0
Sharia,F,358,5,12,121,220
Sharice,F,896,0,94,364,438
Sharie,F,1568,301,530,367,370
Sharif,F,5,0,0,5,0
Sharif,M,1222,0,41,538,643
Sharifa,F,357,0,5,139,213
Shariff,M,328,0,0,145,183
Sharika,F,854,0,0,202,652
Sharilyn,F,1195,370,458,231,136
Sharin,F,285,74,117,66,28
Sharina,F,721,0,18,195,508
Sharion,F,559,315,192,47,5
Sharise,F,497,0,91,195,211
Sharissa,F,210,0,0,71,139
Sharisse,F,486,11,78,180,217
Sharita,F,2174,25,151,666,1332
Sharla,F,5384,972,1688,1816,908
Sharlee,F,362,81,47,89,145
Sharleen,F,1525,621,346,319,239
Sharlene,F,7640,2893,2462,1314,971
Sharlet,F,415,180,121,99,15
Sharlette,F,242,72,67,73,30
Sharline,F,241,85,78,40,38
Sharlotte,F,519,185,146,122,66
Sharlyn,F,741,233,255,132,121
Sharma,F,377,89,121,134,33
Sharmaine,F,1018,118,175,332,393
Sharman,F,850,515,183,138,14
Sharman,M,23,6,7,10,0
Sharmane,F,244,19,47,92,86
Sharmin,F,262,17,62,120,63
Sharmon,F,427,128,173,126,0
Sharmon,M,7,0,0,7,0
Sharna,F,354,24,93,142,95
Sharnell,F,417,5,58,166,188
Sharod,M,517,0,0,184,333
Sharol,F,542,322,178,42,0
Sharolyn,F,950,341,351,187,71
Sharon,F,451982,232807,154905,47768,16502
Sharon,M,1598,492,503,325,278
Sharona,F,528,12,54,166,296
Sharonda,F,4891,11,442,2178,2260
Sharone,F,475,70,126,177,102
Sharone,M,115,0,0,53,62
Sharra,F,362,5,63,132,162
Sharrell,F,248,31,40,54,123
Sharri,F,1180,228,613,230,109
Sharrie,F,619,169,238,125,87
Sharrod,M,234,0,0,102,132
Sharron,F,8506,3669,2590,1500,747
Sharron,M,217,8,19,97,93
Sharry,F,672,264,233,129,46
Shary,F,249,96,80,37,36
Sharyl,F,2006,730,944,230,102
Sharyn,F,3015,1227,1031,535,222
Shasta,F,3098,93,102,1119,1784
Shasta,M,15,0,0,5,10
Shatara,F,801,0,0,104,697
Shatavia,F,206,0,0,5,201
Shatia,F,279,0,0,13,266
Shatika,F,209,0,0,86,123
Shatina,F,300,0,0,116,184
Shatoya,F,558,0,0,66,492
Shaun,F,2634,416,946,801,471
Shaun,M,50585,1239,5559,19317,24470
Shauna,F,21960,1875,3560,8038,8487
Shauna,M,50,0,6,32,12
Shaunda,F,1480,10,220,724,526
Shaundra,F,829,0,106,339,384
Shaune,F,300,44,112,118,26
Shaune,M,355,5,83,145,122
Shaunna,F,2274,109,337,851,977
Shaunta,F,1050,0,24,449,577
Shaunta,M,37,0,0,29,8
Shauntae,F,469,0,0,132,337
Shauntae,M,5,0,0,5,0
Shauntay,F,338,0,6,92,240
Shauntay,M,6,0,0,6,0
Shaunte,F,1289,0,27,426,836
Shaunte,M,83,0,0,36,47
Shauntel,F,574,0,27,216,331
Shauntel,M,10,0,0,5,5
Shavon,F,2765,10,106,845,1804
Shavon,M,79,0,0,26,53
Shavonda,F,883,0,40,345,498
Shavone,F,387,0,5,140,242
Shavonna,F,411,0,5,122,284
Shavonne,F,2251,16,122,724,1389
Shaw,F,20,0,5,15,0
Shaw,M,461,16,71,195,179
Shawan,F,227,0,11,148,68
Shawan,M,43,0,0,23,20
Shawana,F,1663,15,138,876,634
Shawanda,F,2469,0,189,1279,1001
Shawanna,F,1221,0,72,597,552
Shawn,F,31149,3996,13087,11362,2704
Shawn,M,225643,6460,47795,105790,65598
Shawna,F,35705,986,5566,16180,12973
Shawna,M,104,0,0,67,37
Shawnda,F,2270,13,387,1231,639
Shawndra,F,568,0,89,264,215
Shawne,F,761,92,350,245,74
Shawne,M,325,0,61,182,82
Shawnee,F,1910,243,451,712,504
Shawnee,M,84,0,9,63,12
Shawnell,F,212,0,13,121,78
Shawnell,M,15,0,0,10,5
Shawnetta,F,217,0,17,127,73
Shawnette,F,696,11,155,391,139
Shawnie,F,308,17,105,122,64
Shawnita,F,220,0,0,116,104
Shawnna,F,2130,26,328,1037,739
Shawnta,F,1457,0,38,630,789
Shawnta,M,118,0,0,76,42
Shawntae,F,563,0,0,180,383
Shawntae,M,15,0,0,10,5
Shawntay,F,485,0,5,212,268
Shawntay,M,35,0,0,24,11
Shawnte,F,1114,0,18,544,552
Shawnte,M,102,0,0,51,51
Shawntel,F,702,0,47,346,309
Shawntel,M,17,0,0,12,5
Shawntell,F,367,0,17,206,144
Shay,F,2483,55,275,1086,1067
Shay,M,1763,15,176,726,846
Shaye,F,552,27,63,197,265
Shaye,M,158,0,10,65,83
Shayla,F,7409,46,149,1649,5565
Shayla,M,10,0,0,0,10
Shaylee,F,267,0,0,18,249
Shaylene,F,311,0,8,75,228
Shaylyn,F,304,0,0,37,267
Shayna,F,5409,20,166,1140,4083
Shayna,M,5,0,0,0,5
Shayne,F,1258,176,280,485,317
Shayne,M,4943,166,1080,1952,1745
Shazia,F,208,0,0,56,152
Shea,F,3465,64,292,1277,1832
Shea,M,3049,25,193,902,1929
Shean,F,6,0,6,0,0
Shean,M,302,0,57,150,95
Sheana,F,458,0,12,76,370
Sheba,F,913,119,197,358,239
Shedrick,M,1611,251,349,643,368
Sheela,F,541,105,115,138,183
Sheena,F,19225,724,824,1274,16403
Sheena,M,67,0,0,0,67
Sheila,F,180302,70174,74078,26509,9541
Sheila,M,503,155,211,93,44
Sheilah,F,1686,884,416,279,107
Sheilia,F,315,111,147,44,13
Sheilla,F,352,116,131,58,47
Shekia,F,223,0,0,44,179
Shekinah,F,307,0,0,54,253
Shekita,F,269,0,0,102,167
Shela,F,1014,328,337,183,166
Shelagh,F,436,114,178,80,64
Shelah,F,384,90,107,102,85
Shelba,F,487,287,146,38,16
Shelbi,F,638,0,57,222,359
Shelbie,F,623,46,100,201,276
Shelby,F,20193,3075,3267,5970,7881
Shelby,M,6115,1382,1375,1745,1613
Shelda,F,373,135,147,73,18
Sheldon,F,280,41,77,76,86
Sheldon,M,14733,3804,4032,3557,3340
Shelena,F,333,5,30,141,157
Shelene,F,314,40,110,134,30
Sheli,F,631,53,286,232,60
Shelia,F,42391,16752,18444,5842,1353
Shelia,M,111,39,60,12,0
Sheliah,F,371,238,102,13,18
Shelina,F,350,0,30,165,155
Shelisa,F,304,0,73,111,120
Shelita,F,920,47,223,440,210
Shella,F,865,241,303,205,116
Shelle,F,564,108,289,131,36
Shellee,F,819,140,330,234,115
Shellene,F,285,39,117,87,42
Shelley,F,67179,18226,24856,17283,6814
Shelley,M,861,308,233,236,84
Shelli,F,6679,544,3217,2149,769
Shellia,F,361,140,168,47,6
Shellie,F,8623,1168,3412,2943,1100
Shellie,M,213,111,55,42,5
Shelly,F,79088,8795,35661,25533,9099
Shelly,M,1097,358,365,290,84
Shelonda,F,264,0,33,177,54
Shelton,F,75,0,27,23,25
Shelton,M,5601,1361,1483,1511,1246
Shelva,F,242,138,64,35,5
Shem,F,5,0,0,5,0
Shem,M,320,5,36,156,123
Shemeka,F,1400,0,0,561,839
Shemekia,F,309,0,0,112,197
Shemika,F,1282,0,0,483,799
Shena,F,2092,64,247,642,1139
Shenae,F,212,0,0,56,156
Sheneka,F,700,0,0,253,447
Shenell,F,490,0,79,191,220
Shenelle,F,269,0,8,88,173
Shenequa,F,324,0,8,139,177
Shenetta,F,216,0,41,100,75
Shenia,F,225,21,46,57,101
Shenika,F,1512,0,0,541,971
Sheniqua,F,406,0,0,166,240
Shenise,F,310,0,26,102,182
Shenita,F,1431,39,238,603,551
Shenna,F,1222,68,168,208,778
Shepard,M,230,94,63,43,30
Shequita,F,497,0,0,83,414
Shera,F,1293,110,198,383,602
Sheral,F,342,185,136,16,5
Sheralyn,F,446,150,132,104,60
Sheran,F,263,162,73,28,0
Sherard,M,369,0,23,180,166
Shere,F,242,33,45,73,91
Sherea,F,208,6,14,69,119
Sherece,F,208,0,21,84,103
Sheree,F,12465,5409,2095,2696,2265
Shereen,F,1107,136,313,316,342
Shereese,F,207,0,22,99,86
Shereka,F,427,0,0,145,282
Sherell,F,1157,97,202,357,501
Sherelle,F,731,21,94,207,409
Sherena,F,370,11,32,101,226
Sherene,F,645,110,187,197,151
Sheresa,F,274,5,38,118,113
Sherese,F,782,11,140,318,313
Sheretta,F,335,16,96,104,119
Sheri,F,57142,10973,27327,14397,4445
Sheri,M,114,12,60,42,0
Sheria,F,585,53,87,217,228
Sherian,F,441,305,89,42,5
Sherica,F,524,0,0,183,341
Sherice,F,1171,15,219,484,453
Shericka,F,253,0,0,69,184
Sherida,F,752,175,145,251,181
Sheridan,F,1181,297,267,258,359
Sheridan,M,926,187,192,293,254
Sherie,F,4408,1234,1572,1002,600
Sherika,F,1548,0,0,470,1078
Sheril,F,616,256,283,60,17
Sherill,F,692,319,245,107,21
Sherill,M,11,11,0,0,0
Sherilyn,F,2712,917,861,510,424
Sherilynn,F,285,73,100,52,60
Sherina,F,603,0,98,163,342
Sherine,F,323,30,83,118,92
Sherise,F,785,26,187,289,283
Sherita,F,3625,128,473,1368,1656
Sherl,F,336,142,163,31,0
Sherlene,F,654,315,235,84,20
Sherley,F,408,126,110,60,112
Sherly,F,330,50,102,78,100
Sherlyn,F,1205,506,393,187,119
Shermaine,F,361,38,46,149,128
Shermaine,M,143,0,0,79,64
Sherman,F,138,64,26,22,26
Sherman,M,15611,5787,4296,3280,2248
Sherod,M,321,0,5,140,176
Sheron,F,2177,897,644,426,210
Sheron,M,247,11,6,143,87
Sheronda,F,1224,0,211,657,356
Sherra,F,710,164,181,202,163
Sherre,F,725,295,206,142,82
Sherree,F,1486,733,342,241,170
Sherrel,F,526,242,136,85,63
Sherrel,M,7,7,0,0,0
Sherrell,F,1959,376,424,499,660
Sherrell,M,120,62,12,35,11
Sherri,F,79842,16104,41633,17084,5021
Sherri,M,176,0,102,69,5
Sherria,F,360,33,59,122,146
Sherrice,F,350,0,75,154,121
Sherrie,F,30542,10382,12530,5578,2052
Sherrie,M,11,6,5,0,0
Sherril,F,1076,623,373,49,31
Sherril,M,15,15,0,0,0
Sherrill,F,3752,2096,1094,356,206
Sherrill,M,528,308,158,62,0
Sherrilyn,F,511,178,216,78,39
Sherrilynn,F,205,49,112,44,0
Sherrin,F,207,66,102,39,0
Sherrita,F,527,10,50,203,264
Sherrod,M,987,79,141,299,468
Sherron,F,1733,615,466,466,186
Sherron,M,286,8,12,149,117
Sherry,F,188636,68322,77527,34204,8583
Sherry,M,641,178,251,154,58
Sherrye,F,538,288,163,87,0
Sherryl,F,2917,1647,991,208,71
Sherwin,F,15,5,10,0,0
Sherwin,M,1736,461,335,493,447
Sherwood,M,1766,859,464,286,157
Shery,F,350,131,138,62,19
Sheryl,F,66071,30384,26058,7356,2273
Sheryl,M,128,61,55,12,0
Sheryle,F,886,514,274,88,10
Sheryll,F,1134,670,331,93,40
Shevon,F,354,10,28,105,211
Shevonne,F,271,10,16,98,147
Shianne,F,297,0,0,71,226
Shiela,F,3501,940,1355,906,300
Shifra,F,380,17,33,123,207
Shila,F,545,25,76,205,239
Shilo,F,971,0,0,586,385
Shilo,M,395,0,0,232,163
Shiloh,F,1302,0,5,647,650
Shiloh,M,813,0,7,430,376
Shilpa,F,374,0,11,173,190
Shimeka,F,235,0,0,96,139
Shimon,M,658,40,76,198,344
Shina,F,268,0,5,93,170
Shiquita,F,347,0,0,96,251
Shira,F,2187,131,224,650,1182
Shiree,F,567,27,122,190,228
Shireen,F,791,160,160,209,262
Shirell,F,305,0,122,91,92
Shirelle,F,608,0,209,212,187
Shirin,F,326,12,52,86,176
Shirl,F,1231,288,796,124,23
Shirl,M,80,62,18,0,0
Shirlean,F,221,116,92,13,0
Shirlee,F,1305,786,332,105,82
Shirleen,F,1098,526,362,145,65
Shirlene,F,2842,1356,1039,301,146
Shirley,F,162477,108807,38078,10520,5072
Shirley,M,1086,622,309,103,52
Shirly,F,388,168,130,55,35
Shirlyn,F,270,136,104,20,10
Shivani,F,278,0,0,30,248
Shlomo,M,798,67,80,206,445
Shmuel,M,880,23,94,244,519
Sholanda,F,297,0,13,180,104
Sholom,M,317,39,38,81,159
Shomari,M,451,0,0,191,260
Shon,F,346,28,169,138,11
Shon,M,3769,87,940,2051,691
Shona,F,2073,104,602,958,409
Shonda,F,7015,111,1390,4074,1440
Shondell,F,230,0,22,159,49
Shondell,M,179,0,5,146,28
Shondra,F,1119,0,156,616,347
Shone,F,51,0,11,40,0
Shone,M,269,0,14,199,56
Shonna,F,2772,130,620,1391,631
Shonnie,F,212,54,61,92,5
Shonta,F,1383,0,85,686,612
Shonta,M,74,0,0,62,12
Shontae,F,597,0,11,230,356
Shontae,M,10,0,0,5,5
Shontay,F,439,0,15,203,221
Shontay,M,10,0,0,10,0
Shonte,F,773,0,27,314,432
Shonte,M,74,0,0,50,24
Shontel,F,546,0,35,309,202
Shontel,M,19,0,0,14,5
Shontell,F,493,0,42,283,168
Shontell,M,6,0,0,6,0
Shontelle,F,206,0,6,127,73
Shoshana,F,1707,81,184,557,885
Shoshanna,F,324,0,19,143,162
Shree,F,486,61,82,172,171
Shronda,F,465,0,50,252,163
Shun,F,30,0,9,21,0
Shun,M,523,0,59,280,184
Shunda,F,537,0,133,311,93
Shundra,F,363,0,49,179,135
Shunta,F,658,0,37,312,309
Shunta,M,29,0,0,18,11
Shyanne,F,273,0,0,55,218
Shyla,F,1420,39,86,435,860
Shyra,F,340,0,16,108,216
Sian,F,299,0,73,127,99
Sibyl,F,855,350,268,157,80
Sid,M,939,325,372,147,95
Sidney,F,2571,892,571,327,781
Sidney,M,23626,9632,6844,3817,3333
Sidra,F,325,20,40,119,146
Siegfried,M,334,106,145,47,36
Sienna,F,423,0,16,102,305
Siera,F,346,0,0,0,346
Sierra,F,9768,54,81,787,8846
Sierra,M,102,0,0,35,67
Sigfredo,M,216,26,51,88,51
Sigifredo,M,253,25,37,79,112
Sigmund,M,430,161,105,135,29
Signe,F,724,292,189,133,110
Sigrid,F,880,321,285,167,107
Silas,M,3900,1050,753,922,1175
Silva,F,446,69,146,125,106
Silvana,F,914,162,281,264,207
Silvano,M,339,55,69,83,132
Silver,F,423,64,49,58,252
Silver,M,58,16,6,18,18
Silverio,M,687,185,140,184,178
Silvester,M,529,170,177,83,99
Silvestre,M,755,141,140,195,279
Silvia,F,11066,1841,2745,3225,3255
Silvia,M,45,0,5,5,35
Silvio,M,646,162,178,133,173
Sim,M,392,168,105,63,56
Sima,F,586,79,96,177,234
Simcha,F,14,0,0,6,8
Simcha,M,286,21,33,86,146
Simeon,F,10,0,0,5,5
Simeon,M,2030,262,287,603,878
Simmie,F,10,0,5,0,5
Simmie,M,377,151,112,69,45
Simon,F,52,0,5,12,35
Simon,M,13283,2120,2194,3574,5395
Simona,F,1283,150,256,485,392
Simone,F,9134,583,2539,2139,3873
Simone,M,228,0,27,103,98
Sina,F,435,85,103,123,124
Sina,M,108,0,0,15,93
Sinclair,F,5,0,0,0,5
Sinclair,M,548,168,105,111,164
Sindi,F,282,53,90,60,79
Sindy,F,1442,363,401,324,354
Sinead,F,240,0,0,58,182
Siobhan,F,4216,265,869,996,2086
Sione,M,293,0,0,62,231
Sir,M,333,0,11,110,212
Sirena,F,1169,0,142,483,544
Siri,F,780,180,160,212,228
Sissy,F,507,103,141,105,158
Sita,F,205,0,24,90,91
Sixto,M,811,171,217,221,202
Skip,M,1632,667,518,260,187
Skipper,M,678,204,234,172,68
Sky,F,580,5,0,208,367
Sky,M,1117,68,76,436,537
Skye,F,2188,57,56,635,1440
Skye,M,630,7,0,226,397
Skyla,F,434,8,46,99,281
Skylar,F,571,0,0,55,516
Skylar,M,1742,10,40,116,1576
Skyler,F,455,0,0,35,420
Skyler,M,3853,31,58,249,3515
Slade,M,890,38,181,355,316
Sloan,F,500,38,146,131,185
Sloan,M,591,43,106,190,252
Sloane,F,680,7,175,193,305
Sloane,M,87,0,5,37,45
Slyvia,F,279,64,97,80,38
Smantha,F,206,0,5,19,182
Smith,F,25,0,0,5,20
Smith,M,714,199,164,131,220
Socorro,F,2802,934,715,617,536
Socorro,M,226,67,27,45,87
Socrates,M,219,7,44,74,94
Sofia,F,5632,515,898,1576,2643
Sofia,M,13,0,0,5,8
Soila,F,365,114,64,85,102
Sol,F,418,22,109,162,125
Sol,M,703,193,142,217,151
Solange,F,335,17,64,89,165
Soledad,F,1190,234,223,350,383
Soloman,M,418,61,94,104,159
Solomon,F,11,0,0,6,5
Solomon,M,7109,1583,1281,1839,2406
Solon,M,261,80,78,61,42
Somer,F,1208,0,0,461,747
Sommer,F,3013,0,12,1452,1549
Son,F,5,5,0,0,0
Son,M,353,0,0,65,288
Sona,F,539,78,153,156,152
Sonal,F,389,0,8,189,192
Sonali,F,256,0,0,104,152
Sonda,F,631,139,281,193,18
Sondra,F,14840,4269,5552,3071,1948
Soni,F,255,42,97,66,50
Sonia,F,43547,5865,12945,15205,9532
Sonia,M,250,5,37,97,111
Sonja,F,26783,4619,10962,7962,3240
Sonja,M,29,0,14,15,0
Sonji,F,898,29,629,211,29
Sonjia,F,832,220,346,196,70
Sonna,F,229,89,97,30,13
Sonni,F,233,0,16,60,157
Sonnie,F,273,29,54,57,133
Sonnie,M,204,60,57,48,39
Sonny,F,231,24,17,69,121
Sonny,M,7527,1309,1413,2517,2288
Sonya,F,53849,3664,22289,19468,8428
Sonya,M,182,0,62,88,32
Sophia,F,21890,1578,4908,4581,10823
Sophia,M,68,0,11,5,52
Sophie,F,4481,1049,929,724,1779
Sophie,M,7,0,0,0,7
Sophronia,F,240,110,60,51,19
Soraida,F,393,57,106,102,128
Soraya,F,1122,61,326,313,422
Soren,F,5,0,0,0,5
Soren,M,545,31,85,197,232
Sotero,M,311,73,81,83,74
Sparkle,F,1040,0,0,329,711
Spence,M,555,97,134,187,137
Spencer,F,432,11,17,59,345
Spencer,M,29650,3154,4416,6897,15183
Spenser,F,75,0,0,0,75
Spenser,M,1018,0,6,38,974
Spiro,M,484,70,130,182,102
Spiros,M,410,36,80,175,119
Spring,F,2691,402,259,1388,642
Spurgeon,M,290,135,76,63,16
Stacee,F,1378,49,302,561,466
Stacey,F,134226,4615,38263,59210,32138
Stacey,M,12002,859,5749,4238,1156
Staci,F,22074,254,5078,9692,7050
Staci,M,53,0,14,25,14
Stacia,F,5933,408,1348,2413,1764
Stacie,F,34569,1001,6973,17832,8763
Stacie,M,166,0,28,104,34
Stacy,F,147256,4839,35526,69901,36990
Stacy,M,18592,1595,8210,7259,1528
Stacye,F,506,43,193,215,55
Stafford,M,1218,419,398,213,188
Stan,M,5626,2368,2304,601,353
Standley,M,237,126,90,16,5
Stanford,M,3168,1191,936,585,456
Stanley,F,576,202,180,108,86
Stanley,M,109594,57164,30005,13214,9211
Stanly,M,358,178,113,47,20
Stanton,M,2661,980,704,476,501
Star,F,3042,552,588,902,1000
Star,M,71,5,0,34,32
Starla,F,5754,1041,1813,1405,1495
Starlene,F,918,307,300,148,163
Starlet,F,728,189,220,158,161
Starlett,F,447,105,116,116,110
Starlette,F,460,80,144,114,122
Starling,F,31,10,5,16,0
Starling,M,238,98,52,57,31
Starlyn,F,313,64,87,49,113
Starr,F,4465,1061,855,1163,1386
Starr,M,153,47,18,41,47
Stasha,F,440,0,32,118,290
Stasia,F,621,96,189,148,188
Stavros,M,333,0,31,161,141
Stavroula,F,280,0,31,148,101
Steele,M,302,55,58,36,153
Stefan,F,36,0,0,5,31
Stefan,M,8696,651,1642,2387,4016
Stefani,F,3718,211,557,1133,1817
Stefania,F,641,13,84,212,332
Stefanie,F,28964,650,3768,8713,15833
Stefanie,M,43,0,0,7,36
Stefano,M,791,35,155,223,378
Stefany,F,1047,11,84,287,665
Stefen,M,282,0,30,55,197
Steffan,M,672,32,121,139,380
Steffani,F,607,25,114,201,267
Steffanie,F,1879,74,322,669,814
Steffany,F,845,17,80,275,473
Steffen,M,696,65,125,132,374
Steffi,F,221,73,44,6,98
Steffon,M,310,0,100,39,171
Stefon,M,479,0,128,62,289
Stella,F,17978,8591,4957,2563,1867
Stella,M,16,11,0,5,0
Stepahnie,F,325,0,12,82,231
Stepanie,F,515,5,57,158,295
Stephaine,F,3422,151,659,1158,1454
Stephan,F,205,5,60,76,64
Stephan,M,16276,4498,4275,3179,4324
Stephane,F,748,69,156,224,299
Stephane,M,329,0,74,117,138
Stephanee,F,336,0,53,122,161
Stephaney,F,247,16,47,73,111
Stephani,F,3493,180,608,886,1819
Stephania,F,1024,115,220,382,307
Stephanie,F,507019,35557,92821,160468,218173
Stephanie,M,1972,64,277,623,1008
Stephannie,F,1088,88,240,411,349
Stephany,F,4743,476,696,1144,2427
Stephen,F,2218,351,477,652,738
Stephen,M,580951,207276,152240,107804,113631
Stephene,F,256,17,58,106,75
Stephenia,F,235,70,85,80,0
Stephenie,F,4344,306,791,1712,1535
Stephens,M,253,98,62,48,45
Stepheny,F,248,10,52,86,100
Stephine,F,1249,36,235,445,533
Stephnie,F,458,17,100,158,183
Stephon,F,9,0,0,0,9
Stephon,M,2401,10,718,390,1283
Stephone,M,383,0,152,65,166
Sterlin,M,216,49,35,60,72
Sterling,F,443,27,48,111,257
Sterling,M,10106,2570,2496,2072,2968
Stetson,M,424,0,0,0,424
Stevan,M,2471,985,514,446,526
Steve,F,637,205,200,129,103
Steve,M,156875,64212,65619,16652,10392
Steven,F,3827,611,957,1091,1168
Steven,M,989805,333666,290607,188078,177454
Stevens,M,646,167,134,139,206
Stevenson,M,879,265,192,183,239
Stevi,F,566,0,0,39,527
Stevie,F,2510,79,54,134,2243
Stevie,M,9713,3049,3572,1979,1113
Stevin,M,216,29,84,26,77
Stevon,M,367,56,71,110,130
Steward,M,498,160,125,105,108
Stewart,F,50,10,15,11,14
Stewart,M,16069,5732,4804,2881,2652
Stoney,F,5,0,0,0,5
Stoney,M,1952,219,815,559,359
Stony,M,245,17,101,102,25
Storm,F,188,45,27,47,69
Storm,M,311,46,28,41,196
Stormi,F,602,11,54,195,342
Stormie,F,740,17,84,210,429
Stormy,F,2423,173,316,864,1070
Stormy,M,323,35,60,101,127
Stuart,F,169,41,52,31,45
Stuart,M,40951,14072,13961,6310,6608
Su,F,367,141,91,69,66
Su,M,16,0,0,0,16
Suann,F,599,243,233,104,19
Suanne,F,1061,526,345,153,37
Subrina,F,695,64,230,237,164
Sudie,F,295,199,64,26,6
Sue,F,65954,38852,21601,3823,1678
Sue,M,222,75,39,15,93
Sueann,F,1533,381,530,382,240
Sueanne,F,360,115,118,92,35
Sueellen,F,355,78,113,53,111
Suellen,F,1855,969,619,177,90
Sulema,F,864,211,219,218,216
Sullivan,M,383,129,85,86,83
Sultan,M,333,0,9,158,166
Sumer,F,706,0,0,298,408
Summer,F,21733,149,384,9031,12169
Summer,M,116,0,0,58,58
Sumner,F,39,0,0,6,33
Sumner,M,305,122,67,46,70
Sun,F,322,73,44,101,104
Sun,M,164,0,6,57,101
Sundae,F,269,24,81,109,55
Sunday,F,1357,244,511,455,147
Sunday,M,11,0,0,11,0
Sundee,F,282,12,118,119,33
Sundra,F,467,154,175,105,33
Sung,F,56,12,5,14,25
Sung,M,282,12,41,90,139
Suni,F,242,16,12,102,112
Sunil,M,684,0,99,300,285
Sunita,F,411,0,54,170,187
Sunni,F,1096,80,115,377,524
Sunni,M,5,0,0,5,0
Sunnie,F,719,72,64,254,329
Sunny,F,4059,455,397,1695,1512
Sunny,M,983,84,70,310,519
Sunshine,F,3080,37,22,1911,1110
Sunshine,M,37,0,0,32,5
Susan,F,844297,437774,287666,88308,30549
Susan,M,1883,695,709,322,157
Susana,F,10750,1252,1979,3454,4065
Susana,M,46,0,0,0,46
Susann,F,1845,854,535,323,133
Susanna,F,8975,1862,2151,2466,2496
Susannah,F,3726,320,758,1422,1226
Susanne,F,17120,6296,6166,3424,1234
Susette,F,867,341,369,122,35
Susi,F,274,86,131,27,30
Susie,F,22874,10296,7810,2976,1792
Susie,M,36,19,17,0,0
Susy,F,756,148,218,240,150
Suzan,F,6578,3571,2018,658,331
Suzana,F,665,34,85,295,251
Suzane,F,245,59,72,69,45
Suzann,F,2754,1100,956,499,199
Suzanna,F,5343,929,1323,1591,1500
Suzannah,F,859,58,168,335,298
Suzanne,F,152109,50330,59761,29034,12984
Suzanne,M,369,84,128,101,56
Suzette,F,13033,3128,6155,2722,1028
Suzette,M,5,0,5,0,0
Suzi,F,979,274,459,162,84
Suzie,F,2481,610,1116,460,295
Suzy,F,2995,739,1431,509,316
Suzzanne,F,571,192,198,132,49
Suzzette,F,503,120,202,110,71
Sven,M,987,143,297,293,254
Swati,F,245,0,14,97,134
Sy,M,314,32,32,103,147
Sybil,F,4685,1887,1396,931,471
Syble,F,486,304,123,32,27
Sydnee,F,331,47,35,38,211
Sydney,F,8384,1522,1346,929,4587
Sydney,M,1948,631,504,356,457
Sydni,F,244,0,9,18,217
Sydnie,F,242,34,32,5,171
Syed,M,855,0,25,222,608
Syliva,F,424,107,167,95,55
Sylvan,M,518,178,108,105,127
Sylvana,F,282,55,44,55,128
Sylvester,F,113,59,29,19,6
Sylvester,M,14322,6171,3840,2293,2018
Sylvia,F,90098,39540,28621,12614,9323
Sylvia,M,391,116,129,68,78
Sylvie,F,643,97,242,145,159
Symantha,F,226,6,101,51,68
Symone,F,232,0,35,19,178
Synthia,F,1434,343,511,296,284
Syreeta,F,1865,0,0,781,1084
Syretta,F,381,0,0,163,218
Tab,M,1057,420,425,126,86
Tabatha,F,15007,0,2445,5273,7289
Tabbatha,F,577,0,53,165,359
Tabbitha,F,325,0,12,73,240
Tabetha,F,2867,0,347,948,1572
Tabitha,F,34084,150,2409,11947,19578
Tabitha,M,141,0,0,59,82
Tacara,F,299,0,0,0,299
Tacarra,F,218,0,0,0,218
Tacey,F,206,44,41,77,44
Tacy,F,561,113,164,149,135
Tad,M,5241,802,1862,1542,1035
Tadd,M,1212,61,315,468,368
Taffy,F,802,224,273,215,90
Taft,M,443,131,126,97,89
Tahir,M,250,0,0,120,130
Tahira,F,494,0,0,269,225
Tahirah,F,350,0,0,169,181
Tahisha,F,323,0,0,205,118
Tahlia,F,226,0,0,55,171
Tahnee,F,702,0,60,208,434
Tai,F,858,7,11,174,666
Tai,M,570,0,12,202,356
Taina,F,904,72,124,201,507
Taira,F,484,0,5,159,320
Taisha,F,1637,0,38,548,1051
Tait,M,413,0,27,252,134
Taiwan,F,71,0,0,59,12
Taiwan,M,419,0,5,263,151
Taj,F,107,0,5,45,57
Taj,M,795,0,8,450,337
Taja,F,633,0,18,127,488
Taja,M,6,0,0,0,6
Tajuan,F,7,0,0,7,0
Tajuan,M,215,0,0,118,97
Tajuana,F,1012,66,206,524,216
Takara,F,503,0,0,40,463
Takeisha,F,781,0,0,322,459
Takela,F,208,0,0,74,134
Takesha,F,849,0,0,439,410
Takeshia,F,351,0,0,136,215
Takeya,F,356,0,0,106,250
Takia,F,907,0,0,252,655
Takisha,F,1860,0,0,1082,778
Takita,F,270,0,0,124,146
Takiya,F,259,0,0,109,150
Takiyah,F,722,0,0,355,367
Tal,F,224,0,30,66,128
Tal,M,604,24,240,137,203
Talana,F,308,31,53,114,110
Talaya,F,307,0,24,118,165
Talbert,M,361,114,120,77,50
Talena,F,557,0,70,245,242
Talesha,F,377,0,0,138,239
Taletha,F,216,0,9,118,89
Tali,F,281,0,16,106,159
Talia,F,4139,0,53,940,3146
Taliah,F,282,0,0,81,201
Talicia,F,248,0,5,84,159
Talina,F,534,0,62,194,278
Talisa,F,1098,5,147,348,598
Talisha,F,1848,0,27,680,1141
Talitha,F,1528,95,196,578,659
Tally,F,307,43,65,137,62
Tally,M,82,17,16,49,0
Talmadge,M,1536,533,446,332,225
Talmage,M,351,128,86,60,77
Talon,F,19,0,0,0,19
Talon,M,543,0,0,34,509
Talya,F,581,0,41,216,324
Tam,F,512,148,143,52,169
Tam,M,440,30,11,66,333
Tama,F,1246,408,540,202,96
Tamala,F,2770,235,1189,1040,306
Tamar,F,2961,249,606,1003,1103
Tamar,M,298,0,0,127,171
Tamara,F,110408,13091,39006,37076,21235
Tamara,M,397,14,110,164,109
Tamarah,F,840,68,233,235,304
Tamaria,F,339,6,70,149,114
Tamarra,F,840,66,145,325,304
Tamatha,F,2775,0,1256,1289,230
Tamberly,F,230,23,144,63,0
Tambra,F,1725,298,826,362,239
Tameca,F,687,0,7,467,213
Tameeka,F,837,0,5,426,406
Tameika,F,1373,0,0,654,719
Tameisha,F,232,0,0,77,155
Tameka,F,11530,0,148,6386,4996
Tameka,M,41,0,0,15,26
Tamekia,F,1727,0,14,928,785
Tameko,F,270,0,23,209,38
Tamela,F,6842,997,3436,1735,674
Tamer,M,247,0,0,96,151
Tamera,F,10643,1612,5260,2410,1361
Tameria,F,336,29,138,74,95
Tamesha,F,1270,0,5,533,732
Tameshia,F,393,0,0,165,228
Tami,F,36981,5900,18442,9678,2961
Tami,M,71,5,20,41,5
Tamia,F,850,25,80,305,440
Tamica,F,1992,0,57,1220,715
Tamicka,F,396,0,0,242,154
Tamie,F,3167,618,1505,777,267
Tamieka,F,572,0,0,289,283
Tamika,F,20357,10,486,11905,7956
Tamika,M,77,0,0,46,31
Tamikia,F,354,0,6,217,131
Tamiko,F,2847,0,643,1901,303
Tamiko,M,42,0,0,42,0
Tamila,F,492,36,210,167,79
Tamir,M,315,0,0,115,200
Tamira,F,932,48,158,336,390
Tamisha,F,1685,0,16,787,882
Tamitha,F,454,0,161,231,62
Tamla,F,358,21,111,192,34
Tamma,F,215,48,135,27,5
Tammara,F,2243,206,929,665,443
Tamme,F,267,49,159,59,0
Tammera,F,1296,144,743,280,129
Tammey,F,778,111,465,195,7
Tammi,F,13559,1100,6514,4815,1130
Tammie,F,34708,3981,19345,9579,1803
Tammie,M,134,9,63,57,5
Tammra,F,565,51,286,153,75
Tammy,F,325882,29176,182231,98830,15645
Tammy,M,1366,166,614,457,129
Tammye,F,666,114,418,127,7
Tamora,F,587,75,244,209,59
Tamra,F,11948,2104,4739,3080,2025
Tamra,M,5,0,5,0,0
Tamsen,F,353,79,93,68,113
Tamu,F,285,0,7,271,7
Tamu,M,5,0,0,5,0
Tamy,F,607,127,282,168,30
Tamyra,F,1028,151,327,285,265
Tan,F,11,0,0,5,6
Tan,M,241,0,0,39,202
Tana,F,6754,1480,2063,1730,1481
Tana,M,6,0,0,6,0
Tanasha,F,325,0,0,144,181
Tanaya,F,530,0,0,209,321
Tanda,F,421,112,115,126,68
Tandi,F,519,8,130,199,182
Tandra,F,1126,76,295,424,331
Tandy,F,1058,156,353,371,178
Tandy,M,365,127,110,89,39
Tanea,F,290,0,0,113,177
Taneesha,F,307,0,0,92,215
Taneisha,F,1213,0,0,281,932
Taneka,F,1210,0,0,571,639
Tanesha,F,3457,0,6,1189,2262
Taneshia,F,921,0,0,306,615
Tanesia,F,203,0,0,76,127
Tanessa,F,221,0,0,83,138
Tanga,F,398,81,189,116,12
Tangee,F,351,27,154,147,23
Tangela,F,3327,75,1001,1467,784
Tangelia,F,284,0,106,141,37
Tangi,F,317,15,91,142,69
Tangie,F,993,56,380,384,173
Tangy,F,254,5,94,110,45
Tani,F,749,130,350,141,128
Tani,M,5,0,0,5,0
Tania,F,13621,576,2864,5932,4249
Tania,M,23,0,0,5,18
Tanica,F,231,0,0,111,120
Taniesha,F,457,0,0,120,337
Tanika,F,3622,0,26,1823,1773
Taniqua,F,250,0,0,55,195
Tanis,F,639,187,146,204,102
Tanis,M,33,5,0,0,28
Tanisha,F,12483,0,44,5628,6811
Tanisha,M,21,0,0,7,14
Tanishia,F,452,0,0,189,263
Tanita,F,516,0,63,236,217
Tanja,F,2414,210,951,924,329
Tanna,F,1885,327,482,455,621
Tanner,F,93,0,0,11,82
Tanner,M,6572,8,53,817,5694
Tannis,F,223,34,58,83,48
Tanya,F,101074,7914,23027,47830,22303
Tanya,M,379,6,60,214,99
Tanzania,F,268,0,11,161,96
Taquita,F,214,0,0,65,149
Tara,F,139128,3175,14543,65072,56338
Tara,M,492,0,40,252,200
Tarah,F,2906,0,37,687,2182
Taralyn,F,378,0,31,154,193
Taran,F,274,0,10,35,229
Taran,M,179,0,0,76,103
Taras,M,445,102,169,120,54
Tarek,M,701,0,76,242,383
Tarell,M,314,0,0,53,261
Taren,F,753,24,77,125,527
Taren,M,57,0,5,5,47
Tarence,M,342,0,50,141,151
Taresa,F,399,41,139,139,80
Taressa,F,247,0,48,99,100
Tari,F,2015,610,840,383,182
Tari,M,46,0,5,6,35
Taria,F,428,6,36,179,207
Taria,M,10,0,0,0,10
Tarik,F,11,0,0,11,0
Tarik,M,1517,10,106,764,637
Tarika,F,247,0,0,95,152
Tarin,F,480,6,19,90,365
Tarin,M,31,0,0,10,21
Tarina,F,640,13,140,301,186
Tariq,M,981,0,17,337,627
Tarita,F,364,0,167,130,67
Tarnisha,F,306,0,0,171,135
Taron,F,73,0,6,10,57
Taron,M,752,0,33,231,488
Tarra,F,1795,34,186,852,723
Tarrah,F,734,0,0,309,425
Tarrance,M,558,0,99,238,221
Tarrell,F,11,0,0,11,0
Tarrell,M,357,0,15,104,238
Tarrence,M,480,0,75,212,193
Tarri,F,280,82,126,67,5
Tarry,F,161,53,86,22,0
Tarry,M,323,111,134,50,28
Tarsha,F,2334,0,244,1716,374
Tarus,M,391,0,42,232,117
Tarvis,M,289,0,0,128,161
Taryn,F,9295,612,522,2416,5745
Taryn,M,125,6,0,33,86
Tascha,F,200,0,23,132,45
Tasha,F,28640,112,1302,10971,16255
Tasha,M,101,0,0,45,56
Tashana,F,500,0,0,192,308
Tashanna,F,239,0,0,86,153
Tashara,F,554,0,0,184,370
Tashauna,F,257,0,0,57,200
Tashawna,F,381,0,0,118,263
Tasheena,F,501,0,0,62,439
Tasheka,F,317,0,0,131,186
Tashema,F,205,0,0,98,107
Tashena,F,235,0,0,44,191
Tashia,F,1797,0,157,762,878
Tashika,F,480,0,0,226,254
Tashima,F,291,0,0,131,160
Tashina,F,1183,0,0,123,1060
Tashonda,F,281,0,0,120,161
Tasia,F,1330,5,57,119,1149
Tassie,F,263,40,59,91,73
Tatanisha,F,517,0,0,425,92
Tate,F,53,0,0,16,37
Tate,M,1796,42,295,804,655
Tatia,F,599,0,398,140,61
Tatiana,F,5739,95,231,608,4805
Tatiana,M,21,0,0,0,21
Tatianna,F,453,0,0,37,416
Tatum,F,1292,0,5,564,723
Tatum,M,146,0,0,76,70
Tatyana,F,314,0,17,66,231
Tauna,F,570,63,189,202,116
Tauni,F,216,0,98,35,83
Taunia,F,269,18,115,108,28
Taunya,F,1455,137,458,704,156
Taura,F,374,0,40,223,111
Taurean,F,45,0,0,0,45
Taurean,M,1184,0,0,0,1184
Taurus,F,84,0,0,77,7
Taurus,M,1198,0,29,780,389
Tausha,F,1195,0,85,624,486
Tava,F,233,12,34,104,83
Tavares,F,23,0,0,23,0
Tavares,M,1649,0,0,865,784
Tavaris,F,6,0,0,0,6
Tavaris,M,909,0,0,216,693
Tavarus,M,403,0,0,123,280
Tavia,F,1060,28,152,409,471
Tavis,F,6,0,0,6,0
Tavis,M,1009,0,88,502,419
Tavon,F,37,0,0,11,26
Tavon,M,899,0,0,195,704
Tavoris,M,264,0,0,60,204
Tawana,F,6127,438,1247,3107,1335
Tawanda,F,3852,72,712,2141,927
Tawanna,F,3599,214,667,1725,993
Tawn,F,252,34,108,90,20
Tawn,M,32,0,10,22,0
Tawna,F,793,73,226,269,225
Tawnee,F,442,0,66,111,265
Tawney,F,334,6,90,70,168
Tawni,F,1200,51,319,263,567
Tawnia,F,609,18,206,272,113
Tawnie,F,524,15,122,125,262
Tawny,F,2813,185,511,575,1542
Tawnya,F,4696,219,1158,2335,984
Taya,F,725,0,90,316,319
Tayla,F,250,0,0,28,222
Tayler,F,525,0,0,6,519
Tayler,M,213,0,0,0,213
Taylor,F,14375,32,94,626,13623
Taylor,M,23485,866,961,2238,19420
Tayna,F,742,9,167,354,212
Teague,M,269,0,8,133,128
Teah,F,451,16,35,99,301
Teaira,F,361,0,0,11,350
Teal,F,763,63,188,116,396
Teal,M,96,0,11,22,63
Teala,F,271,32,24,54,161
Teana,F,398,49,104,100,145
Teanna,F,577,0,38,121,418
Teara,F,441,0,5,116,320
Tearra,F,212,0,0,10,202
Teasha,F,476,0,34,204,238
Ted,F,63,20,25,12,6
Ted,M,36721,14719,13540,5450,3012
Tedd,M,996,288,393,196,119
Teddi,F,1068,338,363,173,194
Teddie,F,443,205,129,52,57
Teddie,M,583,206,183,101,93
Teddy,F,434,221,100,58,55
Teddy,M,15655,5416,5280,3009,1950
Tedi,F,310,111,95,41,63
Tedra,F,669,42,88,341,198
Tedrick,M,347,10,0,158,179
Teela,F,614,5,42,58,509
Teena,F,5077,1787,1758,800,732
Teesha,F,354,0,32,158,164
Teffany,F,232,0,43,123,66
Tegan,F,969,5,14,173,777
Tegan,M,24,0,0,0,24
Teia,F,537,17,83,163,274
Teisha,F,948,0,73,437,438
Teka,F,206,0,26,87,93
Tekesha,F,216,0,0,131,85
Tekia,F,232,0,0,71,161
Tekisha,F,320,0,0,171,149
Tela,F,383,22,84,82,195
Telena,F,238,0,77,91,70
Telia,F,301,10,44,74,173
Telicia,F,328,0,18,149,161
Telina,F,244,0,70,92,82
Telisa,F,920,32,292,335,261
Telisha,F,897,0,11,386,500
Telly,F,82,0,5,77,0
Telly,M,1167,0,13,1044,110
Temeka,F,1353,0,23,772,558
Temeka,M,5,0,0,5,0
Temekia,F,252,0,0,152,100
Temika,F,850,0,14,427,409
Tempest,F,401,11,76,28,286
Tempestt,F,371,0,0,0,371
Tempie,F,315,153,95,54,13
Temple,F,778,82,277,330,89
Temple,M,277,86,98,55,38
Tena,F,5379,1656,2482,942,299
Tenaya,F,348,0,0,145,203
Tene,F,253,0,0,178,75
Tenecia,F,241,0,0,92,149
Teneisha,F,296,0,0,82,214
Teneka,F,459,0,6,239,214
Tenesha,F,1118,0,12,399,707
Teneshia,F,439,0,0,163,276
Tenia,F,563,62,147,160,194
Tenika,F,895,0,0,316,579
Tenille,F,772,0,0,373,399
Tenise,F,215,0,24,79,112
Tenisha,F,2588,0,15,907,1666
Tenita,F,219,5,55,77,82
Tenley,F,361,91,93,60,117
Tenna,F,487,140,230,65,52
Tennie,F,311,127,104,48,32
Tennille,F,2030,0,0,1551,479
Tennille,M,15,0,0,15,0
Teodora,F,223,64,33,58,68
Teodoro,M,1280,293,296,361,330
Teofilo,M,471,95,112,134,130
Teon,F,15,0,0,5,10
Teon,M,298,0,10,110,178
Teona,F,248,0,0,73,175
Teonna,F,223,0,0,55,168
Tequila,F,1465,29,31,555,850
Tequilla,F,613,9,10,228,366
Tera,F,7488,130,505,3574,3279
Terah,F,851,13,41,311,486
Terah,M,37,0,5,16,16
Terance,M,1954,353,493,508,600
Terasa,F,356,45,116,151,44
Tere,F,274,126,65,37,46
Tereasa,F,1333,376,539,290,128
Terell,F,38,0,0,15,23
Terell,M,983,6,39,219,719
Terena,F,524,64,206,161,93
Terence,F,165,11,55,43,56
Terence,M,23967,6340,7803,4762,5062
Teresa,F,345524,114283,151793,56037,23411
Teresa,M,1007,231,411,233,132
Terese,F,5094,2080,1822,696,496
Teresea,F,441,145,219,65,12
Teresia,F,974,443,356,138,37
Teresita,F,1939,387,650,531,371
Teressa,F,5298,1480,2229,1080,509
Teretha,F,417,181,149,81,6
Tereza,F,343,38,89,114,102
Teri,F,40390,11834,16763,7842,3951
Teri,M,207,65,59,51,32
Teria,F,447,43,59,157,188
Terica,F,659,10,23,221,405
Terie,F,343,125,146,46,26
Terika,F,390,0,0,127,263
Terilyn,F,486,106,167,122,91
Terina,F,1019,45,346,414,214
Terisa,F,931,203,369,220,139
Termaine,F,13,0,0,0,13
Termaine,M,418,0,0,150,268
Teron,M,365,0,0,149,216
Terra,F,10380,365,613,4766,4636
Terra,M,5,0,0,0,5
Terrace,F,90,5,61,24,0
Terrace,M,544,77,108,205,154
Terrah,F,355,0,0,118,237
Terral,F,20,14,0,6,0
Terral,M,403,94,114,91,104
Terran,F,234,0,18,31,185
Terran,M,412,7,41,133,231
Terrance,F,654,148,157,206,143
Terrance,M,43347,9834,9059,11884,12570
Terre,F,728,354,260,93,21
Terre,M,75,39,17,14,5
Terrel,F,49,23,11,10,5
Terrel,M,1370,255,255,281,579
Terrell,F,1217,253,302,409,253
Terrell,M,16953,2044,2559,4434,7916
Terrelle,F,34,0,0,10,24
Terrelle,M,235,0,6,57,172
Terrence,F,459,84,110,147,118
Terrence,M,46221,12833,10818,11905,10665
Terresa,F,1444,406,614,295,129
Terressa,F,374,93,144,94,43
Terri,F,137498,46431,63741,19600,7726
Terri,M,799,173,292,221,113
Terria,F,718,117,125,225,251
Terriann,F,420,97,198,88,37
Terrica,F,792,5,12,230,545
Terrick,M,291,0,10,118,163
Terrie,F,17536,7162,7475,2174,725
Terrie,M,304,79,109,85,31
Terrika,F,293,0,0,51,242
Terril,F,58,37,21,0,0
Terril,M,321,94,87,71,69
Terrill,F,485,256,122,78,29
Terrill,M,2690,515,464,987,724
Terrilyn,F,809,232,286,173,118
Terrilynn,F,376,81,164,79,52
Terrina,F,370,14,138,140,78
Terris,F,109,35,51,18,5
Terris,M,539,86,104,193,156
Terrisa,F,270,61,106,73,30
Terron,F,27,0,0,12,15
Terron,M,990,16,112,312,550
Terry,F,78561,43194,27638,5778,1951
Terry,M,308796,140724,101489,42426,24157
Terrye,F,400,278,109,13,0
Terryl,F,489,264,173,52,0
Terryl,M,489,160,149,96,84
Tersa,F,222,32,116,69,5
Teryl,F,617,285,217,73,42
Teryl,M,215,74,71,40,30
Teryn,F,396,6,8,65,317
Teryn,M,17,0,0,0,17
Tesa,F,695,16,148,280,251
Tesha,F,1458,0,124,768,566
Teshia,F,351,0,11,171,169
Tesia,F,404,0,11,88,305
Tess,F,2580,89,361,423,1707
Tessa,F,10326,165,867,2969,6325
Tessa,M,5,0,0,0,5
Tessie,F,1962,402,604,548,408
Tevis,F,47,6,13,23,5
Tevis,M,230,11,20,87,112
Tex,M,599,296,141,90,72
Teya,F,203,7,5,79,112
Thad,M,5154,747,1963,1791,653
Thaddaeus,M,309,0,7,126,176
Thaddeus,F,26,0,0,16,10
Thaddeus,M,9582,2192,2101,2890,2399
Thaddius,M,286,23,35,112,116
Thadeus,M,350,33,48,148,121
Thadius,M,226,6,13,118,89
Thai,F,36,0,0,0,36
Thai,M,341,0,0,67,274
Thais,F,593,141,129,177,146
Thalia,F,1641,300,459,370,512
Thane,M,999,171,369,241,218
Thanh,F,346,0,0,47,299
Thanh,M,571,0,0,77,494
Thao,F,486,0,0,62,424
Thao,M,114,0,0,6,108
Tharon,F,12,12,0,0,0
Tharon,M,273,18,107,75,73
Thayer,F,38,0,11,11,16
Thayer,M,295,48,84,72,91
Thayne,M,509,90,164,122,133
Thea,F,4156,1027,1099,1008,1022
Theadore,M,1144,536,323,175,110
Theda,F,1084,599,314,135,36
Thedore,M,282,152,80,33,17
Thelma,F,20998,11776,5894,2158,1170
Thelma,M,65,36,29,0,0
Theo,F,260,174,67,19,0
Theo,M,1620,371,323,386,540
Theodis,M,1145,449,294,237,165
Theodor,M,440,139,124,79,98
Theodora,F,2620,1041,715,436,428
Theodora,M,6,6,0,0,0
Theodore,F,374,94,101,91,88
Theodore,M,75863,29050,21288,13567,11958
Theodosia,F,291,129,74,64,24
Theola,F,318,180,105,28,5
Theophilus,M,692,214,146,175,157
Theordore,M,209,68,73,46,22
Theotis,M,565,184,122,149,110
Thera,F,358,53,36,86,183
Thereasa,F,320,107,131,62,20
Theresa,F,249191,89608,97118,40076,22389
Theresa,M,767,181,294,174,118
Therese,F,20291,9333,7584,1943,1431
Theresea,F,245,90,120,30,5
Theresia,F,941,375,333,133,100
Theressa,F,1142,413,404,207,118
Therisa,F,299,104,134,56,5
Therman,M,566,224,172,108,62
Theron,M,4968,922,1483,1480,1083
Thersa,F,800,186,326,216,72
Thien,F,7,0,0,0,7
Thien,M,225,0,0,19,206
Thierry,M,242,31,75,64,72
Thimothy,M,732,103,323,226,80
Thom,M,573,187,194,99,93
Thomas,F,4403,954,1182,1117,1150
Thomas,M,1145996,454385,327055,186739,177817
Thomasa,F,260,57,125,46,32
Thomasena,F,393,154,129,87,23
Thomasina,F,2126,571,592,539,424
Thomasine,F,1031,500,296,180,55
Thompson,M,613,197,136,119,161
Thor,M,1783,208,568,538,469
Thornton,M,753,309,207,136,101
Threasa,F,479,158,198,101,22
Thresa,F,1264,435,541,229,59
Thressa,F,392,159,156,67,10
Thu,F,461,0,0,83,378
Thurman,M,4346,1814,1290,754,488
Thurmon,M,244,130,73,35,6
Thurmond,M,429,188,109,73,59
Thurston,M,1151,338,296,274,243
Thuy,F,765,0,0,137,628
Thuy,M,17,0,0,0,17
Thyra,F,355,139,107,64,45
Tia,F,15949,445,2285,4638,8581
Tia,M,53,0,0,0,53
Tiah,F,201,0,5,43,153
Tiajuana,F,322,44,86,122,70
Tiana,F,5562,50,205,1399,3908
Tiana,M,9,0,0,0,9
Tianna,F,1894,0,63,401,1430
Tiara,F,6350,5,128,476,5741
Tiara,M,46,0,0,0,46
Tiare,F,424,0,58,129,237
Tiarra,F,903,0,0,49,854
Tiasha,F,202,0,0,63,139
Tien,F,116,0,0,15,101
Tien,M,225,0,0,42,183
Tiera,F,1335,0,20,106,1209
Tiera,M,6,0,0,0,6
Tierney,F,1072,86,119,186,681
Tierney,M,10,0,0,5,5
Tierra,F,4408,0,21,189,4198
Tierra,M,54,0,0,0,54
Tierre,F,52,0,0,13,39
Tierre,M,232,0,0,122,110
Tiesha,F,1747,0,15,513,1219
Tifani,F,556,0,31,215,310
Tifanie,F,338,0,0,117,221
Tifany,F,645,0,29,240,376
Tiffanee,F,420,0,8,149,263
Tiffaney,F,1860,0,77,737,1046
Tiffani,F,8474,0,529,3011,4934
Tiffanie,F,6368,0,288,2173,3907
Tiffanny,F,275,0,6,116,153
Tiffany,F,232382,119,8480,65158,158625
Tiffany,M,980,0,44,269,667
Tiffeny,F,705,0,28,295,382
Tiffiany,F,701,0,28,294,379
Tiffiney,F,929,0,56,460,413
Tiffini,F,975,0,85,423,467
Tiffinie,F,281,0,29,113,139
Tiffiny,F,2069,0,175,869,1025
Tiffney,F,953,0,72,382,499
Tige,M,283,0,28,244,11
Tijuana,F,1261,131,356,551,223
Tika,F,283,0,22,154,107
Tiki,F,351,0,96,209,46
Tikisha,F,273,0,0,180,93
Tilda,F,357,176,143,38,0
Tilden,M,288,87,85,74,42
Tillie,F,760,315,187,142,116
Tillman,M,831,313,229,148,141
Tim,F,181,43,98,40,0
Tim,M,70210,22202,41572,5305,1131
Timberly,F,500,0,128,183,189
Timeka,F,853,0,11,469,373
Timi,F,597,26,395,99,77
Timi,M,5,0,5,0,0
Timika,F,932,0,33,543,356
Timithy,M,306,40,122,70,74
Timm,M,550,247,246,47,10
Timmie,F,254,71,124,45,14
Timmie,M,2571,780,1166,387,238
Timmothy,M,3166,582,1097,808,679
Timmy,F,168,20,112,36,0
Timmy,M,22443,4997,11929,3915,1602
Timohty,M,272,0,28,87,157
Timonthy,M,758,68,289,237,164
Timoteo,M,396,78,73,119,126
Timothey,M,522,144,234,81,63
Timothy,F,3795,456,1069,1102,1168
Timothy,M,829256,198324,276837,181260,172835
Tina,F,270995,33990,126401,84764,25840
Tina,M,879,68,371,323,117
Tinamarie,F,991,70,365,282,274
Tineka,F,229,0,12,124,93
Tinesha,F,525,0,5,179,341
Tinia,F,270,33,90,84,63
Tinika,F,506,0,11,313,182
Tinisha,F,870,0,5,350,515
Tinna,F,305,25,149,93,38
Tino,M,983,212,277,264,230
Tiny,F,488,192,169,97,30
Tiny,M,38,31,7,0,0
Tiona,F,418,0,11,102,305
Tionna,F,338,0,0,76,262
Tiphanie,F,402,0,17,151,234
Tira,F,714,26,163,337,188
Tirrell,F,13,13,0,0,0
Tirrell,M,463,0,11,231,221
Tirzah,F,455,0,64,181,210
Tisa,F,1311,66,346,631,268
Tish,F,754,142,275,283,54
Tisha,F,8244,127,1105,5076,1936
Tishia,F,273,0,40,152,81
Titania,F,370,0,31,211,128
Tito,M,1690,236,305,664,485
Titus,F,6,0,0,6,0
Titus,M,3565,385,659,1069,1452
Tiwana,F,444,6,86,263,89
Tiwanna,F,254,5,50,151,48
Tiya,F,211,0,15,85,111
Tj,F,10,0,0,0,10
Tj,M,784,0,46,204,534
Toan,M,229,0,0,20,209
Tobby,M,345,15,57,233,40
Tobe,F,24,5,8,11,0
Tobe,M,213,42,55,91,25
Tobey,F,594,92,130,293,79
Tobey,M,772,103,150,375,144
Tobi,F,2034,305,525,938,266
Tobi,M,172,0,21,105,46
Tobias,M,4728,243,576,2102,1807
Tobie,F,943,157,207,465,114
Tobie,M,409,62,69,188,90
Tobin,F,27,0,6,11,10
Tobin,M,2503,308,667,1074,454
Toby,F,3094,957,724,966,447
Toby,M,20126,2124,4359,9884,3759
Toccara,F,858,0,0,0,858
Toccara,M,14,0,0,0,14
Tod,M,6947,1451,3996,1140,360
Todd,F,1043,49,410,386,198
Todd,M,260954,18569,128741,83319,30325
Toi,F,1218,89,354,459,316
Toi,M,6,0,0,0,6
Toinette,F,450,43,84,295,28
Tolbert,M,211,100,59,46,6
Tom,F,135,54,63,18,0
Tom,M,59803,23754,29201,4864,1984
Toma,F,152,44,29,79,0
Toma,M,263,0,0,228,35
Tomara,F,301,0,23,171,107
Tomas,F,11,0,0,6,5
Tomas,M,9902,1898,2071,2614,3319
Tomasa,F,764,272,178,163,151
Tomasina,F,274,23,66,106,79
Tomasita,F,384,128,112,96,48
Tomeika,F,247,0,0,155,92
Tomeka,F,3477,0,100,2385,992
Tomeka,M,6,0,0,6,0
Tomekia,F,702,0,17,477,208
Tomi,F,1708,345,465,472,426
Tomi,M,33,6,11,11,5
Tomica,F,553,0,6,406,141
Tomika,F,2652,0,124,1789,739
Tomika,M,5,0,0,5,0
Tomiko,F,513,0,117,315,81
Tomiko,M,7,0,0,7,0
Tommi,F,893,123,180,315,275
Tommi,M,11,0,0,0,11
Tommie,F,4494,2049,1191,806,448
Tommie,M,12320,5258,3375,2125,1562
Tommy,F,1337,340,500,358,139
Tommy,M,90976,34974,29365,16175,10462
Tommye,F,340,227,91,22,0
Tommye,M,5,0,0,5,0
Tona,F,1165,308,422,297,138
Tonda,F,2254,595,1085,469,105
Tondra,F,594,36,249,230,79
Tonetta,F,300,44,103,110,43
Tonette,F,1362,295,556,330,181
Toney,F,136,48,41,35,12
Toney,M,3706,1053,1425,678,550
Toni,F,74061,21308,24840,15899,12014
Toni,M,869,128,250,276,215
Tonia,F,20403,1662,6723,9938,2080
Tonia,M,53,0,18,35,0
Toniann,F,811,81,226,209,295
Tonica,F,233,0,10,129,94
Tonie,F,1938,634,604,439,261
Tonie,M,209,32,110,42,25
Tonika,F,709,0,0,381,328
Tonisha,F,1288,0,0,485,803
Tonita,F,791,142,248,249,152
Tonja,F,6734,533,3352,2414,435
Tonja,M,5,0,5,0,0
Tonjia,F,300,31,172,97,0
Tonna,F,639,168,231,163,77
Tonnette,F,377,53,193,93,38
Tonni,F,207,53,102,42,10
Tonnie,F,512,165,220,85,42
Tonnie,M,357,119,165,56,17
Tonny,M,513,102,192,112,107
Tony,F,1877,336,606,600,335
Tony,M,171535,40782,70577,35676,24500
Tonya,F,114542,4694,34072,57789,17987
Tonya,M,435,0,120,258,57
Tonyia,F,567,74,275,188,30
Tor,M,433,49,150,146,88
Tora,F,565,45,89,321,110
Tora,M,26,0,0,26,0
Torey,F,729,103,115,214,297
Torey,M,1613,5,136,638,834
Tori,F,8631,325,1538,3327,3441
Tori,M,594,0,49,294,251
Toria,F,582,17,95,252,218
Torian,F,30,0,0,14,16
Torian,M,356,0,0,111,245
Toriano,M,756,0,0,621,135
Toribio,M,279,80,59,60,80
Torie,F,1159,22,130,537,470
Torie,M,161,0,0,97,64
Torin,M,748,40,177,222,309
Torina,F,200,0,44,128,28
Torrance,F,5,0,0,5,0
Torrance,M,2142,88,324,1106,624
Torre,F,191,6,33,93,59
Torre,M,485,11,69,204,201
Torrence,M,1758,145,346,711,556
Torrey,F,580,18,88,241,233
Torrey,M,3327,78,274,1877,1098
Torri,F,1404,61,342,573,428
Torri,M,238,0,12,145,81
Torrie,F,1453,60,244,689,460
Torrie,M,379,0,15,212,152
Torris,F,5,0,0,5,0
Torris,M,281,12,64,129,76
Torry,F,168,10,46,78,34
Torry,M,908,23,130,429,326
Tory,F,1861,115,307,741,698
Tory,M,4224,108,514,1813,1789
Tosha,F,5696,5,331,2563,2797
Toshia,F,1020,0,81,521,418
Toshiba,F,394,0,0,252,142
Tou,M,543,0,0,0,543
Toussaint,M,241,10,37,124,70
Tova,F,912,65,131,268,448
Tovah,F,268,0,0,74,194
Towana,F,780,114,297,307,62
Towanda,F,2104,138,769,976,221
Towanna,F,708,95,252,274,87
Toy,F,523,131,158,166,68
Toy,M,275,97,68,67,43
Toya,F,3653,242,732,1812,867
Toya,M,23,0,0,23,0
Toye,F,338,68,124,115,31
Toye,M,11,0,0,6,5
Toyia,F,552,30,149,263,110
Toyna,F,276,0,81,160,35
Trace,F,291,5,124,105,57
Trace,M,1202,76,403,259,464
Tracee,F,3127,187,903,1331,706
Tracee,M,5,0,0,0,5
Tracey,F,82560,5159,40287,28746,8368
Tracey,M,7431,517,3609,2662,643
Traci,F,48992,1144,18703,20675,8470
Traci,M,204,0,53,104,47
Tracia,F,357,0,120,174,63
Tracie,F,30757,1413,11312,13795,4237
Tracie,M,190,0,73,104,13
Tracy,F,239171,11363,103780,95536,28492
Tracy,M,52906,6774,29177,13419,3536
Tracye,F,1081,98,631,287,65
Tracye,M,5,0,5,0,0
Trae,F,10,0,0,5,5
Trae,M,488,0,40,134,314
Tram,F,200,0,0,30,170
Tramaine,F,481,0,0,100,381
Tramaine,M,864,0,0,203,661
Tramell,M,251,0,19,69,163
Trampas,M,374,0,55,259,60
Trampus,M,277,0,29,177,71
Tran,F,203,0,0,21,182
Tran,M,87,0,0,21,66
Trang,F,602,0,0,79,523
Trang,M,8,0,0,0,8
Trapper,M,221,0,0,52,169
Travell,M,208,0,5,62,141
Travers,M,255,0,13,124,118
Traves,M,232,0,10,89,133
Travion,M,206,0,0,28,178
Travis,F,1535,90,163,520,762
Travis,M,183528,3898,12600,64103,102927
Travon,M,991,0,12,220,759
Tray,M,553,7,124,135,287
Trayce,F,202,15,112,65,10
Treasa,F,1477,367,619,383,108
Treasure,F,677,59,79,167,372
Treasure,M,5,0,0,0,5
Treavor,M,292,0,27,118,147
Trecia,F,584,120,226,191,47
Treena,F,798,66,187,451,94
Trella,F,217,54,66,97,0
Trellis,F,224,57,79,73,15
Trellis,M,77,0,5,23,49
Tremain,M,525,0,7,249,269
Tremaine,F,249,8,5,55,181
Tremaine,M,1644,0,6,509,1129
Tremayne,F,39,0,0,33,6
Tremayne,M,2191,0,25,1258,908
Tremell,M,228,0,22,73,133
Trena,F,4476,778,1764,1466,468
Trenda,F,610,100,255,177,78
Trenia,F,348,57,161,130,0
Trenice,F,251,5,37,110,99
Trenise,F,320,0,44,146,130
Trenna,F,547,109,217,155,66
Trent,F,87,0,23,28,36
Trent,M,19867,1179,5131,6633,6924
Trenten,M,255,0,12,73,170
Trenton,F,23,0,0,0,23
Trenton,M,9713,214,931,2691,5877
Tresa,F,3912,803,1831,996,282
Tresea,F,384,135,178,66,5
Tresha,F,565,18,202,231,114
Tresia,F,438,168,194,76,0
Tressa,F,3723,464,1034,1450,775
Tressia,F,295,98,129,56,12
Tressie,F,1055,253,343,278,181
Treva,F,4221,1267,1429,1065,460
Treva,M,11,0,0,11,0
Trever,M,2036,0,215,778,1043
Trevia,F,230,17,70,109,34
Trevin,M,751,0,69,212,470
Trevis,F,10,5,0,5,0
Trevis,M,1104,10,196,525,373
Trevon,M,676,0,31,150,495
Trevor,F,353,5,59,123,166
Trevor,M,43230,453,3738,12347,26692
Trey,F,32,0,0,5,27
Trey,M,5374,154,727,1099,3394
Tri,M,211,0,0,26,185
Triana,F,251,7,24,44,176
Tricia,F,36668,1491,7569,20520,7088
Tricia,M,88,0,8,61,19
Trina,F,28865,2999,10187,12135,3544
Trina,M,30,5,15,10,0
Trinda,F,260,61,93,95,11
Trinette,F,918,24,216,552,126
Trinh,F,203,0,0,16,187
Trini,F,406,51,175,131,49
Trini,M,223,13,106,92,12
Trinia,F,316,12,89,181,34
Trinidad,F,1099,290,239,311,259
Trinidad,M,1948,512,403,542,491
Trinity,F,2239,6,59,1075,1099
Trinity,M,1286,0,0,706,580
Trisa,F,433,26,181,182,44
Trish,F,2503,258,635,985,625
Trisha,F,31412,567,5494,12544,12807
Trisha,M,53,0,0,19,34
Trishia,F,596,0,87,252,257
Trista,F,7007,0,181,1859,4967
Trista,M,5,0,0,0,5
Tristan,F,1772,0,77,307,1388
Tristan,M,8980,89,272,1037,7582
Tristen,F,662,0,20,137,505
Tristen,M,482,0,0,29,453
Tristian,F,126,0,0,0,126
Tristian,M,375,0,0,7,368
Tristin,F,662,0,18,122,522
Tristin,M,301,0,0,0,301
Triston,F,73,0,0,0,73
Triston,M,541,0,0,77,464
Trixie,F,568,108,162,232,66
Tron,F,7,0,7,0,0
Tron,M,346,0,28,101,217
Troy,F,1761,262,821,447,231
Troy,M,141993,7197,61410,48852,24534
Trudi,F,2653,811,1115,586,141
Trudie,F,1180,535,371,194,80
Trudy,F,17135,8348,5923,2200,664
Truett,M,227,85,55,39,48
Trula,F,324,196,74,49,5
Trumaine,M,275,0,0,0,275
Truman,M,2119,672,571,490,386
Trung,M,402,0,0,44,358
Tryone,M,229,7,49,110,63
Tuan,M,880,0,0,170,710
Tucker,F,7,0,0,0,7
Tucker,M,2419,143,198,526,1552
Tuesday,F,1605,13,543,593,456
Tully,M,387,75,110,113,89
Tunisha,F,244,0,0,117,127
Tunisia,F,508,5,53,275,175
Tunya,F,258,11,103,138,6
Turkessa,F,280,0,0,256,24
Turner,M,1044,319,213,136,376
Turquoise,F,379,0,0,62,317
Twana,F,2118,276,681,925,236
Twanda,F,1326,113,478,566,169
Twanna,F,1303,96,353,625,229
Twila,F,5373,2026,1949,981,417
Twilla,F,646,229,252,141,24
Twyla,F,4015,1244,1333,906,532
Ty,F,297,27,80,72,118
Ty,M,11689,672,3553,3830,3634
Tya,F,243,0,13,93,137
Tyana,F,384,0,29,105,250
Tyann,F,504,59,84,178,183
Tyanna,F,525,15,16,154,340
Tyanne,F,223,5,39,92,87
Tye,F,129,10,7,25,87
Tye,M,1842,111,357,623,751
Tyeisha,F,632,0,0,153,479
Tyese,F,242,0,32,131,79
Tyesha,F,2053,0,0,561,1492
Tyeshia,F,559,0,0,114,445
Tyiesha,F,284,0,0,63,221
Tyisha,F,1122,0,0,367,755
Tyjuan,M,400,0,0,189,211
Tyla,F,560,5,128,182,245
Tylene,F,292,33,74,103,82
Tyler,F,2255,22,107,339,1787
Tyler,M,102287,1132,3168,11536,86451
Tylisha,F,219,0,0,76,143
Tylor,F,19,0,0,0,19
Tylor,M,1103,0,29,113,961
Tyna,F,568,82,204,180,102
Tynesha,F,550,0,0,141,409
Tyneshia,F,275,0,0,67,208
Tynetta,F,224,0,71,80,73
Tynika,F,211,0,0,88,123
Tynisha,F,943,0,0,328,615
Tyquan,M,352,0,0,19,333
Tyra,F,5182,369,1095,2222,1496
Tyra,M,120,5,34,42,39
Tyran,F,50,11,18,21,0
Tyran,M,693,38,91,295,269
Tyre,F,22,0,0,11,11
Tyre,M,481,25,51,155,250
Tyree,F,414,14,64,170,166
Tyree,M,3500,281,314,1153,1752
Tyreese,F,31,0,0,10,21
Tyreese,M,323,0,5,96,222
Tyrel,M,1594,0,11,223,1360
Tyrell,F,112,0,7,23,82
Tyrell,M,4433,49,149,531,3704
Tyrese,F,76,0,0,29,47
Tyrese,M,335,0,0,118,217
Tyrice,F,24,0,0,0,24
Tyrice,M,403,0,5,169,229
Tyrome,M,689,57,175,285,172
Tyron,F,11,0,0,6,5
Tyron,M,3601,189,749,1372,1291
Tyronda,F,440,0,21,221,198
Tyrone,F,685,120,190,237,138
Tyrone,M,58376,12440,16425,17914,11597
Tyronne,M,958,157,243,379,179
Tyrrell,M,238,5,5,51,177
Tyrus,M,1540,193,289,515,543
Tysha,F,535,0,44,323,168
Tyshawn,F,46,0,0,28,18
Tyshawn,M,570,0,0,126,444
Tyshon,F,6,0,0,6,0
Tyshon,M,261,0,0,78,183
Tyson,F,206,0,0,96,110
Tyson,M,15000,174,559,5397,8870
Tywan,F,15,0,0,15,0
Tywan,M,522,0,0,277,245
Tywana,F,549,29,115,278,127
Tywanda,F,515,0,96,313,106
Tywanna,F,568,26,117,274,151
Tywon,M,273,0,0,125,148
Tzvi,M,440,0,41,112,287
Ubaldo,M,739,118,129,206,286
Ulanda,F,359,25,119,162,53
Ulises,M,1093,10,96,303,684
Ulyses,M,213,66,22,49,76
Ulysses,F,10,0,5,0,5
Ulysses,M,5385,1651,1282,1100,1352
Umar,M,355,5,17,113,220
Umberto,M,384,68,123,112,81
Una,F,1025,368,356,193,108
Undra,F,75,5,40,30,0
Undra,M,503,28,213,167,95
Unique,F,911,0,0,166,745
Unique,M,102,0,0,12,90
Unknown,F,5778,4723,507,150,398
Unknown,M,5607,4206,762,196,443
Urban,M,403,192,123,38,50
Urbano,M,342,89,89,62,102
Uri,M,334,5,29,167,133
Uriah,F,12,0,0,0,12
Uriah,M,1508,38,27,583,860
Uriel,F,6,0,0,0,6
Uriel,M,1472,53,134,344,941
Ursula,F,8035,1087,2810,2740,1398
Uvaldo,M,266,53,58,70,85
Vada,F,919,464,272,121,62
Vada,M,162,6,138,7,11
Val,F,1177,703,415,48,11
Val,M,2779,1475,801,356,147
Valarie,F,14407,3407,5166,3254,2580
Valda,F,673,402,224,41,6
Valdemar,M,371,82,94,100,95
Valecia,F,367,35,149,120,63
Valena,F,332,69,99,88,76
Valencia,F,6774,1040,2069,1743,1922
Valencia,M,11,0,0,0,11
Valene,F,571,116,71,15,369
Valente,M,492,68,80,155,189
Valentin,M,2561,447,495,671,948
Valentina,F,2883,591,771,614,907
Valentine,F,370,94,87,63,126
Valentine,M,1464,514,338,302,310
Valentino,M,1608,300,357,384,567
Valeri,F,1328,324,401,310,293
Valeria,F,7067,1922,2052,1344,1749
Valeria,M,5,0,0,0,5
Valerie,F,177257,52230,56588,33810,34629
Valerie,M,581,116,151,153,161
Valery,F,1383,391,435,278,279
Valery,M,64,29,5,8,22
Valeta,F,210,109,78,18,5
Valetta,F,217,110,91,11,5
Valicia,F,224,0,84,82,58
Valinda,F,1213,557,383,179,94
Valisa,F,322,5,129,124,64
Valisha,F,215,0,19,90,106
Vallerie,F,580,211,187,87,95
Vallery,F,323,111,106,56,50
Valli,F,566,375,145,36,10
Vallie,F,398,196,101,61,40
Vallie,M,10,10,0,0,0
Valori,F,269,83,84,55,47
Valorie,F,5880,2362,1906,985,627
Valrie,F,597,202,227,95,73
Van,F,855,190,144,111,410
Van,M,12178,5090,3933,1741,1414
Vana,F,273,138,68,12,55
Vanassa,F,338,84,104,72,78
Vance,F,22,0,16,0,6
Vance,M,11613,3420,4065,2253,1875
Vanda,F,854,338,305,132,79
Vander,M,219,82,64,48,25
Vanesa,F,1521,63,120,274,1064
Vanesa,M,5,0,0,0,5
Vaness,F,205,5,5,49,146
Vanessa,F,133961,19170,20983,28077,65731
Vanessa,M,678,48,63,111,456
Vanessia,F,272,81,116,30,45
Vanetta,F,863,224,247,260,132
Vanette,F,264,83,128,37,16
Vangie,F,409,167,137,90,15
Vania,F,698,16,45,248,389
Vanita,F,1196,343,387,275,191
Vanity,F,592,0,0,0,592
Vann,F,24,13,6,5,0
Vann,M,661,228,210,108,115
Vanna,F,656,109,74,13,460
Vanna,M,53,0,0,0,53
Vannesa,F,386,5,6,59,316
Vannessa,F,1855,375,366,353,761
Vashon,F,69,0,0,59,10
Vashon,M,366,0,0,287,79
Vashti,F,588,105,71,171,241
Vasiliki,F,623,11,97,272,243
Vasilios,M,719,0,109,315,295
Vaughan,M,508,158,144,108,98
Vaughn,F,222,93,75,25,29
Vaughn,M,8039,2432,2548,1606,1453
Veda,F,2458,1044,893,348,173
Veena,F,232,5,33,80,114
Velda,F,2122,1260,582,185,95
Velia,F,1072,386,241,279,166
Velicia,F,224,0,100,78,46
Velina,F,327,140,157,25,5
Velinda,F,724,320,231,112,61
Vella,F,240,154,68,11,7
Velma,F,12203,6861,3696,1134,512
Velma,M,15,15,0,0,0
Velton,M,241,108,65,56,12
Velva,F,709,378,225,87,19
Velvet,F,2488,168,1257,662,401
Vena,F,612,180,213,141,78
Venancio,M,202,46,22,52,82
Venecia,F,339,31,74,97,137
Venesa,F,249,16,36,75,122
Venessa,F,4396,441,751,1226,1978
Venetia,F,962,361,331,150,120
Venetta,F,556,201,175,125,55
Venice,F,847,232,260,181,174
Venice,M,58,30,13,15,0
Venise,F,374,94,124,75,81
Venita,F,3233,1241,1173,549,270
Venson,M,356,93,116,76,71
Ventura,F,60,20,5,17,18
Ventura,M,483,128,123,122,110
Venus,F,5835,937,1767,2116,1015
Venus,M,38,0,13,10,15
Veola,F,213,142,55,16,0
Vera,F,20642,11041,6032,2258,1311
Vera,M,25,20,5,0,0
Verda,F,681,396,215,58,12
Verdell,F,568,363,150,50,5
Verdell,M,574,196,166,114,98
Verena,F,433,127,114,106,86
Verenice,F,278,0,0,57,221
Vergie,F,411,267,108,36,0
Vergil,M,318,131,84,64,39
Verl,M,422,245,122,45,10
Verla,F,715,465,175,61,14
Verle,M,249,156,79,14,0
Verlene,F,613,388,182,38,5
Verlin,F,17,12,5,0,0
Verlin,M,993,478,278,154,83
Verlinda,F,552,259,201,74,18
Verline,F,218,157,56,5,0
Verlon,F,22,22,0,0,0
Verlon,M,556,243,151,124,38
Verlyn,F,99,85,14,0,0
Verlyn,M,399,258,118,18,5
Vern,F,83,50,27,6,0
Vern,M,3177,1611,984,368,214
Verna,F,11217,6160,3355,1165,537
Verna,M,91,50,29,12,0
Vernal,F,24,19,5,0,0
Vernal,M,462,177,140,81,64
Vernard,M,934,306,265,184,179
Verne,F,76,65,11,0,0
Verne,M,1188,670,324,125,69
Vernell,F,2146,1200,617,228,101
Vernell,M,1630,546,434,363,287
Vernelle,F,218,128,79,11,0
Verner,F,5,5,0,0,0
Verner,M,269,141,83,35,10
Vernessa,F,851,302,347,141,61
Vernetta,F,1487,611,465,270,141
Vernette,F,541,219,207,86,29
Vernia,F,237,151,71,15,0
Vernice,F,1852,868,537,268,179
Vernice,M,164,87,53,24,0
Vernie,F,321,210,76,35,0
Vernie,M,584,292,183,81,28
Vernita,F,2558,935,914,463,246
Vernon,F,425,179,117,90,39
Vernon,M,47639,20133,14409,7722,5375
Veron,M,250,56,77,55,62
Verona,F,621,275,187,117,42
Veroncia,F,353,6,97,140,110
Veronda,F,360,56,154,117,33
Veronia,F,202,29,39,63,71
Veronica,F,125675,17622,30035,38787,39231
Veronica,M,686,27,96,249,314
Veronika,F,646,57,113,160,316
Veronique,F,890,62,204,289,335
Versie,F,364,214,117,27,6
Versie,M,6,6,0,0,0
Vertis,F,31,10,21,0,0
Vertis,M,215,87,52,50,26
Vesta,F,843,414,223,123,83
Vester,F,46,28,18,0,0
Vester,M,499,228,145,82,44
Veta,F,517,277,177,57,6
Vi,F,351,44,30,26,251
Vi,M,70,0,0,0,70
Vianca,F,270,0,6,25,239
Vianey,F,351,0,11,93,247
Vic,M,1258,463,512,195,88
Vicci,F,253,150,84,19,0
Vicent,M,429,27,105,113,184
Vicenta,F,308,93,67,71,77
Vicente,M,6214,855,1066,1838,2455
Vick,M,295,126,97,60,12
Vickey,F,5005,2650,1786,449,120
Vickey,M,108,81,27,0,0
Vicki,F,126890,71980,40508,11934,2468
Vicki,M,249,128,99,22,0
Vickie,F,98150,56857,31766,7905,1622
Vickie,M,325,183,124,18,0
Vicky,F,43953,21330,15803,4746,2074
Vicky,M,327,189,100,14,24
Victor,F,981,151,240,262,328
Victor,M,129726,33887,36821,26732,32286
Victoria,F,171016,49127,37733,30884,53272
Victoria,M,614,91,132,118,273
Victoriano,M,491,82,110,139,160
Victorio,M,257,25,53,77,102
Victory,F,220,41,68,41,70
Victory,M,195,15,90,43,47
Vida,F,1907,745,640,307,215
Vida,M,38,0,0,38,0
Vidal,F,10,0,0,5,5
Vidal,M,1738,289,276,603,570
Vienna,F,456,121,107,84,144
Viet,F,11,0,0,5,6
Viet,M,566,0,0,136,430
Vijay,M,624,0,43,217,364
Vikas,M,260,0,0,101,159
Viki,F,1468,727,454,235,52
Vikki,F,5737,2075,2081,1288,293
Vikram,M,433,0,8,127,298
Viktor,M,228,15,65,57,91
Viktoria,F,205,10,23,59,113
Vilma,F,1787,455,666,321,345
Vina,F,793,296,234,144,119
Vinay,M,359,0,0,120,239
Vince,M,7059,1395,3667,1090,907
Vincent,F,821,104,263,206,248
Vincent,M,144523,35351,49478,27640,32054
Vincente,M,1201,129,230,372,470
Vincenza,F,684,165,188,197,134
Vincenzo,M,1877,71,354,712,740
Vinh,F,10,0,0,0,10
Vinh,M,454,0,0,55,399
Vinita,F,497,158,128,127,84
Vinnie,F,495,285,147,63,0
Vinnie,M,350,79,109,66,96
Vinny,M,274,69,132,31,42
Vinson,M,1846,361,553,536,396
Vinton,M,316,103,102,64,47
Viola,F,9940,5386,2732,1058,764
Violet,F,9045,4153,2256,1243,1393
Violeta,F,1832,114,217,581,920
Violeta,M,5,0,0,0,5
Violetta,F,408,122,93,91,102
Violette,F,231,84,22,51,74
Virgen,F,350,5,93,149,103
Virgie,F,2182,1253,582,229,118
Virgie,M,66,37,24,5,0
Virgil,F,251,122,70,43,16
Virgil,M,17387,7286,5208,3147,1746
Virgilio,M,730,103,175,235,217
Virgina,F,656,175,191,163,127
Virginia,F,138174,69783,35345,18053,14993
Virginia,M,459,173,122,79,85
Virgle,M,305,169,93,38,5
Viridiana,F,682,0,0,7,675
Vishal,M,563,0,0,118,445
Vita,F,1491,541,476,294,180
Vito,M,4896,1385,1399,1154,958
Vittoria,F,277,24,68,85,100
Vittorio,M,482,49,158,153,122
Viva,F,474,155,145,139,35
Viveca,F,353,162,133,35,23
Vivek,M,517,0,28,170,319
Vivian,F,46714,23554,14010,5001,4149
Vivian,M,402,195,101,49,57
Viviana,F,3373,93,217,1010,2053
Viviana,M,12,0,0,7,5
Viviane,F,216,80,63,31,42
Vivianne,F,281,109,61,54,57
Vivien,F,769,341,199,116,113
Vivienne,F,727,298,206,113,110
Vladimir,M,1303,95,166,437,605
Von,F,262,122,72,33,35
Von,M,2531,839,901,434,357
Voncile,F,301,201,78,22,0
Vonda,F,7051,1625,4005,1175,246
Vonda,M,11,0,11,0,0
Vonetta,F,828,36,37,649,106
Vonita,F,291,94,101,76,20
Vonna,F,501,256,189,50,6
Vonnie,F,1576,841,533,145,57
Vonnie,M,128,81,37,0,10
Vu,M,494,0,0,71,423
Waddell,M,281,123,84,48,26
Wade,F,122,11,31,57,23
Wade,M,38795,8531,12866,10425,6973
Waldemar,M,377,82,108,94,93
Walden,M,288,113,77,56,42
Waldo,M,978,358,278,154,188
Waleed,M,382,0,15,163,204
Waleska,F,319,0,50,129,140
Wali,M,357,5,33,172,147
Walker,F,5,0,0,0,5
Walker,M,2357,580,394,547,836
Wallace,F,115,56,38,5,16
Wallace,M,20100,9446,5948,2860,1846
Wally,F,17,17,0,0,0
Wally,M,2583,937,1054,373,219
Walt,M,1085,366,419,182,118
Walter,F,964,332,266,216,150
Walter,M,161420,72197,45929,25726,17568
Walton,M,1374,568,349,273,184
Wanda,F,136372,72448,47771,13280,2873
Wanda,M,491,188,230,46,27
Wandra,F,263,133,93,32,5
Waneta,F,319,144,95,58,22
Wanetta,F,349,141,108,86,14
Wanita,F,868,310,259,196,103
Wannetta,F,290,204,66,15,5
Ward,F,5,5,0,0,0
Ward,M,5284,2008,2240,689,347
Wardell,M,1888,779,496,355,258
Warner,F,12,12,0,0,0
Warner,M,1732,624,539,304,265
Warren,F,315,83,82,77,73
Warren,M,60951,24602,18561,10078,7710
Warrick,M,245,21,92,122,10
Washington,M,486,165,119,121,81
Watson,M,638,250,154,105,129
Waverly,F,179,66,50,41,22
Waverly,M,721,307,201,123,90
Wayde,M,1227,502,408,164,153
Wayland,M,1482,395,390,433,264
Waylon,M,4010,141,320,1604,1945
Wayman,M,1086,472,276,207,131
Waymon,M,1742,694,506,329,213
Waymond,M,747,304,189,167,87
Wayne,F,798,274,222,166,136
Wayne,M,182220,88092,54762,24616,14750
Waynette,F,459,121,146,148,44
Webb,M,407,195,95,59,58
Webster,M,1157,443,269,187,258
Wednesday,F,332,0,81,178,73
Weldon,M,3785,1629,1026,664,466
Wellington,M,628,169,158,143,158
Wells,M,316,90,68,87,71
Welton,M,853,375,221,159,98
Wenda,F,769,343,310,100,16
Wendall,F,6,0,6,0,0
Wendall,M,1199,374,425,229,171
Wende,F,1301,314,595,343,49
Wendee,F,762,106,277,308,71
Wendel,M,959,344,266,218,131
Wendelin,F,346,207,113,26,0
Wendell,F,321,134,141,26,20
Wendell,M,25201,9904,8968,3714,2615
Wendelyn,F,366,116,143,81,26
Wendi,F,13355,944,4502,5946,1963
Wendie,F,1917,508,607,558,244
Wendolyn,F,906,254,324,218,110
Wendolyn,M,5,5,0,0,0
Wendy,F,228091,42675,88963,74185,22268
Wendy,M,814,111,249,296,158
Wenona,F,644,95,124,391,34
Werner,M,878,333,358,115,72
Wes,M,2558,485,1110,571,392
Wesley,F,1019,133,150,254,482
Wesley,M,91221,18074,18807,23252,31088
Wesly,M,546,75,100,127,244
Wess,M,295,44,107,75,69
West,M,636,171,151,148,166
Westin,M,206,0,0,0,206
Westley,F,5,0,0,0,5
Westley,M,2778,343,382,682,1371
Westly,M,376,75,52,85,164
Weston,F,9,0,0,0,9
Weston,M,5461,431,515,1113,3402
Weylin,M,228,10,15,142,61
Wheeler,M,267,133,57,47,30
Whit,M,232,81,63,52,36
Whitley,F,1052,0,0,0,1052
Whitley,M,54,8,10,0,36
Whitnee,F,239,0,0,6,233
Whitney,F,51645,122,2147,5003,44373
Whitney,M,3756,507,786,834,1629
Whitnie,F,201,0,0,0,201
Whittney,F,754,0,0,5,749
Whittney,M,5,0,0,0,5
Wil,M,226,5,32,63,126
Wilber,M,816,339,174,145,158
Wilbert,F,46,17,17,12,0
Wilbert,M,11412,5147,3174,1811,1280
Wilberto,M,312,24,91,108,89
Wilbur,F,17,17,0,0,0
Wilbur,M,8760,4133,2572,1273,782
Wilburn,M,1802,816,546,300,140
Wilburt,M,311,153,94,51,13
Wilda,F,1660,993,431,154,82
Wiley,F,17,17,0,0,0
Wiley,M,4110,1735,1147,700,528
Wilford,M,2287,1071,598,390,228
Wilfred,F,5,5,0,0,0
Wilfred,M,6654,2833,1954,1063,804
Wilfredo,M,6409,1074,1784,1751,1800
Wilhelm,M,527,113,167,124,123
Wilhelmenia,F,241,177,64,0,0
Wilhelmina,F,1727,904,475,216,132
Wilhemina,F,458,226,157,49,26
Wiliam,M,557,98,102,159,198
Will,F,32,27,0,5,0
Will,M,8680,1999,2100,2232,2349
Willa,F,3690,2118,956,333,283
Willaim,M,826,173,214,188,251
Willam,M,1294,549,420,181,144
Willard,F,56,28,28,0,0
Willard,M,14789,7032,4289,2262,1206
Willem,M,275,30,71,62,112
Willena,F,312,117,85,68,42
Willene,F,584,372,178,34,0
Willetta,F,582,233,188,91,70
Willette,F,1260,412,465,264,119
Willia,F,485,353,107,20,5
Willia,M,347,94,72,67,114
William,F,6725,1389,1794,1858,1684
William,M,1544339,591228,421433,283401,248277
Williams,F,24,7,0,7,10
Williams,M,1903,606,510,404,383
Willian,F,5,0,0,5,0
Willian,M,1296,415,416,240,225
Williard,M,201,71,80,40,10
Willie,F,15169,10059,3631,1021,458
Willie,M,147130,66460,39812,23966,16892
Willis,F,102,75,22,0,5
Willis,M,11780,4586,3058,2213,1923
Willow,F,1123,138,139,502,344
Willow,M,5,0,0,5,0
Willy,F,21,10,5,6,0
Willy,M,1508,326,420,379,383
Wilma,F,18650,12276,4526,1239,609
Wilma,M,55,45,10,0,0
Wilmer,F,33,33,0,0,0
Wilmer,M,2285,912,601,365,407
Wilson,F,32,0,0,10,22
Wilson,M,11213,3383,2660,2308,2862
Wilton,M,2253,921,587,416,329
Windell,F,11,5,6,0,0
Windell,M,1378,541,446,223,168
Windi,F,448,0,69,276,103
Windy,F,4486,281,949,2474,782
Windy,M,12,0,0,6,6
Winfield,M,1043,422,295,181,145
Winford,M,1261,589,372,180,120
Winfred,F,63,16,37,5,5
Winfred,M,3170,1533,934,400,303
Winifred,F,4427,2501,1252,461,213
Winifred,M,219,119,72,22,6
Winnie,F,2466,1046,574,422,424
Winnifred,F,419,255,114,43,7
Winona,F,2509,1057,726,481,245
Winslow,M,468,162,128,70,108
Winston,F,26,6,6,0,14
Winston,M,8148,2534,1956,1668,1990
Winter,F,1341,5,28,467,841
Winter,M,68,0,0,29,39
Winthrop,M,344,163,112,46,23
Winton,M,390,165,111,51,63
Wm,M,666,6,125,262,273
Wolf,M,214,60,42,64,48
Wolfgang,M,424,102,120,104,98
Wonda,F,1265,537,530,173,25
Woodie,F,16,16,0,0,0
Woodie,M,551,288,144,85,34
Woodrow,F,6,6,0,0,0
Woodrow,M,6484,2808,1785,1149,742
Woody,M,2148,813,577,471,287
Worth,M,381,165,100,60,56
Wray,F,17,12,5,0,0
Wray,M,306,134,102,41,29
Wren,F,280,58,44,77,101
Wren,M,104,27,10,10,57
Wright,M,303,115,95,43,50
Wyatt,F,12,0,0,0,12
Wyatt,M,6448,1254,765,1626,2803
Wylene,F,315,199,93,18,5
Wylie,F,12,5,0,7,0
Wylie,M,1245,385,317,292,251
Wyman,M,1132,463,313,221,135
Wyndell,M,234,72,92,46,24
Wynetta,F,276,65,88,102,21
Wynette,F,644,151,210,223,60
Wynn,F,291,150,100,34,7
Wynn,M,832,337,249,147,99
Wynne,F,692,262,212,135,83
Wynne,M,88,40,32,11,5
Wynona,F,848,393,242,166,47
Wynter,F,437,0,18,134,285
Wynter,M,5,0,0,5,0
Xavier,F,349,0,29,119,201
Xavier,M,12665,956,1799,2869,7041
Xaviera,F,257,0,0,113,144
Xenia,F,710,51,94,196,369
Xiomara,F,1474,27,153,405,889
Xochilt,F,311,0,18,129,164
Xochitl,F,1148,14,104,531,499
Yaakov,M,1028,59,85,260,624
Yadira,F,3507,25,112,1130,2240
Yadira,M,5,0,0,0,5
Yael,F,1053,18,154,359,522
Yael,M,21,0,0,0,21
Yahaira,F,875,0,0,232,643
Yajaira,F,1427,0,0,345,1082
Yakov,M,336,18,18,95,205
Yalanda,F,624,17,138,304,165
Yale,M,507,129,164,99,115
Yalonda,F,983,29,218,468,268
Yamile,F,236,0,26,77,133
Yaminah,F,204,0,0,77,127
Yana,F,408,71,61,158,118
Yancey,F,7,0,0,7,0
Yancey,M,933,69,260,385,219
Yancy,F,118,0,16,36,66
Yancy,M,1594,202,469,568,355
Yanet,F,384,0,0,51,333
Yanira,F,1171,0,26,338,807
Yara,F,427,0,6,122,299
Yaritza,F,418,0,0,43,375
Yashica,F,954,0,5,600,349
Yashika,F,305,0,0,137,168
Yasmeen,F,706,0,0,241,465
Yasmin,F,3394,298,320,931,1845
Yasmin,M,33,0,0,0,33
Yasmine,F,1282,50,70,303,859
Yavonne,F,216,27,69,68,52
Yazmin,F,670,5,6,148,511
Yecenia,F,553,0,0,207,346
Yecenia,M,5,0,0,0,5
Yechiel,M,270,5,13,91,161
Yehoshua,M,278,0,0,88,190
Yehuda,M,996,41,87,253,615
Yehudis,F,258,5,25,78,150
Yen,F,275,0,0,29,246
Yen,M,19,0,0,0,19
Yer,F,283,0,0,0,283
Yer,M,97,0,0,0,97
Yesenia,F,12417,0,51,4143,8223
Yesenia,M,187,0,0,26,161
Yesica,F,400,0,0,57,343
Yesica,M,5,0,0,0,5
Yessenia,F,1565,0,0,344,1221
Yessenia,M,5,0,0,0,5
Yessica,F,624,0,0,118,506
Yetta,F,417,127,116,112,62
Yevette,F,770,92,379,216,83
Yevonne,F,202,70,87,35,10
Yezenia,F,212,0,0,69,143
Yisroel,M,939,27,76,262,574
Yitzchak,M,206,0,13,49,144
Yitzchok,M,850,51,106,239,454
Ylonda,F,274,19,101,134,20
Yocheved,F,448,14,34,135,265
Yoel,M,824,0,0,127,697
Yoko,F,246,0,18,100,128
Yoland,F,249,24,78,111,36
Yolanda,F,86810,19949,28440,27031,11390
Yolanda,M,481,92,128,156,105
Yolande,F,803,262,265,218,58
Yolander,F,274,26,116,118,14
Yolando,F,412,42,144,190,36
Yolando,M,5,0,0,5,0
Yolonda,F,3526,484,1187,1375,480
Yolunda,F,240,8,73,128,31
Yomaira,F,258,0,0,12,246
Yonatan,M,238,0,0,52,186
York,M,405,71,142,97,95
Yosef,M,1221,72,91,351,707
Youlanda,F,833,122,313,334,64
Young,F,366,93,62,85,126
Young,M,810,147,130,233,300
Yousef,M,376,0,0,50,326
Ysidro,M,529,152,147,127,103
Yul,M,475,79,219,116,61
Yulanda,F,1077,96,410,467,104
Yuliana,F,408,0,0,0,408
Yulonda,F,955,59,350,445,101
Yumi,F,216,0,56,53,107
Yuri,F,834,0,23,62,749
Yuri,M,685,0,105,269,311
Yuridia,F,238,0,0,8,230
Yusef,M,894,0,91,457,346
Yusuf,M,887,0,49,392,446
Yves,F,14,0,0,0,14
Yves,M,644,56,149,175,264
Yvetta,F,436,136,192,84,24
Yvette,F,48385,6114,22088,12468,7715
Yvette,M,170,6,75,40,49
Yvonda,F,333,74,137,106,16
Yvonna,F,580,202,198,111,69
Yvonne,F,89507,35041,29962,15997,8507
Yvonne,M,384,106,133,83,62
Yvonnie,F,306,146,122,38,0
Zabrina,F,661,0,62,364,235
Zac,M,224,5,15,100,104
Zach,M,663,42,75,238,308
Zacharia,M,437,0,0,130,307
Zachariah,F,17,0,0,0,17
Zachariah,M,6953,43,25,1901,4984
Zacharias,M,268,0,0,68,200
Zachary,F,730,0,12,101,617
Zachary,M,126523,2169,3476,19060,101818
Zachery,F,33,0,0,5,28
Zachery,M,6859,167,329,988,5375
Zachry,M,391,0,0,86,305
Zack,M,1630,361,299,378,592
Zackary,M,4261,124,184,579,3374
Zackery,M,3412,115,182,529,2586
Zahra,F,460,0,0,111,349
Zaid,M,224,0,5,60,159
Zaida,F,1012,215,254,280,263
Zainab,F,324,12,0,47,265
Zaira,F,257,0,5,58,194
Zak,M,354,0,34,139,181
Zakary,M,613,0,0,129,484
Zakia,F,593,0,0,296,297
Zakiya,F,734,0,0,281,453
Zakiyyah,F,552,0,0,241,311
Zan,F,94,50,44,0,0
Zan,M,244,79,80,33,52
Zana,F,538,187,142,97,112
Zandra,F,2525,631,566,886,442
Zane,F,78,41,15,6,16
Zane,M,6695,1124,1230,1430,2911
Zaneta,F,670,19,55,285,311
Zanetta,F,334,20,122,123,69
Zara,F,680,67,59,200,354
Zavier,M,233,0,12,57,164
Zeb,M,734,138,96,241,259
Zebadiah,M,290,0,0,79,211
Zebedee,M,451,173,103,78,97
Zebulon,M,972,5,16,341,610
Zebulun,M,279,0,0,84,195
Zechariah,M,1083,0,0,217,866
Zeke,M,808,78,102,309,319
Zelda,F,2884,1160,1265,305,154
Zella,F,1026,571,316,90,49
Zelma,F,1654,986,427,163,78
Zena,F,2176,283,1041,343,509
Zenaida,F,1208,176,314,393,325
Zenda,F,267,116,55,79,17
Zenia,F,667,60,129,201,277
Zeno,M,269,100,75,41,53
Zenobia,F,1500,426,371,368,335
Zenon,M,445,168,96,86,95
Zetta,F,250,154,79,6,11
Zev,M,646,90,105,190,261
Zina,F,3397,362,2447,338,250
Zina,M,5,0,5,0,0
Zinnia,F,264,0,21,115,128
Zipporah,F,472,26,45,129,272
Zita,F,717,292,196,164,65
Zoe,F,5180,1109,952,1120,1999
Zoe,M,52,0,0,18,34
Zoila,F,782,123,160,227,272
Zola,F,648,348,149,100,51
Zoltan,M,404,45,189,112,58
Zona,F,670,395,189,69,17
Zondra,F,385,98,129,134,24
Zonia,F,301,69,110,81,41
Zora,F,578,290,132,93,63
Zora,M,5,0,5,0,0
Zoraida,F,1543,250,554,405,334
Zuleika,F,362,0,13,177,172
Zulema,F,1276,194,230,440,412
Zulma,F,1016,141,260,382,233
Zuri,F,264,0,0,56,208
Zuri,M,95,0,0,50,45
Zvi,M,344,64,75,107,98
